timestamp,colony_id,internal_temp_c,external_temp_c,internal_humidity_pct,external_humidity_pct,hive_weight_kg,acoustic_freq_hz,activity_count,hive_health_status,temp_diff,humidity_diff,temp_rolling_mean_24h,temp_rolling_std_24h,weight_delta_24h,acoustic_rolling_mean_6h,hour_of_day,day_of_week,target
2025-04-01 00:00:00,Hive_01,34.58,11.4,56.52,78.63,39.867,192.1,1,Healthy,23.18,-22.109999999999992,34.58,0.0,0.0,192.1,0,1,0
2025-04-01 01:00:00,Hive_01,34.79,10.89,56.22,74.26,39.847,193.6,1,Healthy,23.9,-18.040000000000006,34.685,0.14849242404917307,0.0,192.85,1,1,0
2025-04-01 02:00:00,Hive_01,34.31,10.94,55.9,75.72,39.908,205.9,2,Healthy,23.370000000000005,-19.82,34.56,0.2406241883103187,0.0,197.20000000000002,2,1,0
2025-04-01 03:00:00,Hive_01,34.78,11.5,55.44,78.29,39.905,184.7,1,Healthy,23.28,-22.85000000000001,34.615,0.22516660498395336,0.0,194.075,3,1,0
2025-04-01 04:00:00,Hive_01,34.43,12.27,55.58,77.98,39.89,216.4,4,Healthy,22.16,-22.400000000000006,34.577999999999996,0.2118253997989854,0.0,198.54000000000002,4,1,0
2025-04-01 05:00:00,Hive_01,34.76,16.13,53.49,76.04,39.868,211.6,1,Healthy,18.63,-22.550000000000004,34.608333333333334,0.2035108514715282,0.0,200.71666666666667,5,1,0
2025-04-01 06:00:00,Hive_01,34.16,13.98,55.2,70.74,39.89,213.3,58,Healthy,20.179999999999996,-15.539999999999992,34.544285714285714,0.25145292089886667,0.0,204.25,6,1,0
2025-04-01 07:00:00,Hive_01,34.31,19.06,52.74,68.47,39.922,197.3,56,Healthy,15.250000000000004,-15.729999999999997,34.515,0.247097435958253,0.0,204.86666666666667,7,1,0
2025-04-01 08:00:00,Hive_01,34.75,21.77,55.44,63.2,39.911,198.9,79,Healthy,12.98,-7.760000000000005,34.541111111111114,0.24405145177013615,0.0,203.70000000000002,8,1,0
2025-04-01 09:00:00,Hive_01,34.6,23.26,60.06,64.11,39.903,194.0,77,Healthy,11.34,-4.049999999999997,34.547000000000004,0.2308462691922916,0.0,205.25,9,1,0
2025-04-01 10:00:00,Hive_01,34.77,21.87,55.03,59.58,39.902,177.6,76,Healthy,12.900000000000002,-4.549999999999997,34.56727272727273,0.2290891053320042,0.0,198.78333333333333,10,1,0
2025-04-01 11:00:00,Hive_01,34.37,26.77,55.75,53.97,39.935,203.9,91,Healthy,7.599999999999998,1.7800000000000011,34.55083333333334,0.22572945726862503,0.0,197.5,11,1,0
2025-04-01 12:00:00,Hive_01,34.41,28.99,56.01,52.36,39.94,194.5,102,Healthy,5.419999999999998,3.6499999999999986,34.54,0.21962088546705583,0.0,194.36666666666667,12,1,0
2025-04-01 13:00:00,Hive_01,34.6,27.29,54.41,45.2,39.944,206.8,86,Healthy,7.310000000000002,9.209999999999994,34.544285714285714,0.21161337334918137,0.0,195.95000000000002,13,1,0
2025-04-01 14:00:00,Hive_01,34.22,28.32,57.11,45.96,39.954,174.9,73,Healthy,5.899999999999999,11.149999999999999,34.522666666666666,0.22043679582225267,0.0,191.95000000000002,14,1,0
2025-04-01 15:00:00,Hive_01,34.37,26.24,54.01,50.72,39.964,207.2,75,Healthy,8.129999999999999,3.289999999999999,34.513125,0.21635522488105988,0.0,194.14999999999998,15,1,0
2025-04-01 16:00:00,Hive_01,34.6,26.07,54.99,51.17,39.99,182.8,62,Healthy,8.530000000000001,3.8200000000000003,34.518235294117645,0.21054201760330687,0.0,195.01666666666668,16,1,0
2025-04-01 17:00:00,Hive_01,34.92,26.82,57.11,52.79,40.027,186.8,61,Healthy,8.100000000000001,4.32,34.54055555555556,0.2251397532572436,0.0,192.16666666666666,17,1,0
2025-04-01 18:00:00,Hive_01,35.01,23.26,56.31,59.35,40.038,194.5,56,Healthy,11.749999999999996,-3.039999999999999,34.56526315789474,0.24386627531070873,0.0,192.16666666666666,18,1,0
2025-04-01 19:00:00,Hive_01,34.23,20.24,55.93,62.19,40.044,194.2,30,Healthy,13.989999999999998,-6.259999999999998,34.548500000000004,0.24891924287544484,0.0,190.0666666666667,19,1,0
2025-04-01 20:00:00,Hive_01,34.81,19.46,55.79,66.11,40.082,238.1,26,Healthy,15.350000000000001,-10.32,34.56095238095238,0.24923693068854788,0.0,200.6,20,1,0
2025-04-01 21:00:00,Hive_01,34.86,17.62,56.95,66.0,40.074,209.3,3,Healthy,17.24,-9.049999999999997,34.57454545454545,0.25144775605674885,0.0,200.95000000000002,21,1,0
2025-04-01 22:00:00,Hive_01,34.55,16.34,53.17,74.19,40.105,219.9,2,Healthy,18.209999999999997,-21.019999999999996,34.573478260869564,0.24571988293494987,0.0,207.13333333333333,22,1,0
2025-04-01 23:00:00,Hive_01,34.16,12.91,56.15,74.1,40.141,206.4,2,Healthy,21.249999999999996,-17.949999999999996,34.55625,0.2547089131435788,0.0,210.4,23,1,0
2025-04-02 00:00:00,Hive_01,34.09,11.77,53.84,78.28,40.168,196.4,3,Healthy,22.320000000000004,-24.439999999999998,34.53583333333333,0.27178822744870823,0.30100000000000193,210.7166666666667,0,2,0
2025-04-02 01:00:00,Hive_01,34.53,13.08,52.89,84.96,40.178,185.6,2,Healthy,21.450000000000003,-32.06999999999999,34.525,0.2663440076945289,0.33099999999999596,209.28333333333333,1,2,0
2025-04-02 02:00:00,Hive_01,34.46,12.06,56.11,79.73,40.178,211.7,3,Healthy,22.4,-23.620000000000005,34.53125,0.26281606231107024,0.269999999999996,204.88333333333333,2,2,0
2025-04-02 03:00:00,Hive_01,34.35,11.76,56.07,77.64,40.19,209.5,3,Healthy,22.590000000000003,-21.57,34.51333333333333,0.25976020156837204,0.2849999999999966,204.91666666666666,3,2,0
2025-04-02 04:00:00,Hive_01,34.82,13.42,55.08,76.37,40.218,216.0,1,Healthy,21.4,-21.290000000000006,34.529583333333335,0.2664334351434134,0.32800000000000296,204.26666666666665,4,2,0
2025-04-02 05:00:00,Hive_01,34.32,16.42,55.46,77.42,40.233,200.4,2,Healthy,17.9,-21.96,34.51125,0.26502358385623087,0.3649999999999949,203.26666666666665,5,2,0
2025-04-02 06:00:00,Hive_01,34.9,18.16,56.48,72.51,40.248,202.6,38,Healthy,16.74,-16.03000000000001,34.54208333333333,0.2654279426767723,0.357999999999997,204.29999999999998,6,2,0
2025-04-02 07:00:00,Hive_01,34.24,15.68,54.94,69.21,40.247,173.2,63,Healthy,18.560000000000002,-14.269999999999996,34.53916666666667,0.26845640349917316,0.32500000000000284,202.23333333333332,7,2,0
2025-04-02 08:00:00,Hive_01,34.23,19.38,54.5,65.16,40.288,201.9,75,Healthy,14.849999999999998,-10.659999999999997,34.5175,0.2716655552569083,0.37699999999999534,200.60000000000002,8,2,0
2025-04-02 09:00:00,Hive_01,35.05,20.16,57.05,65.9,40.315,200.2,82,Healthy,14.889999999999997,-8.850000000000009,34.53625,0.29234899483769267,0.41199999999999903,199.04999999999998,9,2,0
2025-04-02 10:00:00,Hive_01,34.37,25.57,52.5,56.24,40.309,224.9,81,Healthy,8.799999999999997,-3.740000000000002,34.51958333333334,0.2898347230175628,0.4069999999999965,200.53333333333333,10,2,0
2025-04-02 11:00:00,Hive_01,34.02,25.18,56.42,55.03,40.345,205.7,105,Healthy,8.840000000000003,1.3900000000000006,34.505,0.3060406338465826,0.4099999999999966,201.41666666666666,11,2,0
2025-04-02 12:00:00,Hive_01,34.28,24.94,53.08,55.7,40.35,228.1,89,Healthy,9.34,-2.6200000000000045,34.499583333333334,0.3089319492628804,0.4100000000000037,205.66666666666666,12,2,0
2025-04-02 13:00:00,Hive_01,34.47,26.33,52.01,47.92,40.334,223.1,101,Healthy,8.14,4.089999999999996,34.494166666666665,0.3082336305702111,0.39000000000000057,213.98333333333335,13,2,0
2025-04-02 14:00:00,Hive_01,34.52,27.81,58.52,49.07,40.352,213.6,82,Healthy,6.710000000000004,9.450000000000003,34.50666666666667,0.3026644959380762,0.39799999999999613,215.9333333333333,14,2,0
2025-04-02 15:00:00,Hive_01,34.54,27.82,52.15,51.81,40.387,190.8,99,Healthy,6.719999999999999,0.3399999999999963,34.513749999999995,0.30131324881764476,0.4230000000000018,214.36666666666667,15,2,0
2025-04-02 16:00:00,Hive_01,34.63,27.96,54.84,52.15,40.388,203.1,78,Healthy,6.670000000000002,2.690000000000005,34.515,0.3017485276070852,0.39799999999999613,210.73333333333335,16,2,0
2025-04-02 17:00:00,Hive_01,34.39,24.96,56.43,53.15,40.427,205.4,66,Healthy,9.43,3.280000000000001,34.492916666666666,0.28998469474854444,0.3999999999999986,210.6833333333333,17,2,0
2025-04-02 18:00:00,Hive_01,34.67,23.06,53.93,59.25,40.401,181.7,43,Healthy,11.610000000000003,-5.32,34.47875,0.27133025761174,0.36300000000000665,202.95000000000002,18,2,0
2025-04-02 19:00:00,Hive_01,34.37,23.81,54.39,64.22,40.416,200.2,48,Healthy,10.559999999999999,-9.829999999999998,34.48458333333333,0.26722371618693286,0.3719999999999999,199.13333333333333,19,2,0
2025-04-02 20:00:00,Hive_01,34.43,19.22,56.28,66.9,40.421,190.8,49,Healthy,15.21,-10.620000000000005,34.46875,0.25820976474311913,0.33899999999999864,195.33333333333334,20,2,0
2025-04-02 21:00:00,Hive_01,34.37,19.53,56.81,65.3,40.407,211.6,2,Healthy,14.839999999999996,-8.489999999999995,34.44833333333333,0.24496080727628886,0.3329999999999984,198.79999999999998,21,2,0
2025-04-02 22:00:00,Hive_01,33.87,14.95,57.66,72.48,40.411,212.1,2,Healthy,18.919999999999998,-14.820000000000007,34.42,0.2706674519871576,0.3060000000000045,200.29999999999998,22,2,0
2025-04-02 23:00:00,Hive_01,34.56,16.38,55.84,74.74,40.438,217.3,1,Healthy,18.180000000000003,-18.89999999999999,34.43666666666667,0.26624060165762975,0.29700000000000415,202.28333333333333,23,2,0
2025-04-03 00:00:00,Hive_01,33.89,12.08,57.36,80.71,40.442,199.9,1,Healthy,21.810000000000002,-23.349999999999994,34.428333333333335,0.2803207272838207,0.2740000000000009,205.3166666666667,0,3,0
2025-04-03 01:00:00,Hive_01,34.73,12.2,55.74,82.03,40.454,178.3,1,Healthy,22.529999999999998,-26.29,34.43666666666667,0.2863817255930017,0.27600000000000335,201.66666666666666,1,3,0
2025-04-03 02:00:00,Hive_01,34.52,11.49,56.48,80.92,40.473,200.8,4,Healthy,23.03,-24.440000000000005,34.43916666666667,0.28685576843434746,0.2950000000000017,203.33333333333334,2,3,0
2025-04-03 03:00:00,Hive_01,35.06,12.88,56.8,78.63,40.52,198.3,2,Healthy,22.18,-21.83,34.46875,0.31270645354222704,0.3300000000000054,201.11666666666667,3,3,0
2025-04-03 04:00:00,Hive_01,34.45,10.89,52.97,79.56,40.55,172.8,0,Healthy,23.560000000000002,-26.590000000000003,34.45333333333333,0.303625436676677,0.33199999999999363,194.5666666666667,4,3,0
2025-04-03 05:00:00,Hive_01,34.79,14.89,56.11,76.75,40.59,210.5,1,Healthy,19.9,-20.64,34.47291666666667,0.30974715027171684,0.3570000000000064,193.4333333333333,5,3,0
2025-04-03 06:00:00,Hive_01,34.59,15.89,53.35,71.94,40.607,198.7,52,Healthy,18.700000000000003,-18.589999999999996,34.46,0.29737986248012266,0.35900000000000176,193.23333333333335,6,3,0
2025-04-03 07:00:00,Hive_01,34.23,18.35,54.84,63.98,40.616,203.9,63,Healthy,15.879999999999995,-9.139999999999993,34.459583333333335,0.29770833650267425,0.3689999999999998,197.5,7,3,0
2025-04-03 08:00:00,Hive_01,34.41,22.27,52.6,65.62,40.598,208.0,80,Healthy,12.139999999999997,-13.020000000000003,34.467083333333335,0.29391627270758514,0.3100000000000023,198.70000000000002,8,3,0
2025-04-03 09:00:00,Hive_01,34.41,24.38,55.36,59.46,40.649,201.7,93,Healthy,10.029999999999998,-4.100000000000001,34.440416666666664,0.26648238650770645,0.3340000000000032,199.26666666666668,9,3,0
2025-04-03 10:00:00,Hive_01,34.81,24.25,55.25,59.81,40.639,196.0,99,Healthy,10.560000000000002,-4.560000000000002,34.45875,0.2763789537699244,0.3300000000000054,203.13333333333333,10,3,0
2025-04-03 11:00:00,Hive_01,34.4,26.97,52.4,53.53,40.678,213.3,87,Healthy,7.43,-1.1300000000000026,34.474583333333335,0.26058427939280554,0.3329999999999984,203.6,11,3,0
2025-04-03 12:00:00,Hive_01,34.35,27.23,57.0,47.67,40.707,205.0,89,Healthy,7.120000000000001,9.329999999999998,34.4775,0.25869656558114423,0.3569999999999993,204.64999999999998,12,3,0
2025-04-03 13:00:00,Hive_01,34.0,28.92,54.99,49.95,40.725,216.8,74,Healthy,5.079999999999998,5.039999999999999,34.45791666666667,0.27646808396138073,0.39099999999999824,206.79999999999998,13,3,0
2025-04-03 14:00:00,Hive_01,34.17,27.82,55.73,49.85,40.75,195.6,105,Healthy,6.350000000000001,5.8799999999999955,34.443333333333335,0.28222203202854484,0.39800000000000324,204.73333333333335,14,3,0
2025-04-03 15:00:00,Hive_01,34.36,27.25,53.78,49.62,40.749,178.5,76,Healthy,7.109999999999999,4.160000000000004,34.435833333333335,0.2819330273026919,0.3620000000000019,200.86666666666665,15,3,0
2025-04-03 16:00:00,Hive_01,34.47,27.01,55.06,47.44,40.769,218.1,78,Healthy,7.459999999999997,7.6200000000000045,34.42916666666667,0.27901872567153074,0.3810000000000002,204.54999999999998,16,3,0
2025-04-03 17:00:00,Hive_01,34.67,24.73,54.18,52.92,40.755,235.6,57,Healthy,9.940000000000001,1.259999999999998,34.44083333333334,0.2831333480069515,0.32800000000000296,208.26666666666665,17,3,0
2025-04-03 18:00:00,Hive_01,34.76,23.06,53.52,53.12,40.765,214.5,40,Healthy,11.7,0.4000000000000057,34.444583333333334,0.2868718721215012,0.3639999999999972,209.85,18,3,0
2025-04-03 19:00:00,Hive_01,33.76,22.19,53.78,64.17,40.757,197.2,39,Healthy,11.569999999999997,-10.39,34.41916666666666,0.31899184488236076,0.3410000000000011,206.58333333333334,19,3,0
2025-04-03 20:00:00,Hive_01,34.27,18.41,54.47,63.69,40.772,213.7,40,Healthy,15.860000000000003,-9.219999999999999,34.4125,0.32042431107897806,0.3509999999999991,209.60000000000002,20,3,0
2025-04-03 21:00:00,Hive_01,34.5,18.91,58.56,67.13,40.802,193.4,3,Healthy,15.59,-8.569999999999993,34.41791666666666,0.3207732392430758,0.3950000000000031,212.0833333333333,21,3,0
2025-04-03 22:00:00,Hive_01,34.92,15.42,53.04,71.16,40.774,214.1,2,Healthy,19.5,-18.119999999999997,34.461666666666666,0.31433389429307623,0.36299999999999955,211.41666666666666,22,3,0
2025-04-03 23:00:00,Hive_01,34.43,14.53,54.31,74.88,40.771,194.3,1,Healthy,19.9,-20.569999999999993,34.45625,0.31368514399827585,0.3329999999999984,204.53333333333333,23,3,0
2025-04-04 00:00:00,Hive_01,33.75,11.83,56.03,76.9,40.789,198.7,2,Healthy,21.92,-20.870000000000005,34.45041666666666,0.3257430191005717,0.3470000000000013,201.9,0,4,0
2025-04-04 01:00:00,Hive_01,34.34,12.68,55.79,78.04,40.803,230.6,3,Healthy,21.660000000000004,-22.250000000000007,34.43416666666666,0.32088080770533056,0.34899999999999665,207.46666666666667,1,4,0
2025-04-04 02:00:00,Hive_01,34.33,13.4,53.5,78.48,40.819,158.9,1,Healthy,20.93,-24.980000000000004,34.42625,0.3210148648867575,0.34600000000000364,198.33333333333334,2,4,0
2025-04-04 03:00:00,Hive_01,34.74,11.81,53.29,76.44,40.834,241.8,0,Healthy,22.93,-23.15,34.41291666666667,0.29947024482615026,0.31400000000000006,206.4,3,4,0
2025-04-04 04:00:00,Hive_01,34.32,12.85,56.14,77.18,40.866,211.6,1,Healthy,21.47,-21.040000000000006,34.4075,0.299945647250215,0.3160000000000025,205.98333333333335,4,4,0
2025-04-04 05:00:00,Hive_01,34.19,17.99,55.25,72.07,40.878,207.3,3,Healthy,16.2,-16.819999999999993,34.3825,0.2915662352969226,0.2879999999999967,208.14999999999998,5,4,0
2025-04-04 06:00:00,Hive_01,34.32,15.82,55.88,72.73,40.882,195.2,55,Healthy,18.5,-16.85,34.371249999999996,0.28840358949705497,0.2749999999999986,207.5666666666667,6,4,0
2025-04-04 07:00:00,Hive_01,34.61,19.48,54.59,64.47,40.911,196.2,73,Healthy,15.129999999999999,-9.879999999999995,34.38708333333333,0.290733392985918,0.2950000000000017,201.83333333333334,7,4,0
2025-04-04 08:00:00,Hive_01,34.82,18.99,53.73,60.54,40.889,200.2,67,Healthy,15.830000000000002,-6.810000000000002,34.40416666666667,0.30388665888662797,0.2910000000000039,208.71666666666667,8,4,0
2025-04-04 09:00:00,Hive_01,34.53,23.31,53.67,62.9,40.905,202.5,83,Healthy,11.220000000000002,-9.229999999999997,34.40916666666667,0.3049720823526231,0.2560000000000002,202.16666666666666,9,4,0
2025-04-04 10:00:00,Hive_01,34.65,22.69,56.87,56.7,40.934,201.2,79,Healthy,11.959999999999997,0.1699999999999946,34.402499999999996,0.29748584182605886,0.2949999999999946,200.4333333333333,10,4,0
2025-04-04 11:00:00,Hive_01,34.25,26.26,57.26,52.21,40.952,194.8,96,Healthy,7.989999999999998,5.049999999999997,34.39625,0.2991119101316616,0.2740000000000009,198.35,11,4,0
2025-04-04 12:00:00,Hive_01,34.37,28.86,54.17,51.12,40.981,214.6,103,Healthy,5.509999999999998,3.0500000000000043,34.397083333333335,0.29900529538232123,0.2740000000000009,201.58333333333334,12,4,0
2025-04-04 13:00:00,Hive_01,34.58,29.24,53.41,47.25,40.981,202.6,96,Healthy,5.34,6.159999999999997,34.42125,0.28878023086619425,0.2560000000000002,202.65,13,4,0
2025-04-04 14:00:00,Hive_01,34.55,26.66,58.97,45.35,40.987,200.7,102,Healthy,7.889999999999997,13.619999999999997,34.437083333333334,0.28479556613956514,0.23700000000000188,202.73333333333332,14,4,0
2025-04-04 15:00:00,Hive_01,34.63,28.61,55.38,50.94,40.974,179.9,97,Healthy,6.020000000000003,4.440000000000005,34.44833333333333,0.2869429070112373,0.22499999999999432,198.96666666666667,15,4,0
2025-04-04 16:00:00,Hive_01,34.47,27.2,56.17,52.21,41.035,207.9,64,Healthy,7.27,3.960000000000001,34.44833333333333,0.2869429070112373,0.26599999999999824,200.08333333333334,16,4,0
2025-04-04 17:00:00,Hive_01,34.33,25.46,56.28,56.54,40.999,196.6,66,Healthy,8.869999999999997,-0.259999999999998,34.43416666666666,0.28390011511501856,0.24399999999999977,200.38333333333333,17,4,0
2025-04-04 18:00:00,Hive_01,34.05,25.91,54.61,55.86,40.986,197.8,49,Healthy,8.139999999999997,-1.25,34.404583333333335,0.28545888559006444,0.22099999999999653,197.58333333333334,18,4,0
2025-04-04 19:00:00,Hive_01,34.45,20.09,56.62,62.73,40.959,184.7,44,Healthy,14.360000000000003,-6.109999999999999,34.43333333333333,0.25029837267213867,0.2020000000000053,194.6,19,4,0
2025-04-04 20:00:00,Hive_01,34.5,18.8,55.24,64.67,40.956,202.2,22,Healthy,15.7,-9.43,34.44291666666667,0.24816682969792853,0.1840000000000046,194.85,20,4,0
2025-04-04 21:00:00,Hive_01,34.55,18.94,58.85,68.65,40.944,220.8,0,Healthy,15.609999999999996,-9.800000000000004,34.445,0.24887573291661919,0.142000000000003,201.66666666666666,21,4,0
2025-04-04 22:00:00,Hive_01,34.15,12.88,55.31,70.02,40.959,196.2,1,Healthy,21.269999999999996,-14.709999999999994,34.41291666666667,0.23417717496665763,0.18500000000000227,199.71666666666667,22,4,0
2025-04-04 23:00:00,Hive_01,34.1,15.13,54.46,77.27,40.968,207.3,1,Healthy,18.97,-22.809999999999995,34.399166666666666,0.2426648550657069,0.19700000000000273,201.5,23,4,0
2025-04-05 00:00:00,Hive_01,34.29,12.94,53.91,78.05,40.98,198.0,2,Healthy,21.35,-24.14,34.42166666666667,0.2013793017874669,0.1909999999999954,201.53333333333333,0,5,0
2025-04-05 01:00:00,Hive_01,34.43,10.69,56.22,78.79,40.971,203.5,2,Healthy,23.740000000000002,-22.570000000000007,34.42541666666667,0.20062899280419313,0.16799999999999926,204.66666666666666,1,5,0
2025-04-05 02:00:00,Hive_01,34.3,14.47,53.59,77.99,40.948,226.5,0,Healthy,19.83,-24.39999999999999,34.424166666666665,0.20134151533427802,0.12899999999999778,208.71666666666667,2,5,0
2025-04-05 03:00:00,Hive_01,33.97,11.05,56.13,82.12,40.929,218.7,0,Healthy,22.919999999999998,-25.990000000000002,34.39208333333334,0.20998921642431062,0.09499999999999886,208.36666666666667,3,5,0
2025-04-05 04:00:00,Hive_01,33.17,10.44,67.91,76.9,40.89,363.7,0,At Risk,22.730000000000004,-8.990000000000009,34.344166666666666,0.3262023467335849,0.02400000000000091,236.2833333333333,4,5,1
2025-04-05 05:00:00,Hive_01,31.25,17.58,66.75,76.95,40.878,332.5,0,At Risk,13.670000000000002,-10.200000000000003,34.221666666666664,0.7113163954899149,0.0,257.15000000000003,5,5,1
2025-04-05 06:00:00,Hive_01,34.41,13.56,70.15,73.6,40.842,343.2,28,At Risk,20.849999999999994,-3.4499999999999886,34.22541666666667,0.7120941508748376,-0.03999999999999915,281.34999999999997,6,5,1
2025-04-05 07:00:00,Hive_01,32.61,20.29,67.53,66.87,40.768,339.6,12,At Risk,12.32,0.6599999999999966,34.14208333333333,0.7790126368717091,-0.14300000000000068,304.03333333333336,7,5,1
2025-04-05 08:00:00,Hive_01,30.28,19.48,69.74,65.4,40.764,310.0,34,At Risk,10.8,4.339999999999989,33.95291666666666,1.0945536281642674,-0.125,317.95,8,5,1
2025-04-05 09:00:00,Hive_01,29.9,20.74,74.24,62.27,40.723,332.4,31,At Risk,9.16,11.969999999999992,33.76,1.3634196138673869,-0.18200000000000216,336.9,9,5,1
2025-04-05 10:00:00,Hive_01,31.99,24.91,66.02,54.46,40.724,354.7,31,At Risk,7.079999999999998,11.559999999999995,33.649166666666666,1.3956607182907128,-0.21000000000000085,335.4,10,5,1
2025-04-05 11:00:00,Hive_01,31.6,26.02,73.93,54.75,40.675,291.1,32,At Risk,5.580000000000002,19.180000000000007,33.53875,1.4498345107962132,-0.277000000000001,328.5,11,5,1
2025-04-05 12:00:00,Hive_01,30.69,27.68,70.79,53.07,40.678,358.6,28,At Risk,3.0100000000000016,17.720000000000006,33.385416666666664,1.5492858920684616,-0.3030000000000044,331.06666666666666,12,5,1
2025-04-05 13:00:00,Hive_01,32.14,27.39,70.45,52.64,40.609,362.2,39,At Risk,4.75,17.810000000000002,33.28375,1.5475445136535448,-0.3719999999999999,334.8333333333333,13,5,1
2025-04-05 14:00:00,Hive_01,30.17,27.32,67.83,51.27,40.535,333.3,35,At Risk,2.8500000000000014,16.559999999999995,33.10125,1.6468053724659373,-0.4520000000000053,338.71666666666664,14,5,1
2025-04-05 15:00:00,Hive_01,31.9,27.41,66.6,52.77,40.458,294.9,33,At Risk,4.489999999999998,13.829999999999991,32.987500000000004,1.6308260110327346,-0.5159999999999982,332.4666666666667,15,5,1
2025-04-05 16:00:00,Hive_01,31.69,25.36,68.4,54.57,40.396,281.8,24,At Risk,6.330000000000002,13.830000000000005,32.87166666666666,1.619639430261578,-0.6389999999999958,320.31666666666666,16,5,1
2025-04-05 17:00:00,Hive_01,32.34,27.22,63.95,56.13,40.328,347.8,24,At Risk,5.1200000000000045,7.82,32.78875,1.5924449686758257,-0.6709999999999994,329.7666666666667,17,5,1
2025-04-05 18:00:00,Hive_01,31.39,25.83,60.55,56.13,40.251,337.8,11,At Risk,5.560000000000002,4.419999999999995,32.67791666666667,1.593413014956252,-0.7349999999999994,326.3,18,5,1
2025-04-05 19:00:00,Hive_01,32.95,19.43,67.1,59.37,40.225,304.8,10,At Risk,13.520000000000003,7.729999999999997,32.61541666666667,1.5497011750283183,-0.7340000000000018,316.73333333333335,19,5,1
2025-04-05 20:00:00,Hive_01,30.72,17.1,70.05,62.59,40.18,309.4,24,At Risk,13.619999999999997,7.459999999999994,32.45791666666667,1.5419044665795842,-0.7760000000000034,312.75,20,5,1
2025-04-05 21:00:00,Hive_01,33.95,16.93,63.29,71.22,40.128,317.1,0,At Risk,17.020000000000003,-7.93,32.432916666666664,1.5110649258536282,-0.8160000000000025,316.45,21,5,1
2025-04-05 22:00:00,Hive_01,31.25,15.1,66.51,73.61,40.083,320.7,0,At Risk,16.15,-7.099999999999994,32.312083333333334,1.4834858454408313,-0.8760000000000048,322.93333333333334,22,5,1
2025-04-05 23:00:00,Hive_01,33.26,12.58,69.03,77.2,40.044,312.4,0,At Risk,20.68,-8.170000000000002,32.27708333333333,1.4489770879656398,-0.9240000000000066,317.03333333333336,23,5,1
2025-04-06 00:00:00,Hive_01,33.13,12.02,65.48,82.71,39.989,320.9,0,At Risk,21.110000000000003,-17.22999999999999,32.22875,1.3973400585149442,-0.9909999999999997,314.21666666666664,0,6,1
2025-04-06 01:00:00,Hive_01,33.3,13.15,65.45,80.58,39.936,286.3,0,At Risk,20.15,-15.129999999999995,32.181666666666665,1.3377094851524312,-1.0349999999999966,311.1333333333334,1,6,1
2025-04-06 02:00:00,Hive_01,30.86,10.11,65.48,81.77,39.886,347.4,0,At Risk,20.75,-16.289999999999992,32.038333333333334,1.284085418622517,-1.0619999999999976,317.46666666666664,2,6,1
2025-04-06 03:00:00,Hive_01,30.96,10.68,71.62,72.53,39.826,363.1,0,At Risk,20.28,-0.9099999999999966,31.912916666666664,1.2332018388578778,-1.1030000000000015,325.13333333333327,3,6,1
2025-04-06 04:00:00,Hive_01,32.56,11.37,68.72,74.71,39.767,353.3,0,At Risk,21.190000000000005,-5.989999999999995,31.8875,1.2122750799902433,-1.1229999999999976,330.56666666666666,4,6,1
2025-04-06 05:00:00,Hive_01,32.86,14.98,69.51,76.42,39.691,355.2,0,At Risk,17.88,-6.909999999999997,31.954583333333332,1.2199856705027372,-1.1869999999999976,337.7,5,6,1
2025-04-06 06:00:00,Hive_01,32.58,18.3,66.89,71.2,39.666,312.8,22,At Risk,14.279999999999998,-4.310000000000002,31.878333333333334,1.1122818952463842,-1.176000000000002,336.35,6,6,1
2025-04-06 07:00:00,Hive_01,31.73,18.56,68.01,69.68,39.591,292.8,24,At Risk,13.170000000000002,-1.6700000000000017,31.84166666666667,1.1015667366811945,-1.1769999999999996,337.43333333333334,7,6,1
2025-04-06 08:00:00,Hive_01,30.38,20.13,72.49,66.51,39.535,336.7,25,At Risk,10.25,5.97999999999999,31.845833333333335,1.0955757536036452,-1.2290000000000063,335.65000000000003,8,6,1
2025-04-06 09:00:00,Hive_01,33.45,22.88,63.68,61.21,39.48,340.2,29,At Risk,10.570000000000004,2.469999999999999,31.993749999999995,1.0605282215461214,-1.243000000000002,331.8333333333333,9,6,1
2025-04-06 10:00:00,Hive_01,32.21,23.39,62.57,56.77,39.401,318.0,33,At Risk,8.82,5.799999999999997,32.00291666666667,1.0614447871801955,-1.3229999999999933,325.95,10,6,1
2025-04-06 11:00:00,Hive_01,31.84,26.21,61.89,53.34,39.329,357.0,25,At Risk,5.629999999999999,8.549999999999997,32.01291666666667,1.0586105707859883,-1.3459999999999965,326.25,11,6,1
2025-04-06 12:00:00,Hive_01,31.79,26.32,69.95,49.55,39.249,358.0,41,At Risk,5.469999999999999,20.400000000000006,32.058749999999996,1.022024046768977,-1.428999999999995,333.7833333333333,12,6,1
2025-04-06 13:00:00,Hive_01,31.86,27.39,69.9,48.22,39.236,371.5,38,At Risk,4.469999999999999,21.680000000000007,32.04708333333333,1.0226541732037953,-1.3730000000000047,346.90000000000003,13,6,1
2025-04-06 14:00:00,Hive_01,31.2,27.69,68.22,48.58,39.193,353.8,31,At Risk,3.509999999999998,19.64,32.09,0.960158501408079,-1.3419999999999987,349.75,14,6,1
2025-04-06 15:00:00,Hive_01,32.32,28.49,67.31,50.45,39.122,348.1,32,At Risk,3.830000000000002,16.86,32.107499999999995,0.9603724368136687,-1.3359999999999985,351.06666666666666,15,6,1
2025-04-06 16:00:00,Hive_01,32.39,27.84,71.75,50.12,39.057,304.2,27,At Risk,4.550000000000001,21.630000000000003,32.13666666666666,0.9577676339174486,-1.3389999999999986,348.7666666666667,16,6,1
2025-04-06 17:00:00,Hive_01,30.37,26.22,67.05,52.88,39.029,329.6,15,At Risk,4.150000000000002,14.169999999999995,32.05458333333333,1.0218567038428281,-1.2989999999999995,344.20000000000005,17,6,1
2025-04-06 18:00:00,Hive_01,33.19,24.85,67.17,56.23,38.98,325.7,16,At Risk,8.339999999999996,10.940000000000005,32.129583333333336,1.0369037486951662,-1.2710000000000008,338.81666666666666,18,6,1
2025-04-06 19:00:00,Hive_01,33.23,25.78,64.72,60.13,38.919,342.0,15,At Risk,7.449999999999996,4.589999999999996,32.14125000000001,1.0480512454281967,-1.3060000000000045,333.90000000000003,19,6,1
2025-04-06 20:00:00,Hive_01,31.52,19.14,75.21,64.47,38.869,343.1,21,At Risk,12.379999999999999,10.739999999999995,32.17458333333334,1.013019503510602,-1.311,332.1166666666667,20,6,1
2025-04-06 21:00:00,Hive_01,31.68,16.61,67.74,68.96,38.825,311.7,0,At Risk,15.07,-1.2199999999999989,32.08,0.9436423419735567,-1.3029999999999973,326.05,21,6,1
2025-04-06 22:00:00,Hive_01,33.19,16.29,69.87,70.37,38.79,318.9,0,At Risk,16.9,-0.5,32.160833333333336,0.9525020445792487,-1.2929999999999993,328.5,22,6,1
2025-04-06 23:00:00,Hive_01,34.17,14.76,69.07,74.01,38.728,347.0,0,At Risk,19.410000000000004,-4.940000000000012,32.19875,1.0142691200200251,-1.3159999999999954,331.40000000000003,23,6,1
2025-04-07 00:00:00,Hive_01,32.14,12.2,70.85,80.17,38.684,362.9,0,At Risk,19.94,-9.320000000000007,32.1575,0.9946913438677,-1.3049999999999997,337.59999999999997,0,0,1
2025-04-07 01:00:00,Hive_01,31.56,12.87,68.61,83.85,38.665,316.8,0,At Risk,18.689999999999998,-15.239999999999995,32.085,0.9709251527146854,-1.2710000000000008,333.40000000000003,1,0,1
2025-04-07 02:00:00,Hive_01,35.56,12.93,67.71,82.26,38.643,348.8,0,At Risk,22.630000000000003,-14.550000000000011,32.280833333333334,1.1672446808307322,-1.243000000000002,334.34999999999997,2,0,1
2025-04-07 03:00:00,Hive_01,31.4,10.58,68.63,80.62,38.56,327.2,0,At Risk,20.82,-11.990000000000009,32.299166666666665,1.1489084296453937,-1.2659999999999982,336.93333333333334,3,0,1
2025-04-07 04:00:00,Hive_01,29.76,14.47,65.3,79.74,38.557,380.0,0,At Risk,15.290000000000001,-14.439999999999998,32.1825,1.25823288782328,-1.2100000000000009,347.1166666666666,4,0,1
2025-04-07 05:00:00,Hive_01,30.04,14.19,66.28,79.17,38.483,334.5,0,At Risk,15.85,-12.89,32.065000000000005,1.3222576214155195,-1.2080000000000055,345.0333333333333,5,0,1
2025-04-07 06:00:00,Hive_01,33.65,16.8,70.33,69.99,38.421,312.9,21,At Risk,16.849999999999998,0.3400000000000034,32.10958333333333,1.3579347463565534,-1.2449999999999974,336.7,6,0,1
2025-04-07 07:00:00,Hive_01,31.94,17.49,67.53,65.58,38.339,274.1,25,At Risk,14.450000000000003,1.9500000000000028,32.11833333333333,1.3560577987767723,-1.2520000000000024,329.5833333333333,7,0,1
2025-04-07 08:00:00,Hive_01,32.45,18.27,67.74,65.64,38.265,298.9,33,At Risk,14.180000000000003,2.0999999999999943,32.20458333333333,1.3055765981447802,-1.269999999999996,321.26666666666665,8,0,1
2025-04-07 09:00:00,Hive_01,31.67,21.01,61.71,58.01,38.207,323.5,36,At Risk,10.66,3.700000000000003,32.13041666666667,1.2820990912212131,-1.2729999999999961,320.65,9,0,1
2025-04-07 10:00:00,Hive_01,30.99,24.97,69.56,54.72,38.132,360.6,39,At Risk,6.02,14.840000000000003,32.07958333333333,1.3028246208733332,-1.2690000000000055,317.4166666666667,10,0,1
2025-04-07 11:00:00,Hive_01,33.56,25.52,67.09,55.12,38.07,321.8,31,At Risk,8.040000000000003,11.970000000000006,32.15125,1.3359585794803184,-1.2590000000000003,315.3,11,0,1
2025-04-07 12:00:00,Hive_01,31.84,27.0,64.9,50.63,38.026,341.2,32,At Risk,4.84,14.270000000000003,32.15333333333333,1.3354096152790813,-1.222999999999999,320.0166666666667,12,0,1
2025-04-07 13:00:00,Hive_01,32.54,27.74,67.6,50.79,37.943,277.5,49,At Risk,4.800000000000001,16.809999999999995,32.181666666666665,1.336128953248995,-1.2929999999999993,320.5833333333333,13,0,1
2025-04-07 14:00:00,Hive_01,30.87,26.69,69.93,50.81,37.885,313.7,38,At Risk,4.18,19.120000000000005,32.16791666666666,1.3483128883636941,-1.3079999999999998,323.05,14,0,1
2025-04-07 15:00:00,Hive_01,30.9,27.48,67.91,51.61,37.775,354.1,32,At Risk,3.419999999999998,16.299999999999997,32.10875,1.3722919973850591,-1.3470000000000013,328.15000000000003,15,0,1
2025-04-07 16:00:00,Hive_01,32.24,26.25,69.35,52.14,37.757,346.7,22,At Risk,5.990000000000002,17.209999999999994,32.1025,1.3712965936755646,-1.3000000000000043,325.8333333333333,16,0,1
2025-04-07 17:00:00,Hive_01,32.36,28.1,71.02,52.85,37.715,338.5,31,At Risk,4.259999999999998,18.169999999999995,32.18541666666667,1.3212345319457508,-1.314,328.6166666666667,17,0,1
2025-04-07 18:00:00,Hive_01,29.98,24.85,65.2,58.21,37.633,344.2,23,At Risk,5.129999999999999,6.990000000000002,32.05166666666667,1.3764404839284647,-1.3469999999999942,329.1166666666666,18,0,1
2025-04-07 19:00:00,Hive_01,31.69,23.02,68.36,63.7,37.614,298.0,7,At Risk,8.670000000000002,4.659999999999997,31.987499999999997,1.3548471757232803,-1.3049999999999997,332.5333333333333,19,0,1
2025-04-07 20:00:00,Hive_01,30.14,18.67,67.09,68.11,37.603,315.0,13,At Risk,11.469999999999999,-1.019999999999996,31.929999999999996,1.4039447530317408,-1.2659999999999982,332.75,20,0,1
2025-04-07 21:00:00,Hive_01,33.84,16.88,61.25,71.06,37.573,331.5,0,At Risk,16.960000000000004,-9.810000000000002,32.02,1.455508278171655,-1.2520000000000024,328.98333333333335,21,0,1
2025-04-07 22:00:00,Hive_01,31.98,17.69,64.53,71.59,37.569,366.1,0,At Risk,14.29,-7.060000000000002,31.969583333333333,1.4340167944158817,-1.2209999999999965,332.21666666666664,22,0,1
2025-04-07 23:00:00,Hive_01,32.87,11.61,70.04,80.26,37.502,323.7,0,At Risk,21.259999999999998,-10.219999999999999,31.91541666666667,1.3704298886518365,-1.225999999999999,329.75,23,0,1
2025-04-08 00:00:00,Hive_01,32.66,13.66,67.9,77.61,37.481,308.2,0,At Risk,18.999999999999996,-9.709999999999994,31.937083333333334,1.3782234284907209,-1.2029999999999959,323.75,0,1,1
2025-04-08 01:00:00,Hive_01,31.26,10.8,62.26,81.43,37.419,367.9,0,At Risk,20.46,-19.17000000000001,31.92458333333333,1.3831438014040542,-1.2460000000000022,335.40000000000003,1,1,1
2025-04-08 02:00:00,Hive_01,30.1,13.16,67.6,78.79,37.374,305.8,0,At Risk,16.94,-11.190000000000012,31.697083333333335,1.1954932733674528,-1.2689999999999984,333.8666666666667,2,1,1
2025-04-08 03:00:00,Hive_01,32.27,13.1,68.48,83.18,37.352,364.9,0,At Risk,19.17,-14.700000000000003,31.733333333333334,1.1992775603115502,-1.2080000000000055,339.43333333333334,3,1,1
2025-04-08 04:00:00,Hive_01,32.08,12.96,69.42,76.83,37.298,360.2,0,At Risk,19.119999999999997,-7.409999999999997,31.830000000000002,1.1244708900673435,-1.2590000000000003,338.45,4,1,1
2025-04-08 05:00:00,Hive_01,32.48,14.92,69.5,75.04,37.286,358.7,0,At Risk,17.559999999999995,-5.540000000000006,31.93166666666667,1.0642885628097642,-1.1969999999999956,344.2833333333333,5,1,1
2025-04-08 06:00:00,Hive_01,32.9,15.55,70.24,71.95,37.257,350.1,17,At Risk,17.349999999999998,-1.710000000000008,31.90041666666667,1.0218035170894513,-1.1640000000000015,351.26666666666665,6,1,1
2025-04-08 07:00:00,Hive_01,32.29,20.66,65.65,67.23,37.141,299.1,26,At Risk,11.629999999999999,-1.5799999999999983,31.915000000000003,1.024885995780977,-1.1980000000000004,339.8,7,1,1
2025-04-08 08:00:00,Hive_01,32.54,18.9,71.67,64.29,37.042,291.6,28,At Risk,13.64,7.3799999999999955,31.91875,1.0270909214230761,-1.222999999999999,337.43333333333334,8,1,1
2025-04-08 09:00:00,Hive_01,32.38,24.26,67.99,57.75,36.98,310.7,23,At Risk,8.120000000000001,10.239999999999995,31.948333333333334,1.0298360640610307,-1.2270000000000039,328.40000000000003,9,1,1
2025-04-08 10:00:00,Hive_01,33.32,21.13,68.91,59.45,36.946,289.4,35,At Risk,12.190000000000001,9.459999999999994,32.04541666666667,1.04527499675478,-1.186,316.6,10,1,1
2025-04-08 11:00:00,Hive_01,31.3,24.01,67.41,52.97,36.918,330.8,31,At Risk,7.289999999999999,14.439999999999998,31.951249999999998,1.003876453943783,-1.152000000000001,311.95,11,1,1
2025-04-08 12:00:00,Hive_01,27.77,27.98,82.31,54.07,36.613,489.1,0,Critical,-0.21000000000000085,28.240000000000002,31.78166666666667,1.318083808995614,-1.4130000000000038,335.1166666666667,12,1,2
2025-04-08 13:00:00,Hive_01,25.74,30.24,79.72,51.35,36.385,40.0,3,Critical,-4.5,28.369999999999997,31.49833333333333,1.7932110297178174,-1.5579999999999998,291.93333333333334,13,1,2
2025-04-08 14:00:00,Hive_01,25.21,26.51,80.41,51.26,36.105,427.7,5,Critical,-1.3000000000000007,29.15,31.2625,2.2044663161705707,-1.7800000000000011,314.6166666666666,14,1,2
2025-04-08 15:00:00,Hive_01,26.71,28.64,86.07,48.33,35.898,410.0,3,Critical,-1.9299999999999997,37.739999999999995,31.08791666666667,2.392331915256295,-1.8769999999999953,331.1666666666667,15,1,2
2025-04-08 16:00:00,Hive_01,28.76,26.14,82.91,52.73,35.752,404.4,0,Critical,2.620000000000001,30.18,30.942916666666665,2.4247106132425906,-2.0049999999999955,350.3333333333333,16,1,2
2025-04-08 17:00:00,Hive_01,22.12,26.42,81.94,52.19,35.427,450.1,2,Critical,-4.300000000000001,29.75,30.51625,2.9977438073963056,-2.288000000000004,370.2166666666667,17,1,2
2025-04-08 18:00:00,Hive_01,26.4,23.42,85.83,58.43,35.199,464.0,2,Critical,2.979999999999997,27.4,30.36708333333333,3.1124622982409478,-2.4340000000000046,366.0333333333333,18,1,2
2025-04-08 19:00:00,Hive_01,25.25,20.94,80.14,62.19,34.999,431.0,3,Critical,4.309999999999999,17.950000000000003,30.09875,3.267209036977078,-2.614999999999995,431.2,19,1,2
2025-04-08 20:00:00,Hive_01,25.87,23.7,82.65,64.4,34.926,40.0,3,Critical,2.1700000000000017,18.25,29.920833333333334,3.379207415004818,-2.6769999999999996,366.5833333333333,20,1,2
2025-04-08 21:00:00,Hive_01,27.64,17.02,82.65,68.51,34.729,459.5,0,Critical,10.620000000000001,14.14,29.662499999999998,3.3026909318470494,-2.844000000000001,374.8333333333333,21,1,2
2025-04-08 22:00:00,Hive_01,25.52,16.44,82.7,73.07,34.593,431.5,5,Critical,9.079999999999998,9.63000000000001,29.39333333333333,3.3681973848319546,-2.975999999999999,379.34999999999997,22,1,2
2025-04-08 23:00:00,Hive_01,25.97,14.57,78.49,74.93,34.413,446.8,0,Critical,11.399999999999999,3.559999999999988,29.105833333333333,3.352984286152986,-3.0890000000000057,378.8,23,1,2
2025-04-09 00:00:00,Hive_01,33.22,14.44,74.78,78.99,34.223,385.3,2,Critical,18.78,-4.209999999999994,29.129166666666666,3.380627568015091,-3.2580000000000027,365.6833333333334,0,2,2
2025-04-09 01:00:00,Hive_01,28.85,10.52,83.8,75.88,34.052,40.0,0,Critical,18.330000000000002,7.920000000000002,29.028750000000002,3.3502385541279995,-3.3669999999999973,300.5166666666667,1,2,2
2025-04-09 02:00:00,Hive_01,27.77,13.29,74.41,78.41,33.902,438.8,5,Critical,14.48,-4.0,28.93166666666667,3.3516052826988676,-3.4720000000000013,366.98333333333335,2,2,2
2025-04-09 03:00:00,Hive_01,25.17,12.03,77.78,79.43,33.746,347.9,2,Critical,13.140000000000002,-1.6500000000000057,28.635833333333334,3.357471767069257,-3.6059999999999945,348.38333333333327,3,2,2
2025-04-09 04:00:00,Hive_01,28.21,11.76,81.04,73.44,33.489,395.2,4,Critical,16.450000000000003,7.6000000000000085,28.47458333333333,3.2768303602941415,-3.8090000000000046,342.3333333333333,4,2,2
2025-04-09 05:00:00,Hive_01,25.99,13.61,83.71,79.92,33.274,414.4,3,Critical,12.379999999999999,3.789999999999992,28.204166666666666,3.1987768269146772,-4.0120000000000005,336.93333333333334,5,2,2
2025-04-09 06:00:00,Hive_01,27.72,14.21,88.61,72.63,33.085,40.0,3,Critical,13.509999999999998,15.980000000000004,27.988333333333333,3.038918095047373,-4.171999999999997,279.3833333333333,6,2,2
2025-04-09 07:00:00,Hive_01,24.13,17.38,75.14,69.25,32.825,413.7,2,Critical,6.75,5.890000000000001,27.648333333333337,2.992843154080769,-4.315999999999995,341.6666666666667,7,2,2
2025-04-09 08:00:00,Hive_01,25.73,19.35,76.09,65.57,32.581,40.0,4,Critical,6.379999999999999,10.52000000000001,27.364583333333332,2.827141710920025,-4.4609999999999985,275.2,8,2,2
2025-04-09 09:00:00,Hive_01,31.25,20.94,78.39,58.27,32.394,465.7,5,Critical,10.309999999999999,20.119999999999997,27.3175,2.7482931461894533,-4.5859999999999985,294.8333333333333,9,2,2
2025-04-09 10:00:00,Hive_01,31.14,23.12,89.0,57.58,32.156,463.7,2,Critical,8.02,31.42,27.22666666666667,2.5716272410027265,-4.789999999999999,306.25,10,2,2
2025-04-09 11:00:00,Hive_01,22.58,24.4,90.28,52.3,32.012,420.6,2,Critical,-1.8200000000000003,37.980000000000004,26.863333333333333,2.5870608918175235,-4.905999999999999,307.28333333333336,11,2,2
2025-04-09 12:00:00,Hive_01,24.15,27.24,84.57,51.68,31.796,450.6,2,Critical,-3.09,32.88999999999999,26.712499999999995,2.6369485823746426,-4.817,375.7166666666667,12,2,2
2025-04-09 13:00:00,Hive_01,31.52,28.15,82.45,50.01,31.56,398.4,4,Critical,3.370000000000001,32.440000000000005,26.953333333333337,2.802985468430498,-4.824999999999999,373.1666666666667,13,2,2
2025-04-09 14:00:00,Hive_01,27.26,28.49,79.57,50.06,31.319,40.0,4,Critical,-1.2299999999999969,29.50999999999999,27.038750000000004,2.778680187959235,-4.785999999999998,373.1666666666667,14,2,2
2025-04-09 15:00:00,Hive_01,28.27,29.58,88.51,50.55,31.107,40.0,8,Critical,-1.3099999999999987,37.96000000000001,27.10375,2.788882918801585,-4.791000000000004,302.2166666666667,15,2,2
2025-04-09 16:00:00,Hive_01,28.32,29.65,84.5,53.26,30.938,459.1,2,Critical,-1.3299999999999983,31.240000000000002,27.085416666666664,2.7789503479250084,-4.814000000000004,301.45,16,2,2
2025-04-09 17:00:00,Hive_01,28.97,24.38,88.35,53.23,30.718,419.4,0,Critical,4.59,35.12,27.370833333333334,2.592297816805605,-4.709,301.25,17,2,2
2025-04-09 18:00:00,Hive_01,23.88,24.42,74.47,60.41,30.541,407.2,6,Critical,-0.5400000000000027,14.060000000000002,27.265833333333333,2.682787188997647,-4.657999999999998,294.01666666666665,18,2,2
2025-04-09 19:00:00,Hive_01,29.83,21.47,72.91,61.57,30.429,486.7,1,Critical,8.36,11.339999999999996,27.456666666666667,2.6960222981059823,-4.570000000000004,308.7333333333333,19,2,2
2025-04-09 20:00:00,Hive_01,33.04,20.27,78.52,63.33,30.223,412.5,7,Critical,12.77,15.189999999999998,27.755416666666665,2.9019513362514524,-4.703000000000003,370.81666666666666,20,2,2
2025-04-09 21:00:00,Hive_01,28.98,19.74,83.89,70.93,30.05,484.6,1,Critical,9.240000000000002,12.959999999999994,27.81125,2.9125057380052684,-4.6789999999999985,444.9166666666667,21,2,2
2025-04-09 22:00:00,Hive_01,20.57,17.42,84.0,73.86,29.872,404.6,2,Critical,3.1499999999999986,10.14,27.605,3.2388054695467288,-4.721000000000004,435.8333333333333,22,2,2
2025-04-09 23:00:00,Hive_01,29.08,14.16,74.88,78.63,29.579,426.0,3,Critical,14.919999999999998,-3.75,27.734583333333333,3.2327548881205397,-4.833999999999996,436.93333333333334,23,2,2
2025-04-10 00:00:00,Hive_01,30.5,14.79,70.31,77.38,29.442,453.9,3,Critical,15.71,-7.069999999999993,27.62125,3.0759633521026952,-4.780999999999999,444.7166666666667,0,3,2
2025-04-10 01:00:00,Hive_01,27.13,9.62,77.67,80.14,29.322,425.2,3,Critical,17.509999999999998,-2.469999999999999,27.54958333333333,3.0661113726144973,-4.73,434.46666666666664,1,3,2
2025-04-10 02:00:00,Hive_01,24.72,11.71,79.74,82.78,29.111,424.9,6,Critical,13.009999999999998,-3.0400000000000063,27.4225,3.1193244112482597,-4.791,436.5333333333333,2,3,2
2025-04-10 03:00:00,Hive_01,28.67,11.59,75.01,78.28,28.896,454.1,3,Critical,17.080000000000002,-3.269999999999996,27.56833333333333,3.0911256802360993,-4.850000000000001,431.45,3,3,2
2025-04-10 04:00:00,Hive_01,28.39,11.61,78.89,76.21,28.738,403.1,5,Critical,16.78,2.680000000000007,27.575833333333332,3.092968064703539,-4.750999999999998,431.2,4,3,2
2025-04-10 05:00:00,Hive_01,25.63,13.94,67.88,75.56,28.494,449.9,3,Critical,11.69,-7.680000000000007,27.56083333333333,3.1018534664836808,-4.780000000000001,435.18333333333334,5,3,2
2025-04-10 06:00:00,Hive_01,27.23,17.05,76.98,72.69,28.25,403.2,4,Critical,10.18,4.290000000000006,27.540416666666662,3.1023728354512006,-4.835000000000001,426.73333333333335,6,3,2
2025-04-10 07:00:00,Hive_01,24.11,16.05,82.33,69.47,28.052,407.7,2,Critical,8.059999999999999,12.86,27.53958333333333,3.1033312804521014,-4.773000000000003,423.81666666666666,7,3,2
2025-04-10 08:00:00,Hive_01,29.08,19.36,77.75,63.92,27.801,40.0,8,Critical,9.719999999999999,13.829999999999998,27.67916666666667,3.0937242459769276,-4.780000000000005,359.6666666666667,8,3,2
2025-04-10 09:00:00,Hive_01,27.94,22.71,78.16,62.5,27.642,443.4,0,Critical,5.23,15.659999999999997,27.54125,2.9999758151200058,-4.751999999999999,357.8833333333334,9,3,2
2025-04-10 10:00:00,Hive_01,32.53,23.91,88.85,56.6,27.494,440.8,1,Critical,8.620000000000001,32.24999999999999,27.59916666666666,3.0846942159309227,-4.661999999999999,364.1666666666667,10,3,2
2025-04-10 11:00:00,Hive_01,25.89,25.38,76.0,57.14,27.318,401.9,0,Critical,0.5100000000000016,18.86,27.737083333333334,2.920136207613451,-4.693999999999999,356.1666666666667,11,3,2
2025-04-10 12:00:00,Hive_01,28.78,27.07,81.59,51.29,27.12,475.3,2,Critical,1.7100000000000009,30.300000000000004,27.930000000000003,2.824218245046358,-4.675999999999998,368.18333333333334,12,3,2
2025-04-10 13:00:00,Hive_01,28.25,27.46,76.24,56.9,26.941,485.9,0,Critical,0.7899999999999991,19.339999999999996,27.79375,2.7204664122169504,-4.619,381.2166666666667,13,3,2
2025-04-10 14:00:00,Hive_01,30.92,28.3,85.94,50.73,26.714,442.7,4,Critical,2.620000000000001,35.21,27.946249999999996,2.7909166524405777,-4.605,448.3333333333333,14,3,2
2025-04-10 15:00:00,Hive_01,25.89,28.45,85.15,48.82,26.531,40.0,2,Critical,-2.5599999999999987,36.330000000000005,27.84708333333333,2.8210335435126876,-4.5760000000000005,381.09999999999997,15,3,2
2025-04-10 16:00:00,Hive_01,27.0,27.38,74.18,53.53,26.368,448.1,3,Critical,-0.379999999999999,20.650000000000006,27.792083333333334,2.8242782520368106,-4.57,382.31666666666666,16,3,2
2025-04-10 17:00:00,Hive_01,28.63,27.78,74.69,54.23,26.146,392.4,2,Critical,0.8499999999999979,20.46,27.777916666666666,2.8189606150629225,-4.571999999999999,380.73333333333335,17,3,2
2025-04-10 18:00:00,Hive_01,31.98,24.05,81.12,56.97,25.986,463.9,3,Critical,7.93,24.150000000000006,28.115416666666665,2.8168776719696433,-4.555,378.8333333333333,18,3,2
2025-04-10 19:00:00,Hive_01,30.35,24.05,86.59,59.1,25.792,436.4,0,Critical,6.300000000000001,27.490000000000002,28.137083333333333,2.832595183045934,-4.636999999999997,370.5833333333333,19,3,2
2025-04-10 20:00:00,Hive_01,28.86,19.25,75.8,66.99,25.621,423.6,6,Critical,9.61,8.810000000000002,27.96291666666667,2.63998267314263,-4.602,367.40000000000003,20,3,2
2025-04-10 21:00:00,Hive_01,31.3,17.45,84.99,71.32,25.442,441.5,3,Critical,13.850000000000001,13.670000000000002,28.059583333333332,2.7201030657690786,-4.6080000000000005,434.31666666666666,21,3,2
2025-04-10 22:00:00,Hive_01,30.49,16.56,74.39,70.92,25.262,461.0,4,Critical,13.93,3.469999999999999,28.472916666666666,2.2446932184439015,-4.609999999999999,436.4666666666667,22,3,2
2025-04-10 23:00:00,Hive_01,32.35,12.32,75.0,75.86,25.096,40.0,5,Critical,20.03,-0.8599999999999994,28.609166666666667,2.378404501134108,-4.4830000000000005,377.73333333333335,23,3,2
2025-04-11 00:00:00,Hive_01,32.8,11.1,64.36,79.44,25.021,336.8,0,At Risk,21.699999999999996,-15.079999999999998,28.705,2.501078028440598,-4.420999999999999,356.55,0,4,1
2025-04-11 01:00:00,Hive_01,32.18,13.25,62.89,77.56,25.039,333.5,0,At Risk,18.93,-14.670000000000002,28.91541666666667,2.5741726896679533,-4.282999999999998,339.40000000000003,1,4,1
2025-04-11 02:00:00,Hive_01,31.92,13.65,67.44,80.51,25.018,324.5,0,At Risk,18.270000000000003,-13.070000000000007,29.215416666666666,2.481868123824955,-4.093,322.8833333333334,2,4,1
2025-04-11 03:00:00,Hive_01,32.9,12.91,68.59,78.62,24.958,352.2,0,At Risk,19.99,-10.030000000000001,29.391666666666666,2.5893219973185095,-3.9380000000000024,308.0,3,4,1
2025-04-11 04:00:00,Hive_01,31.54,12.28,69.02,79.31,24.928,307.2,0,At Risk,19.259999999999998,-10.290000000000006,29.52291666666667,2.6160382911150424,-3.8099999999999987,282.3666666666667,4,4,1
2025-04-11 05:00:00,Hive_01,31.64,14.48,63.18,71.84,24.854,356.3,0,At Risk,17.16,-8.660000000000004,29.773333333333337,2.5128048881275036,-3.6400000000000006,335.0833333333333,5,4,1
2025-04-11 06:00:00,Hive_01,33.08,14.7,70.71,73.36,24.798,348.4,16,At Risk,18.38,-2.6500000000000057,30.017083333333336,2.5389650050959345,-3.4520000000000017,337.01666666666665,6,4,1
2025-04-11 07:00:00,Hive_01,31.12,18.05,68.11,67.95,24.737,359.1,25,At Risk,13.07,0.1599999999999966,30.309166666666666,2.2120341153645326,-3.3150000000000013,341.2833333333333,7,4,1
2025-04-11 08:00:00,Hive_01,35.23,20.96,62.57,66.31,24.708,366.9,25,At Risk,14.269999999999996,-3.740000000000002,30.565416666666664,2.410745832935273,-3.093,348.34999999999997,8,4,1
2025-04-11 09:00:00,Hive_01,34.53,23.4,64.66,61.58,24.621,373.7,25,At Risk,11.130000000000003,3.0799999999999983,30.840000000000003,2.4732007074094695,-3.021000000000001,351.93333333333334,9,4,1
2025-04-11 10:00:00,Hive_01,32.04,25.17,67.23,55.57,24.643,340.6,33,At Risk,6.869999999999997,11.660000000000004,30.819583333333338,2.460633497728826,-2.850999999999999,357.5,10,4,1
2025-04-11 11:00:00,Hive_01,34.75,27.88,68.32,55.62,24.597,325.4,32,At Risk,6.870000000000001,12.699999999999996,31.18875,2.351087283161497,-2.721,352.34999999999997,11,4,1
2025-04-11 12:00:00,Hive_01,29.52,23.62,69.36,51.57,24.584,307.6,31,At Risk,5.899999999999999,17.79,31.219583333333333,2.322806546749732,-2.5360000000000014,345.55,12,4,1
2025-04-11 13:00:00,Hive_01,33.3,27.42,66.27,50.52,24.519,398.3,36,At Risk,5.8799999999999955,15.749999999999993,31.429999999999996,2.2702422778197495,-2.4220000000000006,352.0833333333333,13,4,1
2025-04-11 14:00:00,Hive_01,31.77,27.73,65.34,48.44,24.461,332.6,22,At Risk,4.039999999999999,16.900000000000006,31.46541666666667,2.2685697067740622,-2.253,346.3666666666666,14,4,1
2025-04-11 15:00:00,Hive_01,31.52,27.7,66.04,52.66,24.453,283.6,34,At Risk,3.8200000000000003,13.38000000000001,31.700000000000003,1.933282857911855,-2.0779999999999994,331.35,15,4,1
2025-04-11 16:00:00,Hive_01,33.84,26.66,70.76,53.55,24.419,333.6,24,At Risk,7.180000000000003,17.210000000000008,31.985,1.7004423976795673,-1.948999999999998,330.18333333333334,16,4,1
2025-04-11 17:00:00,Hive_01,31.0,24.59,61.37,55.08,24.396,322.3,31,At Risk,6.41,6.289999999999999,32.08375,1.5601666925991562,-1.75,329.6666666666667,17,4,1
2025-04-11 18:00:00,Hive_01,31.8,23.26,71.68,58.52,24.311,359.4,11,At Risk,8.54,13.160000000000004,32.07625,1.5611194770866417,-1.6750000000000007,338.3,18,4,1
2025-04-11 19:00:00,Hive_01,32.46,22.38,69.91,62.64,24.259,311.4,7,At Risk,10.080000000000002,7.269999999999996,32.16416666666667,1.518508755516358,-1.5330000000000013,323.81666666666666,19,4,1
2025-04-11 20:00:00,Hive_01,34.35,19.03,52.06,70.36,24.284,212.8,42,Healthy,15.32,-18.299999999999997,32.392916666666665,1.4086610329661295,-1.3369999999999997,303.84999999999997,20,4,0
2025-04-11 21:00:00,Hive_01,35.05,18.64,53.88,70.57,24.275,183.6,1,Healthy,16.409999999999997,-16.68999999999999,32.54916666666667,1.4879104597494994,-1.1670000000000016,287.18333333333334,21,4,0
2025-04-11 22:00:00,Hive_01,34.65,18.15,52.27,73.56,24.271,172.5,3,Healthy,16.5,-21.29,32.722500000000004,1.4798861589589662,-0.9909999999999997,260.3333333333333,22,4,0
2025-04-11 23:00:00,Hive_01,34.2,16.72,57.22,77.17,24.276,181.8,1,Healthy,17.480000000000004,-19.950000000000003,32.79958333333334,1.5075620375631325,-0.8200000000000003,236.91666666666666,23,4,0
2025-04-12 00:00:00,Hive_01,34.45,12.43,52.88,78.09,24.31,197.7,1,Healthy,22.020000000000003,-25.21,32.86833333333333,1.5447461214420288,-0.7110000000000021,209.96666666666667,0,5,0
2025-04-12 01:00:00,Hive_01,34.01,13.94,56.91,77.12,24.358,193.1,1,Healthy,20.07,-20.210000000000008,32.944583333333334,1.5544269996051556,-0.6810000000000009,190.25,1,5,0
2025-04-12 02:00:00,Hive_01,34.36,10.28,54.85,80.01,24.376,183.5,1,Healthy,24.08,-25.160000000000004,33.04625,1.5642634396723838,-0.6419999999999995,185.36666666666667,2,5,0
2025-04-12 03:00:00,Hive_01,34.47,9.57,55.34,78.78,24.391,213.6,0,Healthy,24.9,-23.439999999999998,33.11166666666667,1.5904898525342785,-0.5670000000000002,190.36666666666667,3,5,0
2025-04-12 04:00:00,Hive_01,33.89,10.84,55.27,79.05,24.377,223.6,2,Healthy,23.05,-23.779999999999994,33.209583333333335,1.5616002916926277,-0.5510000000000019,198.88333333333333,4,5,0
2025-04-12 05:00:00,Hive_01,34.18,14.01,53.69,78.06,24.362,187.0,2,Healthy,20.17,-24.370000000000005,33.315416666666664,1.5364696382536682,-0.4920000000000009,199.75,5,5,0
2025-04-12 06:00:00,Hive_01,33.95,16.74,54.74,74.42,24.35,196.9,73,Healthy,17.210000000000004,-19.68,33.35166666666667,1.5409304548442992,-0.44799999999999685,199.61666666666667,6,5,0
2025-04-12 07:00:00,Hive_01,35.09,18.37,56.69,70.68,24.351,180.9,60,Healthy,16.720000000000002,-13.990000000000009,33.51708333333334,1.5035826177519387,-0.38599999999999923,197.58333333333334,7,5,0
2025-04-12 08:00:00,Hive_01,34.57,19.15,55.4,61.95,24.396,194.6,72,Healthy,15.420000000000002,-6.550000000000004,33.489583333333336,1.4766868884996052,-0.3119999999999976,199.4333333333333,8,5,0
2025-04-12 09:00:00,Hive_01,34.46,21.07,53.24,62.86,24.406,205.9,80,Healthy,13.39,-9.619999999999997,33.48666666666667,1.474610240815796,-0.21499999999999986,198.15,9,5,0
2025-04-12 10:00:00,Hive_01,34.25,25.57,55.96,54.6,24.402,203.6,60,Healthy,8.68,1.3599999999999994,33.57875,1.449126611025612,-0.24099999999999966,194.8166666666667,10,5,0
2025-04-12 11:00:00,Hive_01,34.86,29.73,54.49,53.85,24.42,222.4,100,Healthy,5.129999999999999,0.6400000000000006,33.583333333333336,1.4531604736982102,-0.1769999999999996,200.7166666666667,11,5,0
2025-04-12 12:00:00,Hive_01,34.8,26.62,58.5,51.74,24.434,229.4,87,Healthy,8.179999999999996,6.759999999999998,33.803333333333335,1.186454955874339,-0.14999999999999858,206.13333333333333,12,5,0
2025-04-12 13:00:00,Hive_01,34.38,29.16,53.88,52.71,24.467,192.0,79,Healthy,5.220000000000002,1.1700000000000017,33.848333333333336,1.187015499941506,-0.0519999999999996,207.98333333333335,13,5,0
2025-04-12 14:00:00,Hive_01,34.76,26.97,55.77,48.93,24.491,206.3,78,Healthy,7.789999999999999,6.840000000000003,33.97291666666666,1.1140661098432934,0.030000000000001137,209.9333333333333,14,5,0
2025-04-12 15:00:00,Hive_01,34.68,28.77,55.67,52.88,24.486,203.2,70,Healthy,5.91,2.789999999999999,34.10458333333333,0.9915599443242503,0.03300000000000125,209.48333333333332,15,5,0
2025-04-12 16:00:00,Hive_01,34.01,26.89,54.71,48.73,24.485,201.6,68,Healthy,7.119999999999997,5.980000000000004,34.11166666666667,0.9901939496739608,0.06599999999999895,209.15,16,5,0
2025-04-12 17:00:00,Hive_01,34.36,25.7,54.67,55.61,24.524,200.0,58,Healthy,8.66,-0.9399999999999977,34.25166666666667,0.7360273309354388,0.1280000000000001,205.41666666666666,17,5,0
2025-04-12 18:00:00,Hive_01,34.29,24.12,53.5,57.18,24.519,213.1,43,Healthy,10.169999999999998,-3.6799999999999997,34.35541666666666,0.5188782144676642,0.2079999999999984,202.70000000000002,18,5,0
2025-04-12 19:00:00,Hive_01,34.42,21.84,55.95,62.52,24.498,198.0,40,Healthy,12.580000000000002,-6.57,34.43708333333333,0.3259698461201221,0.23900000000000077,203.70000000000002,19,5,0
2025-04-12 20:00:00,Hive_01,34.86,20.03,53.72,61.69,24.514,200.1,40,Healthy,14.829999999999998,-7.969999999999999,34.458333333333336,0.3364994562519148,0.23000000000000043,202.66666666666666,20,5,0
2025-04-12 21:00:00,Hive_01,34.31,21.21,55.28,66.3,24.502,211.7,2,Healthy,13.100000000000001,-11.019999999999996,34.4275,0.31301132081186606,0.2270000000000003,204.08333333333334,21,5,0
2025-04-12 22:00:00,Hive_01,34.91,16.84,53.27,72.97,24.514,188.9,2,Healthy,18.069999999999997,-19.699999999999996,34.43833333333333,0.3253047623470381,0.24299999999999855,201.96666666666667,22,5,0
2025-04-12 23:00:00,Hive_01,34.6,11.59,53.58,75.55,24.511,200.2,2,Healthy,23.01,-21.97,34.455,0.3228002478311687,0.23499999999999943,202.0,23,5,0
2025-04-13 00:00:00,Hive_01,34.84,11.52,54.59,76.27,24.506,210.9,1,Healthy,23.320000000000004,-21.679999999999993,34.471250000000005,0.3322166985304482,0.1960000000000015,201.63333333333333,0,6,0
2025-04-13 01:00:00,Hive_01,34.45,13.81,56.42,78.16,24.511,211.3,1,Healthy,20.64,-21.739999999999995,34.489583333333336,0.3174693297976647,0.1529999999999987,203.85,1,6,0
2025-04-13 02:00:00,Hive_01,34.1,14.97,55.78,83.14,24.505,202.9,2,Healthy,19.130000000000003,-27.36,34.47875,0.3263941668807422,0.12899999999999778,204.3166666666667,2,6,0
2025-04-13 03:00:00,Hive_01,34.56,10.69,54.57,81.61,24.506,202.1,2,Healthy,23.870000000000005,-27.04,34.4825,0.3268060187831671,0.11500000000000199,202.71666666666667,3,6,0
2025-04-13 04:00:00,Hive_01,34.51,12.88,52.84,72.33,24.512,178.9,0,Healthy,21.629999999999995,-19.489999999999995,34.50833333333333,0.30145540684933453,0.13500000000000156,201.04999999999998,4,6,0
2025-04-13 05:00:00,Hive_01,34.38,16.2,55.72,74.97,24.514,231.6,1,Healthy,18.180000000000003,-19.25,34.51666666666667,0.2946725030569144,0.15200000000000102,206.28333333333333,5,6,0
2025-04-13 06:00:00,Hive_01,34.98,16.55,53.89,74.44,24.516,219.1,58,Healthy,18.429999999999996,-20.549999999999997,34.559583333333336,0.28334153867035256,0.16599999999999682,207.65,6,6,0
2025-04-13 07:00:00,Hive_01,34.96,19.54,53.86,66.14,24.53,197.8,51,Healthy,15.420000000000002,-12.280000000000001,34.55416666666667,0.27384407919470605,0.17900000000000205,205.39999999999998,7,6,0
2025-04-13 08:00:00,Hive_01,34.54,17.88,52.71,61.51,24.517,196.7,43,Healthy,16.66,-8.799999999999997,34.55291666666667,0.2738371329132893,0.12099999999999866,204.36666666666667,8,6,0
2025-04-13 09:00:00,Hive_01,34.48,23.24,55.02,56.3,24.538,199.4,98,Healthy,11.239999999999998,-1.279999999999994,34.55375,0.2735723813288515,0.13200000000000145,203.91666666666666,9,6,0
2025-04-13 10:00:00,Hive_01,34.28,24.32,55.18,59.61,24.579,196.4,86,Healthy,9.96,-4.43,34.555,0.272189192514307,0.1769999999999996,206.83333333333334,10,6,0
2025-04-13 11:00:00,Hive_01,33.85,27.13,55.38,52.91,24.609,179.7,95,Healthy,6.720000000000002,2.470000000000006,34.51291666666666,0.29967343336793073,0.18900000000000006,198.1833333333333,11,6,0
2025-04-13 12:00:00,Hive_01,34.22,27.94,54.41,47.46,24.615,188.9,82,Healthy,6.279999999999998,6.949999999999996,34.48875,0.29890106695351115,0.18099999999999739,193.15,12,6,0
2025-04-13 13:00:00,Hive_01,34.29,30.23,54.94,50.3,24.636,200.8,86,Healthy,4.059999999999999,4.640000000000001,34.485,0.3008827591977807,0.16900000000000048,193.65,13,6,0
2025-04-13 14:00:00,Hive_01,34.32,27.02,55.51,48.68,24.626,205.9,98,Healthy,7.300000000000001,6.829999999999998,34.46666666666667,0.2967749354623874,0.13500000000000156,195.18333333333337,14,6,0
2025-04-13 15:00:00,Hive_01,34.11,28.22,57.37,49.77,24.613,212.7,84,Healthy,5.890000000000001,7.599999999999994,34.44291666666667,0.3017266134685988,0.1269999999999989,197.39999999999998,15,6,0
2025-04-13 16:00:00,Hive_01,33.95,26.57,55.5,51.48,24.635,183.7,68,Healthy,7.380000000000003,4.020000000000003,34.440416666666664,0.3056920753428249,0.15000000000000213,195.28333333333333,16,6,0
2025-04-13 17:00:00,Hive_01,34.5,25.71,52.56,55.56,24.634,203.4,68,Healthy,8.79,-3.0,34.44625,0.30542646592399747,0.10999999999999943,199.23333333333335,17,6,0
2025-04-13 18:00:00,Hive_01,33.93,23.07,54.15,61.88,24.643,197.0,37,Healthy,10.86,-7.730000000000004,34.43125,0.3218332338877561,0.12400000000000233,200.58333333333334,18,6,0
2025-04-13 19:00:00,Hive_01,34.51,22.74,55.5,61.86,24.644,175.7,32,Healthy,11.77,-6.359999999999999,34.435,0.3222205563839614,0.14599999999999724,196.4,19,6,0
2025-04-13 20:00:00,Hive_01,34.51,20.24,55.82,65.33,24.643,200.4,35,Healthy,14.27,-9.509999999999998,34.42041666666667,0.30983135899124686,0.12900000000000134,195.48333333333335,20,6,0
2025-04-13 21:00:00,Hive_01,34.21,17.8,56.25,66.4,24.68,217.6,2,Healthy,16.41,-10.150000000000006,34.41625,0.31204532140150154,0.17800000000000082,196.29999999999998,21,6,0
2025-04-13 22:00:00,Hive_01,34.97,14.2,55.93,72.49,24.686,209.4,0,Healthy,20.77,-16.559999999999995,34.418749999999996,0.31638326372469155,0.1720000000000006,200.58333333333334,22,6,0
2025-04-13 23:00:00,Hive_01,34.64,13.3,56.07,73.44,24.693,186.9,1,Healthy,21.34,-17.369999999999997,34.42041666666667,0.31748302476567597,0.18200000000000216,197.83333333333334,23,6,0
2025-04-14 00:00:00,Hive_01,34.6,12.34,53.86,76.4,24.672,179.8,0,Healthy,22.26,-22.540000000000006,34.41041666666666,0.3073092079245818,0.16600000000000037,194.96666666666667,0,0,0
2025-04-14 01:00:00,Hive_01,34.53,12.64,55.88,79.79,24.706,191.1,2,Healthy,21.89,-23.910000000000004,34.41375,0.30818984126791166,0.19500000000000028,197.53333333333333,1,0,0
2025-04-14 02:00:00,Hive_01,34.13,9.63,53.93,82.76,24.704,177.1,2,Healthy,24.5,-28.830000000000005,34.415,0.3069201850642457,0.19900000000000162,193.65,2,0,0
2025-04-14 03:00:00,Hive_01,34.04,12.59,57.98,79.11,24.725,239.5,1,Healthy,21.45,-21.130000000000003,34.39333333333333,0.3144998329529133,0.2190000000000012,197.29999999999998,3,0,0
2025-04-14 04:00:00,Hive_01,34.41,14.51,57.12,79.55,24.727,194.6,0,Healthy,19.9,-22.43,34.38916666666666,0.3135479530158896,0.21499999999999986,194.83333333333334,4,0,0
2025-04-14 05:00:00,Hive_01,34.33,14.96,53.46,72.96,24.729,206.7,2,Healthy,19.369999999999997,-19.499999999999993,34.38708333333333,0.3137775335800594,0.21499999999999986,198.13333333333333,5,0,0
2025-04-14 06:00:00,Hive_01,34.39,17.06,54.28,75.03,24.758,215.6,57,Healthy,17.330000000000002,-20.75,34.3625,0.28730002496990004,0.24200000000000088,204.1,6,0,0
2025-04-14 07:00:00,Hive_01,34.53,16.5,56.58,69.73,24.757,175.0,67,Healthy,18.03,-13.150000000000006,34.34458333333333,0.26058427939257683,0.2270000000000003,201.41666666666666,7,0,0
2025-04-14 08:00:00,Hive_01,34.19,16.16,53.46,63.54,24.752,218.3,78,Healthy,18.029999999999998,-10.079999999999998,34.330000000000005,0.2589611352406021,0.23499999999999943,208.2833333333333,8,0,0
2025-04-14 09:00:00,Hive_01,34.18,21.69,53.2,63.38,24.779,208.7,73,Healthy,12.489999999999998,-10.18,34.3175,0.25864614067648944,0.24099999999999966,203.14999999999998,9,0,0
2025-04-14 10:00:00,Hive_01,33.98,22.3,54.1,60.42,24.794,227.0,88,Healthy,11.679999999999996,-6.32,34.305,0.267630504532666,0.21499999999999986,208.54999999999998,10,0,0
2025-04-14 11:00:00,Hive_01,34.67,26.38,55.16,53.25,24.772,211.9,98,Healthy,8.290000000000003,1.9099999999999966,34.339166666666664,0.25922823025704955,0.1629999999999967,209.41666666666666,11,0,0
2025-04-14 12:00:00,Hive_01,34.21,28.13,51.54,52.08,24.785,216.2,99,Healthy,6.080000000000002,-0.5399999999999991,34.33875,0.25943605226967664,0.1700000000000017,209.51666666666668,12,0,0
2025-04-14 13:00:00,Hive_01,34.83,28.95,56.39,50.36,24.787,210.1,83,Healthy,5.879999999999999,6.030000000000001,34.361250000000005,0.27779117117447877,0.1509999999999998,215.36666666666667,13,0,0
2025-04-14 14:00:00,Hive_01,34.13,28.81,56.59,47.4,24.816,209.5,85,Healthy,5.320000000000004,9.190000000000005,34.35333333333333,0.28169775147893306,0.18999999999999773,213.9,14,0,0
2025-04-14 15:00:00,Hive_01,34.64,24.14,54.2,50.36,24.811,221.7,77,Healthy,10.5,3.8400000000000034,34.375416666666666,0.2825655624829873,0.1980000000000004,216.0666666666667,15,0,0
2025-04-14 16:00:00,Hive_01,34.2,27.61,55.29,53.56,24.848,227.3,70,Healthy,6.590000000000003,1.7299999999999969,34.38583333333333,0.2705536459968615,0.2129999999999974,216.11666666666667,16,0,0
2025-04-14 17:00:00,Hive_01,34.57,25.3,57.08,54.93,24.838,195.8,49,Healthy,9.27,2.1499999999999986,34.388749999999995,0.2722101569837048,0.20400000000000063,213.4333333333333,17,0,0
2025-04-14 18:00:00,Hive_01,34.74,22.48,54.03,58.25,24.863,216.7,69,Healthy,12.260000000000002,-4.219999999999999,34.4225,0.26291426937948714,0.21999999999999886,213.51666666666665,18,0,0
2025-04-14 19:00:00,Hive_01,34.2,22.18,53.35,59.84,24.898,177.3,51,Healthy,12.020000000000003,-6.490000000000002,34.40958333333334,0.2660251568138698,0.25400000000000134,208.04999999999998,19,0,0
2025-04-14 20:00:00,Hive_01,34.45,18.7,53.94,63.63,24.927,227.2,23,Healthy,15.750000000000004,-9.690000000000005,34.40708333333333,0.26532144846273953,0.2839999999999989,211.0,20,0,0
2025-04-14 21:00:00,Hive_01,34.66,17.28,54.77,68.56,24.965,217.2,0,Healthy,17.379999999999995,-13.79,34.42583333333334,0.26668523486054535,0.28500000000000014,210.25,21,0,0
2025-04-14 22:00:00,Hive_01,34.35,16.78,54.56,75.54,24.964,192.4,0,Healthy,17.57,-20.980000000000004,34.4,0.24041630560316468,0.2779999999999987,204.4333333333333,22,0,0
2025-04-14 23:00:00,Hive_01,34.95,12.35,54.08,75.76,24.961,225.5,0,Healthy,22.6,-21.680000000000007,34.41291666666667,0.26129242599801933,0.26799999999999713,209.38333333333333,23,0,0
2025-04-15 00:00:00,Hive_01,34.3,10.58,52.38,76.33,24.969,214.2,0,Healthy,23.72,-23.949999999999996,34.400416666666665,0.2591202367653356,0.2970000000000006,208.96666666666667,0,1,0
2025-04-15 01:00:00,Hive_01,34.47,12.4,55.28,80.28,24.983,187.8,3,Healthy,22.07,-25.0,34.39791666666667,0.2581030998357094,0.277000000000001,210.71666666666667,1,1,0
2025-04-15 02:00:00,Hive_01,34.8,13.87,52.64,82.38,25.011,209.8,0,Healthy,20.93,-29.739999999999995,34.42583333333334,0.2640309050858441,0.3069999999999986,207.8166666666667,2,1,0
2025-04-15 03:00:00,Hive_01,35.0,11.95,56.09,80.04,25.004,225.4,2,Healthy,23.05,-23.950000000000003,34.465833333333336,0.27550612187076673,0.2789999999999999,209.1833333333333,3,1,0
2025-04-15 04:00:00,Hive_01,34.01,12.69,54.84,77.34,25.024,194.2,2,Healthy,21.32,-22.5,34.44916666666667,0.2907100253524916,0.2970000000000006,209.48333333333335,4,1,0
2025-04-15 05:00:00,Hive_01,34.59,13.05,55.28,75.32,25.002,193.4,3,Healthy,21.540000000000003,-20.039999999999992,34.46,0.29092057783622066,0.2729999999999997,204.13333333333335,5,1,0
2025-04-15 06:00:00,Hive_01,34.47,15.26,57.35,72.53,25.037,212.1,40,Healthy,19.21,-15.18,34.46333333333333,0.290541722913401,0.2789999999999999,203.78333333333333,6,1,0
2025-04-15 07:00:00,Hive_01,34.29,18.47,53.69,70.02,25.082,195.5,76,Healthy,15.82,-16.33,34.45333333333333,0.29227245577656297,0.3249999999999993,205.0666666666667,7,1,0
2025-04-15 08:00:00,Hive_01,34.64,21.5,52.9,65.82,25.096,221.3,76,Healthy,13.14,-12.919999999999995,34.47208333333333,0.28906113640469394,0.3440000000000012,206.98333333333335,8,1,0
2025-04-15 09:00:00,Hive_01,34.44,22.3,54.07,64.54,25.109,211.5,61,Healthy,12.139999999999997,-10.470000000000006,34.48291666666667,0.2824347430077119,0.33000000000000185,204.66666666666666,9,1,0
2025-04-15 10:00:00,Hive_01,34.42,24.43,56.66,59.12,25.132,232.1,77,Healthy,9.990000000000002,-2.460000000000001,34.50125,0.2619046042722211,0.33800000000000097,210.98333333333335,10,1,0
2025-04-15 11:00:00,Hive_01,34.02,26.9,51.95,52.36,25.152,202.8,83,Healthy,7.1200000000000045,-0.4099999999999966,34.47416666666667,0.27687568496962406,0.38000000000000256,212.54999999999998,11,1,0
2025-04-15 12:00:00,Hive_01,34.5,24.27,56.19,50.63,25.162,203.8,86,Healthy,10.23,5.559999999999995,34.486250000000005,0.2711138458123539,0.3769999999999989,211.16666666666666,12,1,0
2025-04-15 13:00:00,Hive_01,34.29,30.35,54.26,48.47,25.183,184.4,89,Healthy,3.9399999999999977,5.789999999999999,34.46375,0.26365017171119415,0.3960000000000008,209.31666666666663,13,1,0
2025-04-15 14:00:00,Hive_01,34.6,28.25,53.49,48.61,25.171,201.5,68,Healthy,6.350000000000001,4.880000000000003,34.483333333333334,0.25509873053134047,0.3550000000000004,206.01666666666665,14,1,0
2025-04-15 15:00:00,Hive_01,34.81,24.51,54.3,51.58,25.167,215.1,66,Healthy,10.3,2.719999999999999,34.49041666666667,0.2619073710576938,0.35600000000000165,206.61666666666667,15,1,0
2025-04-15 16:00:00,Hive_01,34.5,24.88,56.6,53.42,25.134,179.0,70,Healthy,9.620000000000001,3.1799999999999997,34.502916666666664,0.25449829873268054,0.28600000000000136,197.76666666666668,16,1,0
2025-04-15 17:00:00,Hive_01,34.55,26.28,55.25,56.09,25.137,223.9,49,Healthy,8.269999999999996,-0.8400000000000034,34.50208333333334,0.25430175787404385,0.2989999999999995,201.28333333333333,17,1,0
2025-04-15 18:00:00,Hive_01,34.66,24.54,53.44,55.52,25.161,201.7,67,Healthy,10.119999999999997,-2.0800000000000054,34.49875,0.25155710735482684,0.2980000000000018,200.9333333333333,18,1,0
2025-04-15 19:00:00,Hive_01,34.27,21.65,54.57,61.97,25.174,177.1,25,Healthy,12.620000000000005,-7.399999999999999,34.501666666666665,0.24832774042890274,0.2759999999999998,199.71666666666667,19,1,0
2025-04-15 20:00:00,Hive_01,34.32,20.9,53.89,64.71,25.17,201.7,34,Healthy,13.420000000000002,-10.819999999999993,34.49625,0.25090813319660776,0.2430000000000021,199.75,20,1,0
2025-04-15 21:00:00,Hive_01,34.9,14.79,51.5,71.71,25.201,215.8,2,Healthy,20.11,-20.209999999999994,34.50625,0.26224469986741905,0.23600000000000065,199.86666666666667,21,1,0
2025-04-15 22:00:00,Hive_01,34.43,14.05,55.82,74.53,25.256,203.8,1,Healthy,20.38,-18.71,34.50958333333333,0.2606760302626224,0.2920000000000016,204.0,22,1,0
2025-04-15 23:00:00,Hive_01,34.63,13.84,53.79,74.03,25.256,180.7,1,Healthy,20.790000000000003,-20.240000000000002,34.496249999999996,0.24487463518376215,0.2950000000000017,196.79999999999998,23,1,0
2025-04-16 00:00:00,Hive_01,34.58,13.34,54.93,72.62,25.251,230.4,2,Healthy,21.24,-17.690000000000005,34.50791666666667,0.24176846931202564,0.28200000000000003,201.58333333333334,0,2,0
2025-04-16 01:00:00,Hive_01,34.87,10.63,55.2,81.17,25.268,205.1,0,Healthy,24.239999999999995,-25.97,34.52458333333333,0.25258626019725106,0.28500000000000014,206.25,1,2,0
2025-04-16 02:00:00,Hive_01,34.93,11.72,55.5,79.52,25.272,198.6,3,Healthy,23.21,-24.019999999999996,34.529999999999994,0.2600334426649784,0.26099999999999923,205.73333333333335,2,2,0
2025-04-16 03:00:00,Hive_01,34.42,12.0,56.41,78.09,25.292,200.7,2,Healthy,22.42,-21.680000000000007,34.505833333333335,0.24068591596681504,0.28800000000000026,203.21666666666667,3,2,0
2025-04-16 04:00:00,Hive_01,34.3,12.23,54.56,77.6,25.329,183.8,1,Healthy,22.069999999999997,-23.039999999999992,34.517916666666665,0.22120183910411634,0.3049999999999997,199.88333333333333,4,2,0
2025-04-16 05:00:00,Hive_01,34.44,12.46,54.07,72.66,25.374,195.8,3,Healthy,21.979999999999997,-18.589999999999996,34.51166666666666,0.2211956966844972,0.3719999999999999,202.4,5,2,0
2025-04-16 06:00:00,Hive_01,35.13,17.45,55.4,72.08,25.415,220.9,54,Healthy,17.680000000000003,-16.68,34.53916666666667,0.25433488137475213,0.3780000000000001,200.8166666666667,6,2,0
2025-04-16 07:00:00,Hive_01,34.16,19.06,55.09,70.13,25.446,222.9,53,Healthy,15.099999999999998,-15.039999999999992,34.533750000000005,0.26116482385122924,0.36400000000000077,203.78333333333333,7,2,0
2025-04-16 08:00:00,Hive_01,34.46,20.79,55.53,65.3,25.46,208.1,84,Healthy,13.670000000000002,-9.769999999999996,34.526250000000005,0.2605648129333353,0.36400000000000077,205.36666666666667,8,2,0
2025-04-16 09:00:00,Hive_01,35.06,23.25,56.66,61.74,25.469,181.7,68,Healthy,11.810000000000002,-5.080000000000005,34.552083333333336,0.281532748371564,0.35999999999999943,202.20000000000002,9,2,0
2025-04-16 10:00:00,Hive_01,34.2,25.4,53.86,56.24,25.465,212.8,83,Healthy,8.800000000000004,-2.3800000000000026,34.54291666666667,0.28948949318847006,0.3329999999999984,207.03333333333333,10,2,0
2025-04-16 11:00:00,Hive_01,34.57,23.6,54.28,54.46,25.498,193.7,99,Healthy,10.969999999999999,-0.17999999999999972,34.56583333333333,0.26720642836983916,0.3460000000000001,206.68333333333337,11,2,0
2025-04-16 12:00:00,Hive_01,34.17,27.82,55.15,53.86,25.507,178.7,101,Healthy,6.350000000000001,1.2899999999999991,34.552083333333336,0.2789729481454263,0.3450000000000024,199.65,12,2,0
2025-04-16 13:00:00,Hive_01,34.2,26.5,56.05,49.29,25.486,209.3,99,Healthy,7.700000000000003,6.759999999999998,34.54833333333333,0.2832216318600558,0.3030000000000008,197.38333333333333,13,2,0
2025-04-16 14:00:00,Hive_01,34.73,28.81,53.58,51.43,25.525,193.1,83,Healthy,5.919999999999998,2.1499999999999986,34.55375,0.2854868077357572,0.3539999999999992,194.88333333333333,14,2,0
2025-04-16 15:00:00,Hive_01,34.34,27.23,55.1,51.49,25.51,217.5,84,Healthy,7.110000000000003,3.6099999999999994,34.53416666666667,0.2832561702255864,0.34299999999999997,200.85,15,2,0
2025-04-16 16:00:00,Hive_01,34.69,26.49,53.94,51.07,25.523,217.4,61,Healthy,8.2,2.8699999999999974,34.54208333333333,0.2849100417393332,0.38899999999999935,201.61666666666667,16,2,0
2025-04-16 17:00:00,Hive_01,34.47,26.21,54.24,55.02,25.557,191.0,42,Healthy,8.259999999999998,-0.7800000000000011,34.53875,0.28528113517512455,0.41999999999999815,201.16666666666666,17,2,0
2025-04-16 18:00:00,Hive_01,34.71,24.96,57.0,55.1,25.58,216.1,70,Healthy,9.75,1.8999999999999986,34.54083333333333,0.28638552104901793,0.41899999999999693,207.39999999999998,18,2,0
2025-04-16 19:00:00,Hive_01,34.99,23.52,57.63,61.78,25.625,192.6,26,Healthy,11.470000000000002,-4.149999999999999,34.57083333333333,0.29438095204578363,0.4510000000000005,204.61666666666667,19,2,0
2025-04-16 20:00:00,Hive_01,34.55,19.17,54.69,66.41,25.646,177.9,31,Healthy,15.379999999999995,-11.719999999999999,34.580416666666665,0.2895645781641468,0.4759999999999991,202.08333333333334,20,2,0
2025-04-16 21:00:00,Hive_01,34.71,19.61,57.4,69.98,25.655,190.2,3,Healthy,15.100000000000001,-12.580000000000005,34.5725,0.2829695021204234,0.4540000000000006,197.53333333333333,21,2,0
2025-04-16 22:00:00,Hive_01,34.45,17.76,55.0,73.62,25.639,216.7,3,Healthy,16.69,-18.620000000000005,34.57333333333333,0.28256075401582265,0.3829999999999991,197.41666666666666,22,2,0
2025-04-16 23:00:00,Hive_01,34.62,12.38,53.47,77.34,25.625,205.6,1,Healthy,22.239999999999995,-23.870000000000005,34.572916666666664,0.2824809215050427,0.3689999999999998,199.85,23,2,0
2025-04-17 00:00:00,Hive_01,34.64,15.8,55.78,79.9,25.662,212.7,2,Healthy,18.84,-24.120000000000005,34.57541666666666,0.2828116467475779,0.4109999999999978,199.28333333333333,0,3,0
2025-04-17 01:00:00,Hive_01,34.17,10.8,54.53,85.61,25.639,208.1,2,Healthy,23.37,-31.08,34.54625,0.2871723085230519,0.37099999999999866,201.86666666666667,1,3,0
2025-04-17 02:00:00,Hive_01,34.83,13.15,53.79,76.52,25.646,214.0,2,Healthy,21.68,-22.729999999999997,34.54208333333333,0.2820419205142867,0.37400000000000233,207.88333333333333,2,3,0
2025-04-17 03:00:00,Hive_01,34.63,12.77,54.49,81.09,25.653,203.2,1,Healthy,21.860000000000003,-26.6,34.55083333333333,0.28134640054797005,0.3609999999999971,210.04999999999995,3,3,0
2025-04-17 04:00:00,Hive_01,34.52,14.57,56.79,78.57,25.66,197.3,1,Healthy,19.950000000000003,-21.779999999999994,34.56,0.2763583055443172,0.3309999999999995,206.8166666666667,4,3,0
2025-04-17 05:00:00,Hive_01,34.3,14.86,54.73,76.22,25.657,189.4,0,Healthy,19.439999999999998,-21.490000000000002,34.55416666666667,0.2804486571107289,0.28300000000000125,204.11666666666665,5,3,0
2025-04-17 06:00:00,Hive_01,34.36,15.65,54.08,69.1,25.688,184.8,42,Healthy,18.71,-15.019999999999996,34.522083333333335,0.2545580853959148,0.2729999999999997,199.46666666666667,6,3,0
2025-04-17 07:00:00,Hive_01,34.91,17.36,53.29,67.72,25.69,205.0,69,Healthy,17.549999999999997,-14.43,34.553333333333335,0.2542109132308166,0.24399999999999977,198.95000000000002,7,3,0
2025-04-17 08:00:00,Hive_01,34.45,19.43,57.03,61.16,25.706,203.5,59,Healthy,15.020000000000003,-4.1299999999999955,34.55291666666667,0.25437868325117646,0.24599999999999866,197.20000000000002,8,3,0
2025-04-17 09:00:00,Hive_01,34.07,20.32,56.17,61.15,25.699,199.6,59,Healthy,13.75,-4.979999999999997,34.51166666666666,0.24878254284222534,0.23000000000000043,196.6,9,3,0
2025-04-17 10:00:00,Hive_01,33.8,23.41,55.81,55.13,25.742,216.9,91,Healthy,10.389999999999997,0.6799999999999997,34.495,0.2817800560718557,0.277000000000001,199.86666666666667,10,3,0
2025-04-17 11:00:00,Hive_01,34.87,25.04,55.21,56.01,25.728,192.5,105,Healthy,9.829999999999998,-0.7999999999999972,34.5075,0.2917302208188014,0.23000000000000043,200.38333333333333,11,3,0
2025-04-17 12:00:00,Hive_01,34.06,26.82,54.36,45.36,25.759,195.9,100,Healthy,7.240000000000002,9.0,34.502916666666664,0.2980586339551651,0.2519999999999989,202.23333333333335,12,3,0
2025-04-17 13:00:00,Hive_01,34.35,26.94,55.52,46.58,25.774,181.2,85,Healthy,7.41,8.940000000000005,34.509166666666665,0.29295965988288647,0.28800000000000026,198.26666666666665,13,3,0
2025-04-17 14:00:00,Hive_01,34.7,32.03,51.85,47.53,25.801,186.6,88,Healthy,2.6700000000000017,4.32,34.50791666666667,0.2920389963038756,0.2759999999999998,195.45000000000002,14,3,0
2025-04-17 15:00:00,Hive_01,34.23,25.79,53.93,51.09,25.82,193.5,82,Healthy,8.439999999999998,2.8399999999999963,34.50333333333333,0.29563000769396275,0.3099999999999987,194.4333333333333,15,3,0
2025-04-17 16:00:00,Hive_01,34.63,26.64,54.47,52.14,25.81,192.0,81,Healthy,7.990000000000002,2.3299999999999983,34.50083333333333,0.29423322111150985,0.28699999999999903,190.28333333333333,16,3,0
2025-04-17 17:00:00,Hive_01,34.62,25.83,55.7,52.7,25.831,185.3,53,Healthy,8.79,3.0,34.507083333333334,0.29514151604376193,0.2740000000000009,189.08333333333334,17,3,0
2025-04-17 18:00:00,Hive_01,34.66,22.98,55.44,56.78,25.848,220.3,56,Healthy,11.679999999999996,-1.3400000000000034,34.505,0.29382041246731905,0.2680000000000007,193.14999999999998,18,3,0
2025-04-17 19:00:00,Hive_01,34.29,21.86,54.61,58.75,25.875,199.6,33,Healthy,12.43,-4.140000000000001,34.475833333333334,0.2778945165322659,0.25,196.21666666666667,19,3,0
2025-04-17 20:00:00,Hive_01,34.77,18.9,57.39,64.86,25.881,199.3,17,Healthy,15.870000000000005,-7.469999999999999,34.485,0.28400857304855665,0.23499999999999943,198.33333333333334,20,3,0
2025-04-17 21:00:00,Hive_01,34.85,20.84,54.45,66.08,25.879,183.3,4,Healthy,14.010000000000002,-11.629999999999995,34.490833333333335,0.29020107971288783,0.2240000000000002,196.63333333333333,21,3,0
2025-04-17 22:00:00,Hive_01,34.77,16.33,54.02,72.54,25.889,200.8,1,Healthy,18.440000000000005,-18.520000000000003,34.50416666666667,0.29554543043182513,0.25,198.1,22,3,0
2025-04-17 23:00:00,Hive_01,34.03,16.14,54.55,75.17,25.904,186.6,1,Healthy,17.89,-20.620000000000005,34.47958333333333,0.3096909984042392,0.2789999999999999,198.3166666666667,23,3,0
2025-04-18 00:00:00,Hive_01,34.35,12.25,57.14,80.43,25.902,204.9,1,Healthy,22.1,-23.290000000000006,34.4675,0.30881611244268076,0.240000000000002,195.75,0,4,0
2025-04-18 01:00:00,Hive_01,34.72,13.4,55.17,77.25,25.899,197.5,3,Healthy,21.32,-22.08,34.49041666666667,0.30617527186451327,0.26000000000000156,195.4,1,4,0
2025-04-18 02:00:00,Hive_01,34.14,12.21,55.76,78.59,25.913,210.4,0,Healthy,21.93,-22.830000000000005,34.461666666666666,0.30529624482019513,0.26699999999999946,197.25,2,4,0
2025-04-18 03:00:00,Hive_01,34.6,10.51,55.8,81.78,25.903,185.3,2,Healthy,24.090000000000003,-25.980000000000004,34.46041666666667,0.3046377630342799,0.25,197.58333333333334,3,4,0
2025-04-18 04:00:00,Hive_01,34.12,14.63,54.84,75.81,25.897,187.7,0,Healthy,19.489999999999995,-20.97,34.44375,0.3120871185503866,0.23699999999999832,195.4,4,4,0
2025-04-18 05:00:00,Hive_01,34.17,13.64,55.45,73.3,25.906,207.3,0,Healthy,20.53,-17.849999999999994,34.43833333333333,0.3157966691270672,0.24899999999999878,198.85,5,4,0
2025-04-18 06:00:00,Hive_01,34.39,16.01,56.24,76.65,25.933,213.0,51,Healthy,18.38,-20.410000000000004,34.43958333333333,0.3155323888377598,0.245000000000001,200.20000000000002,6,4,0
2025-04-18 07:00:00,Hive_01,34.69,18.78,53.32,70.28,25.908,176.7,57,Healthy,15.909999999999997,-16.96,34.430416666666666,0.30426646169108473,0.21799999999999997,196.73333333333335,7,4,0
2025-04-18 08:00:00,Hive_01,34.78,20.89,54.25,62.79,25.909,187.5,51,Healthy,13.89,-8.54,34.44416666666667,0.3125340561150891,0.2029999999999994,192.91666666666666,8,4,0
2025-04-18 09:00:00,Hive_01,34.48,22.41,52.22,64.54,25.934,175.6,66,Healthy,12.069999999999997,-12.320000000000007,34.46125,0.3022281387064253,0.23499999999999943,191.29999999999998,9,4,0
2025-04-18 10:00:00,Hive_01,34.2,23.64,54.58,57.75,25.959,212.8,97,Healthy,10.560000000000002,-3.1700000000000017,34.477916666666665,0.27387682357697674,0.21699999999999875,195.48333333333335,10,4,0
2025-04-18 11:00:00,Hive_01,34.43,28.52,56.29,56.01,25.978,207.6,90,Healthy,5.91,0.28000000000000114,34.459583333333335,0.2609094323398855,0.25,195.53333333333333,11,4,0
2025-04-18 12:00:00,Hive_01,34.47,25.56,55.22,49.95,25.974,206.4,110,Healthy,8.91,5.269999999999996,34.47666666666667,0.24664120510943038,0.21499999999999986,194.4333333333333,12,4,0
2025-04-18 13:00:00,Hive_01,34.48,25.11,55.68,51.68,25.976,197.8,89,Healthy,9.369999999999997,4.0,34.48208333333333,0.24516151138897607,0.20199999999999818,197.95000000000002,13,4,0
2025-04-18 14:00:00,Hive_01,34.43,27.55,52.88,46.96,25.999,172.0,94,Healthy,6.879999999999999,5.920000000000002,34.47083333333333,0.24088454146894198,0.1980000000000004,195.36666666666667,14,4,0
2025-04-18 15:00:00,Hive_01,33.85,28.37,54.51,51.38,26.032,192.2,67,Healthy,5.48,3.1299999999999955,34.455000000000005,0.2683281572997209,0.21199999999999974,198.13333333333333,15,4,0
2025-04-18 16:00:00,Hive_01,34.24,25.97,56.85,51.87,26.04,191.7,56,Healthy,8.270000000000003,4.980000000000004,34.438750000000006,0.26907753044646837,0.23000000000000043,194.61666666666667,16,4,0
2025-04-18 17:00:00,Hive_01,34.26,26.38,51.65,55.32,26.059,197.2,63,Healthy,7.879999999999999,-3.6700000000000017,34.423750000000005,0.2685680627842668,0.22800000000000153,192.88333333333333,17,4,0
2025-04-18 18:00:00,Hive_01,34.35,26.94,53.28,57.45,26.062,202.4,50,Healthy,7.41,-4.170000000000002,34.410833333333336,0.26412968926929203,0.2140000000000022,192.21666666666667,18,4,0
2025-04-18 19:00:00,Hive_01,34.46,24.66,53.94,62.12,26.078,186.4,41,Healthy,9.8,-8.18,34.41791666666666,0.2630255263963946,0.2029999999999994,190.3166666666667,19,4,0
2025-04-18 20:00:00,Hive_01,34.31,20.73,51.72,64.57,26.111,206.0,34,Healthy,13.580000000000002,-12.849999999999994,34.39875,0.2528156657911777,0.23000000000000043,195.98333333333335,20,4,0
2025-04-18 21:00:00,Hive_01,34.36,15.59,54.57,71.64,26.099,173.2,3,Healthy,18.77,-17.07,34.37833333333334,0.23386481912220694,0.21999999999999886,192.81666666666663,21,4,0
2025-04-18 22:00:00,Hive_01,34.3,17.93,54.43,72.17,26.102,182.0,1,Healthy,16.369999999999997,-17.740000000000002,34.35875,0.2188370944627996,0.21300000000000097,191.20000000000002,22,4,0
2025-04-18 23:00:00,Hive_01,34.5,14.57,52.64,77.64,26.119,196.2,3,Healthy,19.93,-25.0,34.37833333333334,0.20894489946961345,0.21499999999999986,191.0333333333333,23,4,0
2025-04-19 00:00:00,Hive_01,34.33,15.22,57.98,80.92,26.136,224.4,1,Healthy,19.11,-22.940000000000005,34.377500000000005,0.20910263758105135,0.2339999999999982,194.70000000000002,0,5,0
2025-04-19 01:00:00,Hive_01,34.55,11.82,56.88,80.04,26.142,217.5,2,Healthy,22.729999999999997,-23.160000000000004,34.370416666666664,0.19966230548543543,0.24299999999999855,199.88333333333333,1,5,0
2025-04-19 02:00:00,Hive_01,34.36,11.68,58.53,81.31,26.098,210.1,0,Healthy,22.68,-22.78,34.379583333333336,0.19358133144477535,0.18499999999999872,200.5666666666667,2,5,0
2025-04-19 03:00:00,Hive_01,34.95,11.93,53.96,79.32,26.135,182.3,3,Healthy,23.020000000000003,-25.359999999999992,34.39416666666667,0.22200502670869873,0.23200000000000287,202.08333333333334,3,5,0
2025-04-19 04:00:00,Hive_01,34.4,12.36,56.92,78.14,26.166,206.7,0,Healthy,22.04,-21.22,34.405833333333334,0.2141904204948354,0.2690000000000019,206.19999999999996,4,5,0
2025-04-19 05:00:00,Hive_01,33.83,13.27,56.89,73.55,26.17,194.9,3,Healthy,20.56,-16.659999999999997,34.391666666666666,0.24013884872410673,0.2640000000000029,205.98333333333335,5,5,0
2025-04-19 06:00:00,Hive_01,34.43,15.29,53.3,70.82,26.187,194.4,44,Healthy,19.14,-17.519999999999996,34.39333333333334,0.24026555356887208,0.25400000000000134,200.98333333333335,6,5,0
2025-04-19 07:00:00,Hive_01,34.53,17.04,54.22,68.67,26.19,198.8,58,Healthy,17.490000000000002,-14.450000000000003,34.38666666666666,0.23380903888973212,0.28200000000000003,197.86666666666667,7,5,0
2025-04-19 08:00:00,Hive_01,34.8,20.05,55.15,63.65,26.189,205.2,69,Healthy,14.749999999999996,-8.5,34.387499999999996,0.23530276518609206,0.28000000000000114,197.04999999999998,8,5,0
2025-04-19 09:00:00,Hive_01,34.19,19.47,56.4,61.8,26.195,211.7,71,Healthy,14.719999999999999,-5.399999999999999,34.375416666666666,0.23777920278114664,0.26099999999999923,201.95000000000002,9,5,0
2025-04-19 10:00:00,Hive_01,34.42,24.1,54.11,59.92,26.218,209.5,79,Healthy,10.32,-5.810000000000002,34.38458333333333,0.2349464169559808,0.25900000000000034,202.41666666666666,10,5,0
2025-04-19 11:00:00,Hive_01,34.7,22.68,53.84,53.17,26.227,190.1,69,Healthy,12.020000000000003,0.6700000000000017,34.395833333333336,0.2435233524495711,0.24899999999999878,201.61666666666667,11,5,0
2025-04-19 12:00:00,Hive_01,33.79,25.91,55.38,53.36,26.214,209.1,97,Healthy,7.879999999999999,2.020000000000003,34.3675,0.2723688356045386,0.23999999999999844,204.06666666666663,12,5,0
2025-04-19 13:00:00,Hive_01,34.26,27.47,52.98,50.17,26.258,187.0,104,Healthy,6.789999999999999,2.809999999999995,34.35833333333333,0.27211996501946856,0.28200000000000003,202.1,13,5,0
2025-04-19 14:00:00,Hive_01,34.16,26.71,55.79,51.05,26.261,195.3,90,Healthy,7.449999999999996,4.740000000000002,34.34708333333333,0.27459819130239427,0.26200000000000045,200.44999999999996,14,5,0
2025-04-19 15:00:00,Hive_01,34.73,27.02,53.28,47.65,26.282,214.6,74,Healthy,7.709999999999997,5.630000000000003,34.38375,0.2638809431804189,0.25,200.9333333333333,15,5,0
2025-04-19 16:00:00,Hive_01,34.29,28.7,57.1,52.97,26.269,194.3,67,Healthy,5.59,4.130000000000003,34.38583333333333,0.26289221905650584,0.2289999999999992,198.4,16,5,0
2025-04-19 17:00:00,Hive_01,34.82,26.56,55.34,56.62,26.273,172.6,47,Healthy,8.260000000000002,-1.279999999999994,34.409166666666664,0.27577427232291474,0.21399999999999864,195.48333333333335,17,5,0
2025-04-19 18:00:00,Hive_01,34.26,26.65,56.72,53.83,26.287,213.9,55,Healthy,7.609999999999999,2.8900000000000006,34.40541666666666,0.2772219196843831,0.22499999999999787,196.28333333333333,18,5,0
2025-04-19 19:00:00,Hive_01,34.7,24.27,53.91,61.71,26.309,194.1,35,Healthy,10.430000000000003,-7.800000000000004,34.415416666666665,0.2835332840924955,0.23100000000000165,197.4666666666667,19,5,0
2025-04-19 20:00:00,Hive_01,35.01,21.34,57.43,66.8,26.337,174.2,48,Healthy,13.669999999999998,-9.369999999999997,34.444583333333334,0.30723138379448056,0.2259999999999991,193.95000000000002,20,5,0
2025-04-19 21:00:00,Hive_01,34.72,19.31,53.44,67.35,26.36,180.3,1,Healthy,15.41,-13.909999999999997,34.459583333333335,0.3116781947799887,0.26099999999999923,188.23333333333335,21,5,0
2025-04-19 22:00:00,Hive_01,34.6,17.06,54.57,74.65,26.327,196.9,2,Healthy,17.540000000000003,-20.080000000000005,34.47208333333333,0.31101487685165435,0.22500000000000142,188.66666666666666,22,5,0
2025-04-19 23:00:00,Hive_01,34.44,13.87,54.52,75.56,26.339,195.9,3,Healthy,20.57,-21.04,34.46958333333333,0.31102186651284996,0.21999999999999886,192.54999999999998,23,5,0
2025-04-20 00:00:00,Hive_01,34.24,9.76,55.33,76.9,26.35,224.3,3,Healthy,24.480000000000004,-21.570000000000007,34.46583333333333,0.31331213310927725,0.2140000000000022,194.28333333333333,0,6,0
2025-04-20 01:00:00,Hive_01,34.56,11.11,53.8,79.49,26.373,196.4,0,Healthy,23.450000000000003,-25.689999999999998,34.466249999999995,0.31343555609718116,0.23100000000000165,194.66666666666666,1,6,0
2025-04-20 02:00:00,Hive_01,34.81,11.58,57.85,78.0,26.388,201.7,2,Healthy,23.230000000000004,-20.15,34.485,0.3201901608892657,0.2900000000000027,199.25,2,6,0
2025-04-20 03:00:00,Hive_01,34.47,14.05,55.38,81.81,26.411,182.9,3,Healthy,20.419999999999998,-26.43,34.465,0.3044881664008035,0.2759999999999998,199.6833333333333,3,6,0
2025-04-20 04:00:00,Hive_01,34.13,15.67,52.04,80.32,26.435,188.6,2,Healthy,18.46,-28.279999999999994,34.45375,0.31189201726662874,0.26899999999999835,198.29999999999998,4,6,0
2025-04-20 05:00:00,Hive_01,34.39,16.65,55.42,74.29,26.419,188.6,2,Healthy,17.740000000000002,-18.870000000000005,34.47708333333333,0.2827885854447297,0.24899999999999878,197.08333333333334,5,6,0
2025-04-20 06:00:00,Hive_01,35.33,15.55,55.15,73.72,26.412,221.3,34,Healthy,19.779999999999998,-18.57,34.51458333333333,0.3317146385813094,0.22499999999999787,196.58333333333334,6,6,0
2025-04-20 07:00:00,Hive_01,34.42,15.85,54.07,67.69,26.422,204.1,71,Healthy,18.57,-13.619999999999997,34.51,0.3322518688400116,0.23199999999999932,197.86666666666667,7,6,0
2025-04-20 08:00:00,Hive_01,34.8,20.14,53.77,63.88,26.399,218.1,81,Healthy,14.659999999999997,-10.11,34.51,0.3322518688400116,0.21000000000000085,200.6,8,6,0
2025-04-20 09:00:00,Hive_01,34.22,20.88,55.49,60.32,26.444,210.5,88,Healthy,13.34,-4.829999999999998,34.51125,0.33104987802291114,0.24899999999999878,205.20000000000002,9,6,0
2025-04-20 10:00:00,Hive_01,34.83,25.23,56.12,57.5,26.483,193.1,67,Healthy,9.599999999999998,-1.3800000000000026,34.528333333333336,0.3366673841287312,0.26500000000000057,205.95000000000002,10,6,0
2025-04-20 11:00:00,Hive_01,34.41,27.22,54.64,55.09,26.544,190.4,80,Healthy,7.189999999999998,-0.45000000000000284,34.51625,0.33544017155896083,0.31700000000000017,206.25,11,6,0
2025-04-20 12:00:00,Hive_01,35.18,27.06,55.99,54.37,26.528,229.6,89,Healthy,8.120000000000001,1.6200000000000045,34.57416666666666,0.32441139564298727,0.31400000000000006,207.63333333333333,12,6,0
2025-04-20 13:00:00,Hive_01,34.75,26.47,55.36,48.35,26.545,219.3,80,Healthy,8.280000000000001,7.009999999999998,34.59458333333333,0.31915621317097304,0.2870000000000026,210.16666666666666,13,6,0
2025-04-20 14:00:00,Hive_01,35.15,30.05,55.9,48.96,26.537,169.6,92,Healthy,5.099999999999998,6.939999999999998,34.63583333333333,0.32447839971851494,0.2759999999999998,202.08333333333334,14,6,0
2025-04-20 15:00:00,Hive_01,34.73,27.17,56.52,50.2,26.571,182.4,92,Healthy,7.559999999999995,6.32,34.63583333333333,0.32447839971851494,0.2890000000000015,197.39999999999998,15,6,0
2025-04-20 16:00:00,Hive_01,34.15,26.06,55.33,47.5,26.562,198.7,73,Healthy,8.09,7.829999999999998,34.629999999999995,0.332134074551366,0.2930000000000028,198.33333333333334,16,6,0
2025-04-20 17:00:00,Hive_01,34.12,25.38,55.03,53.4,26.53,189.7,51,Healthy,8.739999999999998,1.6300000000000026,34.600833333333334,0.34520210421354636,0.25700000000000145,198.21666666666667,17,6,0
2025-04-20 18:00:00,Hive_01,34.79,23.64,57.38,57.07,26.518,229.9,42,Healthy,11.149999999999999,0.3100000000000023,34.62291666666667,0.33935333858035044,0.23100000000000165,198.26666666666665,18,6,0
2025-04-20 19:00:00,Hive_01,35.23,22.33,54.19,62.14,26.492,222.4,31,Healthy,12.899999999999999,-7.950000000000003,34.645,0.3611334812838273,0.18299999999999983,198.78333333333333,19,6,0
2025-04-20 20:00:00,Hive_01,34.39,19.46,53.74,62.76,26.516,201.2,23,Healthy,14.93,-9.019999999999996,34.619166666666665,0.35602780383178323,0.1789999999999985,204.04999999999998,20,6,0
2025-04-20 21:00:00,Hive_01,33.95,19.42,56.38,69.39,26.529,220.9,2,Healthy,14.530000000000001,-13.009999999999998,34.58708333333333,0.3804057235276476,0.16900000000000048,210.46666666666667,21,6,0
2025-04-20 22:00:00,Hive_01,34.74,14.81,53.84,72.09,26.53,196.7,0,Healthy,19.93,-18.25,34.59291666666667,0.38168367470468295,0.2029999999999994,210.13333333333333,22,6,0
2025-04-20 23:00:00,Hive_01,34.86,13.21,55.48,75.95,26.54,187.5,3,Healthy,21.65,-20.470000000000006,34.610416666666666,0.3839891208450718,0.2010000000000005,209.76666666666668,23,6,0
2025-04-21 00:00:00,Hive_01,34.77,13.72,55.84,76.58,26.533,198.5,1,Healthy,21.050000000000004,-20.739999999999995,34.6325,0.37693558439399094,0.18299999999999983,204.53333333333333,0,0,0
2025-04-21 01:00:00,Hive_01,34.56,16.22,55.71,80.55,26.571,198.7,1,Healthy,18.340000000000003,-24.839999999999996,34.6325,0.37693558439399094,0.1980000000000004,200.58333333333334,1,0,0
2025-04-21 02:00:00,Hive_01,34.18,13.27,53.1,79.65,26.611,202.0,1,Healthy,20.91,-26.550000000000004,34.606249999999996,0.3858678811963573,0.22299999999999898,200.71666666666667,2,0,0
2025-04-21 03:00:00,Hive_01,34.41,11.92,52.83,81.1,26.628,218.1,3,Healthy,22.489999999999995,-28.269999999999996,34.60375,0.3869817712815217,0.21699999999999875,200.25,3,0,0
2025-04-21 04:00:00,Hive_01,34.56,12.23,56.86,80.53,26.649,177.2,3,Healthy,22.330000000000002,-23.67,34.62166666666666,0.37382472836352704,0.2140000000000022,197.0,4,0,0
2025-04-21 05:00:00,Hive_01,34.1,14.42,55.76,76.76,26.681,229.0,3,Healthy,19.68,-21.000000000000007,34.60958333333333,0.3861231969051341,0.26200000000000045,203.91666666666666,5,0,0
2025-04-21 06:00:00,Hive_01,34.54,16.83,54.11,69.41,26.696,181.8,47,Healthy,17.71,-15.299999999999997,34.57666666666666,0.35440908157282147,0.2840000000000025,201.13333333333333,6,0,0
2025-04-21 07:00:00,Hive_01,34.34,17.15,54.8,67.79,26.712,162.5,36,Healthy,17.190000000000005,-12.990000000000009,34.57333333333333,0.35631772176025966,0.28999999999999915,195.1,7,0,0
2025-04-21 08:00:00,Hive_01,34.56,19.49,53.91,64.6,26.722,201.9,62,Healthy,15.070000000000004,-10.689999999999998,34.56333333333333,0.3530324121915933,0.3230000000000004,195.08333333333334,8,0,0
2025-04-21 09:00:00,Hive_01,34.66,23.59,55.1,61.47,26.774,208.9,73,Healthy,11.069999999999997,-6.369999999999997,34.58166666666667,0.3457778460810065,0.33000000000000185,193.54999999999998,9,0,0
2025-04-21 10:00:00,Hive_01,34.54,25.23,55.48,54.22,26.787,195.0,74,Healthy,9.309999999999999,1.259999999999998,34.569583333333334,0.34176624565118985,0.3039999999999985,196.51666666666668,10,0,0
2025-04-21 11:00:00,Hive_01,34.17,24.47,57.66,54.6,26.744,195.1,89,Healthy,9.700000000000003,3.059999999999995,34.55958333333333,0.3500494271515382,0.1999999999999993,190.86666666666667,11,0,0
2025-04-21 12:00:00,Hive_01,34.84,27.69,52.91,50.18,26.743,209.3,100,Healthy,7.150000000000002,2.729999999999997,34.54541666666667,0.3301643749598088,0.21499999999999986,195.45000000000002,12,0,0
2025-04-21 13:00:00,Hive_01,34.23,25.62,53.03,55.8,26.763,194.8,83,Healthy,8.609999999999996,-2.769999999999996,34.52375,0.3332033260962309,0.21799999999999997,200.83333333333334,13,0,0
2025-04-21 14:00:00,Hive_01,33.99,28.89,54.1,46.95,26.794,191.7,100,Healthy,5.100000000000001,7.149999999999999,34.47541666666667,0.3223686677871724,0.25700000000000145,199.13333333333333,14,0,0
2025-04-21 15:00:00,Hive_01,34.6,29.53,55.42,51.08,26.807,194.5,75,Healthy,5.07,4.340000000000003,34.470000000000006,0.31897935056492205,0.2359999999999971,196.73333333333335,15,0,0
2025-04-21 16:00:00,Hive_01,34.83,25.32,55.24,47.59,26.818,206.0,61,Healthy,9.509999999999998,7.649999999999999,34.498333333333335,0.31951956688604416,0.2560000000000002,198.5666666666667,16,0,0
2025-04-21 17:00:00,Hive_01,34.91,24.16,53.25,53.83,26.775,192.2,71,Healthy,10.749999999999996,-0.5799999999999983,34.53125,0.3195419615907132,0.24499999999999744,198.08333333333334,17,0,0
2025-04-21 18:00:00,Hive_01,34.58,21.4,58.85,55.14,26.758,179.0,53,Healthy,13.18,3.710000000000001,34.5225,0.3149913732425743,0.23999999999999844,193.03333333333333,18,0,0
2025-04-21 19:00:00,Hive_01,34.01,23.88,55.65,59.87,26.78,226.7,46,Healthy,10.129999999999999,-4.219999999999999,34.471666666666664,0.29356380932395354,0.28800000000000026,198.35,19,0,0
2025-04-21 20:00:00,Hive_01,35.23,21.24,54.4,64.48,26.778,227.1,15,Healthy,13.989999999999998,-10.080000000000005,34.50666666666667,0.3310807949028131,0.26200000000000045,204.25,20,0,0
2025-04-21 21:00:00,Hive_01,34.5,15.16,54.66,69.12,26.808,186.4,2,Healthy,19.34,-14.460000000000008,34.529583333333335,0.30918517269484896,0.2789999999999999,202.89999999999998,21,0,0
2025-04-21 22:00:00,Hive_01,34.48,15.46,56.28,70.72,26.86,208.7,0,Healthy,19.019999999999996,-14.439999999999998,34.518750000000004,0.3060308665873443,0.3299999999999983,203.35,22,0,0
2025-04-21 23:00:00,Hive_01,34.78,14.29,55.28,75.71,26.895,205.9,3,Healthy,20.490000000000002,-20.429999999999993,34.51541666666667,0.3025684136313473,0.3550000000000004,205.63333333333335,23,0,0
2025-04-22 00:00:00,Hive_01,34.75,12.41,54.14,78.28,26.889,190.6,1,Healthy,22.34,-24.14,34.514583333333334,0.30186347571521205,0.3559999999999981,207.5666666666667,0,1,0
2025-04-22 01:00:00,Hive_01,34.03,13.06,57.79,75.82,26.885,203.0,0,Healthy,20.97,-18.029999999999994,34.4925,0.31738400825421387,0.31400000000000006,203.61666666666667,1,1,0
2025-04-22 02:00:00,Hive_01,34.03,12.14,57.01,78.56,26.919,198.4,2,Healthy,21.89,-21.550000000000004,34.486250000000005,0.32518640139469845,0.30799999999999983,198.83333333333334,2,1,0
2025-04-22 03:00:00,Hive_01,34.64,15.13,55.3,81.0,26.942,194.5,1,Healthy,19.509999999999998,-25.700000000000003,34.49583333333333,0.32622900287788403,0.31400000000000006,200.1833333333333,3,1,0
2025-04-22 04:00:00,Hive_01,34.39,13.75,55.0,77.04,26.975,183.0,2,Healthy,20.64,-22.040000000000006,34.48875,0.3266205417005014,0.3260000000000005,195.9,4,1,0
2025-04-22 05:00:00,Hive_01,34.26,15.53,52.46,77.18,26.996,202.8,3,Healthy,18.729999999999997,-24.720000000000006,34.495416666666664,0.3199045940201866,0.3149999999999977,195.38333333333333,5,1,0
2025-04-22 06:00:00,Hive_01,34.82,14.95,54.86,74.02,27.014,205.7,41,Healthy,19.87,-19.159999999999997,34.507083333333334,0.3266360714744491,0.31799999999999784,197.9,6,1,0
2025-04-22 07:00:00,Hive_01,34.51,18.73,52.81,72.13,27.01,173.3,73,Healthy,15.779999999999998,-19.319999999999993,34.51416666666666,0.3246927198424609,0.2980000000000018,192.95000000000002,7,1,0
2025-04-22 08:00:00,Hive_01,34.07,21.15,53.75,64.0,27.008,201.6,70,Healthy,12.920000000000002,-10.25,34.49375,0.336862925289562,0.2859999999999978,193.48333333333335,8,1,0
2025-04-22 09:00:00,Hive_01,34.05,24.08,53.26,59.73,27.017,189.1,75,Healthy,9.969999999999999,-6.469999999999999,34.46833333333333,0.3466443694053656,0.24299999999999855,192.58333333333334,9,1,0
2025-04-22 10:00:00,Hive_01,34.32,23.32,54.43,59.48,27.042,191.5,88,Healthy,11.0,-5.049999999999997,34.45916666666667,0.3475744107588452,0.25500000000000256,194.0,10,1,0
2025-04-22 11:00:00,Hive_01,34.16,26.15,56.84,54.68,27.096,200.1,78,Healthy,8.009999999999998,2.1600000000000037,34.45875,0.3479419304372321,0.3520000000000003,193.54999999999998,11,1,0
2025-04-22 12:00:00,Hive_01,34.32,26.97,54.81,53.99,27.113,218.0,97,Healthy,7.350000000000001,0.8200000000000003,34.437083333333334,0.3392508263634384,0.370000000000001,195.6,12,1,0
2025-04-22 13:00:00,Hive_01,34.62,28.95,53.92,49.66,27.14,217.3,94,Healthy,5.669999999999998,4.260000000000005,34.45333333333333,0.3382392601418647,0.3769999999999989,202.9333333333333,13,1,0
2025-04-22 14:00:00,Hive_01,35.04,27.45,54.47,49.59,27.171,205.1,81,Healthy,7.59,4.8799999999999955,34.49708333333333,0.34356796893077884,0.3769999999999989,203.51666666666668,14,1,0
2025-04-22 15:00:00,Hive_01,34.53,25.71,57.71,50.93,27.163,234.4,82,Healthy,8.82,6.780000000000001,34.494166666666665,0.34295286362199323,0.35600000000000165,211.06666666666663,15,1,0
2025-04-01 00:00:00,Hive_02,34.82,13.64,56.31,80.43,44.226,191.4,2,Healthy,21.18,-24.120000000000005,34.82,0.0,0.0,191.4,0,1,0
2025-04-01 01:00:00,Hive_02,34.82,13.67,57.18,79.04,44.217,187.4,1,Healthy,21.15,-21.860000000000007,34.82,0.0,0.0,189.4,1,1,0
2025-04-01 02:00:00,Hive_02,34.91,12.46,55.64,78.95,44.228,178.5,0,Healthy,22.449999999999996,-23.310000000000002,34.85,0.05196152422706316,0.0,185.76666666666665,2,1,0
2025-04-01 03:00:00,Hive_02,34.8,12.69,54.76,75.22,44.303,234.6,1,Healthy,22.11,-20.46,34.8375,0.049244289008979085,0.0,197.975,3,1,0
2025-04-01 04:00:00,Hive_02,35.01,12.91,52.54,79.98,44.277,190.7,2,Healthy,22.099999999999998,-27.440000000000005,34.872,0.08814760348415487,0.0,196.52,4,1,0
2025-04-01 05:00:00,Hive_02,34.14,15.09,51.53,77.75,44.305,187.6,0,Healthy,19.05,-26.22,34.75,0.3090631003533092,0.0,195.03333333333333,5,1,0
2025-04-01 06:00:00,Hive_02,34.46,16.22,54.31,74.09,44.311,194.4,36,Healthy,18.240000000000002,-19.78,34.708571428571425,0.3026785187526289,0.0,195.53333333333333,6,1,0
2025-04-01 07:00:00,Hive_02,34.6,16.86,55.25,69.92,44.301,197.3,38,Healthy,17.740000000000002,-14.670000000000002,34.695,0.28284271247461873,0.0,197.1833333333333,7,1,0
2025-04-01 08:00:00,Hive_02,34.06,20.27,54.12,67.86,44.318,218.8,65,Healthy,13.790000000000003,-13.740000000000002,34.62444444444444,0.33882558607309626,0.0,203.89999999999998,8,1,0
2025-04-01 09:00:00,Hive_02,34.53,21.03,58.06,57.18,44.334,199.7,81,Healthy,13.5,0.8800000000000026,34.614999999999995,0.320840909001468,0.0,198.08333333333334,9,1,0
2025-04-01 10:00:00,Hive_02,34.75,23.98,55.34,55.87,44.344,185.4,97,Healthy,10.77,-0.529999999999994,34.627272727272725,0.30708601104872507,0.0,197.20000000000002,10,1,0
2025-04-01 11:00:00,Hive_02,34.8,26.65,54.25,53.29,44.338,188.6,70,Healthy,8.149999999999999,0.9600000000000009,34.641666666666666,0.29701035590556607,0.0,197.36666666666667,11,1,0
2025-04-01 12:00:00,Hive_02,34.13,27.64,51.89,48.35,44.347,197.7,86,Healthy,6.490000000000002,3.539999999999999,34.60230769230769,0.3178090056977041,0.0,197.91666666666666,12,1,0
2025-04-01 13:00:00,Hive_02,34.64,26.16,54.17,48.17,44.363,186.7,90,Healthy,8.48,6.0,34.605000000000004,0.3055071445721273,0.0,196.15,13,1,0
2025-04-01 14:00:00,Hive_02,34.38,29.95,55.39,51.17,44.368,200.1,81,Healthy,4.430000000000003,4.219999999999999,34.59,0.30007142007004983,0.0,193.0333333333333,14,1,0
2025-04-01 15:00:00,Hive_02,34.2,27.48,53.48,50.94,44.35,176.0,66,Healthy,6.720000000000002,2.539999999999999,34.565625,0.30585331451530634,0.0,189.08333333333334,15,1,0
2025-04-01 16:00:00,Hive_02,34.65,27.17,55.05,50.22,44.321,209.8,78,Healthy,7.479999999999997,4.829999999999998,34.57058823529412,0.2968474058383198,0.0,193.14999999999998,16,1,0
2025-04-01 17:00:00,Hive_02,34.24,24.17,55.15,55.23,44.306,173.1,56,Healthy,10.07,-0.0799999999999983,34.55222222222223,0.29833963187567175,0.0,190.5666666666667,17,1,0
2025-04-01 18:00:00,Hive_02,34.14,23.81,54.4,56.7,44.321,199.3,51,Healthy,10.330000000000002,-2.3000000000000043,34.53052631578947,0.3049676428047632,0.0,190.83333333333334,18,1,0
2025-04-01 19:00:00,Hive_02,34.15,21.07,55.73,63.46,44.355,207.2,37,Healthy,13.079999999999998,-7.730000000000004,34.5115,0.3087883792468455,0.0,194.25,19,1,0
2025-04-01 20:00:00,Hive_02,34.07,19.21,53.54,67.07,44.357,218.6,33,Healthy,14.86,-13.529999999999994,34.49047619047619,0.31601386346924837,0.0,197.33333333333334,20,1,0
2025-04-01 21:00:00,Hive_02,34.32,16.48,53.94,68.26,44.386,179.4,3,Healthy,17.84,-14.320000000000007,34.482727272727274,0.3105322898352148,0.0,197.9,21,1,0
2025-04-01 22:00:00,Hive_02,34.36,17.24,54.78,74.68,44.368,192.1,2,Healthy,17.12,-19.900000000000006,34.477391304347826,0.30446999242057304,0.0,194.95000000000002,22,1,0
2025-04-01 23:00:00,Hive_02,34.39,16.29,54.77,73.39,44.35,208.9,1,Healthy,18.1,-18.619999999999997,34.47375,0.29831137074044345,0.0,200.91666666666666,23,1,0
2025-04-02 00:00:00,Hive_02,34.26,12.78,54.99,77.09,44.355,194.4,1,Healthy,21.479999999999997,-22.1,34.45041666666666,0.2918826322590835,0.12899999999999778,200.1,0,2,0
2025-04-02 01:00:00,Hive_02,34.54,12.75,56.49,82.8,44.338,202.4,0,Healthy,21.79,-26.309999999999995,34.43875,0.2818928643235231,0.12100000000000222,199.29999999999998,1,2,0
2025-04-02 02:00:00,Hive_02,34.86,9.78,56.43,78.52,44.352,177.0,1,Healthy,25.08,-22.089999999999996,34.43666666666667,0.2784220547652586,0.12399999999999523,192.36666666666667,2,2,0
2025-04-02 03:00:00,Hive_02,33.95,12.73,53.66,79.84,44.361,208.0,0,Healthy,21.220000000000002,-26.180000000000007,34.40125,0.28419699995356545,0.05799999999999983,197.13333333333333,3,2,0
2025-04-02 04:00:00,Hive_02,34.75,12.83,56.04,78.28,44.383,188.0,0,Healthy,21.92,-22.240000000000002,34.39041666666667,0.264237692184542,0.10600000000000165,196.45000000000002,4,2,0
2025-04-02 05:00:00,Hive_02,34.92,13.75,56.07,77.61,44.401,205.7,1,Healthy,21.17,-21.54,34.422916666666666,0.2796189824785109,0.09600000000000364,195.91666666666666,5,2,0
2025-04-02 06:00:00,Hive_02,34.22,15.8,57.42,75.84,44.405,219.9,35,Healthy,18.419999999999998,-18.42,34.41291666666667,0.28251170297677836,0.0940000000000012,200.16666666666666,6,2,0
2025-04-02 07:00:00,Hive_02,34.08,18.81,55.33,67.41,44.435,187.3,45,Healthy,15.27,-12.079999999999998,34.39125000000001,0.2874371386854016,0.13400000000000034,197.65,7,2,0
2025-04-02 08:00:00,Hive_02,34.66,19.86,56.42,64.83,44.444,227.8,72,Healthy,14.799999999999997,-8.409999999999997,34.41625,0.2834387058959998,0.12600000000000477,206.11666666666667,8,2,0
2025-04-02 09:00:00,Hive_02,34.42,21.55,54.5,57.89,44.473,206.9,66,Healthy,12.870000000000001,-3.3900000000000006,34.41166666666667,0.28240683983998116,0.1389999999999958,205.9333333333333,9,2,0
2025-04-02 10:00:00,Hive_02,34.96,24.26,56.33,58.84,44.498,200.9,88,Healthy,10.7,-2.510000000000005,34.42041666666667,0.296258981396295,0.15399999999999636,208.08333333333334,10,2,0
2025-04-02 11:00:00,Hive_02,34.4,27.53,53.84,51.73,44.516,218.5,82,Healthy,6.869999999999997,2.1100000000000065,34.403749999999995,0.2850143017006549,0.17799999999999727,210.21666666666667,11,2,0
2025-04-02 12:00:00,Hive_02,34.77,23.34,55.81,51.19,44.535,195.8,77,Healthy,11.430000000000003,4.6200000000000045,34.430416666666666,0.28821005574386854,0.18799999999999528,206.20000000000002,12,2,0
2025-04-02 13:00:00,Hive_02,35.16,28.5,55.86,48.84,44.533,190.8,87,Healthy,6.659999999999997,7.019999999999996,34.452083333333334,0.3221932874731467,0.1700000000000017,206.7833333333334,13,2,0
2025-04-02 14:00:00,Hive_02,34.56,27.64,53.9,52.23,44.581,200.7,92,Healthy,6.920000000000002,1.6700000000000017,34.459583333333335,0.32253721277271064,0.21300000000000097,202.26666666666665,14,2,0
2025-04-02 15:00:00,Hive_02,34.59,26.82,52.17,51.24,44.631,219.4,74,Healthy,7.770000000000003,0.9299999999999997,34.475833333333334,0.31869184607332585,0.2809999999999988,204.35,15,2,0
2025-04-02 16:00:00,Hive_02,34.53,25.27,55.53,52.7,44.645,207.6,84,Healthy,9.260000000000002,2.8299999999999983,34.47083333333333,0.3167761061842834,0.3240000000000052,205.46666666666667,16,2,0
2025-04-02 17:00:00,Hive_02,34.91,26.51,57.46,52.29,44.718,183.1,62,Healthy,8.399999999999995,5.170000000000002,34.498749999999994,0.324965717255384,0.41200000000000614,199.5666666666667,17,2,0
2025-04-02 18:00:00,Hive_02,34.34,20.88,57.89,58.61,44.712,174.7,45,Healthy,13.460000000000004,-0.7199999999999989,34.507083333333334,0.3178525658590637,0.39100000000000534,196.04999999999998,18,2,0
2025-04-02 19:00:00,Hive_02,33.88,19.11,55.04,62.62,44.681,195.2,56,Healthy,14.770000000000003,-7.579999999999998,34.49583333333333,0.33533781366759685,0.3260000000000005,196.78333333333333,19,2,0
2025-04-02 20:00:00,Hive_02,34.49,20.54,55.03,63.27,44.7,179.5,35,Healthy,13.950000000000003,-8.240000000000002,34.513333333333335,0.3228765636622157,0.3430000000000035,193.25,20,2,0
2025-04-02 21:00:00,Hive_02,34.35,13.87,55.95,67.62,44.711,178.9,1,Healthy,20.480000000000004,-11.670000000000002,34.514583333333334,0.3221528015340451,0.32499999999999574,186.5,21,2,0
2025-04-02 22:00:00,Hive_02,34.33,16.3,54.28,72.34,44.735,192.2,1,Healthy,18.029999999999998,-18.060000000000002,34.51333333333333,0.3228361634107912,0.36699999999999733,183.9333333333333,22,2,0
2025-04-02 23:00:00,Hive_02,33.94,17.6,56.18,72.76,44.731,195.2,1,Healthy,16.339999999999996,-16.580000000000005,34.49458333333333,0.34276343936061876,0.3810000000000002,185.95000000000002,23,2,0
2025-04-03 00:00:00,Hive_02,34.74,12.68,56.29,81.19,44.713,182.7,0,Healthy,22.060000000000002,-24.9,34.514583333333334,0.3424842638932407,0.3580000000000041,187.2833333333333,0,3,0
2025-04-03 01:00:00,Hive_02,34.66,11.06,54.67,81.4,44.722,189.7,2,Healthy,23.599999999999994,-26.730000000000004,34.51958333333334,0.34374509219158217,0.38400000000000034,186.36666666666667,1,3,0
2025-04-03 02:00:00,Hive_02,34.59,13.15,56.4,76.77,44.724,210.5,4,Healthy,21.440000000000005,-20.369999999999997,34.50833333333333,0.33646069176272475,0.3719999999999999,191.53333333333333,2,3,0
2025-04-03 03:00:00,Hive_02,34.28,12.12,55.27,80.28,44.743,202.9,0,Healthy,22.160000000000004,-25.009999999999998,34.522083333333335,0.3189381726463875,0.382000000000005,195.5333333333333,3,3,0
2025-04-03 04:00:00,Hive_02,34.63,13.38,56.44,80.91,44.748,211.2,2,Healthy,21.25,-24.47,34.51708333333333,0.3161380981492924,0.3649999999999949,198.70000000000002,4,3,0
2025-04-03 05:00:00,Hive_02,34.2,12.92,54.05,76.24,44.762,204.5,0,Healthy,21.28,-22.189999999999998,34.48708333333334,0.31035014120333365,0.3609999999999971,200.25,5,3,0
2025-04-03 06:00:00,Hive_02,34.29,17.58,52.69,73.64,44.769,193.3,51,Healthy,16.71,-20.950000000000003,34.49,0.30805137911380087,0.3639999999999972,202.01666666666665,6,3,0
2025-04-03 07:00:00,Hive_02,34.38,17.38,54.54,64.87,44.792,189.5,77,Healthy,17.000000000000004,-10.330000000000005,34.5025,0.29656365252674155,0.3569999999999993,201.98333333333332,7,3,0
2025-04-03 08:00:00,Hive_02,34.43,17.13,56.29,67.62,44.804,217.1,66,Healthy,17.3,-11.330000000000005,34.492916666666666,0.2949646871519849,0.35999999999999943,203.08333333333334,8,3,0
2025-04-03 09:00:00,Hive_02,34.47,20.42,55.33,63.96,44.838,184.5,84,Healthy,14.049999999999997,-8.630000000000003,34.495,0.2946036394001741,0.365000000000002,200.01666666666665,9,3,0
2025-04-03 10:00:00,Hive_02,34.52,23.12,52.75,57.24,44.833,220.3,93,Healthy,11.400000000000002,-4.490000000000002,34.47666666666667,0.27760883751542875,0.33500000000000085,201.53333333333333,10,3,0
2025-04-03 11:00:00,Hive_02,34.41,25.56,57.03,54.88,44.839,203.5,100,Healthy,8.849999999999998,2.1499999999999986,34.47708333333333,0.2774962462208592,0.3230000000000004,201.36666666666667,11,3,0
2025-04-03 12:00:00,Hive_02,34.04,25.76,57.44,55.13,44.841,196.4,71,Healthy,8.279999999999998,2.309999999999995,34.446666666666665,0.2839269144579698,0.3060000000000045,201.88333333333333,12,3,0
2025-04-03 13:00:00,Hive_02,34.32,27.05,54.79,48.43,44.87,203.1,91,Healthy,7.27,6.359999999999999,34.41166666666667,0.24064526782701406,0.3369999999999962,204.15,13,3,0
2025-04-03 14:00:00,Hive_02,35.04,26.36,53.9,48.24,44.914,196.4,84,Healthy,8.68,5.659999999999997,34.431666666666665,0.2714801084340477,0.3329999999999984,200.70000000000002,14,3,0
2025-04-03 15:00:00,Hive_02,34.47,29.33,54.42,53.05,44.922,205.1,87,Healthy,5.140000000000001,1.3700000000000045,34.42666666666667,0.2695352952069886,0.2909999999999968,204.13333333333335,15,3,0
2025-04-03 16:00:00,Hive_02,34.99,26.93,55.57,53.25,44.939,177.2,43,Healthy,8.060000000000002,2.3200000000000003,34.44583333333333,0.2925735383836334,0.29399999999999693,196.95000000000002,16,3,0
2025-04-03 17:00:00,Hive_02,34.35,26.24,55.37,54.2,44.948,216.9,61,Healthy,8.110000000000003,1.1699999999999946,34.42250000000001,0.2757952927050434,0.22999999999999687,199.1833333333333,17,3,0
2025-04-03 18:00:00,Hive_02,34.43,22.88,55.79,59.48,44.948,190.3,50,Healthy,11.55,-3.6899999999999977,34.42625,0.2752360646869296,0.2359999999999971,198.16666666666666,18,3,0
2025-04-03 19:00:00,Hive_02,34.42,22.09,52.25,62.08,44.949,211.9,36,Healthy,12.330000000000002,-9.829999999999998,34.44875,0.2495093010377549,0.2680000000000007,199.63333333333333,19,3,0
2025-04-03 20:00:00,Hive_02,34.29,19.63,52.69,66.97,44.956,192.7,20,Healthy,14.66,-14.280000000000001,34.44041666666667,0.2514043887179924,0.2560000000000002,199.01666666666665,20,3,0
2025-04-03 21:00:00,Hive_02,34.5,17.67,55.46,69.87,45.002,194.9,2,Healthy,16.83,-14.410000000000004,34.446666666666665,0.25092293406657906,0.2910000000000039,197.3166666666667,21,3,0
2025-04-03 22:00:00,Hive_02,34.32,15.24,54.28,70.81,45.02,235.2,1,Healthy,19.08,-16.53,34.44625,0.25113330082370544,0.2850000000000037,206.98333333333332,22,3,0
2025-04-03 23:00:00,Hive_02,34.62,13.72,55.4,75.48,45.055,163.6,0,Healthy,20.9,-20.080000000000005,34.474583333333335,0.22891006714555395,0.32399999999999807,198.10000000000002,23,3,0
2025-04-04 00:00:00,Hive_02,34.03,12.33,50.49,80.18,45.077,203.7,0,Healthy,21.700000000000003,-29.690000000000005,34.445,0.23878314702748268,0.3639999999999972,200.33333333333334,0,4,0
2025-04-04 01:00:00,Hive_02,34.53,10.79,54.06,77.55,45.097,157.2,1,Healthy,23.740000000000002,-23.489999999999995,34.43958333333334,0.23514064554731098,0.375,191.21666666666667,1,4,0
2025-04-04 02:00:00,Hive_02,34.34,10.31,56.2,79.49,45.069,200.7,2,Healthy,24.03,-23.289999999999992,34.42916666666667,0.23372069296243358,0.34500000000000597,192.54999999999998,2,4,0
2025-04-04 03:00:00,Hive_02,34.6,15.06,52.29,78.53,45.032,212.7,1,Healthy,19.54,-26.240000000000002,34.4425,0.23396859692665312,0.2889999999999944,195.51666666666665,3,4,0
2025-04-04 04:00:00,Hive_02,34.66,14.84,57.8,75.24,45.05,204.1,2,Healthy,19.819999999999997,-17.439999999999998,34.44375,0.23509133285301964,0.3019999999999996,190.33333333333334,4,4,0
2025-04-04 05:00:00,Hive_02,34.32,11.99,55.76,78.32,45.029,182.3,3,Healthy,22.33,-22.559999999999995,34.44875,0.2309208880152251,0.267000000000003,193.45000000000002,5,4,0
2025-04-04 06:00:00,Hive_02,34.48,15.48,52.24,75.41,45.056,191.2,56,Healthy,18.999999999999996,-23.169999999999995,34.45666666666667,0.22848587943558085,0.28699999999999903,191.36666666666667,6,4,0
2025-04-04 07:00:00,Hive_02,34.55,17.97,58.29,65.8,45.076,199.1,71,Healthy,16.58,-7.509999999999998,34.46375,0.22864083282472664,0.2839999999999989,198.35,7,4,0
2025-04-04 08:00:00,Hive_02,34.17,20.32,55.35,65.42,45.107,187.5,84,Healthy,13.850000000000001,-10.07,34.45291666666667,0.23633946047943688,0.30299999999999727,196.15,8,4,0
2025-04-04 09:00:00,Hive_02,34.8,21.93,54.57,59.34,45.132,195.6,77,Healthy,12.869999999999997,-4.770000000000003,34.46666666666667,0.24674695129021698,0.29399999999999693,193.29999999999998,9,4,0
2025-04-04 10:00:00,Hive_02,33.9,24.74,53.32,58.08,45.161,198.0,79,Healthy,9.16,-4.759999999999998,34.44083333333333,0.272076023050251,0.32800000000000296,192.28333333333333,10,4,0
2025-04-04 11:00:00,Hive_02,33.89,23.62,54.85,52.23,45.159,185.5,87,Healthy,10.27,2.6200000000000045,34.41916666666666,0.29442525687185284,0.3200000000000003,192.81666666666663,11,4,0
2025-04-04 12:00:00,Hive_02,34.05,27.47,56.74,56.2,45.188,188.3,92,Healthy,6.579999999999998,0.5399999999999991,34.419583333333335,0.29387189114611784,0.3470000000000013,192.33333333333334,12,4,0
2025-04-04 13:00:00,Hive_02,34.95,27.04,55.91,50.88,45.208,193.5,73,Healthy,7.910000000000004,5.029999999999994,34.44583333333333,0.31215821889418377,0.33800000000000097,191.4,13,4,0
2025-04-04 14:00:00,Hive_02,34.04,27.69,53.42,52.41,45.221,185.2,76,Healthy,6.349999999999998,1.0100000000000051,34.40416666666667,0.2957072092851067,0.30699999999999505,191.01666666666665,14,4,0
2025-04-04 15:00:00,Hive_02,34.21,27.09,56.06,47.78,45.205,176.0,71,Healthy,7.120000000000001,8.280000000000001,34.39333333333333,0.2979446500488809,0.28300000000000125,187.75,15,4,0
2025-04-04 16:00:00,Hive_02,34.36,28.03,55.07,51.62,45.18,207.4,73,Healthy,6.329999999999998,3.450000000000003,34.36708333333333,0.2694838733041522,0.24099999999999966,189.3166666666667,16,4,0
2025-04-04 17:00:00,Hive_02,34.16,25.04,56.69,56.41,45.193,195.0,60,Healthy,9.119999999999997,0.28000000000000114,34.35916666666666,0.2727782451268536,0.24499999999999744,190.9,17,4,0
2025-04-04 18:00:00,Hive_02,34.18,23.84,53.86,59.94,45.224,191.1,59,Healthy,10.34,-6.079999999999998,34.34875,0.27472219169314965,0.27599999999999625,191.36666666666667,18,4,0
2025-04-04 19:00:00,Hive_02,34.7,24.62,53.27,60.31,45.249,203.0,44,Healthy,10.080000000000002,-7.039999999999999,34.36041666666667,0.28367892393346944,0.30000000000000426,192.95000000000002,19,4,0
2025-04-04 20:00:00,Hive_02,34.65,19.03,51.9,61.68,45.253,214.1,31,Healthy,15.619999999999997,-9.780000000000001,34.375416666666666,0.28925660590203556,0.29699999999999704,197.76666666666665,20,4,0
2025-04-04 21:00:00,Hive_02,34.3,20.85,55.04,70.93,45.262,176.3,1,Healthy,13.449999999999996,-15.890000000000008,34.36708333333333,0.2883910263131722,0.259999999999998,197.8166666666667,21,4,0
2025-04-04 22:00:00,Hive_02,34.51,15.16,54.63,68.43,45.238,206.1,2,Healthy,19.349999999999998,-13.800000000000004,34.375,0.2896474618806585,0.21799999999999642,197.6,22,4,0
2025-04-04 23:00:00,Hive_02,34.68,14.68,56.02,74.96,45.254,187.6,2,Healthy,20.0,-18.93999999999999,34.377500000000005,0.2921025728121425,0.19899999999999807,196.36666666666667,23,4,0
2025-04-05 00:00:00,Hive_02,35.13,14.87,54.21,76.8,45.265,189.9,2,Healthy,20.260000000000005,-22.589999999999996,34.42333333333334,0.32015847525149393,0.1880000000000024,196.16666666666666,0,5,0
2025-04-05 01:00:00,Hive_02,34.17,9.66,55.2,78.4,45.295,209.7,0,Healthy,24.51,-23.200000000000003,34.40833333333333,0.32336097297073035,0.1980000000000004,197.28333333333333,1,5,0
2025-04-05 02:00:00,Hive_02,34.27,15.06,55.24,80.59,45.308,190.0,2,Healthy,19.21,-25.35,34.40541666666667,0.3243184045598234,0.23899999999999721,193.26666666666668,2,5,0
2025-04-05 03:00:00,Hive_02,34.29,11.36,52.85,78.68,45.321,208.8,2,Healthy,22.93,-25.830000000000005,34.392500000000005,0.32239929334262246,0.2890000000000015,198.6833333333333,3,5,0
2025-04-05 04:00:00,Hive_02,31.36,14.3,70.52,78.64,45.312,307.5,0,At Risk,17.06,-8.120000000000005,34.254999999999995,0.6934914814059305,0.26200000000000045,215.58333333333334,4,5,1
2025-04-05 05:00:00,Hive_02,33.13,12.9,69.46,77.77,45.23,308.0,0,At Risk,20.230000000000004,-8.310000000000002,34.205416666666665,0.7302112807213622,0.2009999999999934,235.65,5,5,1
2025-04-05 06:00:00,Hive_02,33.02,16.52,67.65,72.25,45.191,343.5,24,At Risk,16.500000000000004,-4.599999999999994,34.14458333333334,0.7662669484140997,0.13500000000000512,261.25,6,5,1
2025-04-05 07:00:00,Hive_02,30.73,16.93,60.51,68.76,45.135,345.2,25,At Risk,13.8,-8.250000000000007,33.985416666666666,1.0298120519389924,0.0589999999999975,283.8333333333333,7,5,1
2025-04-05 08:00:00,Hive_02,29.34,17.08,72.11,64.3,45.118,361.4,32,At Risk,12.260000000000002,7.810000000000002,33.784166666666664,1.3982222149282215,0.011000000000002785,312.4,8,5,1
2025-04-05 09:00:00,Hive_02,32.42,20.72,65.47,58.85,45.065,317.9,21,At Risk,11.700000000000003,6.619999999999997,33.685,1.4074120560987484,-0.06700000000000017,330.5833333333333,9,5,1
2025-04-05 10:00:00,Hive_02,31.33,20.65,66.34,57.95,44.994,359.3,31,At Risk,10.68,8.39,33.57791666666667,1.485922284721448,-0.1670000000000016,339.21666666666664,10,5,1
2025-04-05 11:00:00,Hive_02,30.37,25.15,68.67,55.39,44.927,347.0,24,At Risk,5.220000000000002,13.280000000000001,33.43125,1.6213287961475615,-0.23199999999999932,345.7166666666667,11,5,1
2025-04-05 12:00:00,Hive_02,32.12,25.79,69.44,50.25,44.833,317.6,32,At Risk,6.329999999999998,19.189999999999998,33.350833333333334,1.6370915797778733,-0.355000000000004,341.40000000000003,12,5,1
2025-04-05 13:00:00,Hive_02,33.52,29.45,68.87,51.1,44.817,296.7,26,At Risk,4.070000000000004,17.770000000000003,33.29125,1.6020050276748663,-0.39099999999999824,333.31666666666666,13,5,1
2025-04-05 14:00:00,Hive_02,34.22,28.99,70.53,52.38,44.732,315.5,27,At Risk,5.23,18.15,33.29875,1.6060789749924944,-0.4889999999999972,325.6666666666667,14,5,1
2025-04-05 15:00:00,Hive_02,32.13,29.0,69.16,51.35,44.673,362.1,37,At Risk,3.1300000000000026,17.809999999999995,33.21208333333333,1.6108814199919412,-0.5319999999999965,333.03333333333336,15,5,1
2025-04-05 16:00:00,Hive_02,32.62,27.74,66.62,53.7,44.6,295.1,32,At Risk,4.879999999999999,12.920000000000002,33.139583333333334,1.596058948368309,-0.5799999999999983,322.3333333333333,16,5,1
2025-04-05 17:00:00,Hive_02,30.99,23.87,69.66,54.97,44.551,290.1,25,At Risk,7.119999999999997,14.689999999999998,33.0075,1.6385445556558544,-0.6419999999999959,312.85,17,5,1
2025-04-05 18:00:00,Hive_02,32.0,23.13,69.19,59.26,44.53,315.3,17,At Risk,8.870000000000001,9.93,32.916666666666664,1.6311283548957134,-0.6939999999999955,312.46666666666664,18,5,1
2025-04-05 19:00:00,Hive_02,31.03,23.36,71.23,64.47,44.545,300.1,11,At Risk,7.670000000000002,6.760000000000005,32.763749999999995,1.6287013031192872,-0.7040000000000006,313.03333333333336,19,5,1
2025-04-05 20:00:00,Hive_02,32.5,17.97,67.36,61.83,44.483,347.3,13,At Risk,14.530000000000001,5.530000000000001,32.674166666666665,1.5788050425301692,-0.7700000000000031,318.33333333333337,20,5,1
2025-04-05 21:00:00,Hive_02,30.58,18.92,71.17,68.74,44.451,306.6,0,At Risk,11.659999999999997,2.430000000000007,32.51916666666667,1.5947738470354484,-0.8109999999999999,309.0833333333333,21,5,1
2025-04-05 22:00:00,Hive_02,31.5,15.73,69.03,70.67,44.391,307.6,0,At Risk,15.77,-1.6400000000000006,32.393750000000004,1.549105807989776,-0.8470000000000013,311.1666666666667,22,5,1
2025-04-05 23:00:00,Hive_02,32.6,13.61,74.23,77.76,44.305,358.6,0,At Risk,18.990000000000002,-3.530000000000001,32.30708333333333,1.4718975601365933,-0.9489999999999981,322.5833333333333,23,5,1
2025-04-06 00:00:00,Hive_02,31.94,10.99,66.35,79.52,44.25,353.6,0,At Risk,20.950000000000003,-13.170000000000002,32.174166666666665,1.344408441646671,-1.0150000000000006,328.9666666666667,0,6,1
2025-04-06 01:00:00,Hive_02,32.89,13.02,66.09,77.73,44.194,322.4,0,At Risk,19.87,-11.64,32.12083333333333,1.2859066051238952,-1.100999999999999,332.68333333333334,1,6,1
2025-04-06 02:00:00,Hive_02,30.75,11.67,73.84,81.53,44.198,315.1,0,At Risk,19.08,-7.689999999999998,31.974166666666665,1.2296302613834573,-1.1099999999999994,327.31666666666666,2,6,1
2025-04-06 03:00:00,Hive_02,31.88,12.83,67.83,80.66,44.136,324.2,0,At Risk,19.049999999999997,-12.829999999999998,31.873749999999998,1.1263554636235324,-1.1849999999999952,330.25,3,6,1
2025-04-06 04:00:00,Hive_02,33.05,15.16,65.1,79.67,44.088,322.5,0,At Risk,17.889999999999997,-14.570000000000007,31.94416666666667,1.1455050781457818,-1.2239999999999966,332.73333333333335,4,6,1
2025-04-06 05:00:00,Hive_02,31.35,12.83,69.97,76.33,44.07,373.0,0,At Risk,18.520000000000003,-6.359999999999999,31.870000000000005,1.1227876798009688,-1.1599999999999966,335.1333333333334,5,6,1
2025-04-06 06:00:00,Hive_02,32.95,14.66,66.29,72.94,43.995,299.3,27,At Risk,18.290000000000003,-6.6499999999999915,31.86708333333333,1.11975726859865,-1.196000000000005,326.0833333333333,6,6,1
2025-04-06 07:00:00,Hive_02,31.64,17.95,70.43,67.69,43.962,311.3,22,At Risk,13.690000000000001,2.740000000000009,31.905,1.094706631338028,-1.1729999999999947,324.23333333333335,7,6,1
2025-04-06 08:00:00,Hive_02,31.32,18.23,70.49,68.64,43.906,305.4,27,At Risk,13.09,1.8499999999999943,31.9875,0.959221831350254,-1.2120000000000033,322.6166666666666,8,6,1
2025-04-06 09:00:00,Hive_02,33.43,23.25,71.06,60.74,43.829,318.5,25,At Risk,10.18,10.32,32.02958333333333,1.0002976911971253,-1.235999999999997,321.6666666666667,9,6,1
2025-04-06 10:00:00,Hive_02,32.65,23.08,61.49,57.89,43.779,334.0,31,At Risk,9.57,3.6000000000000014,32.084583333333335,0.9964414037033499,-1.2149999999999963,323.5833333333333,10,6,1
2025-04-06 11:00:00,Hive_02,33.57,27.59,67.35,55.24,43.701,370.9,41,At Risk,5.98,12.109999999999992,32.21791666666667,0.97080414523508,-1.225999999999999,323.23333333333335,11,6,1
2025-04-06 12:00:00,Hive_02,31.59,25.29,69.47,51.5,43.63,309.0,35,At Risk,6.300000000000001,17.97,32.19583333333333,0.9791207975687677,-1.2029999999999959,324.84999999999997,12,6,1
2025-04-06 13:00:00,Hive_02,31.39,24.7,68.17,53.4,43.589,358.7,20,At Risk,6.690000000000001,14.770000000000003,32.107083333333335,0.9499770210797314,-1.2280000000000015,332.75,13,6,1
2025-04-06 14:00:00,Hive_02,31.46,27.98,73.18,49.79,43.566,349.3,34,At Risk,3.4800000000000004,23.390000000000008,31.992083333333337,0.8442489802063807,-1.1659999999999968,340.06666666666666,14,6,1
2025-04-06 15:00:00,Hive_02,31.12,29.62,71.29,49.18,43.503,291.4,27,At Risk,1.5,22.110000000000007,31.950000000000003,0.8620602218445981,-1.1700000000000017,335.55,15,6,1
2025-04-06 16:00:00,Hive_02,31.18,27.51,59.26,53.69,43.438,299.5,17,At Risk,3.669999999999998,5.57,31.89,0.8635115366414285,-1.161999999999999,329.8,16,6,1
2025-04-06 17:00:00,Hive_02,32.15,21.41,67.32,56.02,43.346,345.9,31,At Risk,10.739999999999998,11.29999999999999,31.938333333333333,0.8431703457094885,-1.2050000000000054,325.6333333333333,17,6,1
2025-04-06 18:00:00,Hive_02,30.06,21.91,67.31,57.43,43.303,345.7,20,At Risk,8.149999999999999,9.880000000000003,31.8575,0.925931962943172,-1.2270000000000039,331.75,18,6,1
2025-04-06 19:00:00,Hive_02,34.59,23.01,67.05,62.52,43.282,336.2,12,At Risk,11.580000000000002,4.529999999999994,32.005833333333335,1.0626624343013018,-1.2630000000000052,328.0,19,6,1
2025-04-06 20:00:00,Hive_02,31.32,22.22,66.59,64.43,43.21,326.1,9,At Risk,9.100000000000001,2.1599999999999966,31.956666666666667,1.066096768047058,-1.2729999999999961,324.1333333333333,20,6,1
2025-04-06 21:00:00,Hive_02,32.04,20.43,69.96,67.17,43.209,342.0,0,At Risk,11.61,2.789999999999992,32.0175,1.0249888652628625,-1.2419999999999973,332.56666666666666,21,6,1
2025-04-06 22:00:00,Hive_02,30.84,14.42,70.08,74.15,43.126,351.5,0,At Risk,16.42,-4.070000000000007,31.99,1.048070691276523,-1.2650000000000006,341.23333333333335,22,6,1
2025-04-06 23:00:00,Hive_02,31.31,14.72,72.41,75.14,43.097,304.1,0,At Risk,16.589999999999996,-2.730000000000004,31.936249999999998,1.0485054062599406,-1.2079999999999984,334.26666666666665,23,6,1
2025-04-07 00:00:00,Hive_02,30.86,14.07,63.67,76.4,43.061,327.9,0,At Risk,16.79,-12.730000000000004,31.89125,1.0712662661744168,-1.189,331.3,0,0,1
2025-04-07 01:00:00,Hive_02,32.63,12.64,67.43,81.39,43.017,342.8,0,At Risk,19.990000000000002,-13.959999999999994,31.880416666666665,1.0620017160660964,-1.1769999999999996,332.4,1,0,1
2025-04-07 02:00:00,Hive_02,31.44,13.91,65.02,80.25,43.011,346.7,0,At Risk,17.53,-15.230000000000004,31.909166666666668,1.039163194559611,-1.1869999999999976,335.8333333333333,2,0,1
2025-04-07 03:00:00,Hive_02,31.85,13.14,72.22,80.64,42.975,353.9,0,At Risk,18.71,-8.420000000000002,31.90791666666667,1.0392178462112058,-1.1610000000000014,337.81666666666666,3,0,1
2025-04-07 04:00:00,Hive_02,32.71,13.01,69.23,76.77,42.914,332.0,0,At Risk,19.700000000000003,-7.539999999999992,31.893749999999997,1.0251948383217397,-1.1739999999999995,334.56666666666666,4,0,1
2025-04-07 05:00:00,Hive_02,33.42,14.29,70.17,80.38,42.861,355.2,0,At Risk,19.130000000000003,-10.209999999999994,31.98,1.0638077629541651,-1.2090000000000032,343.0833333333333,5,0,1
2025-04-07 06:00:00,Hive_02,31.64,16.78,67.76,72.55,42.906,335.3,17,At Risk,14.86,-4.789999999999992,31.925416666666667,1.0453207503031279,-1.0889999999999986,344.31666666666666,6,0,1
2025-04-07 07:00:00,Hive_02,30.57,20.32,67.85,68.92,42.888,341.8,25,At Risk,10.25,-1.0700000000000074,31.88083333333333,1.0802572828272194,-1.0740000000000052,344.15000000000003,7,0,1
2025-04-07 08:00:00,Hive_02,32.04,21.44,63.9,63.42,42.816,343.0,29,At Risk,10.599999999999998,0.4799999999999969,31.910833333333333,1.0739845220593212,-1.0899999999999963,343.5333333333333,8,0,1
2025-04-07 09:00:00,Hive_02,33.93,22.07,67.14,61.95,42.762,302.8,26,At Risk,11.86,5.189999999999998,31.93166666666667,1.1090131401058052,-1.0670000000000002,335.01666666666665,9,0,1
2025-04-07 10:00:00,Hive_02,31.69,24.15,67.29,59.71,42.725,316.6,34,At Risk,7.540000000000003,7.580000000000005,31.89166666666667,1.0992474369021883,-1.054000000000002,332.45,10,0,1
2025-04-07 11:00:00,Hive_02,31.2,23.41,70.17,56.96,42.713,346.7,37,At Risk,7.789999999999999,13.21,31.792916666666667,1.0471388727577495,-0.9879999999999995,331.03333333333336,11,0,1
2025-04-07 12:00:00,Hive_02,32.3,27.5,64.45,50.02,42.67,355.7,38,At Risk,4.799999999999997,14.43,31.8225,1.0511784277449354,-0.9600000000000009,334.43333333333334,12,0,1
2025-04-07 13:00:00,Hive_02,32.77,27.75,68.06,48.56,42.69,349.6,34,At Risk,5.020000000000003,19.5,31.88,1.0641551047456943,-0.8990000000000009,335.73333333333335,13,0,1
2025-04-07 14:00:00,Hive_02,28.19,29.8,68.84,47.81,42.631,287.7,28,At Risk,-1.6099999999999994,21.03,31.743749999999995,1.3028390821251983,-0.9350000000000023,326.51666666666665,14,0,1
2025-04-07 15:00:00,Hive_02,32.88,31.86,66.05,49.9,42.644,325.7,29,At Risk,1.0200000000000031,16.15,31.81708333333333,1.315673010673353,-0.8590000000000018,330.3333333333333,15,0,1
2025-04-07 16:00:00,Hive_02,32.32,26.33,67.55,51.78,42.632,342.2,17,At Risk,5.990000000000002,15.769999999999996,31.864583333333332,1.312246593894685,-0.8060000000000045,334.6,16,0,1
2025-04-07 17:00:00,Hive_02,32.61,22.58,67.83,55.87,42.624,312.3,22,At Risk,10.030000000000001,11.96,31.883750000000003,1.319933504583294,-0.7219999999999942,328.8666666666667,17,0,1
2025-04-07 18:00:00,Hive_02,32.78,21.61,72.28,56.02,42.586,348.9,10,At Risk,11.170000000000002,16.259999999999998,31.997083333333332,1.2724522000645377,-0.7169999999999987,327.73333333333335,18,0,1
2025-04-07 19:00:00,Hive_02,32.37,23.06,67.26,59.51,42.497,308.1,19,At Risk,9.309999999999999,7.750000000000007,31.904583333333335,1.150625460032569,-0.7849999999999966,320.81666666666666,19,0,1
2025-04-07 20:00:00,Hive_02,31.78,19.58,65.46,64.68,42.447,328.4,13,At Risk,12.200000000000003,0.7799999999999869,31.92375,1.144278061752691,-0.7629999999999981,327.59999999999997,20,0,1
2025-04-07 21:00:00,Hive_02,33.11,18.06,64.85,70.48,42.371,300.3,0,At Risk,15.05,-5.63000000000001,31.968333333333334,1.16956947361967,-0.838000000000001,323.3666666666667,21,0,1
2025-04-07 22:00:00,Hive_02,29.71,16.88,68.28,73.74,42.335,311.0,0,At Risk,12.830000000000002,-5.459999999999994,31.92125,1.2377269225408356,-0.7909999999999968,318.1666666666667,22,0,1
2025-04-07 23:00:00,Hive_02,31.03,16.37,68.23,74.3,42.264,326.5,0,At Risk,14.66,-6.069999999999993,31.909583333333334,1.245037031635897,-0.8329999999999984,320.53333333333336,23,0,1
2025-04-08 00:00:00,Hive_02,29.39,14.82,66.41,79.05,42.231,342.0,0,At Risk,14.57,-12.64,31.848333333333333,1.3320356003423868,-0.8299999999999983,319.3833333333334,0,1,1
2025-04-08 01:00:00,Hive_02,32.64,8.34,68.45,84.59,42.146,388.6,0,At Risk,24.3,-16.14,31.84875,1.3322922792657388,-0.8710000000000022,332.8,1,1,1
2025-04-08 02:00:00,Hive_02,32.16,13.31,67.58,81.9,42.11,309.3,0,At Risk,18.849999999999994,-14.320000000000007,31.87875,1.3307935275779161,-0.9010000000000034,329.61666666666673,2,1,1
2025-04-08 03:00:00,Hive_02,31.91,11.24,62.95,76.79,42.054,329.1,0,At Risk,20.67,-13.840000000000003,31.881249999999998,1.3307935275779164,-0.9209999999999994,334.4166666666667,3,1,1
2025-04-08 04:00:00,Hive_02,35.69,13.29,72.08,76.95,42.042,335.8,0,At Risk,22.4,-4.8700000000000045,32.00541666666667,1.5348558328181958,-0.8719999999999999,338.55,4,1,1
2025-04-08 05:00:00,Hive_02,30.39,13.43,69.3,73.58,42.012,354.2,0,At Risk,16.96,-4.280000000000001,31.879166666666666,1.538053305647853,-0.8489999999999966,343.1666666666667,5,1,1
2025-04-08 06:00:00,Hive_02,30.98,17.49,69.43,75.25,41.943,318.1,16,At Risk,13.490000000000002,-5.819999999999993,31.851666666666663,1.5483811087619246,-0.963000000000001,339.18333333333334,6,1,1
2025-04-08 07:00:00,Hive_02,32.76,20.34,65.53,69.34,41.93,315.8,23,At Risk,12.419999999999998,-3.8100000000000023,31.942916666666672,1.5340298709371132,-0.9579999999999984,327.05,7,1,1
2025-04-08 08:00:00,Hive_02,29.97,18.4,64.64,64.98,41.86,345.1,25,At Risk,11.57,-0.3400000000000034,31.856666666666666,1.5856576379935643,-0.9560000000000031,333.01666666666665,8,1,1
2025-04-08 09:00:00,Hive_02,31.55,20.54,69.93,59.06,41.782,317.6,24,At Risk,11.010000000000002,10.870000000000005,31.757500000000004,1.5235606179346866,-0.980000000000004,331.1,9,1,1
2025-04-08 10:00:00,Hive_02,31.38,24.4,71.98,55.85,41.707,333.9,26,At Risk,6.98,16.130000000000003,31.744583333333335,1.5254706448849094,-1.0180000000000007,330.78333333333336,10,1,1
2025-04-08 11:00:00,Hive_02,31.55,25.97,72.05,56.52,41.618,371.6,36,At Risk,5.580000000000002,15.529999999999994,31.75916666666667,1.5217064696287288,-1.0949999999999989,333.68333333333334,11,1,1
2025-04-08 12:00:00,Hive_02,28.62,27.81,77.49,54.84,41.441,449.5,1,Critical,0.8100000000000023,22.64999999999999,31.605833333333333,1.6452326825436934,-1.2289999999999992,355.5833333333333,12,1,2
2025-04-08 13:00:00,Hive_02,26.88,26.22,90.73,50.41,41.196,421.6,4,Critical,0.6600000000000001,40.32000000000001,31.360416666666666,1.8857462579241981,-1.4939999999999998,373.2166666666667,13,1,2
2025-04-08 14:00:00,Hive_02,29.96,28.0,73.0,52.46,40.966,40.0,2,Critical,1.9600000000000009,20.54,31.43416666666667,1.7884652557470198,-1.6649999999999991,322.3666666666667,14,1,2
2025-04-08 15:00:00,Hive_02,24.35,31.04,83.94,52.91,40.715,40.0,2,Critical,-6.689999999999998,31.03,31.07875,2.2710968667717815,-1.928999999999995,276.09999999999997,15,1,2
2025-04-08 16:00:00,Hive_02,29.47,27.29,84.85,54.52,40.499,384.4,3,Critical,2.1799999999999997,30.32999999999999,30.959999999999997,2.2778727681382493,-2.1329999999999956,284.5166666666667,16,1,2
2025-04-08 17:00:00,Hive_02,27.12,25.55,82.62,52.12,40.305,413.8,2,Critical,1.5700000000000003,30.500000000000007,30.73125,2.3784125368934377,-2.3190000000000026,291.55,17,1,2
2025-04-08 18:00:00,Hive_02,26.76,22.59,87.26,59.74,40.029,436.8,0,Critical,4.170000000000002,27.520000000000003,30.480416666666667,2.4686811813926077,-2.556999999999995,289.43333333333334,18,1,2
2025-04-08 19:00:00,Hive_02,21.89,20.64,77.45,62.0,39.772,392.1,4,Critical,1.25,15.450000000000003,30.043750000000003,2.9914324218979536,-2.7250000000000014,284.5166666666667,19,1,2
2025-04-08 20:00:00,Hive_02,28.91,20.43,88.18,64.71,39.583,442.8,9,Critical,8.48,23.470000000000013,29.924166666666668,2.9763340694137916,-2.8640000000000043,351.65000000000003,20,1,2
2025-04-08 21:00:00,Hive_02,26.94,18.87,75.61,67.54,39.503,40.0,4,Critical,8.07,8.069999999999993,29.667083333333334,2.955587897329429,-2.868000000000002,351.65000000000003,21,1,2
2025-04-08 22:00:00,Hive_02,25.38,20.67,77.88,74.12,39.326,400.8,1,Critical,4.709999999999997,3.759999999999991,29.486666666666665,3.082295399136142,-3.0090000000000003,354.3833333333334,22,1,2
2025-04-08 23:00:00,Hive_02,26.72,16.36,86.14,78.19,39.134,426.9,6,Critical,10.36,7.950000000000003,29.307083333333335,3.1138616863067083,-3.1300000000000026,356.56666666666666,23,1,2
2025-04-09 00:00:00,Hive_02,26.91,14.17,80.38,78.01,38.96,441.7,3,Critical,12.74,2.3699999999999903,29.20375,3.151907376287448,-3.271000000000001,357.3833333333334,0,2,2
2025-04-09 01:00:00,Hive_02,26.31,13.27,80.95,79.36,38.84,431.6,7,Critical,13.04,1.5900000000000034,28.94,3.1165086373947477,-3.3059999999999974,363.9666666666667,1,2,2
2025-04-09 02:00:00,Hive_02,26.4,10.15,86.44,77.94,38.639,460.3,2,Critical,16.25,8.5,28.7,3.0793223421649194,-3.4709999999999965,366.8833333333334,2,2,2
2025-04-09 03:00:00,Hive_02,26.33,12.62,80.15,81.29,38.452,375.5,6,Critical,13.709999999999999,-1.1400000000000006,28.4675,3.03677925784359,-3.602000000000004,422.8,3,2,2
2025-04-09 04:00:00,Hive_02,23.27,13.65,79.15,78.99,38.293,439.4,0,Critical,9.62,0.1600000000000108,27.95,2.801620648993903,-3.7490000000000023,429.2333333333333,4,2,2
2025-04-09 05:00:00,Hive_02,28.57,13.35,84.16,71.79,38.104,451.4,0,Critical,15.22,12.36999999999999,27.874166666666664,2.7569799429441897,-3.9080000000000013,433.31666666666666,5,2,2
2025-04-09 06:00:00,Hive_02,27.55,14.32,79.31,73.92,37.925,389.2,2,Critical,13.23,5.390000000000001,27.731250000000003,2.6767132871748816,-4.018000000000001,424.5666666666666,6,2,2
2025-04-09 07:00:00,Hive_02,27.86,15.08,81.13,66.38,37.71,440.1,0,Critical,12.78,14.75,27.527083333333334,2.4540835164673007,-4.219999999999999,425.98333333333335,7,2,2
2025-04-09 08:00:00,Hive_02,23.61,19.67,81.0,66.22,37.504,501.7,3,Critical,3.9399999999999977,14.780000000000001,27.262083333333337,2.521286730096699,-4.356000000000002,432.88333333333327,8,2,2
2025-04-09 09:00:00,Hive_02,23.17,24.68,81.11,65.23,37.3,423.0,2,Critical,-1.509999999999998,15.879999999999995,26.912916666666664,2.4815956983651226,-4.481999999999999,440.79999999999995,9,2,2
2025-04-09 10:00:00,Hive_02,25.72,24.76,70.9,57.67,37.135,458.1,0,Critical,0.9599999999999973,13.230000000000004,26.677083333333332,2.3009893508560517,-4.572000000000003,443.9166666666667,10,2,2
2025-04-09 11:00:00,Hive_02,24.31,24.91,75.85,54.19,36.92,40.0,3,Critical,-0.6000000000000014,21.659999999999997,26.375416666666666,2.100190424423434,-4.698,375.34999999999997,11,2,2
2025-04-09 12:00:00,Hive_02,30.07,25.78,82.51,52.15,36.707,443.1,3,Critical,4.289999999999999,30.360000000000007,26.435833333333335,2.186645071031414,-4.734000000000002,384.3333333333333,12,2,2
2025-04-09 13:00:00,Hive_02,24.94,28.94,81.23,50.66,36.557,438.4,0,Critical,-4.0,30.570000000000007,26.355,2.205290082466565,-4.638999999999996,384.05,13,2,2
2025-04-09 14:00:00,Hive_02,31.68,27.8,77.05,51.04,36.436,472.7,2,Critical,3.879999999999999,26.009999999999998,26.426666666666666,2.350692158320122,-4.530000000000001,379.2166666666667,14,2,2
2025-04-09 15:00:00,Hive_02,29.03,26.32,79.75,49.21,36.278,40.0,3,Critical,2.710000000000001,30.54,26.621666666666666,2.3650032938052057,-4.437000000000005,315.3833333333334,15,2,2
2025-04-09 16:00:00,Hive_02,29.61,27.07,81.96,52.88,36.055,463.3,2,Critical,2.539999999999999,29.07999999999999,26.6275,2.372495017633331,-4.444000000000003,316.25,16,2,2
2025-04-09 17:00:00,Hive_02,29.08,24.99,76.89,53.28,35.876,482.3,4,Critical,4.09,23.61,26.709166666666665,2.423373352539067,-4.429000000000002,389.9666666666667,17,2,2
2025-04-09 18:00:00,Hive_02,26.97,24.19,83.73,57.25,35.66,391.1,3,Critical,2.7799999999999976,26.480000000000004,26.717916666666667,2.4239439281192134,-4.369000000000007,381.3,18,2,2
2025-04-09 19:00:00,Hive_02,27.8,22.01,75.81,57.61,35.518,440.4,3,Critical,5.789999999999999,18.200000000000003,26.964166666666667,2.202206238943105,-4.253999999999998,381.6333333333334,19,2,2
2025-04-09 20:00:00,Hive_02,27.54,16.89,83.97,64.82,35.27,400.3,1,Critical,10.649999999999999,19.150000000000006,26.907083333333333,2.1670506488063697,-4.312999999999995,369.56666666666666,20,2,2
2025-04-09 21:00:00,Hive_02,30.92,16.21,75.0,69.39,35.173,483.6,2,Critical,14.71,5.609999999999999,27.072916666666668,2.316790281865041,-4.329999999999998,443.5,21,2,2
2025-04-09 22:00:00,Hive_02,26.38,16.02,79.0,72.94,34.954,479.7,3,Critical,10.36,6.060000000000002,27.114583333333332,2.2938992418769035,-4.372,446.23333333333335,22,2,2
2025-04-09 23:00:00,Hive_02,25.5,14.72,67.73,74.36,34.766,497.6,5,Critical,10.78,-6.6299999999999955,27.06375,2.316430560901326,-4.368000000000002,448.78333333333336,23,2,2
2025-04-10 00:00:00,Hive_02,29.81,12.57,78.35,76.3,34.591,480.0,7,Critical,17.24,2.049999999999997,27.184583333333336,2.382749561119228,-4.369,463.59999999999997,0,3,2
2025-04-10 01:00:00,Hive_02,27.76,9.71,86.94,81.95,34.355,442.4,3,Critical,18.05,4.989999999999995,27.245,2.3779878231302845,-4.4850000000000065,463.93333333333334,1,3,2
2025-04-10 02:00:00,Hive_02,26.23,12.76,77.43,80.58,34.215,417.0,3,Critical,13.47,-3.1499999999999915,27.237916666666667,2.380865716072706,-4.4239999999999995,466.7166666666667,2,3,2
2025-04-10 03:00:00,Hive_02,30.8,11.66,80.85,74.4,33.993,421.1,6,Critical,19.14,6.449999999999989,27.424166666666665,2.4795474984562915,-4.458999999999996,456.3,3,3,2
2025-04-10 04:00:00,Hive_02,26.86,13.83,81.54,75.88,33.689,467.1,2,Critical,13.03,5.660000000000011,27.57375,2.3212792809137417,-4.603999999999999,454.2,4,3,2
2025-04-10 05:00:00,Hive_02,31.45,13.15,78.45,75.94,33.491,498.3,1,Critical,18.299999999999997,2.510000000000005,27.693750000000005,2.446105711569585,-4.6129999999999995,454.31666666666666,5,3,2
2025-04-10 06:00:00,Hive_02,28.56,13.66,75.17,74.14,33.318,40.0,0,Critical,14.899999999999999,1.0300000000000011,27.735833333333332,2.452205602888961,-4.606999999999999,380.98333333333335,6,3,2
2025-04-10 07:00:00,Hive_02,26.5,17.17,83.06,67.25,33.204,490.1,1,Critical,9.329999999999998,15.810000000000002,27.679166666666664,2.464892477885326,-4.506,388.93333333333334,7,3,2
2025-04-10 08:00:00,Hive_02,30.48,20.41,75.91,65.83,32.949,40.0,1,Critical,10.07,10.079999999999998,27.965416666666666,2.368828327449457,-4.555,326.09999999999997,8,3,2
2025-04-10 09:00:00,Hive_02,28.4,22.61,71.94,63.05,32.644,40.0,3,Critical,5.789999999999999,8.89,28.183333333333334,2.137797864659895,-4.655999999999999,262.5833333333333,9,3,2
2025-04-10 10:00:00,Hive_02,23.82,23.39,73.69,59.07,32.482,443.2,4,Critical,0.4299999999999997,14.619999999999997,28.104166666666668,2.264416455526112,-4.652999999999999,258.6,10,3,2
2025-04-10 11:00:00,Hive_02,30.89,24.04,84.11,54.95,32.221,415.8,4,Critical,6.850000000000001,29.159999999999997,28.378333333333334,2.1818971933430635,-4.699000000000005,244.85,11,3,2
2025-04-10 12:00:00,Hive_02,23.76,29.29,75.41,52.92,31.955,433.2,7,Critical,-5.529999999999998,22.489999999999995,28.115416666666665,2.3433884407108954,-4.7520000000000024,310.3833333333333,12,3,2
2025-04-10 13:00:00,Hive_02,25.05,28.57,81.42,52.04,31.742,434.8,1,Critical,-3.5199999999999996,29.380000000000003,28.12,2.3370066324252208,-4.815000000000001,301.1666666666667,13,3,2
2025-04-10 14:00:00,Hive_02,26.82,26.86,86.17,48.04,31.582,447.5,2,Critical,-0.03999999999999915,38.13,27.9175,2.22289519399312,-4.853999999999999,369.0833333333333,14,3,2
2025-04-10 15:00:00,Hive_02,26.37,29.78,83.27,48.54,31.378,40.0,5,Critical,-3.41,34.73,27.80666666666667,2.2313120855648685,-4.899999999999999,369.0833333333333,15,3,2
2025-04-10 16:00:00,Hive_02,27.48,27.24,77.41,52.41,31.167,375.6,1,Critical,0.240000000000002,25.0,27.717916666666667,2.1985864612372334,-4.887999999999998,357.81666666666666,16,3,2
2025-04-10 17:00:00,Hive_02,30.56,22.93,79.08,55.47,31.017,40.0,1,Critical,7.629999999999999,23.61,27.779583333333335,2.2583939641038904,-4.858999999999998,295.18333333333334,17,3,2
2025-04-10 18:00:00,Hive_02,26.63,23.23,83.85,55.9,30.87,457.1,4,Critical,3.3999999999999986,27.949999999999996,27.765416666666667,2.264750642126838,-4.789999999999996,299.1666666666667,18,3,2
2025-04-10 19:00:00,Hive_02,27.44,20.72,79.21,61.64,30.694,360.0,3,Critical,6.720000000000002,17.569999999999993,27.750416666666666,2.2657036130787875,-4.824000000000002,286.7,19,3,2
2025-04-10 20:00:00,Hive_02,27.92,20.92,85.81,65.75,30.521,475.8,2,Critical,7.0,20.060000000000002,27.76625,2.265496994134889,-4.749000000000002,291.4166666666667,20,3,2
2025-04-10 21:00:00,Hive_02,26.77,14.99,76.55,67.63,30.319,40.0,2,Critical,11.78,8.920000000000002,27.593333333333334,2.1707114975962414,-4.854000000000003,291.4166666666667,21,3,2
2025-04-10 22:00:00,Hive_02,26.74,13.75,77.56,75.23,30.04,482.9,1,Critical,12.989999999999998,2.3299999999999983,27.608333333333334,2.1631934257252325,-4.9140000000000015,309.3,22,3,2
2025-04-10 23:00:00,Hive_02,26.6,14.18,77.48,78.49,29.848,514.1,4,Critical,12.420000000000002,-1.009999999999991,27.65416666666667,2.127946380222225,-4.917999999999999,388.31666666666666,23,3,2
2025-04-11 00:00:00,Hive_02,31.26,12.24,65.27,76.82,29.747,351.1,0,At Risk,19.020000000000003,-11.549999999999997,27.714583333333334,2.2107877391408834,-4.844000000000001,370.65000000000003,0,4,1
2025-04-11 01:00:00,Hive_02,30.18,12.31,64.01,82.19,29.762,312.5,0,At Risk,17.869999999999997,-18.179999999999993,27.815416666666664,2.2674118153919784,-4.592999999999996,362.73333333333335,1,4,1
2025-04-11 02:00:00,Hive_02,32.18,12.24,63.77,80.21,29.688,336.0,0,At Risk,19.939999999999998,-16.43999999999999,28.063333333333333,2.4074841038196677,-4.527000000000005,339.43333333333334,2,4,1
2025-04-11 03:00:00,Hive_02,32.37,13.37,64.44,75.7,29.65,343.4,0,At Risk,19.0,-11.260000000000005,28.12875,2.5044557032546377,-4.3430000000000035,390.0,3,4,1
2025-04-11 04:00:00,Hive_02,32.01,13.21,63.41,76.29,29.566,324.9,0,At Risk,18.799999999999997,-12.88000000000001,28.343333333333334,2.60944882847035,-4.123000000000001,363.6666666666667,4,4,1
2025-04-11 05:00:00,Hive_02,31.37,16.02,65.71,74.55,29.489,312.3,0,At Risk,15.350000000000001,-8.840000000000003,28.34,2.60535568797603,-4.001999999999999,330.03333333333336,5,4,1
2025-04-11 06:00:00,Hive_02,29.63,16.97,66.29,71.74,29.475,330.8,14,At Risk,12.66,-5.449999999999989,28.384583333333335,2.6184063841873577,-3.8429999999999964,326.65000000000003,6,4,1
2025-04-11 07:00:00,Hive_02,31.79,19.32,69.97,68.7,29.396,329.5,20,At Risk,12.469999999999999,1.269999999999996,28.605,2.6749108071273078,-3.808,329.48333333333335,7,4,1
2025-04-11 08:00:00,Hive_02,31.26,17.34,68.32,63.63,29.356,347.2,24,At Risk,13.920000000000002,4.689999999999991,28.6375,2.7032705634342165,-3.5929999999999964,331.34999999999997,8,4,1
2025-04-11 09:00:00,Hive_02,32.41,21.98,67.82,63.49,29.324,314.2,26,At Risk,10.429999999999996,4.329999999999991,28.80458333333333,2.8097794732692676,-3.3199999999999967,326.4833333333333,9,4,1
2025-04-11 10:00:00,Hive_02,31.73,23.19,63.95,59.01,29.221,338.0,25,At Risk,8.54,4.940000000000005,29.134166666666662,2.6595748543322966,-3.2609999999999992,328.6666666666667,10,4,1
2025-04-11 11:00:00,Hive_02,34.05,24.99,64.68,54.62,29.142,365.0,31,At Risk,9.059999999999999,10.06000000000001,29.265833333333333,2.8234513518443083,-3.078999999999997,337.45,11,4,1
2025-04-11 12:00:00,Hive_02,31.76,26.51,67.89,49.94,29.072,357.3,31,At Risk,5.25,17.950000000000003,29.599166666666665,2.6092909526079913,-2.882999999999999,341.86666666666673,12,4,1
2025-04-11 13:00:00,Hive_02,32.35,24.78,68.75,50.47,29.032,333.1,42,At Risk,7.57,18.28,29.903333333333336,2.478121074114549,-2.710000000000001,342.4666666666667,13,4,1
2025-04-11 14:00:00,Hive_02,31.4,28.57,67.49,49.25,28.933,325.4,32,At Risk,2.8299999999999983,18.239999999999995,30.094166666666666,2.4056453832900178,-2.649000000000001,338.8333333333333,14,4,1
2025-04-11 15:00:00,Hive_02,34.35,27.0,69.35,52.71,28.88,330.9,18,At Risk,7.350000000000001,16.639999999999993,30.426666666666666,2.4199652650518875,-2.498000000000001,341.6166666666666,15,4,1
2025-04-11 16:00:00,Hive_02,32.51,28.05,65.87,52.28,28.842,319.7,32,At Risk,4.459999999999997,13.590000000000003,30.63625,2.3709891762538153,-2.325000000000003,338.56666666666666,16,4,1
2025-04-11 17:00:00,Hive_02,32.52,25.09,64.17,58.56,28.796,313.7,12,At Risk,7.430000000000003,5.609999999999999,30.717916666666667,2.401803632357464,-2.221,330.01666666666665,17,4,1
2025-04-11 18:00:00,Hive_02,32.64,26.4,68.5,58.91,28.787,317.9,24,At Risk,6.240000000000002,9.590000000000003,30.968333333333334,2.2665577552691545,-2.083000000000002,323.45,18,4,1
2025-04-11 19:00:00,Hive_02,31.73,20.49,67.57,56.05,28.733,348.2,19,At Risk,11.240000000000002,11.519999999999996,31.14708333333333,2.1419383321749326,-1.9609999999999985,325.96666666666664,19,4,1
2025-04-11 20:00:00,Hive_02,34.04,20.39,55.76,67.39,28.756,181.4,14,Healthy,13.649999999999999,-11.630000000000003,31.402083333333334,2.1050250007120974,-1.7650000000000006,301.96666666666664,20,4,0
2025-04-11 21:00:00,Hive_02,34.73,16.81,54.08,67.56,28.748,190.8,3,Healthy,17.919999999999998,-13.480000000000004,31.73375,1.9659576989123786,-1.570999999999998,278.6166666666666,21,4,0
2025-04-11 22:00:00,Hive_02,34.47,16.02,56.94,72.14,28.744,219.7,2,Healthy,18.45,-15.200000000000003,32.05583333333333,1.7314806849395359,-1.2959999999999994,261.95,22,4,0
2025-04-11 23:00:00,Hive_02,34.18,14.1,54.47,80.61,28.729,214.3,3,Healthy,20.08,-26.14,32.37166666666666,1.340125453785554,-1.1189999999999998,245.38333333333333,23,4,0
2025-04-12 00:00:00,Hive_02,34.44,15.58,54.45,80.44,28.705,230.5,2,Healthy,18.86,-25.989999999999995,32.50416666666667,1.3819863356357587,-1.0420000000000016,230.81666666666663,0,5,0
2025-04-12 01:00:00,Hive_02,34.21,11.53,55.61,82.15,28.712,209.6,1,Healthy,22.68,-26.540000000000006,32.67208333333333,1.3312105610950231,-1.0500000000000007,207.71666666666667,1,5,0
2025-04-12 02:00:00,Hive_02,34.81,9.82,54.96,80.15,28.737,184.3,1,Healthy,24.990000000000002,-25.190000000000005,32.781666666666666,1.3956319019702241,-0.9510000000000005,208.20000000000002,2,5,0
2025-04-12 03:00:00,Hive_02,34.51,11.34,56.04,80.98,28.769,210.4,2,Healthy,23.169999999999998,-24.940000000000005,32.87083333333333,1.435966321110022,-0.8810000000000002,211.4666666666667,3,5,0
2025-04-12 04:00:00,Hive_02,34.34,11.57,54.48,77.98,28.772,185.3,0,Healthy,22.770000000000003,-23.500000000000007,32.96791666666667,1.453888277409357,-0.7940000000000005,205.73333333333335,4,5,0
2025-04-12 05:00:00,Hive_02,34.1,13.34,55.02,75.99,28.82,215.3,3,Healthy,20.76,-20.96999999999999,33.08166666666666,1.4300339511526392,-0.6690000000000005,205.9,5,5,0
2025-04-12 06:00:00,Hive_02,34.28,16.59,54.03,74.84,28.775,217.8,65,Healthy,17.69,-20.810000000000002,33.275416666666665,1.2450946503803515,-0.7000000000000028,203.78333333333333,6,5,0
2025-04-12 07:00:00,Hive_02,34.27,17.1,55.57,68.37,28.807,173.9,64,Healthy,17.17,-12.800000000000004,33.378750000000004,1.2190955753094643,-0.5890000000000022,197.83333333333334,7,5,0
2025-04-12 08:00:00,Hive_02,34.64,19.58,54.72,65.23,28.815,196.8,79,Healthy,15.060000000000002,-10.510000000000005,33.51958333333334,1.157360111433011,-0.5410000000000004,199.91666666666666,8,5,0
2025-04-12 09:00:00,Hive_02,34.12,22.7,54.43,61.56,28.843,200.6,84,Healthy,11.419999999999998,-7.130000000000003,33.59083333333333,1.138564758871859,-0.48100000000000165,198.28333333333333,9,5,0
2025-04-12 10:00:00,Hive_02,34.53,26.65,54.23,59.58,28.802,197.5,81,Healthy,7.880000000000003,-5.350000000000001,33.7075,1.0816302108592841,-0.4190000000000005,200.3166666666667,10,5,0
2025-04-12 11:00:00,Hive_02,34.4,26.24,52.33,54.09,28.794,207.1,105,Healthy,8.16,-1.7600000000000051,33.72208333333333,1.088784640208359,-0.347999999999999,198.95000000000002,11,5,0
2025-04-12 12:00:00,Hive_02,34.79,26.78,53.78,52.67,28.811,188.9,98,Healthy,8.009999999999998,1.1099999999999994,33.848333333333336,1.02519421984609,-0.26099999999999923,194.13333333333333,12,5,0
2025-04-12 13:00:00,Hive_02,34.27,27.95,56.06,51.11,28.863,184.9,85,Healthy,6.320000000000004,4.950000000000003,33.928333333333335,0.9769680991039117,-0.16900000000000048,195.96666666666667,13,5,0
2025-04-12 14:00:00,Hive_02,34.33,28.35,50.75,51.57,28.9,211.4,67,Healthy,5.979999999999997,-0.8200000000000003,34.05041666666667,0.8173098990068266,-0.03300000000000125,198.4,14,5,0
2025-04-12 15:00:00,Hive_02,34.93,26.82,56.41,53.65,28.906,201.2,76,Healthy,8.11,2.759999999999998,34.07458333333333,0.8349380563677005,0.0259999999999998,198.5,15,5,0
2025-04-12 16:00:00,Hive_02,34.26,28.62,56.52,50.26,28.915,220.7,63,Healthy,5.639999999999997,6.260000000000005,34.1475,0.7659222914381107,0.0730000000000004,202.36666666666667,16,5,0
2025-04-12 17:00:00,Hive_02,34.5,25.57,52.78,52.55,28.916,178.5,67,Healthy,8.93,0.23000000000000398,34.23,0.6854005493458228,0.120000000000001,197.6,17,5,0
2025-04-12 18:00:00,Hive_02,34.9,25.07,58.75,54.04,28.926,190.4,78,Healthy,9.829999999999998,4.710000000000001,34.32416666666666,0.6083757181979264,0.13899999999999935,197.85,18,5,0
2025-04-12 19:00:00,Hive_02,34.55,20.09,57.02,61.16,28.944,192.5,30,Healthy,14.459999999999997,-4.1399999999999935,34.44166666666667,0.25560953011216475,0.21099999999999852,199.11666666666665,19,5,0
2025-04-12 20:00:00,Hive_02,34.51,19.49,54.15,62.99,28.924,218.8,25,Healthy,15.02,-8.840000000000003,34.46125,0.241090141901002,0.16799999999999926,200.35,20,5,0
2025-04-12 21:00:00,Hive_02,34.52,16.03,52.38,68.55,28.94,184.3,3,Healthy,18.490000000000002,-16.169999999999995,34.4525,0.23463662933606946,0.19200000000000017,197.53333333333333,21,5,0
2025-04-12 22:00:00,Hive_02,34.28,16.79,54.84,71.7,28.963,199.6,1,Healthy,17.490000000000002,-16.86,34.444583333333334,0.23721168617518626,0.2190000000000012,194.01666666666665,22,5,0
2025-04-12 23:00:00,Hive_02,34.4,14.43,51.87,74.4,28.992,204.5,1,Healthy,19.97,-22.53000000000001,34.45375,0.23070426203658304,0.2630000000000017,198.35,23,5,0
2025-04-13 00:00:00,Hive_02,34.19,15.92,56.29,78.16,29.01,205.9,1,Healthy,18.269999999999996,-21.869999999999997,34.443333333333335,0.23691250754653703,0.30500000000000327,200.9333333333333,0,6,0
2025-04-13 01:00:00,Hive_02,34.67,12.95,52.14,78.97,29.011,225.8,1,Healthy,21.720000000000002,-26.83,34.4625,0.2358195699371105,0.2989999999999995,206.48333333333335,1,6,0
2025-04-13 02:00:00,Hive_02,34.14,11.09,51.69,79.1,29.017,202.0,1,Healthy,23.05,-27.409999999999997,34.43458333333333,0.23252824357069837,0.28000000000000114,203.68333333333337,2,6,0
2025-04-13 03:00:00,Hive_02,34.81,12.06,54.71,79.57,29.015,195.8,2,Healthy,22.75,-24.859999999999992,34.44708333333333,0.24451334393530233,0.24600000000000222,205.60000000000002,3,6,0
2025-04-13 04:00:00,Hive_02,34.53,15.19,55.51,76.73,29.005,200.3,0,Healthy,19.340000000000003,-21.220000000000006,34.455,0.24397077515665758,0.23300000000000054,205.71666666666667,4,6,0
2025-04-13 05:00:00,Hive_02,34.38,11.69,55.3,76.34,29.015,185.4,1,Healthy,22.690000000000005,-21.040000000000006,34.46666666666667,0.23269062623221187,0.19500000000000028,202.53333333333333,5,6,0
2025-04-13 06:00:00,Hive_02,34.09,14.15,54.71,75.28,29.004,208.6,46,Healthy,19.940000000000005,-20.57,34.45875,0.24234923596747548,0.22900000000000276,202.98333333333335,6,6,0
2025-04-13 07:00:00,Hive_02,34.51,17.15,55.77,70.59,28.995,178.9,61,Healthy,17.36,-14.82,34.46875,0.2391527163534584,0.1880000000000024,195.16666666666666,7,6,0
2025-04-13 08:00:00,Hive_02,34.48,19.52,55.31,66.25,28.972,228.3,68,Healthy,14.959999999999997,-10.939999999999998,34.46208333333333,0.23638544733179204,0.15700000000000003,199.55000000000004,8,6,0
2025-04-13 09:00:00,Hive_02,34.59,23.12,53.05,59.45,28.991,194.7,78,Healthy,11.470000000000002,-6.400000000000006,34.48166666666666,0.2260562966950294,0.1479999999999997,199.36666666666667,9,6,0
2025-04-13 10:00:00,Hive_02,34.29,25.05,55.69,55.03,29.043,197.9,90,Healthy,9.239999999999998,0.6599999999999966,34.47166666666667,0.22911297131174393,0.24099999999999966,198.9666666666667,10,6,0
2025-04-13 11:00:00,Hive_02,33.98,25.5,55.14,58.28,29.021,162.4,91,Healthy,8.479999999999997,-3.1400000000000006,34.45416666666667,0.24992027714381607,0.2270000000000003,195.13333333333333,11,6,0
2025-04-13 12:00:00,Hive_02,34.47,27.14,59.65,51.44,29.026,207.7,83,Healthy,7.329999999999998,8.21,34.44083333333333,0.23954516079035074,0.21499999999999986,194.98333333333335,12,6,0
2025-04-13 13:00:00,Hive_02,34.38,28.17,57.73,50.03,29.059,202.1,65,Healthy,6.210000000000001,7.699999999999996,34.44541666666667,0.2371750255691517,0.1960000000000015,198.85,13,6,0
2025-04-13 14:00:00,Hive_02,34.43,27.46,56.65,55.41,29.098,203.3,76,Healthy,6.969999999999999,1.240000000000002,34.44958333333333,0.23593438967642924,0.1980000000000004,194.6833333333333,14,6,0
2025-04-13 15:00:00,Hive_02,34.26,24.07,55.26,51.88,29.083,196.0,78,Healthy,10.189999999999998,3.3799999999999955,34.42166666666667,0.21535949049212852,0.1769999999999996,194.9,15,6,0
2025-04-13 16:00:00,Hive_02,34.86,27.33,54.1,49.78,29.059,198.4,70,Healthy,7.530000000000001,4.32,34.446666666666665,0.2300976478287778,0.1440000000000019,194.98333333333335,16,6,0
2025-04-13 17:00:00,Hive_02,34.43,25.9,54.82,57.12,29.047,212.3,62,Healthy,8.530000000000001,-2.299999999999997,34.44375,0.22983571637550854,0.13100000000000023,203.29999999999998,17,6,0
2025-04-13 18:00:00,Hive_02,34.93,23.37,53.16,53.69,29.046,205.4,38,Healthy,11.559999999999999,-0.5300000000000011,34.445,0.23249123405657202,0.120000000000001,202.91666666666666,18,6,0
2025-04-13 19:00:00,Hive_02,34.72,19.83,54.18,56.87,29.114,185.1,30,Healthy,14.89,-2.6899999999999977,34.45208333333333,0.238345368096086,0.1700000000000017,200.08333333333334,19,6,0
2025-04-13 20:00:00,Hive_02,34.36,19.15,55.92,65.49,29.105,179.3,12,Healthy,15.21,-9.569999999999993,34.44583333333333,0.23872699828517366,0.18100000000000094,196.08333333333334,20,6,0
2025-04-13 21:00:00,Hive_02,34.41,14.59,54.05,67.85,29.139,218.4,1,Healthy,19.819999999999997,-13.799999999999997,34.44125,0.2382967185822338,0.19899999999999807,199.8166666666667,21,6,0
2025-04-13 22:00:00,Hive_02,34.32,13.31,54.01,71.37,29.135,190.2,1,Healthy,21.009999999999998,-17.360000000000007,34.44291666666667,0.23725750396670245,0.1720000000000006,198.45000000000002,22,6,0
2025-04-13 23:00:00,Hive_02,34.61,13.39,53.63,76.02,29.171,185.3,0,Healthy,21.22,-22.389999999999993,34.45166666666667,0.23946800942158644,0.1789999999999985,193.95000000000002,23,6,0
2025-04-14 00:00:00,Hive_02,34.6,13.64,51.39,76.36,29.209,210.1,0,Healthy,20.96,-24.97,34.46875,0.23456365595667075,0.19899999999999807,194.73333333333335,0,0,0
2025-04-14 01:00:00,Hive_02,34.28,10.05,53.75,82.83,29.173,194.7,1,Healthy,24.23,-29.08,34.4525,0.2335221803079046,0.16199999999999903,196.33333333333334,1,0,0
2025-04-14 02:00:00,Hive_02,34.04,13.07,55.68,77.2,29.204,176.4,3,Healthy,20.97,-21.520000000000003,34.44833333333333,0.24013884872458993,0.18700000000000117,195.85,2,0,0
2025-04-14 03:00:00,Hive_02,34.48,12.33,51.22,81.67,29.21,215.9,1,Healthy,22.15,-30.450000000000003,34.43458333333333,0.2276530381901469,0.19500000000000028,195.4333333333333,3,0,0
2025-04-14 04:00:00,Hive_02,33.63,12.49,57.51,77.64,29.202,207.6,1,Healthy,21.14,-20.130000000000003,34.397083333333335,0.27947900545989507,0.19700000000000273,198.33333333333334,4,0,0
2025-04-14 05:00:00,Hive_02,34.43,16.23,53.66,76.42,29.228,171.9,2,Healthy,18.2,-22.760000000000005,34.399166666666666,0.2795324771778766,0.21300000000000097,196.10000000000002,5,0,0
2025-04-14 06:00:00,Hive_02,34.55,14.35,55.97,75.0,29.24,173.7,41,Healthy,20.199999999999996,-19.03,34.41833333333333,0.27310878015399387,0.2359999999999971,190.03333333333333,6,0,0
2025-04-14 07:00:00,Hive_02,34.85,18.94,55.6,69.22,29.231,188.1,61,Healthy,15.91,-13.619999999999997,34.4325,0.28655752893861863,0.23600000000000065,188.9333333333333,7,0,0
2025-04-14 08:00:00,Hive_02,34.63,16.53,56.84,68.35,29.209,218.7,92,Healthy,18.1,-11.509999999999991,34.43875,0.2892616162037393,0.23699999999999832,195.98333333333335,8,0,0
2025-04-14 09:00:00,Hive_02,34.5,20.09,52.68,62.66,29.229,212.5,72,Healthy,14.41,-9.979999999999997,34.435,0.28779521704959754,0.23799999999999955,195.41666666666666,9,0,0
2025-04-14 10:00:00,Hive_02,34.05,25.75,55.2,54.17,29.239,189.3,92,Healthy,8.299999999999997,1.0300000000000011,34.425,0.29707267446391916,0.1960000000000015,192.36666666666667,10,0,0
2025-04-14 11:00:00,Hive_02,34.46,26.45,55.9,56.11,29.241,230.8,80,Healthy,8.010000000000002,-0.21000000000000085,34.445,0.2815639552031997,0.21999999999999886,202.1833333333333,11,0,0
2025-04-14 12:00:00,Hive_02,34.09,30.09,57.05,52.08,29.253,212.8,102,Healthy,4.0000000000000036,4.969999999999999,34.42916666666667,0.29063523630112836,0.2270000000000003,208.70000000000002,12,0,0
2025-04-14 13:00:00,Hive_02,34.79,28.23,55.0,49.33,29.277,167.7,93,Healthy,6.559999999999999,5.670000000000002,34.44625,0.29953315124666335,0.21799999999999997,205.30000000000004,13,0,0
2025-04-14 14:00:00,Hive_02,34.69,27.04,55.36,53.31,29.296,185.0,100,Healthy,7.649999999999999,2.049999999999997,34.45708333333334,0.30359411071046244,0.1980000000000004,199.6833333333333,14,0,0
2025-04-14 15:00:00,Hive_02,34.98,30.71,54.15,51.3,29.291,200.6,82,Healthy,4.269999999999996,2.8500000000000014,34.48708333333333,0.3184811668267012,0.20800000000000196,197.70000000000002,15,0,0
2025-04-14 16:00:00,Hive_02,34.59,26.34,53.5,53.09,29.311,213.0,71,Healthy,8.250000000000004,0.4099999999999966,34.475833333333334,0.30937407590276084,0.2519999999999989,201.65,16,0,0
2025-04-14 17:00:00,Hive_02,34.64,27.39,53.24,51.96,29.299,190.5,50,Healthy,7.25,1.2800000000000011,34.48458333333333,0.31098691663629374,0.2519999999999989,194.9333333333333,17,0,0
2025-04-14 18:00:00,Hive_02,34.75,23.18,54.52,57.07,29.277,217.1,41,Healthy,11.57,-2.549999999999997,34.47708333333333,0.3018130600032302,0.23100000000000165,195.65,18,0,0
2025-04-14 19:00:00,Hive_02,34.56,21.98,56.64,62.01,29.297,187.1,61,Healthy,12.580000000000002,-5.369999999999997,34.47041666666667,0.2979565064069785,0.18299999999999983,198.88333333333333,19,0,0
2025-04-14 20:00:00,Hive_02,34.79,20.29,55.37,64.71,29.315,237.4,27,Healthy,14.5,-9.339999999999996,34.48833333333334,0.3038973892426763,0.21000000000000085,207.61666666666667,20,0,0
2025-04-14 21:00:00,Hive_02,34.82,17.45,52.74,69.12,29.285,191.2,0,Healthy,17.37,-16.380000000000003,34.50541666666667,0.3107491532281217,0.1460000000000008,206.05000000000004,21,0,0
2025-04-14 22:00:00,Hive_02,34.23,15.36,52.86,73.5,29.297,212.9,0,Healthy,18.869999999999997,-20.64,34.501666666666665,0.313613812177519,0.16199999999999903,206.03333333333333,22,0,0
2025-04-14 23:00:00,Hive_02,34.79,15.57,56.83,77.24,29.351,194.7,2,Healthy,19.22,-20.409999999999997,34.509166666666665,0.3184325287442064,0.17999999999999972,206.73333333333332,23,0,0
2025-04-15 00:00:00,Hive_02,34.96,12.45,52.98,77.99,29.343,220.7,3,Healthy,22.51,-25.009999999999998,34.524166666666666,0.3311234718700878,0.13400000000000034,207.33333333333334,0,1,0
2025-04-15 01:00:00,Hive_02,34.6,11.73,57.25,81.2,29.355,215.4,4,Healthy,22.87,-23.950000000000003,34.5375,0.3272846122130064,0.18200000000000216,212.04999999999998,1,1,0
2025-04-15 02:00:00,Hive_02,34.72,12.9,54.45,80.1,29.413,202.7,1,Healthy,21.82,-25.64999999999999,34.56583333333334,0.31139122138194447,0.20899999999999963,206.26666666666665,2,1,0
2025-04-15 03:00:00,Hive_02,34.76,11.02,54.25,81.68,29.434,177.4,2,Healthy,23.74,-27.430000000000007,34.5775,0.31327512564508353,0.2240000000000002,203.96666666666667,3,1,0
2025-04-15 04:00:00,Hive_02,34.27,13.75,53.08,81.41,29.426,180.0,3,Healthy,20.520000000000003,-28.33,34.604166666666664,0.24995506842631313,0.22399999999999665,198.48333333333335,4,1,0
2025-04-15 05:00:00,Hive_02,34.87,16.67,55.2,76.25,29.434,195.0,1,Healthy,18.199999999999996,-21.049999999999997,34.622499999999995,0.25274579083088394,0.20599999999999952,198.53333333333333,5,1,0
2025-04-15 06:00:00,Hive_02,34.49,13.68,56.12,73.03,29.446,197.6,41,Healthy,20.810000000000002,-16.910000000000004,34.62,0.25378868306584107,0.20600000000000307,194.6833333333333,6,1,0
2025-04-15 07:00:00,Hive_02,34.16,18.04,55.13,70.36,29.461,189.2,54,Healthy,16.119999999999997,-15.229999999999997,34.591249999999995,0.2654170221600182,0.22999999999999687,190.31666666666663,7,1,0
2025-04-15 08:00:00,Hive_02,34.6,20.35,53.66,62.73,29.492,235.1,61,Healthy,14.25,-9.07,34.589999999999996,0.26529720823214437,0.28300000000000125,195.71666666666667,8,1,0
2025-04-15 09:00:00,Hive_02,34.81,22.87,53.1,59.66,29.512,186.9,76,Healthy,11.940000000000001,-6.559999999999995,34.602916666666665,0.2682548944677727,0.28300000000000125,197.29999999999998,9,1,0
2025-04-15 10:00:00,Hive_02,34.25,22.45,55.83,59.14,29.515,198.3,86,Healthy,11.8,-3.3100000000000023,34.611250000000005,0.2530047688159211,0.2759999999999998,200.35,10,1,0
2025-04-15 11:00:00,Hive_02,34.96,24.51,53.83,54.81,29.548,222.5,80,Healthy,10.45,-0.980000000000004,34.632083333333334,0.26048415067666686,0.3069999999999986,204.9333333333333,11,1,0
2025-04-15 12:00:00,Hive_02,34.34,24.75,57.8,52.61,29.559,188.0,78,Healthy,9.590000000000003,5.189999999999998,34.6425,0.24222249922448796,0.30600000000000094,203.33333333333334,12,1,0
2025-04-15 13:00:00,Hive_02,34.51,29.36,56.43,49.37,29.559,199.3,88,Healthy,5.149999999999999,7.060000000000002,34.630833333333335,0.24155144679632254,0.28200000000000003,205.01666666666668,13,1,0
2025-04-15 14:00:00,Hive_02,34.43,29.02,55.1,51.18,29.562,177.8,87,Healthy,5.41,3.9200000000000017,34.620000000000005,0.24459371814632144,0.2660000000000018,195.4666666666667,14,1,0
2025-04-15 15:00:00,Hive_02,34.27,30.57,53.69,48.74,29.586,206.7,76,Healthy,3.700000000000003,4.949999999999996,34.59041666666667,0.24208297475614565,0.29499999999999815,198.76666666666665,15,1,0
2025-04-15 16:00:00,Hive_02,34.03,25.55,55.22,52.19,29.614,181.2,54,Healthy,8.48,3.030000000000001,34.567083333333336,0.2677519807368785,0.3030000000000008,195.91666666666666,16,1,0
2025-04-15 17:00:00,Hive_02,34.84,28.03,54.77,53.17,29.621,206.6,51,Healthy,6.810000000000002,1.6000000000000014,34.57541666666667,0.27317742548976887,0.3219999999999992,193.26666666666665,17,1,0
2025-04-15 18:00:00,Hive_02,34.1,24.2,55.51,56.74,29.625,197.6,37,Healthy,9.900000000000002,-1.230000000000004,34.54833333333334,0.28698836011360124,0.347999999999999,194.86666666666667,18,1,0
2025-04-15 19:00:00,Hive_02,34.79,24.46,54.54,62.87,29.601,229.3,39,Healthy,10.329999999999998,-8.329999999999998,34.557916666666664,0.2912040845192508,0.3039999999999985,199.86666666666667,19,1,0
2025-04-15 20:00:00,Hive_02,34.85,18.88,54.97,65.83,29.636,216.2,19,Healthy,15.970000000000002,-10.86,34.56041666666667,0.2935314095730005,0.32099999999999795,206.26666666666665,20,1,0
2025-04-15 21:00:00,Hive_02,33.69,16.92,54.78,70.8,29.618,192.9,1,Healthy,16.769999999999996,-16.019999999999996,34.51333333333333,0.33742846799670667,0.3329999999999984,203.96666666666667,21,1,0
2025-04-15 22:00:00,Hive_02,34.17,15.46,58.44,71.4,29.665,182.6,3,Healthy,18.71,-12.960000000000008,34.51083333333334,0.3398326527633409,0.36799999999999855,204.19999999999996,22,1,0
2025-04-15 23:00:00,Hive_02,34.48,13.74,54.01,75.86,29.695,201.9,1,Healthy,20.739999999999995,-21.85,34.49791666666666,0.33461176941643056,0.3440000000000012,203.41666666666666,23,1,0
2025-04-16 00:00:00,Hive_02,34.01,11.11,55.02,76.2,29.681,196.0,3,Healthy,22.9,-21.18,34.458333333333336,0.3337620431525763,0.33800000000000097,203.15,0,2,0
2025-04-16 01:00:00,Hive_02,34.47,14.07,57.82,79.42,29.701,195.1,0,Healthy,20.4,-21.6,34.45291666666667,0.33241513028243164,0.3460000000000001,197.45000000000002,1,2,0
2025-04-16 02:00:00,Hive_02,34.31,12.59,55.44,81.66,29.704,197.2,0,Healthy,21.720000000000002,-26.22,34.435833333333335,0.32860597081927123,0.29100000000000037,194.2833333333333,2,2,0
2025-04-16 03:00:00,Hive_02,34.31,11.94,55.08,81.43,29.699,205.4,1,Healthy,22.370000000000005,-26.35000000000001,34.41708333333333,0.32207856409481594,0.26500000000000057,196.36666666666667,3,2,0
2025-04-16 04:00:00,Hive_02,34.78,11.66,54.09,80.66,29.719,208.1,2,Healthy,23.12,-26.569999999999993,34.43833333333333,0.328708496030182,0.2930000000000028,200.61666666666667,4,2,0
2025-04-16 05:00:00,Hive_02,34.33,11.8,54.46,77.62,29.782,204.5,1,Healthy,22.529999999999998,-23.160000000000004,34.41583333333333,0.31611660846123,0.347999999999999,201.04999999999998,5,2,0
2025-04-16 06:00:00,Hive_02,34.1,12.69,53.49,75.28,29.785,221.2,57,Healthy,21.410000000000004,-21.79,34.39958333333333,0.3221055615069762,0.33899999999999864,205.25,6,2,0
2025-04-16 07:00:00,Hive_02,34.32,17.69,55.21,69.5,29.796,214.5,70,Healthy,16.63,-14.29,34.40625,0.31856761619326346,0.33500000000000085,208.48333333333335,7,2,0
2025-04-16 08:00:00,Hive_02,34.72,20.74,54.86,64.28,29.785,194.0,70,Healthy,13.98,-9.420000000000002,34.41125,0.32265626480434806,0.29299999999999926,207.95000000000002,8,2,0
2025-04-16 09:00:00,Hive_02,34.14,23.44,55.09,60.75,29.797,202.8,87,Healthy,10.7,-5.659999999999997,34.38333333333333,0.31556252969106946,0.28500000000000014,207.51666666666665,9,2,0
2025-04-16 10:00:00,Hive_02,34.32,25.53,53.44,56.31,29.821,221.7,81,Healthy,8.79,-2.8700000000000045,34.38625,0.3145986055417212,0.30600000000000094,209.78333333333333,10,2,0
2025-04-16 11:00:00,Hive_02,34.65,25.29,55.65,57.33,29.807,210.2,79,Healthy,9.36,-1.6799999999999997,34.373333333333335,0.2958211367154736,0.25900000000000034,210.73333333333335,11,2,0
2025-04-16 12:00:00,Hive_02,34.32,25.23,54.67,51.32,29.788,214.4,101,Healthy,9.09,3.3500000000000014,34.3725,0.2959472632223422,0.2289999999999992,209.6,12,2,0
2025-04-16 13:00:00,Hive_02,34.26,24.81,56.29,52.47,29.797,200.4,86,Healthy,9.45,3.8200000000000003,34.36208333333334,0.2952961544630706,0.23799999999999955,207.25,13,2,0
2025-04-16 14:00:00,Hive_02,34.68,29.82,56.65,47.52,29.821,234.9,79,Healthy,4.859999999999999,9.129999999999995,34.372499999999995,0.3021265211508373,0.25900000000000034,214.06666666666663,14,2,0
2025-04-16 15:00:00,Hive_02,34.87,29.16,54.99,50.3,29.824,219.6,73,Healthy,5.709999999999997,4.690000000000005,34.3975,0.31769892775354547,0.2380000000000031,216.86666666666667,15,2,0
2025-04-16 16:00:00,Hive_02,34.69,24.81,57.09,50.98,29.836,219.8,56,Healthy,9.879999999999999,6.1100000000000065,34.425000000000004,0.3130356279210536,0.22199999999999775,216.54999999999998,16,2,0
2025-04-16 17:00:00,Hive_02,34.47,24.99,55.13,53.82,29.86,193.3,61,Healthy,9.48,1.3100000000000023,34.40958333333333,0.3005716172587664,0.23900000000000077,213.73333333333332,17,2,0
2025-04-16 18:00:00,Hive_02,34.47,23.93,54.78,55.65,29.866,200.5,50,Healthy,10.54,-0.8699999999999974,34.425,0.2934057881532695,0.24099999999999966,211.41666666666666,18,2,0
2025-04-16 19:00:00,Hive_02,34.15,21.42,53.92,63.66,29.932,184.4,26,Healthy,12.729999999999997,-9.739999999999995,34.39833333333333,0.2878203948823733,0.3309999999999995,208.75,19,2,0
2025-04-16 20:00:00,Hive_02,34.43,21.1,58.22,60.85,29.911,170.3,15,Healthy,13.329999999999998,-2.6300000000000026,34.380833333333335,0.2714680967191741,0.27500000000000213,197.98333333333335,20,2,0
2025-04-16 21:00:00,Hive_02,34.35,19.28,56.02,71.13,29.949,226.8,1,Healthy,15.07,-15.109999999999992,34.40833333333333,0.22846684978214277,0.33100000000000307,199.18333333333337,21,2,0
2025-04-16 22:00:00,Hive_02,34.37,12.55,54.61,70.86,29.955,216.8,3,Healthy,21.819999999999997,-16.25,34.416666666666664,0.22297721986743776,0.28999999999999915,198.68333333333337,22,2,0
2025-04-16 23:00:00,Hive_02,34.61,14.09,55.1,77.8,29.983,201.1,4,Healthy,20.52,-22.699999999999996,34.42208333333333,0.2261392254242157,0.28800000000000026,199.98333333333335,23,2,0
2025-04-17 00:00:00,Hive_02,34.46,10.91,55.66,76.96,30.019,199.6,0,Healthy,23.55,-21.299999999999997,34.44083333333334,0.20845011219825615,0.3379999999999974,199.83333333333334,0,3,0
2025-04-17 01:00:00,Hive_02,33.92,13.54,54.99,81.0,29.997,190.0,1,Healthy,20.380000000000003,-26.009999999999998,34.41791666666666,0.23379625404590723,0.2959999999999994,200.76666666666665,1,3,0
2025-04-17 02:00:00,Hive_02,34.11,13.21,56.32,80.23,29.978,205.0,1,Healthy,20.9,-23.910000000000004,34.40958333333333,0.24125539717645117,0.2740000000000009,206.54999999999998,2,3,0
2025-04-17 03:00:00,Hive_02,34.66,11.72,57.01,80.5,29.986,204.6,1,Healthy,22.939999999999998,-23.490000000000002,34.42416666666667,0.24551483912787436,0.28699999999999903,202.85,3,3,0
2025-04-17 04:00:00,Hive_02,34.47,13.34,52.29,78.87,30.003,205.5,1,Healthy,21.13,-26.580000000000005,34.41125,0.23385823464899422,0.2839999999999989,200.96666666666667,4,3,0
2025-04-17 05:00:00,Hive_02,34.65,12.42,54.66,78.56,29.99,187.7,3,Healthy,22.229999999999997,-23.900000000000006,34.42458333333333,0.23810810783044442,0.2079999999999984,198.73333333333335,5,3,0
2025-04-17 06:00:00,Hive_02,34.65,16.21,53.78,71.4,30.03,220.3,45,Healthy,18.439999999999998,-17.620000000000005,34.4475,0.2318967161402374,0.245000000000001,202.1833333333333,6,3,0
2025-04-17 07:00:00,Hive_02,34.06,16.99,52.99,63.65,30.043,195.1,46,Healthy,17.070000000000004,-10.659999999999997,34.43666666666667,0.24387571080151363,0.2469999999999999,203.03333333333333,7,3,0
2025-04-17 08:00:00,Hive_02,34.66,19.58,52.15,66.01,30.05,179.2,79,Healthy,15.079999999999998,-13.860000000000007,34.43416666666666,0.24113710093923327,0.26500000000000057,198.73333333333332,8,3,0
2025-04-17 09:00:00,Hive_02,34.27,23.25,54.31,59.32,30.015,205.0,75,Healthy,11.020000000000003,-5.009999999999998,34.43958333333334,0.23563935536578895,0.21799999999999997,198.79999999999998,9,3,0
2025-04-17 10:00:00,Hive_02,34.31,25.46,52.74,55.3,30.005,182.3,94,Healthy,8.850000000000001,-2.559999999999995,34.439166666666665,0.23586873038009415,0.1839999999999975,194.93333333333337,10,3,0
2025-04-17 11:00:00,Hive_02,34.39,24.61,53.1,54.64,30.012,209.0,76,Healthy,9.780000000000001,-1.5399999999999991,34.428333333333335,0.23169820450559522,0.20500000000000185,198.48333333333335,11,3,0
2025-04-17 12:00:00,Hive_02,34.36,28.14,55.8,50.31,30.009,200.6,86,Healthy,6.219999999999999,5.489999999999995,34.43,0.23102794862003284,0.22100000000000009,195.20000000000002,12,3,0
2025-04-17 13:00:00,Hive_02,33.95,27.92,55.92,45.75,30.039,186.3,86,Healthy,6.030000000000001,10.170000000000002,34.41708333333333,0.2489190398621572,0.24200000000000088,193.73333333333335,13,3,0
2025-04-17 14:00:00,Hive_02,33.89,28.44,53.67,51.39,30.043,210.5,109,Healthy,5.449999999999999,2.280000000000001,34.384166666666665,0.264392933318015,0.22199999999999775,198.95000000000002,14,3,0
2025-04-17 15:00:00,Hive_02,34.62,27.39,56.98,47.7,30.055,186.4,87,Healthy,7.229999999999997,9.279999999999994,34.37375,0.24888992677943336,0.2309999999999981,195.85,15,3,0
2025-04-17 16:00:00,Hive_02,34.61,27.92,56.5,49.96,30.089,199.0,66,Healthy,6.689999999999998,6.539999999999999,34.370416666666664,0.24497522796996873,0.2530000000000001,198.63333333333333,16,3,0
2025-04-17 17:00:00,Hive_02,34.63,27.5,52.94,51.97,30.12,196.1,73,Healthy,7.130000000000003,0.9699999999999989,34.37708333333334,0.24993006268150722,0.26000000000000156,196.48333333333335,17,3,0
2025-04-17 18:00:00,Hive_02,34.93,24.74,57.33,55.05,30.147,188.6,46,Healthy,10.190000000000001,2.280000000000001,34.39625,0.273858301983556,0.2809999999999988,194.48333333333335,18,3,0
2025-04-17 19:00:00,Hive_02,35.01,22.29,55.22,59.71,30.103,205.1,36,Healthy,12.719999999999999,-4.490000000000002,34.43208333333333,0.2956346035914615,0.17100000000000293,197.61666666666667,19,3,0
2025-04-17 20:00:00,Hive_02,34.74,19.89,56.68,64.26,30.119,194.9,29,Healthy,14.850000000000001,-7.580000000000005,34.445,0.3022380288564925,0.2079999999999984,195.01666666666668,20,3,0
2025-04-17 21:00:00,Hive_02,34.67,17.96,55.69,67.28,30.16,218.8,1,Healthy,16.71,-11.590000000000003,34.458333333333336,0.3049114863248934,0.21099999999999852,200.41666666666666,21,3,0
2025-04-17 22:00:00,Hive_02,34.71,17.23,54.23,70.6,30.149,204.2,0,Healthy,17.48,-16.369999999999997,34.472500000000004,0.3085062186676702,0.19400000000000261,201.28333333333333,22,3,0
2025-04-17 23:00:00,Hive_02,34.52,11.72,54.45,75.25,30.128,187.7,2,Healthy,22.800000000000004,-20.799999999999997,34.46875,0.30730684990755164,0.14499999999999957,199.88333333333333,23,3,0
2025-04-18 00:00:00,Hive_02,34.85,13.94,55.6,77.96,30.123,195.8,0,Healthy,20.910000000000004,-22.359999999999992,34.485,0.3169830608560471,0.10400000000000276,201.08333333333334,0,4,0
2025-04-18 01:00:00,Hive_02,34.71,12.11,57.1,81.71,30.127,220.2,1,Healthy,22.6,-24.609999999999992,34.51791666666667,0.2960901620420303,0.129999999999999,203.6,1,4,0
2025-04-18 02:00:00,Hive_02,34.71,14.21,57.21,79.96,30.133,203.3,3,Healthy,20.5,-22.749999999999993,34.54291666666667,0.28528367524697995,0.15499999999999758,205.0,2,4,0
2025-04-18 03:00:00,Hive_02,35.14,12.07,54.3,76.85,30.146,217.3,1,Healthy,23.07,-22.549999999999997,34.56291666666667,0.30963483635431566,0.16000000000000014,204.75,3,4,0
2025-04-18 04:00:00,Hive_02,33.96,11.56,54.57,78.5,30.161,196.0,0,Healthy,22.4,-23.93,34.541666666666664,0.3329142292814719,0.15800000000000125,203.38333333333333,4,4,0
2025-04-18 05:00:00,Hive_02,34.93,16.73,54.61,75.81,30.153,204.0,1,Healthy,18.2,-21.200000000000003,34.553333333333335,0.34166684340767334,0.16300000000000026,206.10000000000002,5,4,0
2025-04-18 06:00:00,Hive_02,34.31,14.23,52.24,75.44,30.19,192.4,43,Healthy,20.080000000000002,-23.199999999999996,34.53916666666667,0.3445213020066209,0.16000000000000014,205.5333333333333,6,4,0
2025-04-18 07:00:00,Hive_02,34.11,15.28,55.09,72.36,30.218,206.3,59,Healthy,18.83,-17.269999999999996,34.54125,0.3416368845275212,0.1750000000000007,203.21666666666667,7,4,0
2025-04-18 08:00:00,Hive_02,34.56,17.45,53.82,63.38,30.232,210.2,79,Healthy,17.110000000000003,-9.560000000000002,34.537083333333335,0.3407342349114415,0.1819999999999986,204.36666666666667,8,4,0
2025-04-18 09:00:00,Hive_02,34.73,20.23,55.0,65.51,30.264,235.5,63,Healthy,14.499999999999996,-10.510000000000005,34.55625,0.3379839525391983,0.24899999999999878,207.4,9,4,0
2025-04-18 10:00:00,Hive_02,34.56,23.66,55.55,52.74,30.273,190.2,64,Healthy,10.900000000000002,2.809999999999995,34.56666666666667,0.33389228498292783,0.2680000000000007,206.4333333333333,10,4,0
2025-04-18 11:00:00,Hive_02,34.32,26.22,55.66,57.3,30.252,206.9,84,Healthy,8.100000000000001,-1.6400000000000006,34.563750000000006,0.335802898969958,0.23999999999999844,206.91666666666666,11,4,0
2025-04-18 12:00:00,Hive_02,34.38,25.78,55.57,50.49,30.236,194.0,89,Healthy,8.600000000000001,5.079999999999998,34.56458333333334,0.33529972531633173,0.2270000000000003,207.1833333333333,12,4,0
2025-04-18 13:00:00,Hive_02,34.24,26.08,54.0,54.1,30.226,227.0,94,Healthy,8.160000000000004,-0.10000000000000142,34.57666666666667,0.3169098989588012,0.1869999999999976,210.63333333333333,13,4,0
2025-04-18 14:00:00,Hive_02,34.56,26.6,55.39,52.21,30.229,188.8,88,Healthy,7.960000000000001,3.1799999999999997,34.60458333333333,0.28130100181708584,0.18599999999999994,207.06666666666663,14,4,0
2025-04-18 15:00:00,Hive_02,34.12,26.91,57.3,54.14,30.237,204.5,86,Healthy,7.209999999999997,3.1599999999999966,34.58375,0.29812183823881416,0.1819999999999986,201.9,15,4,0
2025-04-18 16:00:00,Hive_02,33.69,25.98,53.92,53.74,30.229,181.2,67,Healthy,7.709999999999997,0.17999999999999972,34.54541666666666,0.34934695805395954,0.14000000000000057,200.39999999999998,16,4,0
2025-04-18 17:00:00,Hive_02,34.57,26.24,54.0,55.8,30.246,201.9,69,Healthy,8.330000000000002,-1.7999999999999972,34.54291666666666,0.3489297819816027,0.12599999999999767,199.5666666666667,17,4,0
2025-04-18 18:00:00,Hive_02,34.23,25.17,54.02,57.56,30.245,195.3,52,Healthy,9.059999999999995,-3.539999999999999,34.51375,0.34439376477732003,0.09800000000000253,199.78333333333333,18,4,0
2025-04-18 19:00:00,Hive_02,34.5,23.14,55.21,61.02,30.245,186.1,22,Healthy,11.36,-5.810000000000002,34.4925,0.3277757717126808,0.14199999999999946,192.96666666666667,19,4,0
2025-04-18 20:00:00,Hive_02,34.29,18.96,54.64,65.95,30.264,207.8,19,Healthy,15.329999999999998,-11.310000000000002,34.47375,0.3258675711284374,0.14499999999999957,196.13333333333333,20,4,0
2025-04-18 21:00:00,Hive_02,34.16,19.43,53.76,71.14,30.298,197.8,0,Healthy,14.729999999999997,-17.380000000000003,34.4525,0.32912598354365996,0.13799999999999812,195.01666666666668,21,4,0
2025-04-18 22:00:00,Hive_02,34.15,13.9,54.38,72.0,30.308,221.9,1,Healthy,20.25,-17.619999999999997,34.42916666666667,0.3299264300953548,0.15899999999999892,201.79999999999998,22,4,0
2025-04-18 23:00:00,Hive_02,34.93,15.95,55.43,78.46,30.279,206.9,3,Healthy,18.98,-23.029999999999994,34.44625,0.34510001700845133,0.1509999999999998,202.63333333333333,23,4,0
2025-04-19 00:00:00,Hive_02,34.76,12.95,55.85,81.48,30.311,205.0,0,Healthy,21.81,-25.630000000000003,34.4425,0.34098642074214264,0.18799999999999883,204.25,0,5,0
2025-04-19 01:00:00,Hive_02,34.26,11.52,54.66,81.88,30.3,226.8,3,Healthy,22.74,-27.22,34.42375,0.3379968162959372,0.17300000000000182,211.03333333333333,1,5,0
2025-04-19 02:00:00,Hive_02,34.3,10.67,55.92,80.29,30.32,212.2,2,Healthy,23.629999999999995,-24.370000000000005,34.406666666666666,0.3332275194371664,0.18700000000000117,211.76666666666665,2,5,0
2025-04-19 03:00:00,Hive_02,33.99,16.68,54.41,77.43,30.299,177.6,0,Healthy,17.310000000000002,-23.02000000000001,34.35874999999999,0.30464965623413887,0.1529999999999987,208.4,3,5,0
2025-04-19 04:00:00,Hive_02,34.66,11.69,54.24,76.08,30.305,213.4,1,Healthy,22.97,-21.839999999999996,34.38791666666667,0.2982554954729445,0.14399999999999835,206.98333333333332,4,5,0
2025-04-19 05:00:00,Hive_02,33.92,13.95,51.42,76.34,30.322,207.4,4,Healthy,19.970000000000002,-24.92,34.34583333333333,0.289571147173648,0.16900000000000048,207.0666666666667,5,5,0
2025-04-19 06:00:00,Hive_02,34.44,16.24,55.45,74.14,30.366,168.1,54,Healthy,18.2,-18.689999999999998,34.35125,0.29008713083892784,0.17599999999999838,200.91666666666666,6,5,0
2025-04-19 07:00:00,Hive_02,35.0,21.13,54.06,69.45,30.375,200.5,38,Healthy,13.870000000000001,-15.39,34.388333333333335,0.3138216977379285,0.15700000000000003,196.53333333333333,7,5,0
2025-04-19 08:00:00,Hive_02,34.75,18.25,56.31,62.81,30.391,212.4,68,Healthy,16.5,-6.5,34.39625,0.3206625274674928,0.15899999999999892,196.5666666666667,8,5,0
2025-04-19 09:00:00,Hive_02,34.52,23.87,54.6,61.14,30.415,193.7,88,Healthy,10.650000000000002,-6.539999999999999,34.387499999999996,0.31395444144724116,0.1509999999999998,199.25,9,5,0
2025-04-19 10:00:00,Hive_02,34.71,22.3,54.87,55.3,30.416,213.4,78,Healthy,12.41,-0.4299999999999997,34.393750000000004,0.3189904250983866,0.14300000000000068,199.25,10,5,0
2025-04-19 11:00:00,Hive_02,34.96,25.36,57.36,57.19,30.42,218.5,79,Healthy,9.600000000000001,0.1700000000000017,34.42041666666666,0.33869929162168316,0.1680000000000028,201.1,11,5,0
2025-04-19 12:00:00,Hive_02,35.0,25.57,53.7,47.31,30.428,186.3,96,Healthy,9.43,6.390000000000001,34.44625,0.35854552194170686,0.19200000000000017,204.13333333333335,12,5,0
2025-04-19 13:00:00,Hive_02,34.63,27.16,52.85,47.9,30.421,168.4,74,Healthy,7.470000000000002,4.950000000000003,34.4625,0.35762805550887683,0.19500000000000028,198.78333333333333,13,5,0
2025-04-19 14:00:00,Hive_02,34.06,28.27,55.0,46.07,30.42,229.9,102,Healthy,5.790000000000003,8.93,34.44166666666667,0.3661630269687855,0.1910000000000025,201.70000000000002,14,5,0
2025-04-19 15:00:00,Hive_02,34.72,26.43,54.1,51.63,30.4,199.8,76,Healthy,8.29,2.469999999999999,34.46666666666667,0.3637207082684354,0.16300000000000026,202.71666666666667,15,5,0
2025-04-19 16:00:00,Hive_02,34.27,26.27,53.27,52.89,30.412,205.8,58,Healthy,8.000000000000004,0.38000000000000256,34.490833333333335,0.327320035740567,0.18299999999999983,201.45000000000002,16,5,0
2025-04-19 17:00:00,Hive_02,34.33,27.05,54.61,50.85,30.41,191.5,79,Healthy,7.279999999999998,3.759999999999998,34.48083333333333,0.3284603962187257,0.16400000000000148,196.95000000000002,17,5,0
2025-04-19 18:00:00,Hive_02,34.63,22.72,55.14,62.38,30.429,237.9,40,Healthy,11.910000000000004,-7.240000000000002,34.497499999999995,0.3253125587333973,0.1839999999999975,205.55000000000004,18,5,0
2025-04-19 19:00:00,Hive_02,34.51,20.39,52.41,59.61,30.44,225.4,41,Healthy,14.119999999999997,-7.200000000000003,34.49791666666666,0.32532230395314155,0.19500000000000028,215.04999999999998,19,5,0
2025-04-19 20:00:00,Hive_02,34.77,19.56,53.76,63.76,30.487,229.0,32,Healthy,15.210000000000004,-10.0,34.51791666666667,0.3267358881112018,0.22299999999999898,214.9,20,5,0
2025-04-19 21:00:00,Hive_02,34.83,17.91,53.79,70.94,30.486,180.2,2,Healthy,16.919999999999998,-17.15,34.545833333333334,0.32343155537856705,0.1880000000000024,211.63333333333333,21,5,0
2025-04-19 22:00:00,Hive_02,34.36,17.0,52.98,69.8,30.478,208.3,1,Healthy,17.36,-16.82,34.55458333333333,0.3149876349081565,0.1700000000000017,212.04999999999998,22,5,0
2025-04-19 23:00:00,Hive_02,34.56,13.89,54.93,72.35,30.474,197.2,2,Healthy,20.67,-17.419999999999995,34.53916666666667,0.3047010889762206,0.19500000000000028,213.0,23,5,0
2025-04-20 00:00:00,Hive_02,35.04,11.85,54.05,75.04,30.482,215.2,5,Healthy,23.189999999999998,-20.99000000000001,34.55083333333334,0.3185690378617554,0.17099999999999937,209.21666666666667,0,6,0
2025-04-20 01:00:00,Hive_02,34.29,10.41,54.19,80.39,30.477,183.1,1,Healthy,23.88,-26.200000000000003,34.552083333333336,0.31743508979315854,0.1769999999999996,202.16666666666666,1,6,0
2025-04-20 02:00:00,Hive_02,34.52,9.79,55.63,81.89,30.478,194.5,2,Healthy,24.730000000000004,-26.259999999999998,34.561249999999994,0.3129844071683788,0.15800000000000125,196.41666666666666,2,6,0
2025-04-20 03:00:00,Hive_02,34.24,10.53,53.66,78.77,30.446,220.1,1,Healthy,23.71,-25.11,34.571666666666665,0.29689211430474016,0.14700000000000202,203.06666666666663,3,6,0
2025-04-20 04:00:00,Hive_02,34.11,14.82,53.37,80.13,30.507,226.3,1,Healthy,19.29,-26.759999999999998,34.54875,0.3106838530111365,0.20200000000000173,206.0666666666667,4,6,0
2025-04-20 05:00:00,Hive_02,34.63,14.73,53.92,74.34,30.476,180.2,2,Healthy,19.900000000000002,-20.42,34.57833333333333,0.2805532835802207,0.15399999999999991,203.23333333333332,5,6,0
2025-04-20 06:00:00,Hive_02,34.18,14.3,53.83,72.37,30.503,203.7,49,Healthy,19.88,-18.540000000000006,34.5675,0.2909542022830982,0.13700000000000045,201.3166666666667,6,6,0
2025-04-20 07:00:00,Hive_02,34.93,19.25,54.31,69.84,30.505,180.5,56,Healthy,15.68,-15.530000000000001,34.56458333333333,0.2867505985995643,0.129999999999999,200.88333333333335,7,6,0
2025-04-20 08:00:00,Hive_02,34.79,21.45,52.31,67.6,30.536,172.4,78,Healthy,13.34,-15.289999999999992,34.56625,0.28798871505687007,0.14500000000000313,197.20000000000002,8,6,0
2025-04-20 09:00:00,Hive_02,34.1,21.52,56.76,62.52,30.517,190.0,68,Healthy,12.580000000000002,-5.760000000000005,34.54875,0.30327649172807447,0.10200000000000031,192.1833333333333,9,6,0
2025-04-20 10:00:00,Hive_02,35.04,21.37,59.0,57.69,30.529,216.8,86,Healthy,13.669999999999998,1.3100000000000023,34.56250000000001,0.31802720693037106,0.11299999999999955,190.6,10,6,0
2025-04-20 11:00:00,Hive_02,34.56,26.41,55.81,53.71,30.527,198.8,88,Healthy,8.150000000000002,2.1000000000000014,34.545833333333334,0.3065646490678222,0.10699999999999932,193.70000000000002,11,6,0
2025-04-20 12:00:00,Hive_02,34.48,28.17,57.87,49.88,30.561,220.2,90,Healthy,6.309999999999995,7.989999999999995,34.524166666666666,0.2910538074663935,0.13299999999999912,196.45000000000002,12,6,0
2025-04-20 13:00:00,Hive_02,34.97,28.21,52.07,52.52,30.544,219.6,85,Healthy,6.759999999999998,-0.45000000000000284,34.538333333333334,0.3043977184779778,0.12300000000000111,202.96666666666667,13,6,0
2025-04-20 14:00:00,Hive_02,34.33,26.99,52.9,47.49,30.596,199.7,84,Healthy,7.34,5.409999999999997,34.54958333333333,0.2906286913434225,0.17599999999999838,207.51666666666665,14,6,0
2025-04-20 15:00:00,Hive_02,34.78,28.61,56.61,52.44,30.594,195.5,85,Healthy,6.170000000000002,4.170000000000002,34.552083333333336,0.2924109551073165,0.19400000000000261,208.4333333333333,15,6,0
2025-04-20 16:00:00,Hive_02,34.62,26.14,56.18,52.0,30.568,210.7,67,Healthy,8.479999999999997,4.18,34.56666666666666,0.2863969071165122,0.15600000000000236,207.41666666666666,16,6,0
2025-04-20 17:00:00,Hive_02,34.98,26.72,57.03,55.95,30.605,221.7,63,Healthy,8.259999999999998,1.0799999999999983,34.59375,0.29368442838933195,0.19500000000000028,211.23333333333335,17,6,0
2025-04-20 18:00:00,Hive_02,34.72,24.05,54.54,59.25,30.623,199.5,41,Healthy,10.669999999999998,-4.710000000000001,34.597500000000004,0.2947401213451312,0.19400000000000261,207.78333333333333,18,6,0
2025-04-20 19:00:00,Hive_02,35.11,24.01,52.56,61.23,30.622,200.5,51,Healthy,11.099999999999998,-8.669999999999995,34.6225,0.3119399329025371,0.1819999999999986,204.60000000000002,19,6,0
2025-04-20 20:00:00,Hive_02,34.16,20.6,53.26,65.62,30.638,179.5,24,Healthy,13.559999999999995,-12.360000000000007,34.59708333333333,0.32401662821902655,0.15100000000000335,201.23333333333335,20,6,0
2025-04-20 21:00:00,Hive_02,34.98,18.68,56.84,66.92,30.617,186.0,0,Healthy,16.299999999999997,-10.079999999999998,34.60333333333333,0.3300944089812608,0.13100000000000023,199.65,21,6,0
2025-04-20 22:00:00,Hive_02,34.38,14.83,55.69,74.03,30.597,212.0,1,Healthy,19.550000000000004,-18.340000000000003,34.604166666666664,0.3294780677094568,0.11899999999999977,199.86666666666667,22,6,0
2025-04-20 23:00:00,Hive_02,34.12,14.36,53.27,75.42,30.626,206.0,3,Healthy,19.759999999999998,-22.15,34.58583333333333,0.3439655779880995,0.15200000000000102,197.25,23,6,0
2025-04-21 00:00:00,Hive_02,33.98,13.56,54.59,78.28,30.635,229.3,2,Healthy,20.419999999999995,-23.689999999999998,34.541666666666664,0.3510935297990737,0.15300000000000225,202.21666666666667,0,0,0
2025-04-21 01:00:00,Hive_02,34.29,14.58,55.18,80.68,30.65,185.9,1,Healthy,19.71,-25.500000000000007,34.541666666666664,0.3510935297990737,0.17299999999999827,199.78333333333333,1,0,0
2025-04-21 02:00:00,Hive_02,33.88,11.69,56.81,83.21,30.641,179.4,3,Healthy,22.190000000000005,-26.39999999999999,34.515,0.37621686622862616,0.1629999999999967,199.76666666666668,2,0,0
2025-04-21 03:00:00,Hive_02,34.74,13.37,58.09,82.0,30.662,197.7,2,Healthy,21.370000000000005,-23.909999999999997,34.535833333333336,0.3741647703384498,0.21599999999999753,201.71666666666667,3,0,0
2025-04-21 04:00:00,Hive_02,34.3,14.94,54.54,76.43,30.63,202.1,0,Healthy,19.36,-21.890000000000008,34.543749999999996,0.3666986975470665,0.12299999999999756,200.0666666666667,4,0,0
2025-04-21 05:00:00,Hive_02,34.36,14.42,57.52,77.34,30.611,217.9,2,Healthy,19.939999999999998,-19.82,34.5325,0.3680766697071612,0.13500000000000156,202.04999999999998,5,0,0
2025-04-21 06:00:00,Hive_02,34.48,13.43,53.68,77.92,30.593,196.7,48,Healthy,21.049999999999997,-24.240000000000002,34.544999999999995,0.3606033591202417,0.08999999999999986,196.61666666666667,6,0,0
2025-04-21 07:00:00,Hive_02,34.69,18.08,54.42,68.29,30.564,197.8,36,Healthy,16.61,-13.870000000000005,34.535000000000004,0.3527038417711181,0.05900000000000105,198.6,7,0,0
2025-04-21 08:00:00,Hive_02,34.55,20.53,56.97,63.04,30.555,215.9,65,Healthy,14.019999999999996,-6.07,34.525,0.34853731632304547,0.01899999999999835,204.6833333333333,8,0,0
2025-04-21 09:00:00,Hive_02,34.25,24.7,56.03,60.39,30.557,187.4,73,Healthy,9.55,-4.359999999999999,34.53125,0.34186588394983414,0.03999999999999915,202.96666666666667,9,0,0
2025-04-21 10:00:00,Hive_02,33.92,23.93,55.03,60.18,30.579,202.9,97,Healthy,9.990000000000002,-5.149999999999999,34.484583333333326,0.34581949509608245,0.05000000000000071,203.10000000000002,10,0,0
2025-04-21 11:00:00,Hive_02,34.68,25.55,55.15,54.02,30.581,207.7,82,Healthy,9.129999999999999,1.1299999999999955,34.489583333333336,0.3478190329902157,0.053999999999998494,201.4,11,0,0
2025-04-21 12:00:00,Hive_02,34.91,26.01,50.17,50.95,30.599,200.5,73,Healthy,8.899999999999995,-0.7800000000000011,34.5075,0.3582232726158128,0.038000000000000256,202.03333333333333,12,0,0
2025-04-21 13:00:00,Hive_02,34.68,28.19,51.02,51.46,30.637,188.9,95,Healthy,6.489999999999998,-0.4399999999999977,34.495416666666664,0.3466482889500367,0.09299999999999997,200.54999999999998,13,0,0
2025-04-21 14:00:00,Hive_02,34.7,29.11,54.42,48.25,30.605,217.5,76,Healthy,5.590000000000003,6.170000000000002,34.51083333333333,0.3471989364174096,0.009000000000000341,200.8166666666667,14,0,0
2025-04-21 15:00:00,Hive_02,34.58,26.45,54.91,49.7,30.626,179.9,70,Healthy,8.129999999999999,5.209999999999994,34.5025,0.3428302913917565,0.03200000000000003,199.5666666666667,15,0,0
2025-04-21 16:00:00,Hive_02,34.47,26.75,56.63,55.81,30.637,192.7,67,Healthy,7.719999999999999,0.8200000000000003,34.49625,0.34196125511540654,0.06899999999999906,197.86666666666665,16,0,0
2025-04-21 17:00:00,Hive_02,34.91,25.4,55.54,55.6,30.671,185.5,56,Healthy,9.509999999999998,-0.060000000000002274,34.49333333333333,0.33793061632438604,0.06599999999999895,194.16666666666666,17,0,0
2025-04-21 18:00:00,Hive_02,34.39,22.91,56.09,58.13,30.662,200.6,56,Healthy,11.48,-2.039999999999999,34.47958333333333,0.3350078411370268,0.038999999999997925,194.1833333333333,18,0,0
2025-04-21 19:00:00,Hive_02,34.42,18.97,51.96,65.36,30.675,200.5,38,Healthy,15.450000000000003,-13.399999999999999,34.45083333333333,0.30698982657946355,0.053000000000000824,196.11666666666667,19,0,0
2025-04-21 20:00:00,Hive_02,34.59,21.49,55.68,66.49,30.683,226.6,15,Healthy,13.100000000000005,-10.809999999999995,34.46875,0.3017818460557193,0.04499999999999815,197.63333333333333,20,0,0
2025-04-21 21:00:00,Hive_02,34.74,18.14,53.73,69.01,30.658,202.4,2,Healthy,16.6,-15.280000000000008,34.45875,0.28775461315399586,0.04100000000000037,201.38333333333333,21,0,0
2025-04-21 22:00:00,Hive_02,34.85,18.23,58.55,69.96,30.661,180.6,1,Healthy,16.62,-11.409999999999997,34.47833333333333,0.2979738340814585,0.06400000000000006,199.36666666666667,22,0,0
2025-04-21 23:00:00,Hive_02,34.32,14.36,57.33,76.73,30.648,173.9,3,Healthy,19.96,-19.400000000000006,34.486666666666665,0.2902123160823826,0.021999999999998465,197.4333333333333,23,0,0
2025-04-22 00:00:00,Hive_02,35.44,9.66,54.98,77.58,30.636,199.1,1,Healthy,25.779999999999998,-22.6,34.5475,0.3297199074842346,0.0009999999999976694,197.1833333333333,0,1,0
2025-04-22 01:00:00,Hive_02,34.19,12.51,57.53,80.81,30.651,210.9,1,Healthy,21.68,-23.28,34.54333333333333,0.3337229606917408,0.0010000000000012221,198.91666666666666,1,1,0
2025-04-22 02:00:00,Hive_02,34.58,13.93,53.6,79.49,30.641,210.3,1,Healthy,20.65,-25.889999999999993,34.5725,0.302342305285462,0.0,196.20000000000002,2,1,0
2025-04-22 03:00:00,Hive_02,34.71,10.99,54.06,78.2,30.649,200.2,0,Healthy,23.72,-24.14,34.57125,0.30168097892241774,-0.012999999999998124,195.83333333333334,3,1,0
2025-04-22 04:00:00,Hive_02,34.28,10.87,56.59,78.66,30.678,210.8,3,Healthy,23.410000000000004,-22.069999999999993,34.57041666666667,0.302489369797832,0.04800000000000182,200.86666666666667,4,1,0
2025-04-22 05:00:00,Hive_02,34.32,14.22,58.68,76.9,30.728,200.2,2,Healthy,20.1,-18.220000000000006,34.56875,0.30380646728686855,0.11700000000000088,205.25,5,1,0
2025-04-22 06:00:00,Hive_02,34.3,18.04,56.31,72.21,30.739,202.7,41,Healthy,16.259999999999998,-15.899999999999991,34.56125,0.3082815271794747,0.1460000000000008,205.85000000000002,6,1,0
2025-04-22 07:00:00,Hive_02,34.77,15.35,54.66,69.35,30.778,189.4,49,Healthy,19.42,-14.689999999999998,34.56458333333333,0.31016095634474883,0.21399999999999864,202.26666666666665,7,1,0
2025-04-22 08:00:00,Hive_02,34.73,19.9,53.84,64.83,30.815,229.5,69,Healthy,14.829999999999998,-10.989999999999995,34.57208333333333,0.3119640331370339,0.26000000000000156,205.46666666666667,8,1,0
2025-04-22 09:00:00,Hive_02,34.82,23.95,56.57,59.0,30.843,199.8,48,Healthy,10.870000000000001,-2.4299999999999997,34.59583333333333,0.3080502029480639,0.28600000000000136,205.4,9,1,0
2025-04-22 10:00:00,Hive_02,34.21,23.04,55.18,56.25,30.844,187.6,74,Healthy,11.170000000000002,-1.0700000000000003,34.60791666666667,0.2852303289971501,0.26500000000000057,201.53333333333333,10,1,0
2025-04-22 11:00:00,Hive_02,34.3,24.58,54.23,56.64,30.845,205.1,93,Healthy,9.719999999999999,-2.4100000000000037,34.592083333333335,0.29153237073868365,0.26399999999999935,202.35,11,1,0
2025-04-22 12:00:00,Hive_02,34.93,22.36,53.42,54.05,30.836,193.2,82,Healthy,12.57,-0.6299999999999955,34.59291666666667,0.29250758692025197,0.23699999999999832,200.76666666666665,12,1,0
2025-04-22 13:00:00,Hive_02,34.16,28.06,57.31,46.62,30.827,218.7,92,Healthy,6.099999999999998,10.690000000000005,34.57125,0.3047780732158305,0.19000000000000128,205.64999999999998,13,1,0
2025-04-22 14:00:00,Hive_02,34.46,25.29,54.32,51.27,30.842,207.1,91,Healthy,9.170000000000002,3.049999999999997,34.56125,0.30430694601243424,0.23699999999999832,201.91666666666666,14,1,0
2025-04-22 15:00:00,Hive_02,34.09,29.49,54.29,51.33,30.911,210.9,101,Healthy,4.600000000000005,2.960000000000001,34.54083333333333,0.3190736137862263,0.28500000000000014,203.76666666666665,15,1,0
2025-04-01 00:00:00,Hive_03,34.36,15.16,56.82,77.45,47.343,225.1,2,Healthy,19.2,-20.630000000000003,34.36,0.0,0.0,225.1,0,1,0
2025-04-01 01:00:00,Hive_03,34.28,11.65,55.77,78.29,47.327,187.7,3,Healthy,22.630000000000003,-22.520000000000003,34.32,0.056568542494922595,0.0,206.39999999999998,1,1,0
2025-04-01 02:00:00,Hive_03,33.88,10.57,57.18,81.73,47.312,186.9,2,Healthy,23.310000000000002,-24.550000000000004,34.17333333333334,0.25716402029314306,0.0,199.9,2,1,0
2025-04-01 03:00:00,Hive_03,34.12,12.68,54.57,81.28,47.309,183.3,2,Healthy,21.439999999999998,-26.71,34.16,0.2116601048851653,0.0,195.75,3,1,0
2025-04-01 04:00:00,Hive_03,34.96,14.49,53.82,77.32,47.349,208.4,0,Healthy,20.47,-23.499999999999993,34.32,0.40199502484483585,0.0,198.28,4,1,0
2025-04-01 05:00:00,Hive_03,34.86,17.32,55.22,74.72,47.367,213.5,2,Healthy,17.54,-19.5,34.410000000000004,0.42175822457896467,0.0,200.8166666666667,5,1,0
2025-04-01 06:00:00,Hive_03,34.64,15.49,55.32,73.56,47.373,203.2,69,Healthy,19.15,-18.240000000000002,34.44285714285714,0.39470302277848934,0.0,197.16666666666666,6,1,0
2025-04-01 07:00:00,Hive_03,34.31,17.49,53.68,71.3,47.448,208.1,66,Healthy,16.820000000000004,-17.619999999999997,34.42625,0.36843055170353584,0.0,200.5666666666667,7,1,0
2025-04-01 08:00:00,Hive_03,34.62,20.89,56.22,67.81,47.437,214.8,67,Healthy,13.729999999999997,-11.590000000000003,34.44777777777777,0.35063434578552705,0.0,205.21666666666667,8,1,0
2025-04-01 09:00:00,Hive_03,34.69,23.08,51.64,57.69,47.441,174.4,84,Healthy,11.61,-6.049999999999997,34.472,0.33933922719177484,0.0,203.73333333333335,9,1,0
2025-04-01 10:00:00,Hive_03,34.93,24.1,53.66,55.96,47.391,207.7,66,Healthy,10.829999999999998,-2.3000000000000043,34.51363636363636,0.3502933835307973,0.0,203.61666666666667,10,1,0
2025-04-01 11:00:00,Hive_03,34.07,24.36,54.26,53.36,47.373,202.4,76,Healthy,9.71,0.8999999999999986,34.47666666666667,0.35770311034643654,0.0,201.76666666666665,11,1,0
2025-04-01 12:00:00,Hive_03,34.73,26.97,54.88,54.33,47.363,202.4,83,Healthy,7.759999999999998,0.5500000000000043,34.496153846153845,0.3496078389075976,0.0,201.63333333333333,12,1,0
2025-04-01 13:00:00,Hive_03,34.74,28.03,55.05,47.08,47.417,219.6,94,Healthy,6.710000000000001,7.969999999999999,34.51357142857143,0.34215622034515025,0.0,203.55000000000004,13,1,0
2025-04-01 14:00:00,Hive_03,34.78,27.81,54.66,48.54,47.45,206.0,88,Healthy,6.970000000000002,6.119999999999997,34.531333333333336,0.3368099647886809,0.0,202.08333333333334,14,1,0
2025-04-01 15:00:00,Hive_03,34.19,28.62,53.41,48.67,47.481,185.8,70,Healthy,5.569999999999997,4.739999999999995,34.51,0.336392627743237,0.0,203.98333333333332,15,1,0
2025-04-01 16:00:00,Hive_03,34.39,27.73,54.3,51.51,47.445,185.5,81,Healthy,6.66,2.789999999999999,34.502941176470586,0.3270084996197032,0.0,200.28333333333333,16,1,0
2025-04-01 17:00:00,Hive_03,34.2,24.85,55.54,50.59,47.462,195.6,53,Healthy,9.350000000000001,4.949999999999996,34.486111111111114,0.3251811963467693,0.0,199.15,17,1,0
2025-04-01 18:00:00,Hive_03,34.75,21.9,56.93,58.24,47.449,220.5,49,Healthy,12.850000000000001,-1.3100000000000023,34.5,0.3217659604950985,0.0,202.16666666666666,18,1,0
2025-04-01 19:00:00,Hive_03,34.34,22.11,51.75,62.9,47.474,205.2,36,Healthy,12.230000000000004,-11.149999999999999,34.492000000000004,0.3152208916399983,0.0,199.76666666666665,19,1,0
2025-04-01 20:00:00,Hive_03,34.05,20.93,55.03,66.65,47.438,198.1,26,Healthy,13.119999999999997,-11.620000000000005,34.47095238095238,0.32202336502037715,0.0,198.45000000000002,20,1,0
2025-04-01 21:00:00,Hive_03,34.37,18.67,50.18,66.74,47.459,198.7,2,Healthy,15.699999999999996,-16.559999999999995,34.46636363636364,0.3149987974965012,0.0,200.6,21,1,0
2025-04-01 22:00:00,Hive_03,35.0,13.76,54.72,73.3,47.482,186.9,1,Healthy,21.240000000000002,-18.58,34.4895652173913,0.32725411673040256,0.0,200.83333333333334,22,1,0
2025-04-01 23:00:00,Hive_03,34.55,12.05,53.17,77.18,47.476,200.9,2,Healthy,22.499999999999996,-24.010000000000005,34.49208333333333,0.3202984907682297,0.0,201.71666666666667,23,1,0
2025-04-02 00:00:00,Hive_03,34.09,15.29,55.36,77.72,47.522,175.7,1,Healthy,18.800000000000004,-22.36,34.48083333333333,0.32974188412291094,0.17899999999999494,194.25,0,2,0
2025-04-02 01:00:00,Hive_03,34.34,13.19,55.33,79.8,47.551,198.5,1,Healthy,21.150000000000006,-24.47,34.483333333333334,0.3283776546264541,0.22400000000000375,193.13333333333333,1,2,0
2025-04-02 02:00:00,Hive_03,34.84,12.88,58.04,79.46,47.544,181.2,2,Healthy,21.96,-21.419999999999995,34.52333333333333,0.30962342719288305,0.23199999999999932,190.3166666666667,2,2,0
2025-04-02 03:00:00,Hive_03,33.89,10.34,54.43,76.88,47.553,192.2,3,Healthy,23.55,-22.449999999999996,34.51375,0.3257875074339098,0.24399999999999977,189.23333333333335,3,2,0
2025-04-02 04:00:00,Hive_03,34.51,15.05,56.78,81.85,47.569,203.1,1,Healthy,19.459999999999997,-25.069999999999993,34.495,0.31162965757170913,0.22000000000000597,191.9333333333333,4,2,0
2025-04-02 05:00:00,Hive_03,34.85,10.95,52.71,76.88,47.579,214.9,1,Healthy,23.900000000000002,-24.169999999999995,34.49458333333333,0.31112669258772957,0.2120000000000033,194.26666666666665,5,2,0
2025-04-02 06:00:00,Hive_03,34.34,17.79,56.88,72.22,47.57,189.1,41,Healthy,16.550000000000004,-15.339999999999996,34.48208333333333,0.3110568124631096,0.19700000000000273,196.5,6,2,0
2025-04-02 07:00:00,Hive_03,34.35,16.22,55.73,69.19,47.545,183.2,60,Healthy,18.130000000000003,-13.46,34.48375,0.31020067137538426,0.09700000000000131,193.95000000000002,7,2,0
2025-04-02 08:00:00,Hive_03,34.32,22.2,52.77,65.76,47.543,199.4,46,Healthy,12.120000000000001,-12.990000000000002,34.471250000000005,0.310515875110521,0.10600000000000165,196.98333333333332,8,2,0
2025-04-02 09:00:00,Hive_03,34.42,20.25,54.92,59.64,47.54,207.6,79,Healthy,14.170000000000002,-4.719999999999999,34.46,0.3071184447903377,0.09899999999999665,199.54999999999998,9,2,0
2025-04-02 10:00:00,Hive_03,34.67,23.44,52.82,58.79,47.55,213.4,95,Healthy,11.23,-5.969999999999999,34.44916666666667,0.29412976530875107,0.15899999999999892,201.26666666666665,10,2,0
2025-04-02 11:00:00,Hive_03,34.63,26.21,56.21,53.93,47.562,203.4,86,Healthy,8.420000000000002,2.280000000000001,34.472500000000004,0.2848073338088483,0.18900000000000006,199.35,11,2,0
2025-04-02 12:00:00,Hive_03,34.3,24.92,53.99,51.66,47.601,214.3,73,Healthy,9.379999999999995,2.3300000000000054,34.45458333333333,0.2814091739592138,0.23799999999999955,203.54999999999998,12,2,0
2025-04-02 13:00:00,Hive_03,34.31,26.1,55.48,49.78,47.586,214.4,88,Healthy,8.21,5.699999999999996,34.43666666666667,0.2760854730075433,0.16899999999999693,208.75,13,2,0
2025-04-02 14:00:00,Hive_03,34.37,27.49,51.95,49.97,47.596,195.2,75,Healthy,6.879999999999999,1.980000000000004,34.41958333333333,0.2664334351434167,0.1459999999999937,208.05000000000004,14,2,0
2025-04-02 15:00:00,Hive_03,35.23,29.37,56.25,51.85,47.593,186.4,73,Healthy,5.859999999999996,4.399999999999999,34.462916666666665,0.308692603067204,0.11200000000000188,204.51666666666665,15,2,0
2025-04-02 16:00:00,Hive_03,34.04,25.93,55.97,52.23,47.605,208.0,58,Healthy,8.11,3.740000000000002,34.44833333333334,0.3203349696077909,0.1599999999999966,203.61666666666667,16,2,0
2025-04-02 17:00:00,Hive_03,34.24,26.03,53.67,56.99,47.629,185.5,58,Healthy,8.21,-3.3200000000000003,34.449999999999996,0.3190883753826656,0.1669999999999945,200.63333333333333,17,2,0
2025-04-02 18:00:00,Hive_03,34.96,26.21,54.5,55.75,47.617,209.1,51,Healthy,8.75,-1.25,34.45875,0.33035307199103486,0.16799999999999926,199.76666666666665,18,2,0
2025-04-02 19:00:00,Hive_03,34.53,22.09,51.9,59.58,47.631,219.5,21,Healthy,12.440000000000001,-7.68,34.46666666666666,0.3296594641730178,0.15700000000000358,200.61666666666665,19,2,0
2025-04-02 20:00:00,Hive_03,34.05,19.39,51.92,63.25,47.618,196.4,41,Healthy,14.659999999999997,-11.329999999999998,34.46666666666667,0.3296594641730178,0.17999999999999972,200.8166666666667,20,2,0
2025-04-02 21:00:00,Hive_03,34.57,15.65,57.51,69.47,47.639,209.4,2,Healthy,18.92,-11.96,34.475,0.3296374820393119,0.17999999999999972,204.65,21,2,0
2025-04-02 22:00:00,Hive_03,34.84,14.61,51.92,71.35,47.635,180.0,2,Healthy,20.230000000000004,-19.429999999999993,34.468333333333334,0.32003622983312024,0.1529999999999987,199.98333333333335,22,2,0
2025-04-02 23:00:00,Hive_03,34.47,13.71,52.68,76.86,47.615,199.9,1,Healthy,20.759999999999998,-24.18,34.465,0.3195649216206866,0.1390000000000029,202.38333333333333,23,2,0
2025-04-03 00:00:00,Hive_03,34.73,12.27,57.7,79.87,47.619,190.4,2,Healthy,22.459999999999997,-22.17,34.49166666666667,0.31355835275066496,0.09700000000000131,199.26666666666665,0,3,0
2025-04-03 01:00:00,Hive_03,34.44,11.43,57.48,78.43,47.643,212.1,3,Healthy,23.009999999999998,-20.95000000000001,34.49583333333333,0.3121164312667101,0.09199999999999875,198.03333333333333,1,3,0
2025-04-03 02:00:00,Hive_03,34.77,13.35,56.52,77.74,47.666,197.1,2,Healthy,21.42,-21.21999999999999,34.492916666666666,0.3090726545605446,0.12199999999999989,198.15,2,3,0
2025-04-03 03:00:00,Hive_03,34.28,12.24,56.06,77.53,47.658,187.8,2,Healthy,22.04,-21.47,34.509166666666665,0.28533605917701094,0.10500000000000398,194.54999999999998,3,3,0
2025-04-03 04:00:00,Hive_03,34.13,13.27,55.82,79.14,47.655,184.7,1,Healthy,20.860000000000003,-23.32,34.49333333333333,0.29564471431339573,0.08599999999999852,195.33333333333334,4,3,0
2025-04-03 05:00:00,Hive_03,35.16,16.39,51.91,74.88,47.634,219.9,3,Healthy,18.769999999999996,-22.97,34.50625,0.31784344656094293,0.054999999999999716,198.66666666666666,5,3,0
2025-04-03 06:00:00,Hive_03,34.71,14.7,54.66,72.64,47.647,200.2,35,Healthy,20.01,-17.980000000000004,34.52166666666667,0.31840180612698693,0.07699999999999818,200.29999999999998,6,3,0
2025-04-03 07:00:00,Hive_03,34.53,17.41,52.4,68.91,47.672,201.9,49,Healthy,17.12,-16.509999999999998,34.52916666666667,0.31629535820683213,0.12699999999999534,198.6,7,3,0
2025-04-03 08:00:00,Hive_03,34.42,22.7,55.96,64.31,47.72,210.2,78,Healthy,11.720000000000002,-8.350000000000001,34.53333333333333,0.31407097877732154,0.1769999999999996,200.78333333333333,8,3,0
2025-04-03 09:00:00,Hive_03,34.34,20.57,56.06,61.29,47.746,224.5,56,Healthy,13.770000000000003,-5.229999999999997,34.53,0.3157461831501892,0.20600000000000307,206.9,9,3,0
2025-04-03 10:00:00,Hive_03,34.08,23.05,56.21,60.1,47.778,199.6,70,Healthy,11.029999999999998,-3.8900000000000006,34.50541666666667,0.3271348500923239,0.22800000000000153,209.38333333333333,10,3,0
2025-04-03 11:00:00,Hive_03,34.96,25.47,55.31,57.31,47.769,226.1,96,Healthy,9.490000000000002,-2.0,34.51916666666666,0.33930769243406106,0.20700000000000074,210.41666666666666,11,3,0
2025-04-03 12:00:00,Hive_03,34.59,25.56,54.04,52.69,47.786,216.6,87,Healthy,9.030000000000005,1.3500000000000014,34.53125,0.33631393848217356,0.18500000000000227,213.15,12,3,0
2025-04-03 13:00:00,Hive_03,35.17,29.54,55.09,47.0,47.817,203.3,80,Healthy,5.630000000000003,8.090000000000003,34.567083333333336,0.35690065804106524,0.23100000000000165,213.38333333333333,13,3,0
2025-04-03 14:00:00,Hive_03,34.71,27.95,55.29,46.18,47.823,211.3,85,Healthy,6.760000000000002,9.11,34.581250000000004,0.35548267859715643,0.22700000000000387,213.56666666666663,14,3,0
2025-04-03 15:00:00,Hive_03,34.34,28.64,53.75,52.44,47.799,201.8,82,Healthy,5.700000000000003,1.3100000000000023,34.54416666666667,0.3304005035613954,0.20599999999999596,209.78333333333333,15,3,0
2025-04-03 16:00:00,Hive_03,34.25,24.94,51.84,54.85,47.839,170.4,79,Healthy,9.309999999999999,-3.009999999999998,34.55291666666667,0.31905402522847637,0.23400000000000176,204.91666666666666,16,3,0
2025-04-03 17:00:00,Hive_03,34.34,26.74,55.75,55.03,47.87,185.2,70,Healthy,7.600000000000005,0.7199999999999989,34.55708333333333,0.3154221349055997,0.24099999999999966,198.10000000000002,17,3,0
2025-04-03 18:00:00,Hive_03,34.34,25.4,56.4,58.09,47.89,184.8,46,Healthy,8.940000000000005,-1.6900000000000048,34.53125,0.3062438996730494,0.27300000000000324,192.80000000000004,18,3,0
2025-04-03 19:00:00,Hive_03,34.83,23.3,54.49,61.35,47.88,232.9,22,Healthy,11.529999999999998,-6.859999999999999,34.54375,0.31225425119812966,0.24900000000000233,197.73333333333335,19,3,0
2025-04-03 20:00:00,Hive_03,34.8,19.25,55.97,65.56,47.936,198.2,21,Healthy,15.549999999999997,-9.590000000000003,34.574999999999996,0.29789113856370925,0.31799999999999784,195.54999999999998,20,3,0
2025-04-03 21:00:00,Hive_03,34.48,17.6,53.53,68.24,47.962,205.6,0,Healthy,16.879999999999995,-14.709999999999994,34.57125,0.2985226304144555,0.3230000000000004,196.1833333333333,21,3,0
2025-04-03 22:00:00,Hive_03,34.15,17.45,55.13,70.88,47.937,208.8,0,Healthy,16.7,-15.749999999999993,34.5425,0.3046773061282461,0.3019999999999996,202.58333333333334,22,3,0
2025-04-03 23:00:00,Hive_03,34.29,12.8,54.23,78.76,47.972,188.1,2,Healthy,21.49,-24.53000000000001,34.535000000000004,0.30872810607111967,0.3569999999999993,203.06666666666663,23,3,0
2025-04-04 00:00:00,Hive_03,34.07,14.83,54.09,78.95,48.036,192.6,4,Healthy,19.240000000000002,-24.86,34.5075,0.3197995295969551,0.4170000000000016,204.36666666666667,0,4,0
2025-04-04 01:00:00,Hive_03,34.59,14.84,54.3,80.53,48.045,189.7,1,Healthy,19.750000000000004,-26.230000000000004,34.51375,0.319888737450735,0.402000000000001,197.16666666666666,1,4,0
2025-04-04 02:00:00,Hive_03,34.89,9.96,52.58,77.17,48.072,171.6,2,Healthy,24.93,-24.590000000000003,34.518750000000004,0.3249657172553799,0.4060000000000059,192.73333333333332,2,4,0
2025-04-04 03:00:00,Hive_03,34.4,11.96,51.99,82.13,48.079,202.4,1,Healthy,22.439999999999998,-30.139999999999993,34.52375,0.3220425640245053,0.4209999999999994,192.20000000000002,3,4,0
2025-04-04 04:00:00,Hive_03,34.12,13.93,53.5,76.86,48.078,192.1,4,Healthy,20.189999999999998,-23.36,34.52333333333333,0.3225801776527694,0.4230000000000018,189.41666666666666,4,4,0
2025-04-04 05:00:00,Hive_03,34.63,16.23,55.45,76.98,48.094,202.4,2,Healthy,18.400000000000002,-21.53,34.50125,0.29397297272989503,0.46000000000000085,191.79999999999998,5,4,0
2025-04-04 06:00:00,Hive_03,34.43,12.86,53.88,71.76,48.093,204.5,57,Healthy,21.57,-17.880000000000003,34.489583333333336,0.2908679540043316,0.44600000000000506,193.78333333333333,6,4,0
2025-04-04 07:00:00,Hive_03,34.73,18.38,54.55,70.37,48.114,173.8,56,Healthy,16.349999999999998,-15.820000000000007,34.49791666666667,0.29491309208656247,0.44200000000000017,191.13333333333333,7,4,0
2025-04-04 08:00:00,Hive_03,34.6,19.25,53.0,68.06,48.136,213.6,69,Healthy,15.350000000000001,-15.060000000000002,34.50541666666667,0.29513415028875617,0.4160000000000039,198.13333333333333,8,4,0
2025-04-04 09:00:00,Hive_03,33.69,23.11,53.23,56.13,48.149,223.0,67,Healthy,10.579999999999998,-2.9000000000000057,34.47833333333333,0.3377246970751358,0.4029999999999987,201.5666666666667,9,4,0
2025-04-04 10:00:00,Hive_03,34.35,22.72,54.18,57.68,48.15,219.7,95,Healthy,11.630000000000003,-3.5,34.489583333333336,0.328242741125297,0.3719999999999999,206.16666666666666,10,4,0
2025-04-04 11:00:00,Hive_03,34.65,25.69,56.73,57.7,48.143,190.2,81,Healthy,8.959999999999997,-0.970000000000006,34.47666666666667,0.31474857690967584,0.37400000000000233,204.13333333333333,11,4,0
2025-04-04 12:00:00,Hive_03,34.6,26.8,57.96,52.13,48.167,192.3,89,Healthy,7.800000000000001,5.829999999999998,34.47708333333333,0.31491170835326276,0.3810000000000002,202.1,12,4,0
2025-04-04 13:00:00,Hive_03,34.95,29.98,54.28,52.07,48.163,189.5,84,Healthy,4.970000000000002,2.210000000000001,34.46791666666667,0.29653035868724803,0.34599999999999653,204.71666666666667,13,4,0
2025-04-04 14:00:00,Hive_03,34.59,26.41,57.01,50.59,48.138,185.8,92,Healthy,8.180000000000003,6.419999999999995,34.462916666666665,0.29326466999396006,0.3149999999999977,200.08333333333334,14,4,0
2025-04-04 15:00:00,Hive_03,34.88,28.0,53.49,50.6,48.133,187.3,58,Healthy,6.880000000000003,2.8900000000000006,34.485416666666666,0.30394477711622403,0.3340000000000032,194.13333333333333,15,4,0
2025-04-04 16:00:00,Hive_03,34.28,27.13,53.63,50.96,48.143,188.0,72,Healthy,7.150000000000002,2.6700000000000017,34.486666666666665,0.30299471464276145,0.30400000000000205,188.85,16,4,0
2025-04-04 17:00:00,Hive_03,34.39,26.35,55.28,53.8,48.152,220.0,63,Healthy,8.04,1.480000000000004,34.48875,0.3021130295248697,0.2820000000000036,193.8166666666667,17,4,0
2025-04-04 18:00:00,Hive_03,34.1,25.64,54.16,58.72,48.161,213.0,69,Healthy,8.46,-4.560000000000002,34.47875,0.3110894251413603,0.2710000000000008,197.26666666666665,18,4,0
2025-04-04 19:00:00,Hive_03,34.74,21.34,54.91,61.23,48.204,179.8,46,Healthy,13.400000000000002,-6.32,34.475,0.3071892208253797,0.32399999999999807,195.65,19,4,0
2025-04-04 20:00:00,Hive_03,34.52,21.0,56.34,67.3,48.209,188.0,20,Healthy,13.520000000000003,-10.959999999999994,34.46333333333333,0.29953103441832224,0.27300000000000324,196.01666666666668,20,4,0
2025-04-04 21:00:00,Hive_03,34.59,15.77,54.69,68.0,48.223,218.5,1,Healthy,18.820000000000004,-13.310000000000002,34.46791666666667,0.30063670357464967,0.2609999999999957,201.21666666666667,21,4,0
2025-04-04 22:00:00,Hive_03,34.44,19.51,54.67,74.01,48.213,199.6,0,Healthy,14.929999999999996,-19.340000000000003,34.480000000000004,0.29303509212616635,0.27600000000000335,203.15,22,4,0
2025-04-04 23:00:00,Hive_03,34.51,16.23,53.28,69.97,48.209,191.4,3,Healthy,18.279999999999998,-16.689999999999998,34.48916666666667,0.2902610019884889,0.23700000000000188,198.38333333333333,23,4,0
2025-04-05 00:00:00,Hive_03,34.85,11.42,51.49,79.82,48.207,222.3,0,Healthy,23.43,-28.32999999999999,34.52166666666667,0.2849052728412592,0.17099999999999937,199.9333333333333,0,5,0
2025-04-05 01:00:00,Hive_03,34.48,14.07,55.1,79.45,48.224,185.7,1,Healthy,20.409999999999997,-24.35,34.51708333333333,0.28464286039002157,0.17899999999999494,200.91666666666666,1,5,0
2025-04-05 02:00:00,Hive_03,34.6,12.56,53.92,80.35,48.246,201.9,0,Healthy,22.04,-26.429999999999993,34.505,0.2740834528577636,0.1739999999999995,203.23333333333335,2,5,0
2025-04-05 03:00:00,Hive_03,34.23,11.48,54.29,77.7,48.269,190.6,2,Healthy,22.749999999999996,-23.410000000000004,34.49791666666667,0.27906644318180635,0.18999999999999773,198.58333333333334,3,5,0
2025-04-05 04:00:00,Hive_03,34.4,13.16,56.3,76.43,48.282,208.2,3,Healthy,21.24,-20.13000000000001,34.50958333333333,0.2682224768759103,0.20399999999999352,200.01666666666665,4,5,0
2025-04-05 05:00:00,Hive_03,34.58,15.0,54.07,71.77,48.328,206.0,1,Healthy,19.58,-17.699999999999996,34.5075,0.2674395502603855,0.23400000000000176,202.45000000000002,5,5,0
2025-04-05 06:00:00,Hive_03,33.98,16.85,56.29,72.68,48.33,221.3,48,Healthy,17.129999999999995,-16.390000000000008,34.48875,0.2880868302077176,0.23699999999999477,202.28333333333333,6,5,0
2025-04-05 07:00:00,Hive_03,34.79,20.09,54.26,69.73,48.347,174.1,59,Healthy,14.7,-15.470000000000006,34.49125,0.2905214577123421,0.2330000000000041,200.35,7,5,0
2025-04-05 08:00:00,Hive_03,34.23,17.77,55.99,62.71,48.354,200.5,68,Healthy,16.459999999999997,-6.719999999999999,34.475833333333334,0.2942923223845521,0.21799999999999642,200.11666666666667,8,5,0
2025-04-05 09:00:00,Hive_03,34.57,23.69,54.14,61.13,48.387,218.4,77,Healthy,10.879999999999999,-6.990000000000002,34.512499999999996,0.24236605444621434,0.23799999999999955,204.75,9,5,0
2025-04-05 10:00:00,Hive_03,34.24,23.12,51.75,54.27,48.379,205.4,84,Healthy,11.120000000000001,-2.520000000000003,34.50791666666667,0.24657619276925155,0.2289999999999992,204.28333333333333,10,5,0
2025-04-05 11:00:00,Hive_03,34.37,29.14,56.59,53.65,48.35,177.8,95,Healthy,5.229999999999997,2.940000000000005,34.496249999999996,0.2461850223254679,0.20700000000000074,199.58333333333334,11,5,0
2025-04-05 12:00:00,Hive_03,34.22,26.64,55.36,51.66,48.344,201.1,78,Healthy,7.579999999999998,3.700000000000003,34.48041666666666,0.2513870939696252,0.1769999999999996,196.21666666666667,12,5,0
2025-04-05 13:00:00,Hive_03,34.37,27.45,54.8,54.56,48.35,202.6,93,Healthy,6.919999999999998,0.23999999999999488,34.456250000000004,0.23136292777328696,0.18700000000000472,200.96666666666667,13,5,0
2025-04-05 14:00:00,Hive_03,34.45,28.39,55.15,50.56,48.356,172.8,110,Healthy,6.060000000000002,4.589999999999996,34.45041666666666,0.22960228688958823,0.21800000000000352,196.35,14,5,0
2025-04-05 15:00:00,Hive_03,34.57,28.82,52.98,48.55,48.356,177.8,77,Healthy,5.75,4.43,34.4375,0.21246483084931417,0.22299999999999898,189.58333333333334,15,5,0
2025-04-05 16:00:00,Hive_03,34.7,24.56,53.76,52.79,48.369,186.8,75,Healthy,10.140000000000004,0.9699999999999989,34.455000000000005,0.21619234592090406,0.2259999999999991,186.48333333333335,16,5,0
2025-04-05 17:00:00,Hive_03,33.96,24.62,53.49,55.97,48.357,203.1,65,Healthy,9.34,-2.479999999999997,34.43708333333333,0.23848214164599355,0.2049999999999983,190.70000000000002,17,5,0
2025-04-05 18:00:00,Hive_03,33.66,24.42,55.06,56.48,48.382,240.2,45,Healthy,9.239999999999995,-1.4199999999999946,34.41875,0.27899372752806173,0.22099999999999653,197.21666666666667,18,5,0
2025-04-05 19:00:00,Hive_03,34.42,21.07,56.91,61.76,48.376,196.3,48,Healthy,13.350000000000001,-4.850000000000001,34.40541666666667,0.2704903625489948,0.17199999999999704,196.16666666666666,19,5,0
2025-04-05 20:00:00,Hive_03,34.37,20.46,56.89,67.32,48.353,175.6,42,Healthy,13.909999999999997,-10.429999999999993,34.399166666666666,0.26945866290489795,0.14399999999999835,196.63333333333333,20,5,0
2025-04-05 21:00:00,Hive_03,34.53,17.94,54.99,70.72,48.336,199.6,3,Healthy,16.59,-15.729999999999997,34.39666666666667,0.26788489849295793,0.11299999999999955,200.26666666666668,21,5,0
2025-04-05 22:00:00,Hive_03,34.7,16.09,53.48,73.86,48.364,195.3,1,Healthy,18.610000000000003,-20.380000000000003,34.4075,0.27487942020488976,0.15099999999999625,201.6833333333333,22,5,0
2025-04-05 23:00:00,Hive_03,34.31,17.49,55.1,76.8,48.374,225.3,2,Healthy,16.820000000000004,-21.699999999999996,34.399166666666666,0.2746684430785435,0.16499999999999915,205.38333333333333,23,5,0
2025-04-06 00:00:00,Hive_03,34.49,16.38,53.86,75.4,48.374,192.9,1,Healthy,18.110000000000003,-21.540000000000006,34.384166666666665,0.25832094406944744,0.1670000000000016,197.5,0,6,0
2025-04-06 01:00:00,Hive_03,34.62,14.87,54.29,82.33,48.371,211.1,2,Healthy,19.75,-28.04,34.39,0.26213172924746003,0.14700000000000557,199.96666666666667,1,6,0
2025-04-06 02:00:00,Hive_03,34.77,11.78,54.77,81.08,48.365,180.2,2,Healthy,22.990000000000002,-26.309999999999995,34.397083333333335,0.27022501359240814,0.11899999999999977,200.73333333333335,2,6,0
2025-04-06 03:00:00,Hive_03,34.83,15.52,53.99,77.27,48.366,213.7,1,Healthy,19.31,-23.279999999999994,34.42208333333333,0.28160995484298534,0.09700000000000131,203.08333333333334,3,6,0
2025-04-06 04:00:00,Hive_03,34.3,13.44,56.34,78.45,48.374,179.2,1,Healthy,20.86,-22.11,34.41791666666666,0.2826886313929911,0.09200000000000585,200.39999999999998,4,6,0
2025-04-06 05:00:00,Hive_03,34.89,9.67,53.43,75.71,48.396,206.5,1,Healthy,25.22,-22.279999999999994,34.43083333333333,0.2971299915593495,0.06799999999999784,197.26666666666665,5,6,0
2025-04-06 06:00:00,Hive_03,35.1,18.3,52.55,71.95,48.401,197.7,49,Healthy,16.8,-19.400000000000006,34.4775,0.31087883841444,0.07100000000000506,198.06666666666663,6,6,0
2025-04-06 07:00:00,Hive_03,34.64,19.0,55.04,75.68,48.389,171.6,72,Healthy,15.64,-20.640000000000008,34.47125,0.3057892496759657,0.04200000000000159,191.48333333333335,7,6,0
2025-04-06 08:00:00,Hive_03,34.76,19.18,55.51,70.21,48.407,206.1,63,Healthy,15.579999999999998,-14.699999999999996,34.49333333333333,0.30674542151951595,0.05299999999999727,195.79999999999998,8,6,0
2025-04-06 09:00:00,Hive_03,34.49,19.44,54.03,60.02,48.391,188.8,88,Healthy,15.05,-5.990000000000002,34.49,0.30631044212778497,0.003999999999997783,191.65,9,6,0
2025-04-06 10:00:00,Hive_03,34.68,25.12,53.3,57.84,48.385,204.7,74,Healthy,9.559999999999999,-4.540000000000006,34.50833333333333,0.303854465545399,0.006000000000000227,195.89999999999998,10,6,0
2025-04-06 11:00:00,Hive_03,34.01,25.82,56.1,51.87,48.416,190.5,73,Healthy,8.189999999999998,4.230000000000004,34.49333333333333,0.31946513270541727,0.0659999999999954,193.23333333333332,11,6,0
2025-04-06 12:00:00,Hive_03,34.53,23.62,54.09,55.69,48.418,171.3,96,Healthy,10.91,-1.5999999999999943,34.50625,0.3141560467970123,0.07399999999999807,188.83333333333334,12,6,0
2025-04-06 13:00:00,Hive_03,35.22,30.73,54.83,48.95,48.462,204.6,91,Healthy,4.489999999999998,5.8799999999999955,34.541666666666664,0.34456862340015404,0.11200000000000188,194.33333333333334,13,6,0
2025-04-06 14:00:00,Hive_03,34.61,30.77,52.09,51.57,48.441,206.9,99,Healthy,3.84,0.5200000000000031,34.54833333333333,0.34426565408083154,0.08500000000000085,194.46666666666667,14,6,0
2025-04-06 15:00:00,Hive_03,33.95,27.92,53.82,49.33,48.454,187.2,68,Healthy,6.030000000000001,4.490000000000002,34.5225,0.36519500448985137,0.09799999999999898,194.20000000000002,15,6,0
2025-04-06 16:00:00,Hive_03,34.71,26.85,55.43,54.91,48.468,208.3,68,Healthy,7.859999999999999,0.5200000000000031,34.52291666666667,0.3654119672330069,0.09900000000000375,194.79999999999998,16,6,0
2025-04-06 17:00:00,Hive_03,34.43,25.04,53.22,55.87,48.507,172.0,75,Healthy,9.39,-2.6499999999999986,34.542500000000004,0.3460114348449647,0.14999999999999858,191.71666666666667,17,6,0
2025-04-06 18:00:00,Hive_03,34.51,24.76,54.36,55.56,48.533,211.8,54,Healthy,9.749999999999996,-1.2000000000000028,34.57791666666667,0.29086048002533704,0.15100000000000335,198.46666666666667,18,6,0
2025-04-06 19:00:00,Hive_03,35.03,23.19,56.84,60.89,48.533,212.2,46,Healthy,11.84,-4.049999999999997,34.60333333333333,0.30286554150624606,0.15700000000000358,199.73333333333335,19,6,0
2025-04-06 20:00:00,Hive_03,34.86,19.61,54.98,64.32,48.549,221.0,55,Healthy,15.25,-9.339999999999996,34.62375,0.30296810708889704,0.19599999999999795,202.08333333333334,20,6,0
2025-04-06 21:00:00,Hive_03,34.52,17.14,55.15,68.44,48.566,192.6,0,Healthy,17.380000000000003,-13.29,34.623333333333335,0.30310948899502715,0.23000000000000398,202.98333333333335,21,6,0
2025-04-06 22:00:00,Hive_03,34.37,18.63,55.66,73.72,48.613,188.2,2,Healthy,15.739999999999998,-18.060000000000002,34.60958333333333,0.3069411381988859,0.24900000000000233,199.63333333333333,22,6,0
2025-04-06 23:00:00,Hive_03,34.68,12.26,53.33,75.37,48.619,212.0,2,Healthy,22.42,-22.040000000000006,34.625,0.30046341020089473,0.24499999999999744,206.29999999999998,23,6,0
2025-04-07 00:00:00,Hive_03,34.67,11.34,55.16,78.74,48.651,191.2,2,Healthy,23.330000000000002,-23.58,34.6325,0.2991909380166614,0.277000000000001,202.86666666666667,0,0,0
2025-04-07 01:00:00,Hive_03,34.73,10.52,55.03,76.29,48.651,184.0,2,Healthy,24.209999999999997,-21.260000000000005,34.63708333333333,0.2998329849108745,0.28000000000000114,198.16666666666666,1,0,0
2025-04-07 02:00:00,Hive_03,34.64,9.74,52.81,81.99,48.664,239.8,3,Healthy,24.9,-29.179999999999993,34.63166666666667,0.2984986587496629,0.2989999999999995,201.29999999999998,2,0,0
2025-04-07 03:00:00,Hive_03,34.08,11.03,52.94,80.92,48.673,208.3,2,Healthy,23.049999999999997,-27.980000000000004,34.60041666666667,0.3156012779864098,0.30700000000000216,203.91666666666666,3,0,0
2025-04-07 04:00:00,Hive_03,34.02,14.31,54.91,78.98,48.702,206.6,2,Healthy,19.71,-24.070000000000007,34.58875,0.3319417510451885,0.32799999999999585,206.98333333333332,4,0,0
2025-04-07 05:00:00,Hive_03,33.91,14.84,56.73,76.23,48.71,210.6,0,Healthy,19.069999999999997,-19.500000000000007,34.54791666666667,0.35288844359539745,0.31400000000000006,206.75,5,0,0
2025-04-07 06:00:00,Hive_03,35.26,18.49,58.18,70.19,48.693,212.3,39,Healthy,16.77,-12.009999999999998,34.55458333333333,0.3650727046906378,0.2919999999999945,210.26666666666668,6,0,0
2025-04-07 07:00:00,Hive_03,34.63,16.97,55.49,67.65,48.679,206.6,58,Healthy,17.660000000000004,-12.160000000000004,34.55416666666667,0.36497667187710164,0.28999999999999915,214.0333333333333,7,0,0
2025-04-07 08:00:00,Hive_03,35.0,17.27,54.4,64.13,48.653,212.2,60,Healthy,17.73,-9.729999999999997,34.564166666666665,0.3740369275731978,0.24600000000000222,209.4333333333333,8,0,0
2025-04-07 09:00:00,Hive_03,35.03,22.39,54.74,60.77,48.64,193.0,65,Healthy,12.64,-6.030000000000001,34.586666666666666,0.38544910752619876,0.24900000000000233,206.88333333333333,9,0,0
2025-04-07 10:00:00,Hive_03,34.87,23.69,58.06,61.04,48.659,202.1,74,Healthy,11.179999999999996,-2.979999999999997,34.59458333333333,0.3893805466955382,0.2740000000000009,206.13333333333335,10,0,0
2025-04-07 11:00:00,Hive_03,34.73,26.06,53.32,54.13,48.67,176.4,92,Healthy,8.669999999999998,-0.8100000000000023,34.624583333333334,0.3696176539951966,0.2540000000000049,200.4333333333333,11,0,0
2025-04-07 12:00:00,Hive_03,34.1,27.94,53.06,48.77,48.677,179.0,103,Healthy,6.16,4.289999999999999,34.60666666666667,0.3845230435415802,0.25900000000000034,194.88333333333333,12,0,0
2025-04-07 13:00:00,Hive_03,34.02,28.38,56.94,51.71,48.7,189.8,73,Healthy,5.640000000000004,5.229999999999997,34.556666666666665,0.3792861334329077,0.23799999999999955,192.08333333333334,13,0,0
2025-04-07 14:00:00,Hive_03,34.37,27.89,53.94,49.07,48.724,161.0,98,Healthy,6.479999999999997,4.869999999999997,34.54666666666667,0.3809789069439748,0.28299999999999415,183.54999999999998,14,0,0
2025-04-07 15:00:00,Hive_03,34.46,29.22,56.62,50.93,48.733,195.8,89,Healthy,5.240000000000002,5.689999999999998,34.56791666666667,0.35989103624709246,0.27899999999999636,184.01666666666668,15,0,0
2025-04-07 16:00:00,Hive_03,34.63,30.07,53.37,50.07,48.753,188.3,82,Healthy,4.560000000000002,3.299999999999997,34.56458333333333,0.35888691650793236,0.2849999999999966,181.71666666666667,16,0,0
2025-04-07 17:00:00,Hive_03,34.99,25.51,53.9,54.49,48.777,190.5,72,Healthy,9.48,-0.5900000000000034,34.587916666666665,0.36784896672252543,0.2700000000000031,184.0666666666667,17,0,0
2025-04-07 18:00:00,Hive_03,33.84,26.68,53.97,56.97,48.836,191.1,67,Healthy,7.160000000000004,-3.0,34.559999999999995,0.39819156412350454,0.30299999999999727,186.08333333333334,18,0,0
2025-04-07 19:00:00,Hive_03,34.73,21.16,55.99,59.86,48.863,200.1,49,Healthy,13.569999999999997,-3.8699999999999974,34.5475,0.38735726684019656,0.3299999999999983,187.79999999999998,19,0,0
2025-04-07 20:00:00,Hive_03,34.31,21.44,56.55,67.3,48.862,197.6,28,Healthy,12.870000000000001,-10.75,34.52458333333333,0.384322997837319,0.3130000000000024,193.9,20,0,0
2025-04-07 21:00:00,Hive_03,34.87,16.43,53.95,65.41,48.867,189.0,1,Healthy,18.439999999999998,-11.459999999999994,34.53916666666667,0.3907286022032498,0.3009999999999948,192.76666666666665,21,0,0
2025-04-07 22:00:00,Hive_03,34.32,15.24,57.57,75.06,48.9,192.9,2,Healthy,19.08,-17.490000000000002,34.537083333333335,0.39180162645495636,0.28699999999999903,193.53333333333333,22,0,0
2025-04-07 23:00:00,Hive_03,34.78,15.12,55.28,77.29,48.891,209.6,1,Healthy,19.660000000000004,-22.010000000000005,34.54125,0.393913613350191,0.27199999999999847,196.71666666666667,23,0,0
2025-04-08 00:00:00,Hive_03,34.28,8.89,54.31,78.77,48.901,176.7,2,Healthy,25.39,-24.459999999999994,34.525,0.3964077830148895,0.25,194.3166666666667,0,1,0
2025-04-08 01:00:00,Hive_03,34.51,11.8,52.46,77.73,48.912,207.1,2,Healthy,22.709999999999997,-25.270000000000003,34.51583333333333,0.39399753548850125,0.2609999999999957,195.48333333333335,1,1,0
2025-04-08 02:00:00,Hive_03,34.48,13.18,56.64,82.33,48.921,189.5,1,Healthy,21.299999999999997,-25.689999999999998,34.509166666666665,0.39315796876802117,0.2569999999999979,194.13333333333333,2,1,0
2025-04-08 03:00:00,Hive_03,34.5,12.67,53.99,81.66,48.959,178.5,1,Healthy,21.83,-27.669999999999995,34.526666666666664,0.3824255160973385,0.28600000000000136,192.38333333333333,3,1,0
2025-04-08 04:00:00,Hive_03,34.64,14.41,55.37,81.52,48.964,208.2,2,Healthy,20.23,-26.15,34.5525,0.36735541373442926,0.26200000000000045,194.9333333333333,4,1,0
2025-04-08 05:00:00,Hive_03,34.24,13.21,55.02,74.99,48.977,224.5,1,Healthy,21.03,-19.96999999999999,34.56625,0.34792318617512774,0.2669999999999959,197.41666666666666,5,1,0
2025-04-08 06:00:00,Hive_03,35.04,15.73,55.71,75.02,48.982,192.9,31,Healthy,19.31,-19.309999999999995,34.55708333333333,0.3313539965271065,0.2890000000000015,200.11666666666665,6,1,0
2025-04-08 07:00:00,Hive_03,34.45,16.54,55.94,69.09,48.988,189.1,63,Healthy,17.910000000000004,-13.150000000000006,34.54958333333333,0.33166876046239313,0.3089999999999975,197.11666666666667,7,1,0
2025-04-08 08:00:00,Hive_03,34.54,23.76,56.27,64.37,48.986,219.1,54,Healthy,10.779999999999998,-8.100000000000001,34.53041666666667,0.3174967191431468,0.3329999999999984,202.04999999999998,8,1,0
2025-04-08 09:00:00,Hive_03,34.55,21.46,52.04,60.5,49.024,206.2,89,Healthy,13.089999999999996,-8.46,34.510416666666664,0.2992523897208187,0.38400000000000034,206.66666666666666,9,1,0
2025-04-08 10:00:00,Hive_03,33.75,26.42,56.72,56.02,49.028,183.0,90,Healthy,7.329999999999998,0.6999999999999957,34.46375,0.32680019823314,0.3689999999999998,202.46666666666667,10,1,0
2025-04-08 11:00:00,Hive_03,34.79,29.35,53.52,54.18,49.004,213.7,94,Healthy,5.439999999999998,-0.6599999999999966,34.466249999999995,0.3291466238623783,0.3339999999999961,200.66666666666666,11,1,0
2025-04-08 12:00:00,Hive_03,33.97,26.23,53.15,55.42,49.003,194.7,104,Healthy,7.739999999999998,-2.270000000000003,34.46083333333333,0.3364251537236382,0.3260000000000005,200.96666666666667,12,1,0
2025-04-08 13:00:00,Hive_03,34.12,27.8,56.63,50.13,48.99,180.9,84,Healthy,6.319999999999997,6.5,34.464999999999996,0.3313083418679746,0.28999999999999915,199.6,13,1,0
2025-04-08 14:00:00,Hive_03,34.71,28.24,54.58,48.56,49.022,207.6,102,Healthy,6.470000000000002,6.019999999999996,34.479166666666664,0.33432497424780866,0.2980000000000018,197.6833333333333,14,1,0
2025-04-08 15:00:00,Hive_03,33.96,27.06,59.34,52.2,49.047,195.6,75,Healthy,6.900000000000002,7.140000000000001,34.458333333333336,0.35074661567262505,0.31400000000000006,195.91666666666666,15,1,0
2025-04-08 16:00:00,Hive_03,34.77,26.56,54.34,55.69,49.033,217.9,78,Healthy,8.210000000000004,-1.3499999999999943,34.464166666666664,0.35486576355705257,0.28000000000000114,201.73333333333335,16,1,0
2025-04-08 17:00:00,Hive_03,34.41,26.72,57.53,54.23,49.078,209.6,70,Healthy,7.689999999999998,3.3000000000000043,34.440000000000005,0.3367878960956387,0.30100000000000193,201.04999999999998,17,1,0
2025-04-08 18:00:00,Hive_03,34.21,24.35,56.72,54.76,49.114,215.8,53,Healthy,9.86,1.9600000000000009,34.45541666666667,0.31595237900212914,0.2779999999999987,204.5666666666667,18,1,0
2025-04-08 19:00:00,Hive_03,34.69,23.71,54.69,61.0,49.103,213.0,52,Healthy,10.979999999999997,-6.310000000000002,34.45375,0.31454331975103805,0.240000000000002,209.91666666666666,19,1,0
2025-04-08 20:00:00,Hive_03,34.19,23.71,54.51,65.53,49.11,202.2,34,Healthy,10.479999999999997,-11.020000000000003,34.44875,0.3178639646138018,0.24799999999999756,209.01666666666665,20,1,0
2025-04-08 21:00:00,Hive_03,34.56,18.47,51.66,70.44,49.124,201.3,2,Healthy,16.090000000000003,-18.78,34.435833333333335,0.3060820672369804,0.257000000000005,209.9666666666667,21,1,0
2025-04-08 22:00:00,Hive_03,34.67,15.46,54.76,72.95,49.148,201.1,2,Healthy,19.21,-18.190000000000005,34.45041666666666,0.30865034623646276,0.24800000000000466,207.16666666666666,22,1,0
2025-04-08 23:00:00,Hive_03,34.16,9.96,55.32,73.32,49.183,198.2,2,Healthy,24.199999999999996,-17.999999999999993,34.42458333333334,0.30579872844543815,0.2920000000000016,205.26666666666668,23,1,0
2025-04-09 00:00:00,Hive_03,34.67,14.04,55.37,78.27,49.19,205.9,3,Healthy,20.630000000000003,-22.9,34.44083333333334,0.308134875418672,0.2889999999999944,203.61666666666667,0,2,0
2025-04-09 01:00:00,Hive_03,34.24,12.98,57.12,79.92,49.172,174.4,2,Healthy,21.26,-22.800000000000004,34.42958333333333,0.31042018041004205,0.259999999999998,197.1833333333333,1,2,0
2025-04-09 02:00:00,Hive_03,33.99,10.68,56.44,82.18,49.199,201.8,0,Healthy,23.310000000000002,-25.74000000000001,34.40916666666667,0.3228260625579573,0.2779999999999987,197.11666666666667,2,2,0
2025-04-09 03:00:00,Hive_03,34.43,9.69,56.09,79.97,49.207,197.7,0,Healthy,24.740000000000002,-23.879999999999995,34.40625,0.3222854864597791,0.24799999999999756,196.51666666666665,3,2,0
2025-04-09 04:00:00,Hive_03,34.38,14.31,53.4,76.69,49.187,222.1,2,Healthy,20.07,-23.29,34.39541666666666,0.31843338210776273,0.22299999999999898,200.01666666666665,4,2,0
2025-04-09 05:00:00,Hive_03,33.98,15.56,58.15,75.17,49.205,202.1,1,Healthy,18.419999999999995,-17.020000000000003,34.38458333333333,0.3282228718770195,0.22800000000000153,200.66666666666666,5,2,0
2025-04-09 06:00:00,Hive_03,34.18,12.93,55.82,74.78,49.23,205.0,54,Healthy,21.25,-18.96,34.34875,0.2992209086509945,0.24799999999999756,200.51666666666665,6,2,0
2025-04-09 07:00:00,Hive_03,34.55,19.95,54.66,67.3,49.204,204.3,72,Healthy,14.599999999999998,-12.64,34.352916666666665,0.30138057937299423,0.21600000000000108,205.5,7,2,0
2025-04-09 08:00:00,Hive_03,33.97,22.06,57.44,68.71,49.217,224.0,66,Healthy,11.91,-11.269999999999996,34.329166666666666,0.3083746544971678,0.23100000000000165,209.19999999999996,8,2,0
2025-04-09 09:00:00,Hive_03,34.73,21.27,55.77,58.69,49.205,167.5,82,Healthy,13.459999999999997,-2.9199999999999946,34.336666666666666,0.3160719052294544,0.18099999999999739,204.16666666666666,9,2,0
2025-04-09 10:00:00,Hive_03,34.14,24.79,55.98,55.53,49.252,192.6,75,Healthy,9.350000000000001,0.44999999999999574,34.352916666666665,0.29384229971442594,0.22400000000000375,199.25,10,2,0
2025-04-09 11:00:00,Hive_03,34.39,26.11,58.04,55.66,49.28,194.3,72,Healthy,8.280000000000001,2.3800000000000026,34.33625,0.27893917834790843,0.27600000000000335,197.95000000000002,11,2,0
2025-04-09 12:00:00,Hive_03,34.41,28.91,55.53,54.39,49.287,207.8,79,Healthy,5.4999999999999964,1.1400000000000006,34.35458333333333,0.26806843977949013,0.2839999999999989,198.41666666666666,12,2,0
2025-04-09 13:00:00,Hive_03,34.78,25.98,54.26,52.13,49.282,217.2,81,Healthy,8.8,2.1299999999999955,34.382083333333334,0.27667245061181406,0.2919999999999945,200.5666666666667,13,2,0
2025-04-09 14:00:00,Hive_03,34.06,28.08,55.29,49.86,49.294,205.4,86,Healthy,5.980000000000004,5.43,34.355,0.2749861656599487,0.27199999999999847,197.46666666666667,14,2,0
2025-04-09 15:00:00,Hive_03,34.51,30.93,55.2,52.83,49.339,212.9,65,Healthy,3.5799999999999983,2.3700000000000045,34.37791666666667,0.26330638735738854,0.2920000000000016,205.03333333333333,15,2,0
2025-04-09 16:00:00,Hive_03,34.99,28.35,54.4,54.5,49.34,185.9,73,Healthy,6.640000000000001,-0.10000000000000142,34.38708333333333,0.28079822814174965,0.30700000000000216,203.91666666666666,16,2,0
2025-04-09 17:00:00,Hive_03,34.46,26.76,51.92,53.37,49.38,176.5,64,Healthy,7.699999999999999,-1.4499999999999957,34.38916666666667,0.28116089570808384,0.3019999999999996,200.94999999999996,17,2,0
2025-04-09 18:00:00,Hive_03,34.52,24.36,53.48,57.59,49.383,214.5,62,Healthy,10.160000000000004,-4.1100000000000065,34.40208333333333,0.2796889447173591,0.26900000000000546,202.0666666666667,18,2,0
2025-04-09 19:00:00,Hive_03,34.27,21.44,57.78,58.0,49.379,198.5,53,Healthy,12.830000000000002,-0.21999999999999886,34.38458333333333,0.2739720577099191,0.27599999999999625,198.95000000000002,19,2,0
2025-04-09 20:00:00,Hive_03,34.74,19.21,57.57,64.67,49.376,220.9,27,Healthy,15.530000000000001,-7.100000000000001,34.4075,0.27992623251882287,0.26599999999999824,201.53333333333333,20,2,0
2025-04-09 21:00:00,Hive_03,34.15,16.6,55.71,69.38,49.449,216.6,1,Healthy,17.549999999999997,-13.669999999999995,34.39041666666667,0.2827117008493124,0.32499999999999574,202.15,21,2,0
2025-04-09 22:00:00,Hive_03,34.27,17.58,54.88,70.64,49.461,180.6,1,Healthy,16.690000000000005,-15.759999999999998,34.37375,0.27725067138353293,0.3129999999999953,201.26666666666665,22,2,0
2025-04-09 23:00:00,Hive_03,34.11,14.13,52.92,78.69,49.474,217.3,2,Healthy,19.979999999999997,-25.769999999999996,34.37166666666666,0.27910831101092914,0.2909999999999968,208.06666666666663,23,2,0
2025-04-10 00:00:00,Hive_03,34.7,13.53,56.24,77.41,49.479,185.8,1,Healthy,21.17,-21.169999999999995,34.37291666666667,0.28056587487600587,0.2890000000000015,203.28333333333333,0,3,0
2025-04-10 01:00:00,Hive_03,35.0,13.59,54.32,76.4,49.495,210.5,1,Healthy,21.41,-22.080000000000005,34.404583333333335,0.30659389889654914,0.3230000000000004,205.28333333333333,1,3,0
2025-04-10 02:00:00,Hive_03,34.24,11.31,53.4,80.26,49.486,218.1,2,Healthy,22.93,-26.860000000000007,34.415,0.29595828143140834,0.28699999999999903,204.8166666666667,2,3,0
2025-04-10 03:00:00,Hive_03,34.28,11.08,52.07,81.23,49.51,224.7,2,Healthy,23.200000000000003,-29.160000000000004,34.408750000000005,0.2972089369011645,0.30299999999999727,206.16666666666666,3,3,0
2025-04-10 04:00:00,Hive_03,34.42,10.24,55.57,77.94,49.503,195.0,0,Healthy,24.18,-22.369999999999997,34.41041666666667,0.2971528543369336,0.3160000000000025,208.5666666666667,4,3,0
2025-04-10 05:00:00,Hive_03,34.63,14.68,53.87,72.84,49.45,211.9,2,Healthy,19.950000000000003,-18.970000000000006,34.4375,0.2856152778765973,0.24500000000000455,207.66666666666666,5,3,0
2025-04-10 06:00:00,Hive_03,34.3,18.03,55.2,68.32,49.472,178.1,54,Healthy,16.269999999999996,-13.11999999999999,34.4425,0.28193816775099156,0.24200000000000443,206.38333333333333,6,3,0
2025-04-10 07:00:00,Hive_03,34.27,17.07,55.77,65.17,49.445,209.6,63,Healthy,17.200000000000003,-9.399999999999999,34.43083333333333,0.28308727593642635,0.24099999999999966,206.23333333333332,7,3,0
2025-04-10 08:00:00,Hive_03,34.03,19.62,54.4,61.73,49.433,195.0,79,Healthy,14.41,-7.329999999999998,34.43333333333333,0.27907715415457984,0.21600000000000108,202.38333333333333,8,3,0
2025-04-10 09:00:00,Hive_03,34.41,21.66,56.52,60.52,49.469,206.3,79,Healthy,12.749999999999996,-4.0,34.419999999999995,0.27183754739535054,0.2640000000000029,199.3166666666667,9,3,0
2025-04-10 10:00:00,Hive_03,34.64,24.34,57.28,60.36,49.47,180.0,77,Healthy,10.3,-3.0799999999999983,34.44083333333334,0.26858593745225245,0.21799999999999642,196.8166666666667,10,3,0
2025-04-10 11:00:00,Hive_03,34.72,24.81,54.04,57.6,49.496,198.1,104,Healthy,9.91,-3.5600000000000023,34.45458333333333,0.2742575616914319,0.21600000000000108,194.51666666666665,11,3,0
2025-04-10 12:00:00,Hive_03,34.44,26.43,54.5,48.93,49.48,208.8,104,Healthy,8.009999999999998,5.57,34.45583333333334,0.274113855536533,0.19299999999999784,199.63333333333333,12,3,0
2025-04-10 13:00:00,Hive_03,34.32,26.04,54.96,52.46,49.487,199.6,93,Healthy,8.280000000000001,2.5,34.43666666666667,0.2664364948671742,0.2050000000000054,197.96666666666667,13,3,0
2025-04-10 14:00:00,Hive_03,34.65,26.46,56.25,52.59,49.481,183.3,96,Healthy,8.189999999999998,3.6599999999999966,34.46125,0.25723128655474575,0.18700000000000472,196.01666666666665,14,3,0
2025-04-10 15:00:00,Hive_03,34.81,25.99,54.81,50.81,49.515,195.9,65,Healthy,8.820000000000004,4.0,34.47375,0.2668139312574271,0.17600000000000193,194.28333333333333,15,3,0
2025-04-10 16:00:00,Hive_03,35.31,27.49,53.58,52.41,49.52,189.0,68,Healthy,7.820000000000004,1.1700000000000017,34.48708333333334,0.29970244905741483,0.17999999999999972,195.78333333333333,16,3,0
2025-04-10 17:00:00,Hive_03,34.64,25.38,54.68,52.65,49.557,190.3,78,Healthy,9.260000000000002,2.030000000000001,34.49458333333333,0.30124349773486087,0.1769999999999996,194.48333333333335,17,3,0
2025-04-10 18:00:00,Hive_03,34.53,24.41,53.83,60.04,49.561,179.2,48,Healthy,10.120000000000001,-6.210000000000001,34.495,0.3012870940539523,0.17799999999999727,189.55000000000004,18,3,0
2025-04-10 19:00:00,Hive_03,34.9,22.33,54.78,61.21,49.533,253.2,32,Healthy,12.57,-6.43,34.52125,0.30819689499887915,0.15400000000000347,198.48333333333335,19,3,0
2025-04-10 20:00:00,Hive_03,34.57,21.45,53.81,61.99,49.487,195.8,29,Healthy,13.120000000000001,-8.18,34.51416666666667,0.3048865315186024,0.1110000000000042,200.5666666666667,20,3,0
2025-04-10 21:00:00,Hive_03,34.42,17.6,55.1,69.37,49.5,199.5,1,Healthy,16.82,-14.270000000000003,34.525416666666665,0.2957081282302571,0.05100000000000193,201.16666666666666,21,3,0
2025-04-10 22:00:00,Hive_03,34.42,14.66,54.45,73.69,49.521,203.2,1,Healthy,19.76,-19.239999999999995,34.531666666666666,0.2916320890476749,0.060000000000002274,203.53333333333333,22,3,0
2025-04-10 23:00:00,Hive_03,34.19,16.22,56.0,73.23,49.566,191.3,2,Healthy,17.97,-17.230000000000004,34.535000000000004,0.28702370754981893,0.09200000000000585,203.70000000000002,23,3,0
2025-04-11 00:00:00,Hive_03,34.84,11.28,55.55,76.13,49.599,216.3,0,Healthy,23.560000000000002,-20.58,34.54083333333333,0.29190404419001076,0.11999999999999744,209.88333333333333,0,4,0
2025-04-11 01:00:00,Hive_03,33.99,10.48,53.42,80.04,49.637,191.9,2,Healthy,23.51,-26.620000000000005,34.49875,0.29561009131447746,0.142000000000003,199.66666666666666,1,4,0
2025-04-11 02:00:00,Hive_03,34.0,11.96,55.35,78.64,49.677,190.2,2,Healthy,22.04,-23.29,34.48875,0.30852119228175445,0.1910000000000025,198.73333333333335,2,4,0
2025-04-11 03:00:00,Hive_03,34.6,9.99,56.12,78.14,49.698,169.5,1,Healthy,24.61,-22.020000000000003,34.50208333333333,0.30601192313608633,0.1880000000000024,193.73333333333335,3,4,0
2025-04-11 04:00:00,Hive_03,34.47,11.62,56.6,77.37,49.714,221.3,1,Healthy,22.85,-20.770000000000003,34.50416666666667,0.3055987233450777,0.21099999999999852,196.75,4,4,0
2025-04-11 05:00:00,Hive_03,34.63,12.22,53.89,78.52,49.732,212.5,2,Healthy,22.410000000000004,-24.629999999999995,34.50416666666667,0.3055987233450777,0.2819999999999965,200.28333333333333,5,4,0
2025-04-11 06:00:00,Hive_03,34.59,14.91,55.3,71.62,49.767,195.9,40,Healthy,19.680000000000003,-16.320000000000007,34.51625,0.3028963447322672,0.2950000000000017,196.88333333333335,6,4,0
2025-04-11 07:00:00,Hive_03,34.75,21.8,55.78,69.23,49.78,196.6,32,Healthy,12.95,-13.450000000000003,34.53625,0.30177464237838164,0.33500000000000085,197.66666666666666,7,4,0
2025-04-11 08:00:00,Hive_03,33.68,18.41,55.11,65.66,49.804,212.5,75,Healthy,15.27,-10.549999999999997,34.52166666666667,0.334035492343136,0.3710000000000022,201.38333333333333,8,4,0
2025-04-11 09:00:00,Hive_03,34.83,23.51,55.3,64.33,49.811,201.7,75,Healthy,11.319999999999997,-9.030000000000001,34.53916666666667,0.3388974022847525,0.34199999999999875,206.75,9,4,0
2025-04-11 10:00:00,Hive_03,31.54,25.68,71.97,58.64,49.77,306.4,32,At Risk,5.859999999999999,13.329999999999998,34.41,0.6986322040399728,0.30000000000000426,220.9333333333333,10,4,1
2025-04-11 11:00:00,Hive_03,30.99,24.42,67.65,56.27,49.691,312.2,36,At Risk,6.569999999999997,11.380000000000003,34.254583333333336,0.9834852805718473,0.19500000000000028,237.54999999999998,11,4,1
2025-04-11 12:00:00,Hive_03,32.68,25.47,67.87,52.5,49.64,341.1,33,At Risk,7.210000000000001,15.370000000000005,34.18125,1.033408511758037,0.1600000000000037,261.75,12,4,1
2025-04-11 13:00:00,Hive_03,30.89,29.06,73.3,53.25,49.6,379.9,33,At Risk,1.8300000000000018,20.049999999999997,34.038333333333334,1.231565517213143,0.11299999999999955,292.3,13,4,1
2025-04-11 14:00:00,Hive_03,31.54,29.06,68.22,51.4,49.506,321.9,30,At Risk,2.4800000000000004,16.82,33.90875,1.3245157031255532,0.02499999999999858,310.5333333333333,14,4,1
2025-04-11 15:00:00,Hive_03,31.42,26.0,71.6,53.65,49.474,359.2,34,At Risk,5.420000000000002,17.949999999999996,33.767500000000005,1.4026783386575996,-0.04100000000000392,336.7833333333333,15,4,1
2025-04-11 16:00:00,Hive_03,31.22,26.59,66.0,50.54,49.392,334.0,21,At Risk,4.629999999999999,15.46,33.59708333333333,1.4546192663872795,-0.1280000000000001,341.3833333333334,16,4,1
2025-04-11 17:00:00,Hive_03,29.43,25.28,67.41,54.13,49.321,326.6,25,At Risk,4.149999999999999,13.279999999999994,33.38,1.6656634661926368,-0.2360000000000042,343.7833333333333,17,4,1
2025-04-11 18:00:00,Hive_03,32.88,24.73,72.37,56.81,49.316,321.4,31,At Risk,8.150000000000002,15.560000000000002,33.31125,1.6501128090554535,-0.24499999999999744,340.5,18,4,1
2025-04-11 19:00:00,Hive_03,31.69,22.33,71.82,61.05,49.295,353.2,14,At Risk,9.360000000000003,10.769999999999996,33.1775,1.6458254173356388,-0.23799999999999955,336.05,19,4,1
2025-04-11 20:00:00,Hive_03,31.94,18.88,66.51,64.54,49.211,311.4,13,At Risk,13.060000000000002,1.9699999999999989,33.06791666666667,1.6366083145831012,-0.27600000000000335,334.3,20,4,1
2025-04-11 21:00:00,Hive_03,32.93,18.74,66.7,69.14,49.143,346.3,0,At Risk,14.190000000000001,-2.4399999999999977,33.005833333333335,1.6111511322699439,-0.3569999999999993,332.15000000000003,21,4,1
2025-04-11 22:00:00,Hive_03,32.61,17.45,70.7,68.73,49.105,316.3,0,At Risk,15.16,1.9699999999999989,32.930416666666666,1.5842141905214446,-0.4160000000000039,329.2,22,4,1
2025-04-11 23:00:00,Hive_03,32.8,13.29,74.85,73.54,49.072,318.3,0,At Risk,19.509999999999998,1.309999999999988,32.8725,1.5614075311273221,-0.4939999999999998,327.81666666666666,23,4,1
2025-04-12 00:00:00,Hive_03,31.17,13.09,67.83,74.79,49.048,359.9,0,At Risk,18.080000000000002,-6.960000000000008,32.71958333333333,1.5399053589402907,-0.5509999999999948,334.23333333333335,0,5,1
2025-04-12 01:00:00,Hive_03,33.76,10.33,69.15,81.29,49.003,336.2,0,At Risk,23.43,-12.14,32.71,1.532352553372219,-0.6340000000000003,331.4,1,5,1
2025-04-12 02:00:00,Hive_03,30.82,11.34,67.97,75.93,48.981,319.7,0,At Risk,19.48,-7.960000000000008,32.5775,1.5533001333767142,-0.695999999999998,332.78333333333336,2,5,1
2025-04-12 03:00:00,Hive_03,33.27,12.99,68.88,79.78,48.92,312.2,0,At Risk,20.28,-10.900000000000006,32.522083333333335,1.5008460778093347,-0.7779999999999987,327.1,3,5,1
2025-04-12 04:00:00,Hive_03,31.13,11.08,67.5,77.16,48.902,351.1,0,At Risk,20.049999999999997,-9.659999999999997,32.38291666666667,1.4668377082414958,-0.8119999999999976,332.9,4,5,1
2025-04-12 05:00:00,Hive_03,31.98,13.25,71.37,74.88,48.799,375.7,0,At Risk,18.73,-3.509999999999991,32.2725,1.3879520415221693,-0.9329999999999998,342.4666666666667,5,5,1
2025-04-12 06:00:00,Hive_03,31.32,14.08,69.11,71.75,48.74,315.4,16,At Risk,17.240000000000002,-2.6400000000000006,32.13625,1.3088056702998572,-1.027000000000001,335.04999999999995,6,5,1
2025-04-12 07:00:00,Hive_03,30.44,16.43,70.6,63.57,48.646,363.7,28,At Risk,14.010000000000002,7.029999999999994,31.956666666666667,1.2277574702674363,-1.1340000000000003,339.6333333333333,7,5,1
2025-04-12 08:00:00,Hive_03,29.83,18.48,66.25,62.64,48.594,304.8,29,At Risk,11.349999999999998,3.6099999999999994,31.79625,1.2442067928920346,-1.2100000000000009,337.15000000000003,8,5,1
2025-04-12 09:00:00,Hive_03,30.39,23.05,72.14,60.17,48.542,378.5,31,At Risk,7.34,11.969999999999999,31.61125,1.0946046040150241,-1.2689999999999984,348.2,9,5,1
2025-04-12 10:00:00,Hive_03,31.49,24.24,63.32,55.57,48.533,348.5,31,At Risk,7.25,7.75,31.609166666666667,1.094793673897621,-1.2370000000000019,347.76666666666665,10,5,1
2025-04-12 11:00:00,Hive_03,31.54,25.02,71.4,52.91,48.478,300.5,39,At Risk,6.52,18.49000000000001,31.632083333333338,1.0869981767382748,-1.213000000000001,335.23333333333335,11,5,1
2025-04-12 12:00:00,Hive_03,33.07,29.52,71.66,53.0,48.478,376.6,40,At Risk,3.5500000000000007,18.659999999999997,31.64833333333333,1.1060924824401401,-1.161999999999999,345.43333333333334,12,5,1
2025-04-12 13:00:00,Hive_03,30.4,28.46,67.01,50.26,48.415,302.4,34,At Risk,1.9399999999999977,16.750000000000007,31.627916666666664,1.1250583720768272,-1.1850000000000023,335.2166666666667,13,5,1
2025-04-12 14:00:00,Hive_03,30.38,26.22,63.63,49.23,48.355,315.5,30,At Risk,4.16,14.400000000000006,31.579583333333332,1.1535558604544753,-1.1510000000000034,337.0,14,5,1
2025-04-12 15:00:00,Hive_03,32.73,26.78,70.14,55.96,48.328,342.6,29,At Risk,5.949999999999996,14.18,31.634166666666662,1.1764423771129275,-1.1459999999999937,331.01666666666665,15,5,1
2025-04-12 16:00:00,Hive_03,32.69,25.75,69.57,55.87,48.307,298.2,27,At Risk,6.939999999999998,13.699999999999996,31.69541666666667,1.1921043839862677,-1.0850000000000009,322.6333333333333,16,5,1
2025-04-12 17:00:00,Hive_03,32.82,24.8,68.2,55.62,48.232,334.8,19,At Risk,8.02,12.580000000000005,31.836666666666662,1.1100202374446353,-1.0889999999999986,328.35,17,5,1
2025-04-12 18:00:00,Hive_03,33.11,23.7,68.67,57.77,48.199,354.2,21,At Risk,9.41,10.899999999999999,31.846249999999998,1.1203641197708787,-1.1170000000000044,324.6166666666667,18,5,1
2025-04-12 19:00:00,Hive_03,30.76,24.39,71.53,61.29,48.167,337.4,17,At Risk,6.370000000000001,10.240000000000002,31.8075,1.1418796479643554,-1.1280000000000001,330.45,19,5,1
2025-04-12 20:00:00,Hive_03,30.02,20.07,64.99,64.66,48.083,340.7,22,At Risk,9.95,0.3299999999999983,31.727499999999996,1.198068191425171,-1.1280000000000001,334.65,20,5,1
2025-04-12 21:00:00,Hive_03,33.4,16.37,66.3,68.82,48.047,322.7,0,At Risk,17.029999999999998,-2.519999999999996,31.747083333333336,1.2221772417065195,-1.0960000000000036,331.3333333333333,21,5,1
2025-04-12 22:00:00,Hive_03,29.86,15.33,72.93,73.56,48.026,277.1,0,At Risk,14.53,-0.6299999999999955,31.632500000000004,1.2658877276958194,-1.0789999999999935,327.81666666666666,22,5,1
2025-04-12 23:00:00,Hive_03,31.79,14.33,68.94,74.85,47.957,372.2,0,At Risk,17.46,-5.909999999999997,31.590416666666666,1.2419496564981292,-1.115000000000002,334.05,23,5,1
2025-04-13 00:00:00,Hive_03,32.85,12.04,60.08,79.54,47.932,297.8,0,At Risk,20.810000000000002,-19.460000000000008,31.660416666666666,1.2643660696062118,-1.1159999999999997,324.65,0,6,1
2025-04-13 01:00:00,Hive_03,32.43,12.94,67.08,80.16,47.888,329.3,0,At Risk,19.490000000000002,-13.079999999999998,31.605,1.1956188137640456,-1.115000000000002,323.3,1,6,1
2025-04-13 02:00:00,Hive_03,30.72,11.4,65.65,81.55,47.834,320.8,0,At Risk,19.32,-15.899999999999991,31.60083333333333,1.198643859305062,-1.1469999999999985,319.98333333333335,2,6,1
2025-04-13 03:00:00,Hive_03,31.31,10.61,65.47,80.55,47.79,307.7,0,At Risk,20.7,-15.079999999999998,31.519166666666663,1.1455696007425298,-1.1300000000000026,317.48333333333335,3,6,1
2025-04-13 04:00:00,Hive_03,31.38,13.02,66.48,77.27,47.71,339.2,0,At Risk,18.36,-10.789999999999992,31.52958333333333,1.1430108187959238,-1.1920000000000002,327.8333333333333,4,6,1
2025-04-13 05:00:00,Hive_03,32.62,11.78,69.37,77.37,47.633,330.4,0,At Risk,20.839999999999996,-8.0,31.556249999999995,1.1612954254701324,-1.1659999999999968,320.8666666666667,5,6,1
2025-04-13 06:00:00,Hive_03,33.02,16.93,68.65,71.57,47.624,355.9,19,At Risk,16.090000000000003,-2.9199999999999875,31.62708333333333,1.1975390677723345,-1.1159999999999997,330.55,6,6,1
2025-04-13 07:00:00,Hive_03,31.56,17.53,68.69,68.0,47.604,290.8,18,At Risk,14.029999999999998,0.6899999999999977,31.67375,1.1707924202457034,-1.0420000000000016,324.1333333333334,7,6,1
2025-04-13 08:00:00,Hive_03,33.34,20.57,67.81,64.68,47.529,312.7,25,At Risk,12.770000000000003,3.1299999999999955,31.820000000000004,1.1494989456660558,-1.0649999999999977,322.7833333333333,8,6,1
2025-04-13 09:00:00,Hive_03,31.71,22.08,65.38,60.82,47.526,345.8,33,At Risk,9.630000000000003,4.559999999999995,31.875,1.1089674006266286,-1.0159999999999982,329.1333333333334,9,6,1
2025-04-13 10:00:00,Hive_03,31.8,23.08,71.32,58.26,47.516,326.8,31,At Risk,8.720000000000002,13.059999999999995,31.88791666666667,1.106089780013214,-1.017000000000003,327.06666666666666,10,6,1
2025-04-13 11:00:00,Hive_03,31.85,25.9,70.23,57.47,47.47,356.8,38,At Risk,5.950000000000003,12.760000000000005,31.900833333333335,1.1036576212430822,-1.0080000000000027,331.46666666666664,11,6,1
2025-04-13 12:00:00,Hive_03,32.58,26.43,66.03,51.2,47.414,321.1,36,At Risk,6.149999999999999,14.829999999999998,31.880416666666665,1.085471162642261,-1.064,325.6666666666667,12,6,1
2025-04-13 13:00:00,Hive_03,33.33,27.49,68.72,49.13,47.366,340.5,26,At Risk,5.84,19.589999999999996,32.002500000000005,1.0764605851143507,-1.0489999999999995,333.95,13,6,1
2025-04-13 14:00:00,Hive_03,29.64,31.14,71.59,50.05,47.339,356.1,33,At Risk,-1.5,21.540000000000006,31.971666666666668,1.1340142881804838,-1.0159999999999982,341.18333333333334,14,6,1
2025-04-13 15:00:00,Hive_03,32.23,25.37,71.46,51.03,47.273,299.0,35,At Risk,6.859999999999996,20.429999999999993,31.950833333333335,1.124025826203031,-1.0549999999999997,333.3833333333334,15,6,1
2025-04-13 16:00:00,Hive_03,31.57,26.31,67.37,55.45,47.248,317.5,23,At Risk,5.260000000000002,11.920000000000002,31.904166666666665,1.1152185072177472,-1.0590000000000046,331.8333333333333,16,6,1
2025-04-13 17:00:00,Hive_03,32.97,27.42,70.49,51.73,47.156,331.1,18,At Risk,5.549999999999997,18.759999999999998,31.910416666666666,1.1209796925078046,-1.0760000000000005,327.55,17,6,1
2025-04-13 18:00:00,Hive_03,32.1,23.74,69.1,58.69,47.065,344.6,20,At Risk,8.360000000000003,10.409999999999997,31.868333333333336,1.0925863478630142,-1.1340000000000003,331.4666666666667,18,6,1
2025-04-13 19:00:00,Hive_03,31.51,19.3,62.07,59.55,47.049,323.3,15,At Risk,12.21,2.520000000000003,31.899583333333336,1.0699999153462498,-1.118000000000002,328.6,19,6,1
2025-04-13 20:00:00,Hive_03,32.3,20.76,66.75,64.59,46.997,341.3,19,At Risk,11.539999999999996,2.1599999999999966,31.994583333333335,0.9944103744199407,-1.0859999999999985,326.1333333333334,20,6,1
2025-04-13 21:00:00,Hive_03,33.04,17.16,63.68,69.17,46.887,359.5,0,At Risk,15.879999999999999,-5.490000000000002,31.979583333333334,0.9748109255543336,-1.1599999999999966,336.2166666666667,21,6,1
2025-04-13 22:00:00,Hive_03,31.32,13.43,66.81,73.24,46.827,356.3,0,At Risk,17.89,-6.429999999999993,32.040416666666665,0.8774839484061915,-1.1990000000000052,342.68333333333334,22,6,1
2025-04-13 23:00:00,Hive_03,32.45,13.64,69.72,74.7,46.807,373.1,0,At Risk,18.810000000000002,-4.980000000000004,32.06791666666667,0.8796342083957852,-1.1499999999999986,349.6833333333334,23,6,1
2025-04-14 00:00:00,Hive_03,32.54,12.11,69.82,79.92,46.776,286.9,0,At Risk,20.43,-10.100000000000009,32.055,0.8698725543836506,-1.1559999999999988,340.06666666666666,0,0,1
2025-04-14 01:00:00,Hive_03,30.85,12.24,70.75,79.45,46.727,309.8,0,At Risk,18.61,-8.700000000000003,31.989166666666666,0.8995405429474433,-1.1610000000000014,337.81666666666666,1,0,1
2025-04-14 02:00:00,Hive_03,31.14,12.88,71.7,81.22,46.61,302.7,0,At Risk,18.259999999999998,-9.519999999999996,32.00666666666667,0.8775938778803862,-1.2240000000000038,331.3833333333333,2,0,1
2025-04-14 03:00:00,Hive_03,34.74,12.0,65.8,80.16,46.588,306.3,0,At Risk,22.740000000000002,-14.36,32.14958333333333,1.0259565172865146,-1.2019999999999982,322.5166666666667,3,0,1
2025-04-14 04:00:00,Hive_03,30.98,14.9,68.69,76.57,46.529,356.8,0,At Risk,16.08,-7.8799999999999955,32.13291666666667,1.0421235809496745,-1.1809999999999974,322.59999999999997,4,0,1
2025-04-14 05:00:00,Hive_03,31.87,14.48,64.09,76.1,46.485,331.6,0,At Risk,17.39,-12.009999999999991,32.10166666666667,1.0381198166028585,-1.1480000000000032,315.68333333333334,5,0,1
2025-04-14 06:00:00,Hive_03,30.64,15.33,67.88,69.37,46.407,372.1,19,At Risk,15.31,-1.490000000000009,32.002500000000005,1.060025635457213,-1.2170000000000059,329.8833333333333,6,0,1
2025-04-14 07:00:00,Hive_03,30.74,16.85,70.36,68.14,46.293,312.7,17,At Risk,13.889999999999997,2.219999999999999,31.968333333333334,1.0877606301048885,-1.311,330.3666666666667,7,0,1
2025-04-14 08:00:00,Hive_03,28.34,21.51,87.94,65.64,46.161,384.2,5,Critical,6.829999999999998,22.299999999999997,31.76,1.2761320634944817,-1.368000000000002,343.95,8,0,2
2025-04-14 09:00:00,Hive_03,26.37,23.78,75.14,61.32,45.963,40.0,3,Critical,2.59,13.82,31.537499999999998,1.6851944798102887,-1.5630000000000024,299.56666666666666,9,0,2
2025-04-14 10:00:00,Hive_03,27.13,25.46,85.0,56.05,45.71,327.9,3,Critical,1.6699999999999982,28.950000000000003,31.342916666666667,1.9083990084263862,-1.8059999999999974,294.75,10,0,2
2025-04-14 11:00:00,Hive_03,27.82,23.52,83.18,55.39,45.535,365.1,1,Critical,4.300000000000001,27.790000000000006,31.174999999999997,2.034942580110886,-1.9350000000000023,300.3333333333333,11,0,2
2025-04-14 12:00:00,Hive_03,30.34,25.7,78.09,49.67,45.32,447.3,4,Critical,4.640000000000001,28.42,31.081666666666667,2.019006786961758,-2.094000000000001,312.8666666666667,12,0,2
2025-04-14 13:00:00,Hive_03,27.96,25.89,92.01,49.15,45.163,521.6,1,Critical,2.0700000000000003,42.86000000000001,30.857916666666664,2.056222748817404,-2.203000000000003,347.68333333333334,13,0,2
2025-04-14 14:00:00,Hive_03,26.95,28.45,87.48,48.9,44.967,415.6,2,Critical,-1.5,38.580000000000005,30.745833333333334,2.1941838468149806,-2.372,352.9166666666667,14,0,2
2025-04-14 15:00:00,Hive_03,28.16,25.18,80.32,51.26,44.778,428.3,2,Critical,2.9800000000000004,29.059999999999995,30.576249999999998,2.2314526609949614,-2.4950000000000045,417.6333333333334,15,0,2
2025-04-14 16:00:00,Hive_03,26.95,27.99,80.14,51.69,44.574,447.7,6,Critical,-1.0399999999999991,28.450000000000003,30.383750000000003,2.338696798944224,-2.6739999999999995,437.59999999999997,16,0,2
2025-04-14 17:00:00,Hive_03,29.02,26.29,70.79,57.0,44.309,445.4,5,Critical,2.7300000000000004,13.790000000000006,30.219166666666666,2.2872005228848526,-2.8470000000000013,450.98333333333335,17,0,2
2025-04-14 18:00:00,Hive_03,26.82,23.26,77.97,57.87,44.115,403.0,3,Critical,3.5599999999999987,20.1,29.999166666666667,2.351454529817199,-2.9499999999999957,443.6000000000001,18,0,2
2025-04-14 19:00:00,Hive_03,24.93,22.35,71.99,61.89,43.883,499.4,2,Critical,2.5799999999999983,10.099999999999994,29.724999999999998,2.5434023771662013,-3.165999999999997,439.8999999999999,19,0,2
2025-04-14 20:00:00,Hive_03,25.85,16.35,83.8,61.66,43.645,40.0,0,Critical,9.5,22.14,29.45625,2.5996334398795438,-3.3519999999999968,377.3,20,0,2
2025-04-14 21:00:00,Hive_03,28.23,15.64,82.42,68.85,43.46,406.7,3,Critical,12.59,13.570000000000007,29.25583333333333,2.494625382116983,-3.4269999999999996,373.7,21,0,2
2025-04-14 22:00:00,Hive_03,23.11,16.84,85.05,72.2,43.223,40.0,3,Critical,6.27,12.849999999999994,28.913750000000004,2.749186144393037,-3.603999999999999,305.75,22,0,2
2025-04-14 23:00:00,Hive_03,28.86,15.22,75.96,75.62,42.945,479.7,5,Critical,13.639999999999999,0.3399999999999892,28.764166666666664,2.644069519356355,-3.862000000000002,311.46666666666664,23,0,2
2025-04-15 00:00:00,Hive_03,24.01,11.36,79.67,77.2,42.723,450.4,0,Critical,12.650000000000002,2.469999999999999,28.40875,2.6874010598574123,-4.053000000000004,319.3666666666666,0,1,2
2025-04-15 01:00:00,Hive_03,26.69,13.16,81.19,78.26,42.517,441.0,2,Critical,13.530000000000001,2.9299999999999926,28.235416666666666,2.6570840165518903,-4.209999999999994,309.6333333333333,1,1,2
2025-04-15 02:00:00,Hive_03,27.51,12.53,82.13,82.92,42.364,490.8,0,Critical,14.980000000000002,-0.7900000000000063,28.084166666666665,2.5869470283593543,-4.246000000000002,384.76666666666665,2,1,2
2025-04-15 03:00:00,Hive_03,28.55,14.31,77.52,79.2,42.118,40.0,3,Critical,14.24,-1.6800000000000068,27.82625,2.1693834277330613,-4.469999999999999,323.65,3,1,2
2025-04-15 04:00:00,Hive_03,28.99,13.71,77.25,74.0,41.944,456.2,1,Critical,15.279999999999998,3.25,27.743333333333336,2.079781900494451,-4.585000000000001,393.01666666666665,4,1,2
2025-04-15 05:00:00,Hive_03,27.86,16.07,74.62,74.64,41.727,386.4,1,Critical,11.79,-0.01999999999999602,27.576249999999998,1.8858807479937132,-4.758000000000003,377.4666666666667,5,1,2
2025-04-15 06:00:00,Hive_03,28.7,13.54,78.74,69.89,41.516,512.6,4,Critical,15.16,8.849999999999994,27.495416666666667,1.7878818635391382,-4.890999999999998,387.8333333333333,6,1,2
2025-04-15 07:00:00,Hive_03,28.21,15.27,72.88,61.04,41.326,462.6,2,Critical,12.940000000000001,11.839999999999996,27.39,1.658136722741986,-4.966999999999999,391.43333333333334,7,1,2
2025-04-15 08:00:00,Hive_03,27.93,21.3,82.33,62.74,41.12,446.0,0,Critical,6.629999999999999,19.589999999999996,27.372916666666665,1.6500157553050252,-5.041000000000004,383.9666666666667,8,1,2
2025-04-15 09:00:00,Hive_03,28.01,22.56,80.96,58.02,40.836,429.3,3,Critical,5.450000000000003,22.93999999999999,27.44125,1.6406078208213895,-5.1270000000000024,448.84999999999997,9,1,2
2025-04-15 10:00:00,Hive_03,27.92,26.14,79.76,58.24,40.693,431.4,4,Critical,1.7800000000000011,21.520000000000003,27.474166666666672,1.6420160372748611,-5.017000000000003,444.71666666666664,10,1,2
2025-04-15 11:00:00,Hive_03,24.96,26.41,84.11,59.0,40.559,376.4,3,Critical,-1.4499999999999993,25.11,27.355,1.717855083223761,-4.975999999999999,443.05,11,1,2
2025-04-15 12:00:00,Hive_03,24.97,26.89,77.32,53.23,40.326,419.6,2,Critical,-1.9200000000000017,24.089999999999996,27.131249999999998,1.6609329816601424,-4.994,427.54999999999995,12,1,2
2025-04-15 13:00:00,Hive_03,27.5,28.04,74.55,50.74,40.07,417.1,4,Critical,-0.5399999999999991,23.809999999999995,27.112083333333334,1.6535915566527064,-5.092999999999996,419.96666666666664,13,1,2
2025-04-15 14:00:00,Hive_03,21.29,27.37,74.8,48.92,39.912,418.4,0,Critical,-6.080000000000002,25.879999999999995,26.87625,2.0368983507543095,-5.055,415.3666666666666,14,1,2
2025-04-15 15:00:00,Hive_03,26.62,26.51,90.83,49.6,39.659,393.3,5,Critical,0.10999999999999943,41.23,26.812083333333334,2.0188760953577827,-5.119,409.36666666666673,15,1,2
2025-04-15 16:00:00,Hive_03,24.59,28.76,76.95,49.73,39.53,40.0,1,Critical,-4.170000000000002,27.220000000000006,26.71375,2.0687253216710637,-5.043999999999997,344.1333333333334,16,1,2
2025-04-15 17:00:00,Hive_03,25.43,26.06,83.43,54.9,39.362,40.0,2,Critical,-0.629999999999999,28.53000000000001,26.564166666666665,2.0240250829061424,-4.946999999999996,288.06666666666666,17,1,2
2025-04-15 18:00:00,Hive_03,25.96,24.89,74.49,58.64,39.084,449.9,4,Critical,1.0700000000000003,15.849999999999994,26.528333333333332,2.0269095487569047,-5.030999999999999,293.1166666666667,18,1,2
2025-04-15 19:00:00,Hive_03,27.43,20.46,81.61,61.35,38.879,40.0,2,Critical,6.969999999999999,20.259999999999998,26.632500000000004,2.0053217241611443,-5.004000000000005,230.26666666666665,19,1,2
2025-04-15 20:00:00,Hive_03,27.7,21.23,74.09,67.92,38.803,515.8,0,Critical,6.469999999999999,6.170000000000002,26.70958333333333,2.0094872354102353,-4.842000000000006,246.5,20,1,2
2025-04-15 21:00:00,Hive_03,27.61,16.27,78.79,72.31,38.663,40.0,3,Critical,11.34,6.480000000000004,26.68375,1.9930091133981973,-4.797000000000004,187.61666666666665,21,1,2
2025-04-15 22:00:00,Hive_03,25.38,15.32,77.75,72.81,38.373,475.9,2,Critical,10.059999999999999,4.939999999999998,26.778333333333332,1.8658409146660586,-4.850000000000001,260.26666666666665,22,1,2
2025-04-15 23:00:00,Hive_03,25.55,14.02,77.78,75.33,38.186,483.9,5,Critical,11.530000000000001,2.450000000000003,26.640416666666663,1.8272133193729934,-4.759,334.24999999999994,23,1,2
2025-04-16 00:00:00,Hive_03,26.47,13.01,76.43,80.27,37.931,503.2,5,Critical,13.459999999999999,-3.839999999999989,26.742916666666662,1.7401661069310153,-4.792000000000002,343.13333333333327,0,2,2
2025-04-16 01:00:00,Hive_03,29.92,14.39,76.41,79.93,37.691,430.8,4,Critical,15.530000000000001,-3.5200000000000102,26.8775,1.8568843704492397,-4.8260000000000005,408.26666666666665,1,2,2
2025-04-16 02:00:00,Hive_03,27.8,13.09,76.74,81.8,37.494,40.0,3,Critical,14.71,-5.060000000000002,26.889583333333334,1.8621153916675879,-4.869999999999997,328.96666666666664,2,2,2
2025-04-16 03:00:00,Hive_03,27.62,9.69,77.4,81.58,37.336,430.6,3,Critical,17.93,-4.179999999999993,26.85083333333333,1.8355473456090141,-4.782000000000004,394.06666666666666,3,2,2
2025-04-16 04:00:00,Hive_03,28.97,13.47,75.84,76.96,37.17,442.4,3,Critical,15.499999999999998,-1.1199999999999903,26.849999999999998,1.834538207501793,-4.774000000000001,388.4833333333333,4,2,2
2025-04-16 05:00:00,Hive_03,24.34,14.81,70.44,77.32,36.998,512.1,0,Critical,9.53,-6.8799999999999955,26.703333333333333,1.890145305357138,-4.728999999999999,393.18333333333334,5,2,2
2025-04-16 06:00:00,Hive_03,22.39,16.66,85.88,67.54,36.819,474.7,3,Critical,5.73,18.33999999999999,26.440416666666668,2.0337382140260236,-4.696999999999996,388.43333333333334,6,2,2
2025-04-16 07:00:00,Hive_03,28.14,16.59,83.49,66.96,36.599,398.6,1,Critical,11.55,16.53,26.4375,2.0311385755395506,-4.727000000000004,383.06666666666666,7,2,2
2025-04-16 08:00:00,Hive_03,24.32,18.51,80.74,63.61,36.358,420.5,2,Critical,5.809999999999999,17.129999999999995,26.28708333333333,2.049393291274328,-4.7620000000000005,446.48333333333335,8,2,2
2025-04-16 09:00:00,Hive_03,25.22,22.17,83.51,59.66,36.116,464.2,1,Critical,3.049999999999997,23.85000000000001,26.170833333333334,2.026414517590824,-4.719999999999999,452.0833333333333,9,2,2
2025-04-16 10:00:00,Hive_03,29.38,26.23,74.14,59.73,35.932,40.0,4,Critical,3.1499999999999986,14.410000000000004,26.231666666666666,2.101723240512779,-4.760999999999996,385.01666666666665,10,2,2
2025-04-16 11:00:00,Hive_03,26.52,26.02,78.14,52.01,35.821,40.0,4,Critical,0.5,26.130000000000003,26.296666666666667,2.08473888817891,-4.7379999999999995,306.3333333333333,11,2,2
2025-04-16 12:00:00,Hive_03,26.94,25.62,76.67,52.05,35.579,487.8,5,Critical,1.3200000000000003,24.620000000000005,26.37875,2.068955444284905,-4.747,308.5166666666667,12,2,2
2025-04-16 13:00:00,Hive_03,28.74,24.73,83.22,49.1,35.413,40.0,2,Critical,4.009999999999998,34.12,26.43041666666667,2.1131832142771736,-4.657000000000004,248.75,13,2,2
2025-04-16 14:00:00,Hive_03,27.13,28.26,77.96,48.3,35.254,480.6,1,Critical,-1.1300000000000026,29.659999999999997,26.673750000000002,1.810019967461689,-4.658000000000001,258.76666666666665,14,2,2
2025-04-16 15:00:00,Hive_03,29.63,28.96,73.42,52.35,35.077,448.7,4,Critical,0.6699999999999982,21.07,26.799166666666668,1.9077756605575484,-4.582000000000001,256.18333333333334,15,2,2
2025-04-16 16:00:00,Hive_03,32.22,27.71,72.5,50.13,34.872,509.5,4,Critical,4.509999999999998,22.369999999999997,27.11708333333333,2.144662696022708,-4.658000000000001,334.43333333333334,16,2,2
2025-04-16 17:00:00,Hive_03,26.86,27.87,71.48,54.88,34.676,412.0,3,Critical,-1.0100000000000016,16.6,27.176666666666666,2.1154188950301336,-4.686,396.43333333333334,17,2,2
2025-04-16 18:00:00,Hive_03,26.99,23.79,87.07,57.84,34.522,40.0,2,Critical,3.1999999999999993,29.22999999999999,27.219583333333333,2.100054821575956,-4.562000000000005,321.8,18,2,2
2025-04-16 19:00:00,Hive_03,27.81,23.0,78.92,65.09,34.335,445.0,3,Critical,4.809999999999999,13.829999999999998,27.235416666666666,2.1031404657896267,-4.543999999999997,389.3,19,2,2
2025-04-16 20:00:00,Hive_03,33.48,20.85,64.96,65.52,34.306,357.4,5,At Risk,12.629999999999995,-0.5600000000000023,27.476250000000004,2.4594145865829207,-4.497,368.76666666666665,20,2,1
2025-04-16 21:00:00,Hive_03,30.12,17.12,67.44,67.42,34.233,333.9,0,At Risk,13.0,0.01999999999999602,27.580833333333334,2.5180184007802318,-4.43,349.6333333333334,21,2,1
2025-04-16 22:00:00,Hive_03,31.54,17.2,75.94,74.88,34.194,324.7,0,At Risk,14.34,1.0600000000000023,27.837500000000002,2.596652108757384,-4.178999999999995,318.8333333333333,22,2,1
2025-04-16 23:00:00,Hive_03,31.65,13.28,67.76,76.7,34.15,324.3,0,At Risk,18.369999999999997,-8.939999999999998,28.091666666666665,2.660761033118796,-4.036000000000001,304.21666666666664,23,2,1
2025-04-17 00:00:00,Hive_03,31.52,13.31,71.22,77.09,34.109,339.6,0,At Risk,18.21,-5.8700000000000045,28.302083333333332,2.7258265266931856,-3.8219999999999956,354.15000000000003,0,3,1
2025-04-17 01:00:00,Hive_03,30.52,10.94,73.56,78.6,34.017,344.9,0,At Risk,19.58,-5.039999999999992,28.32708333333333,2.7440013296466335,-3.6739999999999995,337.46666666666664,1,3,1
2025-04-17 02:00:00,Hive_03,31.79,15.23,69.12,81.54,33.927,308.0,0,At Risk,16.56,-12.420000000000002,28.493333333333336,2.830195363769516,-3.567,329.23333333333335,2,3,1
2025-04-17 03:00:00,Hive_03,31.3,10.51,61.22,80.3,33.914,322.2,0,At Risk,20.79,-19.08,28.646666666666665,2.880070450024172,-3.421999999999997,327.28333333333336,3,3,1
2025-04-17 04:00:00,Hive_03,34.41,13.14,67.38,78.15,33.856,289.4,0,At Risk,21.269999999999996,-10.77000000000001,28.87333333333333,3.1114021257958195,-3.314,321.4,4,3,1
2025-04-17 05:00:00,Hive_03,30.35,14.3,65.2,76.27,33.791,316.3,0,At Risk,16.05,-11.069999999999993,29.12375,2.969287445631277,-3.2070000000000007,320.06666666666666,5,3,1
2025-04-17 06:00:00,Hive_03,34.44,15.85,67.33,73.58,33.688,281.0,20,At Risk,18.589999999999996,-6.25,29.625833333333333,2.794811834168199,-3.1310000000000002,310.3,6,3,1
2025-04-17 07:00:00,Hive_03,32.79,17.43,67.36,67.82,33.699,290.3,27,At Risk,15.36,-0.45999999999999375,29.81958333333333,2.848002319195986,-2.8999999999999986,301.2,7,3,1
2025-04-17 08:00:00,Hive_03,32.15,17.54,67.49,66.5,33.651,342.9,21,At Risk,14.61,0.9899999999999949,30.145833333333332,2.6308089624870488,-2.7069999999999936,307.01666666666665,8,3,1
2025-04-17 09:00:00,Hive_03,32.2,22.13,69.94,58.84,33.596,345.2,27,At Risk,10.070000000000004,11.099999999999994,30.436666666666667,2.441599024635727,-2.520000000000003,310.84999999999997,9,3,1
2025-04-17 10:00:00,Hive_03,31.64,23.91,65.6,57.02,33.559,302.2,24,At Risk,7.73,8.579999999999991,30.530833333333334,2.4426552136464723,-2.3730000000000047,312.98333333333335,10,3,1
2025-04-17 11:00:00,Hive_03,32.28,24.61,64.23,55.65,33.521,347.3,32,At Risk,7.670000000000002,8.580000000000005,30.770833333333332,2.310857015249573,-2.299999999999997,318.15,11,3,1
2025-04-17 12:00:00,Hive_03,31.8,24.8,64.51,56.52,33.466,327.9,27,At Risk,7.0,7.990000000000002,30.973333333333333,2.1691626648703095,-2.1129999999999995,325.9666666666667,12,3,1
2025-04-17 13:00:00,Hive_03,31.72,27.87,61.82,52.48,33.406,345.1,31,At Risk,3.849999999999998,9.340000000000003,31.097499999999997,2.1205090652135277,-2.006999999999998,335.09999999999997,13,3,1
2025-04-17 14:00:00,Hive_03,31.21,27.13,64.63,54.52,33.355,344.4,35,At Risk,4.080000000000002,10.109999999999992,31.2675,1.944880123722982,-1.899000000000001,335.34999999999997,14,3,1
2025-04-17 15:00:00,Hive_03,33.38,24.03,68.98,49.19,33.342,361.1,35,At Risk,9.350000000000001,19.790000000000006,31.42375,1.9581952926989559,-1.7349999999999994,338.0,15,3,1
2025-04-17 16:00:00,Hive_03,35.1,26.48,53.42,53.77,33.363,229.8,76,Healthy,8.620000000000001,-0.3500000000000014,31.543750000000003,2.0927344552046026,-1.5090000000000003,325.93333333333334,16,3,0
2025-04-17 17:00:00,Hive_03,34.91,24.53,53.48,54.87,33.373,196.3,54,Healthy,10.379999999999995,-1.3900000000000006,31.879166666666666,1.949619621020243,-1.3030000000000044,300.76666666666665,17,3,0
2025-04-17 18:00:00,Hive_03,34.69,24.36,56.71,57.3,33.357,201.0,49,Healthy,10.329999999999998,-0.5899999999999963,32.2,1.7314206280695463,-1.1649999999999991,279.6166666666666,18,3,0
2025-04-17 19:00:00,Hive_03,34.21,22.38,57.18,61.09,33.405,208.2,45,Healthy,11.830000000000002,-3.9100000000000037,32.46666666666666,1.5037797788202745,-0.9299999999999997,256.8,19,3,0
2025-04-17 20:00:00,Hive_03,33.77,20.2,54.99,66.94,33.403,202.2,40,Healthy,13.570000000000004,-11.949999999999996,32.47875,1.5134105236332356,-0.9029999999999987,233.10000000000002,20,3,0
2025-04-17 21:00:00,Hive_03,34.08,17.96,54.84,68.16,33.427,187.4,0,Healthy,16.119999999999997,-13.319999999999993,32.64375,1.4599934856913521,-0.8059999999999974,204.15,21,3,0
2025-04-17 22:00:00,Hive_03,34.43,19.41,57.09,73.17,33.44,220.0,3,Healthy,15.02,-16.08,32.76416666666666,1.4839838176391227,-0.7540000000000049,202.51666666666668,22,3,0
2025-04-17 23:00:00,Hive_03,35.02,12.43,53.5,76.53,33.43,187.7,2,Healthy,22.590000000000003,-23.03,32.904583333333335,1.5326163454430166,-0.7199999999999989,201.08333333333334,23,3,0
2025-04-18 00:00:00,Hive_03,34.6,13.5,54.62,74.12,33.438,187.4,2,Healthy,21.1,-19.500000000000007,33.032916666666665,1.5405687238010084,-0.6709999999999994,198.8166666666667,0,4,0
2025-04-18 01:00:00,Hive_03,34.0,13.85,54.55,78.2,33.463,193.7,0,Healthy,20.15,-23.650000000000006,33.17791666666667,1.4551706284732502,-0.554000000000002,196.39999999999998,1,4,0
2025-04-18 02:00:00,Hive_03,34.51,13.14,52.59,82.83,33.466,202.3,1,Healthy,21.369999999999997,-30.239999999999995,33.29125,1.4482802770423153,-0.4609999999999985,196.41666666666666,2,4,0
2025-04-18 03:00:00,Hive_03,34.51,13.15,54.66,77.67,33.489,199.8,1,Healthy,21.36,-23.010000000000005,33.425000000000004,1.4039354624087506,-0.42500000000000426,198.48333333333335,3,4,0
2025-04-18 04:00:00,Hive_03,34.42,11.87,53.69,78.06,33.502,205.5,1,Healthy,22.550000000000004,-24.370000000000005,33.42541666666667,1.4042419560085326,-0.3539999999999992,196.0666666666667,4,4,0
2025-04-18 05:00:00,Hive_03,34.11,15.74,57.01,76.13,33.527,215.0,2,Healthy,18.369999999999997,-19.119999999999997,33.58208333333334,1.2471706384650922,-0.2639999999999958,200.61666666666667,5,4,0
2025-04-18 06:00:00,Hive_03,34.52,12.49,55.53,74.69,33.548,229.0,44,Healthy,22.03,-19.159999999999997,33.58541666666667,1.2496677094564463,-0.14000000000000057,207.54999999999998,6,4,0
2025-04-18 07:00:00,Hive_03,34.18,17.15,53.42,67.18,33.521,206.4,80,Healthy,17.03,-13.760000000000005,33.64333333333334,1.2433953048238968,-0.17799999999999727,209.66666666666666,7,4,0
2025-04-18 08:00:00,Hive_03,34.42,23.08,56.85,63.3,33.54,202.0,67,Healthy,11.340000000000003,-6.449999999999996,33.73791666666667,1.210770430854672,-0.1110000000000042,209.61666666666667,8,4,0
2025-04-18 09:00:00,Hive_03,34.64,23.84,55.52,58.97,33.551,211.8,78,Healthy,10.8,-3.4499999999999957,33.83958333333333,1.1780177867066388,-0.0449999999999946,211.61666666666667,9,4,0
2025-04-18 10:00:00,Hive_03,34.02,23.2,55.92,57.69,33.578,190.2,75,Healthy,10.820000000000004,-1.769999999999996,33.93875,1.0809830972415013,0.019000000000005457,209.0666666666667,10,4,0
2025-04-18 11:00:00,Hive_03,34.56,24.73,57.42,54.27,33.618,212.5,89,Healthy,9.830000000000002,3.1499999999999986,34.033750000000005,1.027744734421203,0.09700000000000131,208.65,11,4,0
2025-04-18 12:00:00,Hive_03,34.43,25.54,55.42,55.37,33.64,200.9,101,Healthy,8.89,0.05000000000000426,34.14333333333333,0.9130249135449032,0.1739999999999995,203.9666666666667,12,4,0
2025-04-18 13:00:00,Hive_03,34.63,28.41,54.94,52.49,33.652,199.1,75,Healthy,6.220000000000002,2.4499999999999957,34.264583333333334,0.7571283227442247,0.24600000000000222,202.75,13,4,0
2025-04-18 14:00:00,Hive_03,34.12,26.5,54.39,51.48,33.641,193.1,83,Healthy,7.619999999999997,2.9100000000000037,34.38583333333333,0.3913290249867928,0.28600000000000136,201.26666666666665,14,4,0
2025-04-18 15:00:00,Hive_03,34.44,27.12,53.56,47.65,33.638,211.1,87,Healthy,7.319999999999997,5.910000000000004,34.43,0.32748050058114075,0.2959999999999994,201.15,15,4,0
2025-04-18 16:00:00,Hive_03,34.35,24.96,54.1,55.15,33.63,200.8,89,Healthy,9.39,-1.0499999999999972,34.39875,0.29493274841388306,0.267000000000003,202.91666666666666,16,4,0
2025-04-18 17:00:00,Hive_03,34.58,23.35,55.85,50.28,33.641,208.9,49,Healthy,11.229999999999997,5.57,34.385,0.2772222464252398,0.2680000000000007,202.3166666666667,17,4,0
2025-04-18 18:00:00,Hive_03,35.03,22.58,55.84,57.75,33.663,183.9,54,Healthy,12.450000000000003,-1.9099999999999966,34.399166666666666,0.3011415479206888,0.3059999999999974,199.48333333333335,18,4,0
2025-04-18 19:00:00,Hive_03,34.2,20.3,53.81,64.65,33.644,201.3,40,Healthy,13.900000000000002,-10.840000000000003,34.39875,0.30142145130092907,0.23899999999999721,199.85,19,4,0
2025-04-18 20:00:00,Hive_03,34.26,22.27,56.31,66.55,33.629,189.2,31,Healthy,11.989999999999998,-10.239999999999995,34.41916666666667,0.27215591226302166,0.2259999999999991,199.20000000000002,20,4,0
2025-04-18 21:00:00,Hive_03,35.18,16.23,54.56,71.01,33.626,198.1,1,Healthy,18.95,-16.450000000000003,34.464999999999996,0.3033866810868088,0.19899999999999807,197.03333333333333,21,4,0
2025-04-18 22:00:00,Hive_03,34.6,16.39,57.87,69.86,33.596,182.5,1,Healthy,18.21,-11.990000000000002,34.47208333333334,0.30451642586761496,0.1559999999999988,193.98333333333335,22,4,0
2025-04-18 23:00:00,Hive_03,34.74,15.16,52.46,77.39,33.592,186.5,1,Healthy,19.580000000000002,-24.93,34.46041666666667,0.28750015752988783,0.16199999999999903,190.25,23,4,0
2025-04-19 00:00:00,Hive_03,34.37,13.1,55.87,75.25,33.59,197.0,3,Healthy,21.269999999999996,-19.380000000000003,34.450833333333335,0.2864765969144982,0.15200000000000102,192.4333333333333,0,5,0
2025-04-19 01:00:00,Hive_03,34.53,15.26,59.38,75.17,33.609,200.3,3,Healthy,19.270000000000003,-15.79,34.47291666666666,0.27017674032842065,0.1460000000000008,192.26666666666665,1,5,0
2025-04-19 02:00:00,Hive_03,34.44,12.33,55.31,81.42,33.628,213.0,1,Healthy,22.11,-26.11,34.47,0.27013684132949517,0.16199999999999903,196.23333333333335,2,5,0
2025-04-19 03:00:00,Hive_03,34.38,11.58,56.43,75.63,33.647,185.0,0,Healthy,22.800000000000004,-19.199999999999996,34.46458333333333,0.2706028562249499,0.15800000000000125,194.04999999999998,3,5,0
2025-04-19 04:00:00,Hive_03,34.36,12.86,52.83,79.84,33.645,204.9,3,Healthy,21.5,-27.010000000000005,34.46208333333333,0.27130889128952906,0.14300000000000068,197.78333333333333,4,5,0
2025-04-19 05:00:00,Hive_03,34.78,13.96,53.24,77.72,33.681,204.4,0,Healthy,20.82,-24.479999999999997,34.49,0.26795522013947687,0.15399999999999636,200.76666666666665,5,5,0
2025-04-19 06:00:00,Hive_03,33.92,18.64,53.94,72.25,33.671,189.8,45,Healthy,15.280000000000001,-18.310000000000002,34.464999999999996,0.29194996593371075,0.12299999999999756,199.5666666666667,6,5,0
2025-04-19 07:00:00,Hive_03,34.47,17.54,55.88,68.29,33.667,217.7,48,Healthy,16.93,-12.410000000000004,34.47708333333333,0.28557309529019104,0.1460000000000008,202.4666666666667,7,5,0
2025-04-19 08:00:00,Hive_03,34.45,20.92,55.29,68.29,33.657,192.3,85,Healthy,13.530000000000001,-13.000000000000007,34.47833333333333,0.2853779593979571,0.11699999999999733,199.01666666666668,8,5,0
2025-04-19 09:00:00,Hive_03,33.92,23.19,53.93,61.95,33.702,206.2,83,Healthy,10.73,-8.020000000000003,34.44833333333333,0.30482591848416074,0.15099999999999625,202.55000000000004,9,5,0
2025-04-19 10:00:00,Hive_03,34.6,24.26,52.7,56.27,33.68,189.0,86,Healthy,10.34,-3.5700000000000003,34.472500000000004,0.2921174570196898,0.10199999999999676,199.9,10,5,0
2025-04-19 11:00:00,Hive_03,34.2,23.3,53.71,54.65,33.716,200.6,79,Healthy,10.900000000000002,-0.9399999999999977,34.4575,0.2966369468910947,0.09799999999999898,199.26666666666665,11,5,0
2025-04-19 12:00:00,Hive_03,34.61,27.21,56.66,49.07,33.739,232.4,70,Healthy,7.399999999999999,7.589999999999996,34.465,0.2981829027262632,0.09899999999999665,206.36666666666667,12,5,0
2025-04-19 13:00:00,Hive_03,34.45,27.92,55.0,47.82,33.795,199.1,87,Healthy,6.530000000000001,7.18,34.4575,0.2961088225342319,0.14300000000000068,203.26666666666665,13,5,0
2025-04-19 14:00:00,Hive_03,35.05,29.51,56.0,49.89,33.821,172.0,104,Healthy,5.539999999999996,6.109999999999999,34.49625,0.3105228760038991,0.17999999999999972,199.88333333333333,14,5,0
2025-04-19 15:00:00,Hive_03,34.3,26.74,53.46,50.49,33.807,201.5,58,Healthy,7.559999999999999,2.969999999999999,34.49041666666667,0.31293115184828796,0.16900000000000404,199.1,15,5,0
2025-04-19 16:00:00,Hive_03,34.69,26.56,55.65,54.13,33.799,176.2,80,Healthy,8.129999999999999,1.519999999999996,34.504583333333336,0.3139922342804012,0.16899999999999693,196.96666666666667,16,5,0
2025-04-19 17:00:00,Hive_03,34.44,24.98,56.01,54.23,33.846,221.9,37,Healthy,9.459999999999997,1.7800000000000011,34.49875,0.31383064527390714,0.2049999999999983,200.51666666666665,17,5,0
2025-04-19 18:00:00,Hive_03,34.78,23.54,55.01,54.81,33.868,194.1,39,Healthy,11.240000000000002,0.19999999999999574,34.48833333333334,0.2992405847077345,0.2050000000000054,194.13333333333333,18,5,0
2025-04-19 19:00:00,Hive_03,34.12,20.77,52.79,58.05,33.858,183.6,43,Healthy,13.349999999999998,-5.259999999999998,34.485,0.3030138467204816,0.21399999999999864,191.54999999999998,19,5,0
2025-04-19 20:00:00,Hive_03,34.85,20.53,54.88,65.79,33.852,233.2,39,Healthy,14.32,-10.910000000000004,34.50958333333333,0.3078604874129457,0.22299999999999898,201.75,20,5,0
2025-04-19 21:00:00,Hive_03,34.59,18.16,54.7,69.05,33.865,207.5,1,Healthy,16.430000000000003,-14.349999999999994,34.48500000000001,0.2736548127143665,0.23900000000000432,202.75,21,5,0
2025-04-19 22:00:00,Hive_03,34.77,13.55,52.63,68.35,33.884,182.7,0,Healthy,21.220000000000002,-15.719999999999992,34.49208333333333,0.2789106007099774,0.2880000000000038,203.83333333333334,22,5,0
2025-04-19 23:00:00,Hive_03,34.11,13.27,54.07,75.99,33.893,181.8,3,Healthy,20.84,-21.919999999999995,34.465833333333336,0.2841603446107049,0.30100000000000193,197.15,23,5,0
2025-04-20 00:00:00,Hive_03,34.88,10.49,53.01,77.55,33.901,202.0,1,Healthy,24.39,-24.54,34.48708333333334,0.29552428233441497,0.31099999999999994,198.46666666666667,0,6,0
2025-04-20 01:00:00,Hive_03,34.36,12.16,56.15,80.61,33.919,191.3,3,Healthy,22.2,-24.46,34.480000000000004,0.29648667394350764,0.30999999999999517,199.75,1,6,0
2025-04-20 02:00:00,Hive_03,34.28,10.89,54.53,81.71,33.926,205.1,0,Healthy,23.39,-27.179999999999993,34.473333333333336,0.29921152422973624,0.2980000000000018,195.06666666666663,2,6,0
2025-04-20 03:00:00,Hive_03,34.59,12.96,55.75,79.28,33.944,169.9,0,Healthy,21.630000000000003,-23.53,34.482083333333335,0.29943394664899575,0.29700000000000415,188.79999999999998,3,6,0
2025-04-20 04:00:00,Hive_03,34.26,13.57,56.11,78.39,33.948,213.3,3,Healthy,20.689999999999998,-22.28,34.477916666666665,0.3018922809138378,0.30299999999999727,193.9,4,6,0
2025-04-20 05:00:00,Hive_03,34.32,14.76,56.34,76.72,33.963,195.6,0,Healthy,19.560000000000002,-20.379999999999995,34.45875,0.2964325937016643,0.2820000000000036,196.20000000000002,5,6,0
2025-04-20 06:00:00,Hive_03,34.73,15.27,56.83,70.28,33.991,237.3,45,Healthy,19.459999999999997,-13.450000000000003,34.4925,0.27796230585864634,0.3200000000000003,202.08333333333334,6,6,0
2025-04-20 07:00:00,Hive_03,34.44,18.82,52.78,66.52,34.013,194.7,39,Healthy,15.619999999999997,-13.739999999999995,34.49125,0.27813528925763764,0.34599999999999653,202.65,7,6,0
2025-04-20 08:00:00,Hive_03,34.62,18.97,56.15,68.59,34.025,197.3,70,Healthy,15.649999999999999,-12.440000000000005,34.498333333333335,0.2792017607186597,0.3680000000000021,201.35,8,6,0
2025-04-20 09:00:00,Hive_03,34.73,22.44,56.68,58.92,34.031,192.2,70,Healthy,12.289999999999996,-2.240000000000002,34.53208333333333,0.2540793981803702,0.3290000000000006,205.06666666666663,9,6,0
2025-04-20 10:00:00,Hive_03,34.7,26.64,54.72,56.6,34.036,188.5,74,Healthy,8.060000000000002,-1.8800000000000026,34.53625,0.25605387510543587,0.35600000000000165,200.9333333333333,10,6,0
2025-04-20 11:00:00,Hive_03,34.64,26.77,55.14,52.41,34.061,190.9,99,Healthy,7.870000000000001,2.730000000000004,34.55458333333333,0.2465056515211569,0.34499999999999886,200.15,11,6,0
2025-04-20 12:00:00,Hive_03,34.02,26.72,58.64,57.19,34.069,203.3,83,Healthy,7.300000000000004,1.4500000000000028,34.53,0.26912095228077454,0.3300000000000054,194.48333333333335,12,6,0
2025-04-20 13:00:00,Hive_03,34.39,25.37,55.27,49.45,34.101,202.9,90,Healthy,9.02,5.82,34.527499999999996,0.2701730524328048,0.3059999999999974,195.85000000000002,13,6,0
2025-04-20 14:00:00,Hive_03,34.0,28.58,52.75,46.49,34.104,171.9,77,Healthy,5.420000000000002,6.259999999999998,34.48374999999999,0.2668791046929954,0.28300000000000125,191.61666666666667,14,6,0
2025-04-20 15:00:00,Hive_03,34.63,25.68,54.55,51.49,34.076,196.4,81,Healthy,8.950000000000003,3.059999999999995,34.497499999999995,0.26549789158254417,0.26899999999999835,192.3166666666667,15,6,0
2025-04-20 16:00:00,Hive_03,34.84,28.14,55.25,55.52,34.08,188.9,83,Healthy,6.700000000000003,-0.2700000000000031,34.503750000000004,0.2719145086235617,0.2809999999999988,192.38333333333335,16,6,0
2025-04-20 17:00:00,Hive_03,34.32,25.91,53.14,55.65,34.082,195.5,62,Healthy,8.41,-2.509999999999998,34.49875,0.27423113862451515,0.2360000000000042,193.15,17,6,0
2025-04-20 18:00:00,Hive_03,34.85,22.89,52.49,57.55,34.05,218.7,35,Healthy,11.96,-5.059999999999995,34.50166666666667,0.2777027918111438,0.18199999999999505,195.71666666666667,18,6,0
2025-04-20 19:00:00,Hive_03,34.48,21.5,54.89,62.33,34.061,237.8,57,Healthy,12.979999999999997,-7.439999999999998,34.516666666666666,0.2656520553143622,0.20300000000000296,201.53333333333333,19,6,0
2025-04-20 20:00:00,Hive_03,34.65,18.96,54.97,67.1,34.053,206.8,26,Healthy,15.689999999999998,-12.129999999999995,34.50833333333333,0.25776070241628624,0.2010000000000005,207.35,20,6,0
2025-04-20 21:00:00,Hive_03,34.8,17.36,53.85,67.35,34.048,211.7,1,Healthy,17.439999999999998,-13.499999999999993,34.51708333333333,0.2641389483926256,0.18299999999999983,209.9,21,6,0
2025-04-20 22:00:00,Hive_03,34.89,15.82,51.81,74.57,34.055,178.8,1,Healthy,19.07,-22.75999999999999,34.522083333333335,0.27020087803844006,0.17099999999999937,208.21666666666667,22,6,0
2025-04-20 23:00:00,Hive_03,34.19,14.33,53.39,74.9,34.08,223.0,0,Healthy,19.86,-21.510000000000005,34.525416666666665,0.2653460278442917,0.1869999999999976,212.79999999999998,23,6,0
2025-04-21 00:00:00,Hive_03,34.49,12.58,53.33,79.45,34.08,204.5,1,Healthy,21.910000000000004,-26.120000000000005,34.509166666666665,0.2544032517338287,0.17899999999999494,210.4333333333333,0,0,0
2025-04-21 01:00:00,Hive_03,34.34,12.2,56.22,79.45,34.081,184.9,4,Healthy,22.140000000000004,-23.230000000000004,34.50833333333333,0.25494529109059383,0.16200000000000614,201.61666666666667,1,0,0
2025-04-21 02:00:00,Hive_03,34.88,11.88,56.88,74.8,34.1,209.5,4,Healthy,23.0,-17.919999999999995,34.53333333333333,0.2609292202322377,0.1739999999999995,202.0666666666667,2,0,0
2025-04-21 03:00:00,Hive_03,35.09,10.83,58.27,79.76,34.102,230.2,2,Healthy,24.260000000000005,-21.490000000000002,34.55416666666667,0.28454260270407605,0.15799999999999415,205.15,3,0,0
2025-04-21 04:00:00,Hive_03,34.59,15.31,58.31,79.53,34.102,228.5,4,Healthy,19.28,-21.22,34.56791666666667,0.27759806988842994,0.15399999999999636,213.43333333333337,4,0,0
2025-04-21 05:00:00,Hive_03,34.57,16.39,53.09,75.46,34.103,209.3,0,Healthy,18.18,-22.36999999999999,34.57833333333333,0.2725350662186862,0.14000000000000057,211.15,5,0,0
2025-04-21 06:00:00,Hive_03,34.45,15.55,56.55,76.39,34.124,195.4,48,Healthy,18.900000000000002,-19.840000000000003,34.56666666666667,0.27175223156821304,0.13300000000000267,209.63333333333335,6,0,0
2025-04-21 07:00:00,Hive_03,34.78,18.18,54.82,64.78,34.154,205.8,58,Healthy,16.6,-9.96,34.58083333333333,0.27371703361818067,0.14100000000000534,213.11666666666667,7,0,0
2025-04-21 08:00:00,Hive_03,34.94,20.3,55.09,65.4,34.17,181.1,69,Healthy,14.639999999999997,-10.310000000000002,34.594166666666666,0.28333290707551856,0.14500000000000313,208.38333333333333,8,0,0
2025-04-21 09:00:00,Hive_03,34.18,24.25,53.54,61.98,34.165,215.0,87,Healthy,9.93,-8.439999999999998,34.57125,0.2939138072410696,0.13400000000000034,205.85000000000002,9,0,0
2025-04-21 10:00:00,Hive_03,34.54,18.82,53.56,57.34,34.167,220.0,88,Healthy,15.719999999999999,-3.780000000000001,34.56458333333333,0.2926784727406206,0.13100000000000023,204.43333333333337,10,0,0
2025-04-21 11:00:00,Hive_03,34.43,24.91,55.42,54.02,34.148,190.0,98,Healthy,9.52,1.3999999999999986,34.55583333333333,0.29346382143756683,0.0870000000000033,201.21666666666667,11,0,0
2025-04-21 12:00:00,Hive_03,34.26,26.82,56.08,50.31,34.148,207.7,83,Healthy,7.439999999999998,5.769999999999996,34.56583333333334,0.2780978349377905,0.07900000000000063,203.26666666666665,12,0,0
2025-04-21 13:00:00,Hive_03,34.47,26.03,56.03,51.0,34.176,194.6,92,Healthy,8.439999999999998,5.030000000000001,34.56916666666667,0.27637272668980123,0.07500000000000284,201.4,13,0,0
2025-04-21 14:00:00,Hive_03,34.57,27.42,54.06,51.27,34.171,204.0,96,Healthy,7.149999999999999,2.789999999999999,34.59291666666667,0.24841198540475903,0.06700000000000017,205.21666666666667,14,0,0
2025-04-21 15:00:00,Hive_03,34.25,29.08,53.96,48.63,34.17,172.8,86,Healthy,5.170000000000002,5.329999999999998,34.577083333333334,0.2578755879112307,0.0940000000000012,198.1833333333333,15,0,0
2025-04-21 16:00:00,Hive_03,34.41,26.24,54.97,52.93,34.166,199.6,61,Healthy,8.169999999999998,2.039999999999999,34.55916666666667,0.253718719068545,0.08599999999999852,194.78333333333333,16,0,0
2025-04-21 17:00:00,Hive_03,34.66,25.63,55.44,57.31,34.149,208.5,66,Healthy,9.029999999999998,-1.8700000000000045,34.57333333333333,0.24923651534174113,0.06700000000000017,197.86666666666667,17,0,0
2025-04-21 18:00:00,Hive_03,34.46,24.4,55.97,57.93,34.187,205.0,40,Healthy,10.060000000000002,-1.9600000000000009,34.55708333333333,0.24305088332290484,0.13700000000000045,197.41666666666666,18,0,0
2025-04-21 19:00:00,Hive_03,34.21,20.73,55.3,62.57,34.19,183.9,47,Healthy,13.48,-7.270000000000003,34.545833333333334,0.25282605580268347,0.12899999999999778,195.63333333333335,19,0,0
2025-04-21 20:00:00,Hive_03,34.64,21.06,55.5,62.29,34.217,202.5,44,Healthy,13.580000000000002,-6.789999999999999,34.54541666666666,0.25265510374671524,0.16400000000000148,195.38333333333335,20,0,0
2025-04-21 21:00:00,Hive_03,34.21,17.74,53.6,68.34,34.207,203.3,1,Healthy,16.470000000000002,-14.740000000000002,34.520833333333336,0.2554946892439762,0.15899999999999892,200.46666666666667,21,0,0
2025-04-21 22:00:00,Hive_03,34.24,16.5,53.69,70.08,34.26,197.5,1,Healthy,17.740000000000002,-16.39,34.49375,0.24902963853638216,0.2049999999999983,200.11666666666667,22,0,0
2025-04-21 23:00:00,Hive_03,34.02,14.23,54.91,78.71,34.238,164.3,1,Healthy,19.790000000000003,-23.799999999999997,34.486666666666665,0.26021173095679795,0.15800000000000125,192.75,23,0,0
2025-04-22 00:00:00,Hive_03,34.62,13.69,55.16,76.39,34.245,219.0,1,Healthy,20.93,-21.230000000000004,34.49208333333333,0.2616333173615683,0.16499999999999915,195.08333333333334,0,1,0
2025-04-22 01:00:00,Hive_03,34.53,12.84,54.61,75.88,34.231,206.0,1,Healthy,21.69,-21.269999999999996,34.5,0.2596988222169373,0.14999999999999858,198.76666666666665,1,1,0
2025-04-22 02:00:00,Hive_03,34.57,14.6,55.06,75.13,34.236,192.1,2,Healthy,19.97,-20.069999999999993,34.48708333333334,0.24739475876958938,0.13599999999999568,197.03333333333333,2,1,0
2025-04-22 03:00:00,Hive_03,34.26,13.87,53.42,76.14,34.224,205.1,2,Healthy,20.39,-22.72,34.4525,0.21539145354649314,0.12199999999999989,197.33333333333334,3,1,0
2025-04-22 04:00:00,Hive_03,34.71,14.67,52.88,79.2,34.263,196.9,3,Healthy,20.04,-26.32,34.4575,0.22006421987584887,0.16100000000000136,197.23333333333335,4,1,0
2025-04-22 05:00:00,Hive_03,34.78,12.28,55.04,75.12,34.258,219.6,0,Healthy,22.5,-20.080000000000005,34.46625,0.22873589288883284,0.15500000000000114,206.45000000000002,5,1,0
2025-04-22 06:00:00,Hive_03,35.13,15.97,54.31,73.78,34.263,193.3,52,Healthy,19.160000000000004,-19.47,34.49458333333333,0.2657553495173646,0.1389999999999958,202.16666666666666,6,1,0
2025-04-22 07:00:00,Hive_03,34.73,18.81,54.25,71.07,34.289,201.4,67,Healthy,15.919999999999998,-16.819999999999993,34.4925,0.26360791041768455,0.134999999999998,201.4,7,1,0
2025-04-22 08:00:00,Hive_03,34.39,21.2,54.18,68.26,34.308,217.7,70,Healthy,13.190000000000001,-14.080000000000005,34.46958333333333,0.24635568430301122,0.13799999999999812,205.66666666666666,8,1,0
2025-04-22 09:00:00,Hive_03,34.44,23.94,55.85,62.5,34.309,203.6,67,Healthy,10.499999999999996,-6.649999999999999,34.48041666666666,0.23866438445187937,0.14399999999999835,205.41666666666666,9,1,0
2025-04-22 10:00:00,Hive_03,34.73,23.9,55.93,59.5,34.325,202.4,71,Healthy,10.829999999999998,-3.5700000000000003,34.48833333333334,0.24382222081326968,0.15800000000000125,206.33333333333334,10,1,0
2025-04-22 11:00:00,Hive_03,34.16,25.35,52.37,54.76,34.358,200.8,90,Healthy,8.809999999999995,-2.3900000000000006,34.47708333333333,0.2526981214407979,0.20999999999999375,203.20000000000002,11,1,0
2025-04-22 12:00:00,Hive_03,34.38,27.76,57.26,50.05,34.358,196.0,83,Healthy,6.620000000000001,7.210000000000001,34.48208333333333,0.24938148124590756,0.20999999999999375,203.65,12,1,0
2025-04-22 13:00:00,Hive_03,33.76,26.62,54.31,52.72,34.372,225.5,77,Healthy,7.139999999999997,1.5900000000000034,34.4525,0.28972625760850323,0.19599999999999795,207.66666666666666,13,1,0
2025-04-22 14:00:00,Hive_03,34.71,26.04,55.19,48.28,34.353,201.5,100,Healthy,8.670000000000002,6.909999999999997,34.458333333333336,0.2935786194481864,0.18200000000000216,204.96666666666667,14,1,0
2025-04-22 15:00:00,Hive_03,34.57,28.12,55.62,50.84,34.338,196.5,76,Healthy,6.449999999999999,4.779999999999994,34.47166666666667,0.29096042860583615,0.16799999999999926,203.78333333333333,15,1,0
2025-04-01 00:00:00,Hive_04,34.47,11.75,55.65,76.02,45.969,188.9,1,Healthy,22.72,-20.369999999999997,34.47,0.0,0.0,188.9,0,1,0
2025-04-01 01:00:00,Hive_04,34.82,10.57,54.99,79.04,45.996,221.8,1,Healthy,24.25,-24.050000000000004,34.644999999999996,0.24748737341529514,0.0,205.35000000000002,1,1,0
2025-04-01 02:00:00,Hive_04,34.93,11.72,52.49,84.34,46.014,200.0,2,Healthy,23.21,-31.85,34.74,0.24020824298929025,0.0,203.5666666666667,2,1,0
2025-04-01 03:00:00,Hive_04,34.3,11.16,54.14,77.81,46.04,182.3,1,Healthy,23.139999999999997,-23.67,34.629999999999995,0.29473151624260924,0.0,198.25,3,1,0
2025-04-01 04:00:00,Hive_04,34.88,10.39,54.51,80.0,46.044,206.8,3,Healthy,24.490000000000002,-25.490000000000002,34.68,0.2786574958618575,0.0,199.96,4,1,0
2025-04-01 05:00:00,Hive_04,34.01,14.96,53.33,74.21,46.055,190.2,2,Healthy,19.049999999999997,-20.879999999999995,34.568333333333335,0.37004954623221503,0.0,198.33333333333334,5,1,0
2025-04-01 06:00:00,Hive_04,34.15,15.17,57.34,70.38,46.083,226.0,55,Healthy,18.979999999999997,-13.039999999999992,34.50857142857143,0.3729802752348807,0.0,204.51666666666668,6,1,0
2025-04-01 07:00:00,Hive_04,34.49,17.28,55.33,71.53,46.092,155.8,76,Healthy,17.21,-16.200000000000003,34.50625,0.3453750549351096,0.0,193.51666666666665,7,1,0
2025-04-01 08:00:00,Hive_04,34.48,20.74,55.25,65.66,46.09,209.2,56,Healthy,13.739999999999998,-10.409999999999997,34.50333333333333,0.3231872522238482,0.0,195.04999999999998,8,1,0
2025-04-01 09:00:00,Hive_04,34.44,22.35,55.56,62.24,46.081,185.5,80,Healthy,12.089999999999996,-6.68,34.497,0.30536135242619805,0.0,195.58333333333334,9,1,0
2025-04-01 10:00:00,Hive_04,34.66,25.02,54.19,53.75,46.087,179.9,76,Healthy,9.639999999999997,0.4399999999999977,34.51181818181818,0.29383050154190027,0.0,191.1,10,1,0
2025-04-01 11:00:00,Hive_04,34.39,27.11,54.83,54.46,46.106,206.6,87,Healthy,7.280000000000001,0.36999999999999744,34.501666666666665,0.2823548165416047,0.0,193.83333333333334,11,1,0
2025-04-01 12:00:00,Hive_04,34.62,28.57,55.08,53.95,46.13,204.7,100,Healthy,6.049999999999997,1.1299999999999955,34.51076923076923,0.2723191001521801,0.0,190.28333333333333,12,1,0
2025-04-01 13:00:00,Hive_04,34.17,29.08,53.95,48.47,46.159,176.4,92,Healthy,5.090000000000003,5.480000000000004,34.48642857142857,0.27703393690629796,0.0,193.71666666666667,13,1,0
2025-04-01 14:00:00,Hive_04,34.55,28.54,52.99,52.33,46.15,182.3,79,Healthy,6.009999999999998,0.6600000000000037,34.49066666666667,0.2674607225280724,0.0,189.23333333333335,14,1,0
2025-04-01 15:00:00,Hive_04,34.94,27.45,53.01,48.18,46.187,217.8,87,Healthy,7.489999999999998,4.829999999999998,34.51875,0.2817534383108758,0.0,194.61666666666667,15,1,0
2025-04-01 16:00:00,Hive_04,34.12,25.89,56.37,52.69,46.195,193.9,57,Healthy,8.229999999999997,3.6799999999999997,34.495294117647056,0.2894416531673279,0.0,196.95000000000002,16,1,0
2025-04-01 17:00:00,Hive_04,34.83,21.94,54.4,52.32,46.202,209.8,78,Healthy,12.889999999999997,2.0799999999999983,34.513888888888886,0.2916714285325573,0.0,197.48333333333335,17,1,0
2025-04-01 18:00:00,Hive_04,33.92,25.99,58.54,55.56,46.257,202.8,37,Healthy,7.930000000000003,2.979999999999997,34.48263157894737,0.31449857984599267,0.0,197.16666666666666,18,1,0
2025-04-01 19:00:00,Hive_04,34.47,23.52,56.34,60.9,46.274,182.2,36,Healthy,10.95,-4.559999999999995,34.482,0.306123470102128,0.0,198.13333333333333,19,1,0
2025-04-01 20:00:00,Hive_04,34.58,20.99,56.4,66.02,46.277,202.7,0,Healthy,13.59,-9.619999999999997,34.486666666666665,0.299137649474842,0.0,201.53333333333333,20,1,0
2025-04-01 21:00:00,Hive_04,34.38,17.25,54.3,70.41,46.266,215.1,2,Healthy,17.130000000000003,-16.11,34.481818181818184,0.29281289920253495,0.0,201.08333333333334,21,1,0
2025-04-01 22:00:00,Hive_04,34.45,17.24,54.58,69.05,46.27,190.8,1,Healthy,17.210000000000004,-14.469999999999999,34.4804347826087,0.28615758946410114,0.0,200.5666666666667,22,1,0
2025-04-01 23:00:00,Hive_04,35.03,15.62,55.73,71.78,46.28,213.6,0,Healthy,19.410000000000004,-16.050000000000004,34.50333333333333,0.30151309246455077,0.0,201.20000000000002,23,1,0
2025-04-02 00:00:00,Hive_04,34.91,12.07,54.93,77.75,46.299,191.2,2,Healthy,22.839999999999996,-22.82,34.52166666666667,0.31257231047449346,0.3299999999999983,199.26666666666665,0,2,0
2025-04-02 01:00:00,Hive_04,34.48,14.79,56.01,81.48,46.32,207.6,3,Healthy,19.689999999999998,-25.470000000000006,34.5075,0.3061010063475077,0.32399999999999807,203.5,1,2,0
2025-04-02 02:00:00,Hive_04,34.69,13.66,54.43,79.75,46.312,196.0,1,Healthy,21.029999999999998,-25.32,34.497499999999995,0.2954326230845348,0.2979999999999947,202.38333333333333,2,2,0
2025-04-02 03:00:00,Hive_04,33.67,9.78,59.07,81.21,46.352,196.1,2,Healthy,23.89,-22.139999999999993,34.47125,0.33858160020887046,0.3119999999999976,199.21666666666667,3,2,0
2025-04-02 04:00:00,Hive_04,34.56,13.53,54.78,76.81,46.36,202.7,0,Healthy,21.03,-22.03,34.45791666666667,0.3279180593123645,0.3160000000000025,201.20000000000002,4,2,0
2025-04-02 05:00:00,Hive_04,34.54,14.4,54.68,75.93,46.393,194.7,2,Healthy,20.14,-21.250000000000007,34.48,0.3139925227578288,0.33800000000000097,198.04999999999998,5,2,0
2025-04-02 06:00:00,Hive_04,34.56,17.95,54.86,72.34,46.427,196.1,62,Healthy,16.610000000000003,-17.480000000000004,34.497083333333336,0.30631724343103556,0.3440000000000012,198.86666666666665,6,2,0
2025-04-02 07:00:00,Hive_04,34.7,17.77,54.54,67.16,46.45,159.1,60,Healthy,16.930000000000003,-12.619999999999997,34.505833333333335,0.30909287568156857,0.3580000000000041,190.78333333333333,7,2,0
2025-04-02 08:00:00,Hive_04,34.33,19.31,54.14,62.87,46.459,179.5,73,Healthy,15.02,-8.729999999999997,34.499583333333334,0.31114765356473545,0.3689999999999998,188.03333333333333,8,2,0
2025-04-02 09:00:00,Hive_04,34.74,24.12,56.64,61.68,46.493,228.1,73,Healthy,10.620000000000001,-5.039999999999999,34.51208333333333,0.31465618457731587,0.41199999999999903,193.36666666666667,9,2,0
2025-04-02 10:00:00,Hive_04,34.71,22.92,56.16,59.07,46.541,200.2,88,Healthy,11.79,-2.9100000000000037,34.51416666666667,0.31584141131499766,0.4539999999999935,192.94999999999996,10,2,0
2025-04-02 11:00:00,Hive_04,34.4,24.19,54.54,58.66,46.544,190.3,81,Healthy,10.209999999999997,-4.119999999999997,34.514583333333334,0.3156770386860968,0.4379999999999953,192.21666666666667,11,2,0
2025-04-02 12:00:00,Hive_04,34.26,26.14,57.92,49.28,46.569,213.9,101,Healthy,8.119999999999997,8.64,34.499583333333334,0.31898588174654924,0.43900000000000006,195.1833333333333,12,2,0
2025-04-02 13:00:00,Hive_04,34.13,30.48,53.79,46.97,46.57,195.5,84,Healthy,3.650000000000002,6.82,34.49791666666667,0.3208816545580073,0.41100000000000136,201.25,13,2,0
2025-04-02 14:00:00,Hive_04,34.28,28.33,51.74,50.07,46.56,191.8,82,Healthy,5.950000000000003,1.6700000000000017,34.486666666666665,0.3236969418220194,0.4100000000000037,203.29999999999998,14,2,0
2025-04-02 15:00:00,Hive_04,34.16,26.03,54.81,49.53,46.548,187.3,65,Healthy,8.129999999999995,5.280000000000001,34.454166666666666,0.3152489239600531,0.3610000000000042,196.5,15,2,0
2025-04-02 16:00:00,Hive_04,34.77,26.7,55.61,50.28,46.557,188.0,73,Healthy,8.070000000000004,5.329999999999998,34.48125,0.3132065924676837,0.3620000000000019,194.46666666666667,16,2,0
2025-04-02 17:00:00,Hive_04,34.98,26.69,55.69,54.68,46.585,202.0,67,Healthy,8.289999999999996,1.009999999999998,34.4875,0.32184589885331116,0.38300000000000267,196.41666666666666,17,2,0
2025-04-02 18:00:00,Hive_04,34.6,22.8,55.51,56.58,46.605,216.5,35,Healthy,11.8,-1.0700000000000003,34.51583333333333,0.29882256865275725,0.347999999999999,196.85,18,2,0
2025-04-02 19:00:00,Hive_04,34.28,20.61,60.07,61.58,46.626,198.8,34,Healthy,13.670000000000002,-1.509999999999998,34.50791666666667,0.30258278301930897,0.35199999999999676,197.4,19,2,0
2025-04-02 20:00:00,Hive_04,34.53,19.28,54.31,65.06,46.63,220.2,43,Healthy,15.25,-10.75,34.505833333333335,0.30223683006754065,0.35300000000000153,202.13333333333333,20,2,0
2025-04-02 21:00:00,Hive_04,34.66,18.31,57.33,66.2,46.668,211.0,3,Healthy,16.349999999999998,-8.870000000000005,34.5175,0.30257230540814534,0.402000000000001,206.08333333333334,21,2,0
2025-04-02 22:00:00,Hive_04,34.3,16.08,55.44,73.76,46.704,191.2,1,Healthy,18.22,-18.320000000000007,34.51125,0.3055616709972126,0.4339999999999975,206.61666666666667,22,2,0
2025-04-02 23:00:00,Hive_04,34.69,14.49,54.32,75.15,46.749,180.7,3,Healthy,20.199999999999996,-20.830000000000005,34.497083333333336,0.287832668277137,0.4690000000000012,203.0666666666667,23,2,0
2025-04-03 00:00:00,Hive_04,34.57,11.92,54.62,74.4,46.736,174.8,1,Healthy,22.65,-19.78000000000001,34.48291666666666,0.2746931753424364,0.4369999999999976,196.11666666666667,0,3,0
2025-04-03 01:00:00,Hive_04,34.52,13.74,55.72,80.66,46.746,178.6,0,Healthy,20.78,-24.939999999999998,34.48458333333333,0.2747960376694703,0.42600000000000193,192.75,1,3,0
2025-04-03 02:00:00,Hive_04,34.76,11.7,56.14,79.68,46.768,195.8,0,Healthy,23.06,-23.540000000000006,34.487500000000004,0.27742997549714815,0.45600000000000307,188.6833333333333,2,3,0
2025-04-03 03:00:00,Hive_04,33.78,12.89,53.75,80.54,46.764,201.8,1,Healthy,20.89,-26.790000000000006,34.49208333333333,0.26391663978162455,0.41200000000000614,187.15,3,3,0
2025-04-03 04:00:00,Hive_04,34.45,13.01,53.93,77.57,46.761,183.8,2,Healthy,21.440000000000005,-23.639999999999993,34.487500000000004,0.26364089542241165,0.40100000000000335,185.91666666666666,4,3,0
2025-04-03 05:00:00,Hive_04,34.96,15.2,54.53,74.07,46.802,190.4,0,Healthy,19.76,-19.539999999999992,34.505,0.280666907638715,0.4089999999999989,187.53333333333333,5,3,0
2025-04-03 06:00:00,Hive_04,34.51,16.6,54.04,73.0,46.811,192.3,46,Healthy,17.909999999999997,-18.96,34.502916666666664,0.280426370506347,0.38400000000000034,190.45000000000002,6,3,0
2025-04-03 07:00:00,Hive_04,34.68,19.19,54.65,69.25,46.814,182.7,56,Healthy,15.489999999999998,-14.600000000000001,34.50208333333334,0.2798443537376468,0.3639999999999972,191.13333333333333,7,3,0
2025-04-03 08:00:00,Hive_04,34.48,15.02,55.85,63.82,46.819,205.2,48,Healthy,19.459999999999997,-7.969999999999999,34.50833333333333,0.27749918396537654,0.35999999999999943,192.70000000000002,8,3,0
2025-04-03 09:00:00,Hive_04,34.14,21.99,54.72,57.76,46.855,205.6,78,Healthy,12.150000000000002,-3.039999999999999,34.483333333333334,0.28269920512748287,0.36199999999999477,193.33333333333334,9,3,0
2025-04-03 10:00:00,Hive_04,34.34,23.97,55.64,56.07,46.837,208.9,80,Healthy,10.370000000000005,-0.4299999999999997,34.46791666666666,0.2798754251862584,0.2960000000000065,197.51666666666668,10,3,0
2025-04-03 11:00:00,Hive_04,34.0,26.9,54.13,56.32,46.83,172.8,78,Healthy,7.100000000000001,-2.1899999999999977,34.451249999999995,0.29556596409335656,0.28600000000000136,194.58333333333334,11,3,0
2025-04-03 12:00:00,Hive_04,35.08,30.59,56.24,53.23,46.825,194.3,95,Healthy,4.489999999999998,3.010000000000005,34.485416666666666,0.3189654358631393,0.2560000000000002,194.91666666666666,12,3,0
2025-04-03 13:00:00,Hive_04,34.05,28.38,59.93,49.36,46.832,195.1,89,Healthy,5.669999999999998,10.57,34.48208333333333,0.32323069116367237,0.26200000000000045,196.98333333333335,13,3,0
2025-04-03 14:00:00,Hive_04,34.89,27.64,54.81,50.25,46.819,197.6,79,Healthy,7.25,4.560000000000002,34.5075,0.33054960819559426,0.25900000000000034,195.71666666666667,14,3,0
2025-04-03 15:00:00,Hive_04,34.53,29.86,53.08,52.85,46.804,200.2,81,Healthy,4.670000000000002,0.22999999999999687,34.52291666666667,0.32215954954388437,0.2560000000000002,194.8166666666667,15,3,0
2025-04-03 16:00:00,Hive_04,34.32,26.37,54.96,51.05,46.767,183.5,63,Healthy,7.949999999999999,3.9100000000000037,34.50416666666666,0.32024334044824265,0.21000000000000085,190.58333333333334,16,3,0
2025-04-03 17:00:00,Hive_04,34.55,27.47,55.34,52.77,46.803,218.9,59,Healthy,7.079999999999998,2.5700000000000003,34.486250000000005,0.3040854070530329,0.21799999999999642,198.26666666666665,17,3,0
2025-04-03 18:00:00,Hive_04,34.43,23.29,54.35,56.17,46.824,206.3,55,Healthy,11.14,-1.8200000000000003,34.479166666666664,0.30329948847656335,0.2190000000000012,200.26666666666665,18,3,0
2025-04-03 19:00:00,Hive_04,34.54,23.96,56.65,64.84,46.827,217.8,50,Healthy,10.579999999999998,-8.190000000000005,34.49,0.3005068182688821,0.2010000000000005,204.04999999999998,19,3,0
2025-04-03 20:00:00,Hive_04,34.3,21.51,52.91,65.19,46.836,223.0,26,Healthy,12.789999999999996,-12.280000000000001,34.48041666666666,0.3028341369343186,0.20599999999999596,208.28333333333333,20,3,0
2025-04-03 21:00:00,Hive_04,34.41,19.11,56.97,70.57,46.788,181.7,1,Healthy,15.299999999999997,-13.599999999999994,34.47,0.30068038787419094,0.11999999999999744,205.20000000000002,21,3,0
2025-04-03 22:00:00,Hive_04,34.59,14.77,55.59,73.17,46.81,185.7,0,Healthy,19.820000000000004,-17.58,34.482083333333335,0.2993758604114591,0.10600000000000165,205.5666666666667,22,3,0
2025-04-03 23:00:00,Hive_04,34.03,14.94,56.46,74.35,46.847,223.4,2,Healthy,19.090000000000003,-17.889999999999993,34.45458333333333,0.309585686202462,0.09799999999999898,206.31666666666663,23,3,0
2025-04-04 00:00:00,Hive_04,34.31,14.01,56.67,80.73,46.863,213.7,2,Healthy,20.300000000000004,-24.060000000000002,34.44375,0.3099202211509614,0.12700000000000244,207.54999999999998,0,4,0
2025-04-04 01:00:00,Hive_04,34.05,14.22,57.18,79.94,46.854,218.8,1,Healthy,19.83,-22.759999999999998,34.424166666666665,0.3195909976784415,0.10799999999999699,207.71666666666667,1,4,0
2025-04-04 02:00:00,Hive_04,34.63,13.76,55.76,82.27,46.872,169.8,2,Healthy,20.870000000000005,-26.509999999999998,34.418749999999996,0.31471605559960597,0.1039999999999992,198.85000000000002,2,4,0
2025-04-04 03:00:00,Hive_04,34.16,10.6,53.22,79.83,46.915,216.0,1,Healthy,23.559999999999995,-26.61,34.43458333333333,0.28975220547859604,0.15099999999999625,204.5666666666667,3,4,0
2025-04-04 04:00:00,Hive_04,34.67,13.35,53.99,77.49,46.944,196.2,1,Healthy,21.32,-23.499999999999993,34.44375,0.293714035726264,0.18299999999999983,206.31666666666663,4,4,0
2025-04-04 05:00:00,Hive_04,34.6,14.38,54.19,74.42,46.964,218.2,1,Healthy,20.22,-20.230000000000004,34.42875,0.2747854894593085,0.16199999999999903,205.45000000000002,5,4,0
2025-04-04 06:00:00,Hive_04,34.37,15.8,55.7,73.42,46.985,216.2,43,Healthy,18.569999999999997,-17.72,34.422916666666666,0.2744714947845692,0.1739999999999995,205.86666666666667,6,4,0
2025-04-04 07:00:00,Hive_04,34.21,16.52,55.85,68.27,46.972,235.0,73,Healthy,17.69,-12.419999999999995,34.40333333333333,0.2720880079275297,0.15800000000000125,208.56666666666663,7,4,0
2025-04-04 08:00:00,Hive_04,34.01,20.02,58.79,66.73,46.97,198.2,51,Healthy,13.989999999999998,-7.940000000000005,34.38375,0.28302423463602033,0.15099999999999625,213.29999999999998,8,4,0
2025-04-04 09:00:00,Hive_04,34.53,22.8,54.18,58.91,46.958,187.9,80,Healthy,11.73,-4.729999999999997,34.4,0.27959598180853534,0.10300000000000153,208.61666666666667,9,4,0
2025-04-04 10:00:00,Hive_04,34.7,22.08,58.9,56.0,46.978,186.2,80,Healthy,12.620000000000005,2.8999999999999986,34.415,0.2858245128989352,0.14099999999999824,206.94999999999996,10,4,0
2025-04-04 11:00:00,Hive_04,34.77,25.7,55.33,53.69,47.006,195.3,101,Healthy,9.070000000000004,1.6400000000000006,34.44708333333333,0.28037985362511464,0.17600000000000193,203.13333333333333,11,4,0
2025-04-04 12:00:00,Hive_04,35.15,26.68,52.26,50.07,47.001,190.6,115,Healthy,8.469999999999999,2.1899999999999977,34.449999999999996,0.2875231559672916,0.17599999999999483,198.86666666666667,12,4,0
2025-04-04 13:00:00,Hive_04,34.4,30.44,58.64,53.5,47.019,214.7,90,Healthy,3.9599999999999973,5.140000000000001,34.46458333333334,0.27495421226193234,0.1869999999999976,195.48333333333332,13,4,0
2025-04-04 14:00:00,Hive_04,34.44,27.93,55.91,49.5,47.036,199.5,99,Healthy,6.509999999999998,6.409999999999997,34.44583333333333,0.2595969562805873,0.21699999999999875,195.70000000000002,14,4,0
2025-04-04 15:00:00,Hive_04,34.72,23.28,56.72,51.53,47.045,203.1,88,Healthy,11.439999999999998,5.189999999999998,34.45375,0.2651137983714854,0.24099999999999966,198.23333333333332,15,4,0
2025-04-04 16:00:00,Hive_04,34.58,29.16,57.52,51.41,47.012,189.6,84,Healthy,5.419999999999998,6.1100000000000065,34.46458333333334,0.2647226467647695,0.24499999999999744,198.79999999999998,16,4,0
2025-04-04 17:00:00,Hive_04,34.37,27.3,53.68,55.44,47.01,223.2,54,Healthy,7.069999999999997,-1.759999999999998,34.45708333333333,0.26474728173940876,0.20700000000000074,203.45000000000002,17,4,0
2025-04-04 18:00:00,Hive_04,34.75,24.15,54.19,55.99,47.018,174.7,33,Healthy,10.600000000000001,-1.8000000000000043,34.470416666666665,0.2713008784848781,0.19400000000000261,200.79999999999998,18,4,0
2025-04-04 19:00:00,Hive_04,35.13,22.08,51.91,58.47,47.012,200.3,35,Healthy,13.050000000000004,-6.560000000000002,34.495000000000005,0.302784182000257,0.18500000000000227,198.39999999999998,19,4,0
2025-04-04 20:00:00,Hive_04,34.2,18.34,54.57,63.08,47.061,201.2,41,Healthy,15.860000000000003,-8.509999999999998,34.490833333333335,0.3062524770677692,0.22500000000000142,198.6833333333333,20,4,0
2025-04-04 21:00:00,Hive_04,33.66,18.69,54.54,71.11,47.098,191.4,3,Healthy,14.969999999999995,-16.57,34.459583333333335,0.3499997412007336,0.3100000000000023,196.73333333333335,21,4,0
2025-04-04 22:00:00,Hive_04,34.35,18.23,53.48,71.56,47.095,181.5,2,Healthy,16.12,-18.080000000000005,34.44958333333333,0.34953981133791606,0.2849999999999966,195.38333333333333,22,4,0
2025-04-04 23:00:00,Hive_04,34.69,12.16,52.51,76.81,47.136,207.7,2,Healthy,22.529999999999998,-24.300000000000004,34.47708333333333,0.3409510887613303,0.2890000000000015,192.79999999999998,23,4,0
2025-04-05 00:00:00,Hive_04,34.84,11.93,54.85,79.24,47.186,200.7,3,Healthy,22.910000000000004,-24.389999999999993,34.49916666666666,0.3467729073548888,0.3230000000000004,197.13333333333333,0,5,0
2025-04-05 01:00:00,Hive_04,34.0,12.71,55.56,80.66,47.181,187.3,3,Healthy,21.29,-25.099999999999994,34.49708333333333,0.34972634229173183,0.3269999999999982,194.96666666666667,1,5,0
2025-04-05 02:00:00,Hive_04,34.39,11.68,53.05,77.99,47.22,189.6,2,Healthy,22.71,-24.939999999999998,34.48708333333334,0.34919135362903164,0.347999999999999,193.03333333333333,2,5,0
2025-04-05 03:00:00,Hive_04,34.66,14.31,53.45,78.49,47.279,214.0,1,Healthy,20.349999999999994,-25.039999999999992,34.50791666666667,0.34370081993383156,0.3640000000000043,196.79999999999998,3,5,0
2025-04-05 04:00:00,Hive_04,34.4,11.91,57.93,77.76,47.264,202.0,1,Healthy,22.49,-19.830000000000005,34.49666666666666,0.34258184254361695,0.3200000000000003,200.21666666666667,4,5,0
2025-04-05 05:00:00,Hive_04,34.47,14.17,56.31,75.39,47.287,206.3,0,Healthy,20.299999999999997,-19.08,34.49125,0.3419040356082644,0.3230000000000004,199.98333333333335,5,5,0
2025-04-05 06:00:00,Hive_04,34.69,16.45,57.21,69.19,47.278,196.1,44,Healthy,18.24,-11.979999999999997,34.504583333333336,0.34320711412848864,0.29299999999999926,199.21666666666667,6,5,0
2025-04-05 07:00:00,Hive_04,35.02,19.78,55.62,69.07,47.293,201.0,68,Healthy,15.240000000000002,-13.449999999999996,34.538333333333334,0.35267507729484715,0.32099999999999795,201.5,7,5,0
2025-04-05 08:00:00,Hive_04,34.48,17.39,56.09,65.17,47.299,184.4,70,Healthy,17.089999999999996,-9.079999999999998,34.557916666666664,0.33465074807686296,0.3290000000000006,200.63333333333333,8,5,0
2025-04-05 09:00:00,Hive_04,34.72,20.45,55.87,57.27,47.319,219.5,71,Healthy,14.27,-1.4000000000000057,34.56583333333334,0.33620538063959127,0.3610000000000042,201.54999999999998,9,5,0
2025-04-05 10:00:00,Hive_04,34.4,21.85,53.74,57.36,47.327,190.8,66,Healthy,12.549999999999997,-3.6199999999999974,34.553333333333335,0.3365769718370713,0.34899999999999665,199.6833333333333,10,5,0
2025-04-05 11:00:00,Hive_04,34.57,25.0,54.02,52.12,47.359,224.1,95,Healthy,9.57,1.9000000000000057,34.545,0.33344056246301296,0.35300000000000153,202.65,11,5,0
2025-04-05 12:00:00,Hive_04,34.97,24.6,55.03,55.02,47.396,191.7,71,Healthy,10.369999999999997,0.00999999999999801,34.5375,0.32103433379976565,0.3950000000000031,201.91666666666666,12,5,0
2025-04-05 13:00:00,Hive_04,34.05,26.59,55.0,53.97,47.406,192.3,84,Healthy,7.459999999999997,1.0300000000000011,34.52291666666667,0.33518948783281083,0.38700000000000045,200.46666666666667,13,5,0
2025-04-05 14:00:00,Hive_04,34.07,28.11,55.32,48.88,47.438,213.0,76,Healthy,5.960000000000001,6.439999999999998,34.5075,0.347453468889688,0.402000000000001,205.23333333333335,14,5,0
2025-04-05 15:00:00,Hive_04,34.97,25.85,55.97,49.94,47.462,213.3,82,Healthy,9.119999999999997,6.030000000000001,34.517916666666665,0.35769770047840005,0.4170000000000016,204.20000000000002,15,5,0
2025-04-05 16:00:00,Hive_04,34.34,27.11,52.88,53.33,47.486,218.6,58,Healthy,7.230000000000004,-0.44999999999999574,34.50791666666667,0.3592380725279857,0.47399999999999665,208.83333333333334,16,5,0
2025-04-05 17:00:00,Hive_04,34.5,26.89,53.77,57.75,47.499,191.7,54,Healthy,7.609999999999999,-3.979999999999997,34.513333333333335,0.358046228089718,0.4890000000000043,203.4333333333333,17,5,0
2025-04-05 18:00:00,Hive_04,34.07,24.65,55.03,54.29,47.508,205.2,68,Healthy,9.420000000000002,0.740000000000002,34.48500000000001,0.36533486723469294,0.490000000000002,205.68333333333337,18,5,0
2025-04-05 19:00:00,Hive_04,34.21,22.23,56.15,62.31,47.508,201.1,38,Healthy,11.98,-6.160000000000004,34.446666666666665,0.34225170837273805,0.4960000000000022,207.14999999999998,19,5,0
2025-04-05 20:00:00,Hive_04,33.82,21.55,54.68,62.38,47.527,202.3,42,Healthy,12.27,-7.700000000000003,34.43083333333333,0.3623584181282474,0.4660000000000011,205.36666666666665,20,5,0
2025-04-05 21:00:00,Hive_04,33.8,18.59,54.64,67.75,47.558,194.1,2,Healthy,15.209999999999997,-13.11,34.43666666666667,0.3503373115785097,0.46000000000000085,202.16666666666666,21,5,0
2025-04-05 22:00:00,Hive_04,34.69,16.63,57.46,70.47,47.564,183.1,1,Healthy,18.06,-13.009999999999998,34.450833333333335,0.35354006804058924,0.4690000000000012,196.25,22,5,0
2025-04-05 23:00:00,Hive_04,34.64,11.01,57.51,76.28,47.57,206.1,1,Healthy,23.630000000000003,-18.770000000000003,34.44875,0.35221426902433617,0.4339999999999975,198.65,23,5,0
2025-04-06 00:00:00,Hive_04,34.44,12.54,54.54,74.94,47.586,190.6,2,Healthy,21.9,-20.4,34.43208333333333,0.34221756576604956,0.3999999999999986,196.21666666666667,0,6,0
2025-04-06 01:00:00,Hive_04,34.52,11.77,55.06,78.83,47.612,198.2,1,Healthy,22.750000000000004,-23.769999999999996,34.45375,0.32991187887993106,0.4310000000000045,195.73333333333335,1,6,0
2025-04-06 02:00:00,Hive_04,34.39,11.73,58.05,78.57,47.603,195.8,1,Healthy,22.66,-20.519999999999996,34.45375,0.32991187887993106,0.38300000000000267,194.65,2,6,0
2025-04-06 03:00:00,Hive_04,34.58,11.9,52.43,78.83,47.634,209.5,0,Healthy,22.68,-26.4,34.45041666666666,0.32813675789837604,0.3549999999999969,197.21666666666667,3,6,0
2025-04-06 04:00:00,Hive_04,34.43,9.67,58.87,76.04,47.655,172.9,1,Healthy,24.759999999999998,-17.17000000000001,34.45166666666667,0.32799346052158873,0.39099999999999824,195.51666666666668,4,6,0
2025-04-06 05:00:00,Hive_04,34.11,14.26,54.8,76.11,47.651,183.4,2,Healthy,19.85,-21.310000000000002,34.43666666666667,0.3352697378253057,0.3640000000000043,191.73333333333335,5,6,0
2025-04-06 06:00:00,Hive_04,34.67,17.16,54.25,74.18,47.675,204.6,51,Healthy,17.51,-19.930000000000007,34.435833333333335,0.3346369436538218,0.39699999999999847,194.0666666666667,6,6,0
2025-04-06 07:00:00,Hive_04,34.52,17.01,58.66,67.89,47.691,190.8,52,Healthy,17.51,-9.230000000000004,34.415,0.31144823004794975,0.39800000000000324,192.83333333333334,7,6,0
2025-04-06 08:00:00,Hive_04,34.38,19.26,56.36,69.35,47.693,203.9,77,Healthy,15.120000000000001,-12.989999999999995,34.410833333333336,0.31120965485563434,0.39399999999999835,194.1833333333333,8,6,0
2025-04-06 09:00:00,Hive_04,35.0,21.21,56.48,59.84,47.719,211.8,82,Healthy,13.79,-3.3600000000000065,34.4225,0.32809396851193967,0.3999999999999986,194.5666666666667,9,6,0
2025-04-06 10:00:00,Hive_04,34.67,27.03,52.82,57.59,47.713,182.0,97,Healthy,7.640000000000001,-4.770000000000003,34.43375,0.3318959043199364,0.3860000000000028,196.08333333333334,10,6,0
2025-04-06 11:00:00,Hive_04,33.6,21.83,53.75,53.59,47.713,220.8,92,Healthy,11.770000000000003,0.1599999999999966,34.39333333333333,0.3713040084171831,0.3539999999999992,202.3166666666667,11,6,0
2025-04-06 12:00:00,Hive_04,34.51,25.68,55.06,54.14,47.699,185.1,81,Healthy,8.829999999999998,0.9200000000000017,34.37416666666667,0.35159161916443304,0.30299999999999727,199.0666666666667,12,6,0
2025-04-06 13:00:00,Hive_04,34.96,27.8,55.58,50.67,47.655,203.9,74,Healthy,7.16,4.909999999999997,34.412083333333335,0.363963437803816,0.24900000000000233,201.25,13,6,0
2025-04-06 14:00:00,Hive_04,34.3,26.55,52.94,48.38,47.669,178.8,88,Healthy,7.7499999999999964,4.559999999999995,34.42166666666667,0.3575358500318149,0.23099999999999454,197.0666666666667,14,6,0
2025-04-06 15:00:00,Hive_04,34.41,31.08,51.21,47.85,47.673,209.6,85,Healthy,3.3299999999999983,3.3599999999999994,34.39833333333333,0.3379306163242337,0.21099999999999852,196.70000000000002,15,6,0
2025-04-06 16:00:00,Hive_04,35.26,27.04,57.57,53.79,47.672,178.2,65,Healthy,8.219999999999999,3.780000000000001,34.43666666666667,0.38052214317865507,0.18599999999999994,196.0666666666667,16,6,0
2025-04-06 17:00:00,Hive_04,34.15,24.24,54.89,55.3,47.699,198.5,50,Healthy,9.91,-0.4099999999999966,34.42208333333333,0.38467353936040277,0.19999999999999574,192.35,17,6,0
2025-04-06 18:00:00,Hive_04,34.4,25.76,54.94,53.74,47.709,202.7,56,Healthy,8.639999999999997,1.1999999999999957,34.43583333333333,0.3773698067075509,0.2010000000000005,195.28333333333333,18,6,0
2025-04-06 19:00:00,Hive_04,34.38,22.02,54.08,60.38,47.735,190.3,48,Healthy,12.360000000000003,-6.300000000000004,34.44291666666667,0.3745313496679011,0.22699999999999676,193.01666666666665,19,6,0
2025-04-06 20:00:00,Hive_04,34.69,20.03,53.91,63.96,47.758,203.2,24,Healthy,14.659999999999997,-10.050000000000004,34.479166666666664,0.3531093766583664,0.23100000000000165,197.08333333333334,20,6,0
2025-04-06 21:00:00,Hive_04,34.85,18.72,56.45,69.98,47.778,183.1,4,Healthy,16.130000000000003,-13.530000000000001,34.52291666666667,0.32956465574882765,0.21999999999999886,192.66666666666666,21,6,0
2025-04-06 22:00:00,Hive_04,34.63,13.89,53.24,74.4,47.785,198.8,3,Healthy,20.740000000000002,-21.160000000000004,34.52041666666667,0.3284678419395246,0.22099999999999653,196.1,22,6,0
2025-04-06 23:00:00,Hive_04,33.8,13.27,57.6,75.08,47.774,204.9,1,Healthy,20.529999999999998,-17.479999999999997,34.485416666666666,0.3585475429837897,0.20400000000000063,197.16666666666666,23,6,0
2025-04-07 00:00:00,Hive_04,35.0,12.92,55.38,79.61,47.797,204.9,3,Healthy,22.08,-24.229999999999997,34.50875,0.37337837784676425,0.21099999999999852,197.53333333333333,0,0,0
2025-04-07 01:00:00,Hive_04,34.83,11.58,56.62,81.64,47.794,197.5,2,Healthy,23.25,-25.020000000000003,34.52166666666667,0.379102678148959,0.18199999999999505,198.73333333333335,1,0,0
2025-04-07 02:00:00,Hive_04,34.5,9.94,55.43,83.19,47.792,180.1,1,Healthy,24.560000000000002,-27.759999999999998,34.52625,0.3781052590966236,0.18900000000000006,194.88333333333333,2,0,0
2025-04-07 03:00:00,Hive_04,34.55,12.6,55.52,80.84,47.795,207.4,3,Healthy,21.949999999999996,-25.32,34.525,0.37796940294846687,0.16100000000000136,198.9333333333333,3,0,0
2025-04-07 04:00:00,Hive_04,34.59,14.13,52.75,79.61,47.785,206.8,1,Healthy,20.46,-26.86,34.531666666666666,0.37763182744765106,0.12999999999999545,200.26666666666668,4,0,0
2025-04-07 05:00:00,Hive_04,34.72,15.0,56.89,78.96,47.796,187.9,1,Healthy,19.72,-22.069999999999993,34.55708333333333,0.36843357216933004,0.14499999999999602,197.4333333333333,5,0,0
2025-04-07 06:00:00,Hive_04,34.74,14.79,55.78,75.62,47.831,169.7,55,Healthy,19.950000000000003,-19.840000000000003,34.559999999999995,0.3696414243678587,0.1560000000000059,191.5666666666667,6,0,0
2025-04-07 07:00:00,Hive_04,34.41,15.96,55.99,68.87,47.846,220.2,54,Healthy,18.449999999999996,-12.880000000000003,34.555416666666666,0.37083899197767517,0.15499999999999403,195.35,7,0,0
2025-04-07 08:00:00,Hive_04,34.01,21.06,53.62,65.32,47.853,216.7,74,Healthy,12.95,-11.699999999999996,34.54,0.38583618961600125,0.1600000000000037,201.45000000000002,8,0,0
2025-04-07 09:00:00,Hive_04,35.11,20.32,55.17,60.84,47.856,207.4,85,Healthy,14.79,-5.670000000000002,34.544583333333335,0.3921399391595578,0.13700000000000045,201.45000000000002,9,0,0
2025-04-07 10:00:00,Hive_04,34.4,23.32,56.08,58.51,47.87,207.2,77,Healthy,11.079999999999998,-2.4299999999999997,34.53333333333334,0.3922584182228218,0.15699999999999648,201.51666666666665,10,0,0
2025-04-07 11:00:00,Hive_04,34.48,24.42,55.43,56.28,47.873,213.5,82,Healthy,10.059999999999995,-0.8500000000000014,34.57,0.3386931405834273,0.1599999999999966,205.7833333333333,11,0,0
2025-04-07 12:00:00,Hive_04,34.85,26.72,54.21,53.58,47.923,204.7,79,Healthy,8.130000000000003,0.6300000000000026,34.58416666666667,0.34315564559169676,0.22400000000000375,211.61666666666665,12,0,0
2025-04-07 13:00:00,Hive_04,34.63,28.28,54.94,49.75,47.934,186.3,98,Healthy,6.350000000000001,5.189999999999998,34.57041666666667,0.33392890634498534,0.27899999999999636,205.9666666666667,13,0,0
2025-04-07 14:00:00,Hive_04,34.61,26.27,57.4,47.78,47.937,210.5,95,Healthy,8.34,9.619999999999997,34.583333333333336,0.3289729295942175,0.2680000000000007,204.9333333333333,14,0,0
2025-04-07 15:00:00,Hive_04,34.17,28.95,51.69,49.89,47.942,217.7,67,Healthy,5.220000000000002,1.7999999999999972,34.57333333333333,0.3379949403617595,0.26899999999999835,206.64999999999998,15,0,0
2025-04-07 16:00:00,Hive_04,34.53,27.98,56.06,50.11,47.939,202.6,65,Healthy,6.550000000000001,5.950000000000003,34.54291666666666,0.3047233837100685,0.267000000000003,205.88333333333333,16,0,0
2025-04-07 17:00:00,Hive_04,34.52,26.71,57.34,54.86,47.962,189.6,59,Healthy,7.810000000000002,2.480000000000004,34.55833333333333,0.29311915764704666,0.26300000000000523,201.9,17,0,0
2025-04-07 18:00:00,Hive_04,35.26,23.89,55.56,57.66,47.931,191.9,30,Healthy,11.369999999999997,-2.0999999999999943,34.594166666666666,0.3238748640080563,0.2219999999999942,199.76666666666665,18,0,0
2025-04-07 19:00:00,Hive_04,34.24,21.58,52.72,57.14,47.949,200.0,42,Healthy,12.660000000000004,-4.420000000000002,34.58833333333333,0.3291182774926288,0.21399999999999864,202.04999999999998,19,0,0
2025-04-07 20:00:00,Hive_04,34.65,19.84,57.88,62.21,47.967,193.6,15,Healthy,14.809999999999999,-4.329999999999998,34.586666666666666,0.3286820409726942,0.20899999999999608,199.23333333333335,20,0,0
2025-04-07 21:00:00,Hive_04,34.82,16.57,55.39,69.79,47.993,210.6,2,Healthy,18.25,-14.400000000000006,34.58541666666667,0.32769258083795033,0.2150000000000034,198.04999999999998,21,0,0
2025-04-07 22:00:00,Hive_04,34.25,15.01,55.03,72.85,48.01,225.2,0,Healthy,19.240000000000002,-17.819999999999993,34.569583333333334,0.3345532929102708,0.22500000000000142,201.8166666666667,22,0,0
2025-04-07 23:00:00,Hive_04,34.73,15.07,56.25,78.57,48.031,219.5,0,Healthy,19.659999999999997,-22.319999999999993,34.608333333333334,0.29279265057697296,0.2569999999999979,206.79999999999998,23,0,0
2025-04-08 00:00:00,Hive_04,33.85,10.99,56.85,77.98,48.066,193.5,1,Healthy,22.86,-21.130000000000003,34.56041666666667,0.3188495510924978,0.26900000000000546,207.06666666666663,0,1,0
2025-04-08 01:00:00,Hive_04,34.54,12.16,55.84,79.59,48.072,214.1,2,Healthy,22.38,-23.75,34.54833333333333,0.3136415382132227,0.2780000000000058,209.41666666666666,1,1,0
2025-04-08 02:00:00,Hive_04,34.09,11.09,54.86,82.67,48.102,189.2,2,Healthy,23.000000000000004,-27.810000000000002,34.53125,0.32725887240106893,0.30999999999999517,208.6833333333333,2,1,0
2025-04-08 03:00:00,Hive_04,34.48,13.09,54.77,77.77,48.101,234.5,1,Healthy,21.389999999999997,-22.999999999999993,34.52833333333333,0.3273964046795612,0.3059999999999974,212.66666666666666,3,1,0
2025-04-08 04:00:00,Hive_04,34.17,14.58,55.15,77.2,48.124,213.8,3,Healthy,19.590000000000003,-22.050000000000004,34.51083333333333,0.33509137840902226,0.33900000000000574,210.76666666666665,4,1,0
2025-04-08 05:00:00,Hive_04,34.3,18.76,55.68,76.11,48.128,213.9,0,Healthy,15.539999999999996,-20.43,34.49333333333333,0.33465968004717145,0.33200000000000074,209.83333333333334,5,1,0
2025-04-08 06:00:00,Hive_04,33.99,19.55,53.94,74.21,48.155,217.6,37,Healthy,14.440000000000001,-20.269999999999996,34.46208333333333,0.3454672848874905,0.32399999999999807,213.85,6,1,0
2025-04-08 07:00:00,Hive_04,34.47,19.0,56.67,64.99,48.154,177.4,61,Healthy,15.469999999999999,-8.319999999999993,34.46458333333333,0.3452910450577887,0.30800000000000693,207.73333333333335,7,1,0
2025-04-08 08:00:00,Hive_04,34.23,19.09,53.84,66.26,48.123,202.5,68,Healthy,15.139999999999997,-12.420000000000002,34.47375,0.3354790539693538,0.269999999999996,209.95000000000002,8,1,0
2025-04-08 09:00:00,Hive_04,34.81,20.29,54.68,61.51,48.139,204.1,66,Healthy,14.520000000000003,-6.829999999999998,34.46125,0.3157504862469981,0.28300000000000125,204.88333333333335,9,1,0
2025-04-08 10:00:00,Hive_04,34.7,27.08,56.15,56.56,48.146,209.1,87,Healthy,7.6200000000000045,-0.4100000000000037,34.47375,0.31914031941805765,0.27600000000000335,204.1,10,1,0
2025-04-08 11:00:00,Hive_04,34.32,23.53,54.31,53.73,48.13,216.9,104,Healthy,10.79,0.5800000000000054,34.46708333333333,0.3206715665960846,0.257000000000005,204.6,11,1,0
2025-04-08 12:00:00,Hive_04,34.4,28.4,54.05,54.55,48.124,209.7,92,Healthy,6.0,-0.5,34.44833333333333,0.3102967256852904,0.2010000000000005,203.28333333333333,12,1,0
2025-04-08 13:00:00,Hive_04,34.62,27.61,53.74,53.1,48.12,210.2,99,Healthy,7.009999999999998,0.6400000000000006,34.447916666666664,0.31004879232660487,0.18599999999999994,208.75,13,1,0
2025-04-08 14:00:00,Hive_04,34.99,28.83,55.66,53.79,48.114,180.4,80,Healthy,6.160000000000004,1.8699999999999974,34.46375,0.3278760701717997,0.1769999999999996,205.06666666666663,14,1,0
2025-04-08 15:00:00,Hive_04,34.63,28.86,56.75,54.16,48.119,209.3,86,Healthy,5.770000000000003,2.5900000000000034,34.48291666666666,0.32337189744622297,0.1769999999999996,205.9333333333333,15,1,0
2025-04-08 16:00:00,Hive_04,34.78,23.96,55.41,51.18,48.105,163.5,66,Healthy,10.82,4.229999999999997,34.49333333333333,0.328933278111649,0.16599999999999682,198.33333333333334,16,1,0
2025-04-08 17:00:00,Hive_04,34.54,25.55,55.76,52.63,48.128,164.7,47,Healthy,8.989999999999998,3.1299999999999955,34.494166666666665,0.3290290943481083,0.16599999999999682,189.63333333333333,17,1,0
2025-04-08 18:00:00,Hive_04,34.65,23.54,55.71,58.64,48.131,195.1,42,Healthy,11.11,-2.9299999999999997,34.46875,0.2883432812223755,0.20000000000000284,187.19999999999996,18,1,0
2025-04-08 19:00:00,Hive_04,34.76,23.22,55.31,59.28,48.14,190.1,26,Healthy,11.54,-3.969999999999999,34.49041666666667,0.28993971137442404,0.1910000000000025,183.85,19,1,0
2025-04-08 20:00:00,Hive_04,33.79,19.03,54.7,64.34,48.168,208.5,25,Healthy,14.759999999999998,-9.64,34.45458333333334,0.320854554163619,0.2010000000000005,188.53333333333333,20,1,0
2025-04-08 21:00:00,Hive_04,34.54,18.0,57.31,67.77,48.198,207.8,1,Healthy,16.54,-10.459999999999994,34.44291666666667,0.3119570645856982,0.2049999999999983,188.28333333333333,21,1,0
2025-04-08 22:00:00,Hive_04,34.42,17.12,55.88,69.13,48.222,210.0,2,Healthy,17.3,-13.249999999999993,34.449999999999996,0.30930497121350886,0.2120000000000033,196.03333333333333,22,1,0
2025-04-08 23:00:00,Hive_04,34.21,14.05,53.73,76.68,48.234,202.6,0,Healthy,20.16,-22.95000000000001,34.428333333333335,0.30704293237076496,0.20300000000000296,202.35,23,1,0
2025-04-09 00:00:00,Hive_04,34.48,13.75,58.56,79.54,48.23,194.6,1,Healthy,20.729999999999997,-20.980000000000004,34.45458333333334,0.2813010018168914,0.16399999999999437,202.26666666666665,0,2,0
2025-04-09 01:00:00,Hive_04,34.08,12.16,54.18,78.83,48.238,218.4,4,Healthy,21.919999999999998,-24.65,34.43541666666666,0.2907408702318718,0.16599999999999682,206.98333333333335,1,2,0
2025-04-09 02:00:00,Hive_04,34.29,14.0,54.76,78.45,48.284,197.5,0,Healthy,20.29,-23.690000000000005,34.44375,0.2831778132429192,0.18200000000000216,205.15,2,2,0
2025-04-09 03:00:00,Hive_04,34.71,11.52,54.7,81.0,48.307,165.9,2,Healthy,23.19,-26.299999999999997,34.45333333333333,0.28830338287940493,0.20600000000000307,198.16666666666666,3,2,0
2025-04-09 04:00:00,Hive_04,34.25,14.36,52.2,76.32,48.349,189.2,2,Healthy,19.89,-24.11999999999999,34.45666666666666,0.2853322497609094,0.22499999999999432,194.70000000000002,4,2,0
2025-04-09 05:00:00,Hive_04,34.45,15.25,54.19,78.63,48.363,219.3,1,Healthy,19.200000000000003,-24.439999999999998,34.462916666666665,0.2833875694040807,0.23499999999999943,197.48333333333335,5,2,0
2025-04-09 06:00:00,Hive_04,34.13,14.57,56.3,69.42,48.366,190.9,42,Healthy,19.560000000000002,-13.120000000000005,34.46875,0.27453221082890794,0.21099999999999852,196.86666666666667,6,2,0
2025-04-09 07:00:00,Hive_04,34.42,18.06,57.02,68.4,48.407,175.8,63,Healthy,16.360000000000003,-11.380000000000003,34.46666666666666,0.2747119703738186,0.252999999999993,189.76666666666665,7,2,0
2025-04-09 08:00:00,Hive_04,34.59,18.83,54.68,64.5,48.422,210.1,72,Healthy,15.760000000000005,-9.82,34.48166666666666,0.271031310026153,0.2989999999999995,191.86666666666667,8,2,0
2025-04-09 09:00:00,Hive_04,34.07,21.1,53.72,59.86,48.471,188.1,66,Healthy,12.969999999999999,-6.140000000000001,34.450833333333335,0.2741297164651682,0.33199999999999363,195.5666666666667,9,2,0
2025-04-09 10:00:00,Hive_04,34.44,24.48,57.11,57.28,48.492,192.1,80,Healthy,9.959999999999997,-0.1700000000000017,34.44,0.26894318132759226,0.34599999999999653,196.04999999999998,10,2,0
2025-04-09 11:00:00,Hive_04,34.41,24.9,52.31,56.14,48.501,176.9,110,Healthy,9.509999999999998,-3.8299999999999983,34.44375,0.26782233728317695,0.3709999999999951,188.98333333333335,11,2,0
2025-04-09 12:00:00,Hive_04,34.58,25.48,54.57,51.69,48.505,206.3,105,Healthy,9.099999999999998,2.8800000000000026,34.451249999999995,0.26906137169636324,0.3810000000000002,191.54999999999998,12,2,0
2025-04-09 13:00:00,Hive_04,34.19,28.88,55.48,53.47,48.518,205.3,102,Healthy,5.309999999999999,2.009999999999998,34.43333333333334,0.271640213880601,0.39800000000000324,196.46666666666667,13,2,0
2025-04-09 14:00:00,Hive_04,34.66,27.67,52.33,49.19,48.523,198.0,75,Healthy,6.989999999999995,3.1400000000000006,34.419583333333335,0.2497038100502664,0.409000000000006,194.45000000000002,14,2,0
2025-04-09 15:00:00,Hive_04,34.46,29.31,55.44,48.39,48.56,199.8,87,Healthy,5.150000000000002,7.049999999999997,34.4125,0.24585697503611517,0.4410000000000025,196.4,15,2,0
2025-04-09 16:00:00,Hive_04,34.17,27.98,52.85,52.26,48.573,191.9,79,Healthy,6.190000000000001,0.5900000000000034,34.38708333333333,0.23760543045078866,0.4680000000000035,196.36666666666667,16,2,0
2025-04-09 17:00:00,Hive_04,34.15,26.78,55.77,54.02,48.562,188.6,50,Healthy,7.369999999999997,1.75,34.37083333333333,0.2400166057057018,0.4339999999999975,198.3166666666667,17,2,0
2025-04-09 18:00:00,Hive_04,34.5,23.79,54.34,59.84,48.542,208.3,42,Healthy,10.71,-5.5,34.364583333333336,0.2343163815584816,0.41100000000000136,198.65,18,2,0
2025-04-09 19:00:00,Hive_04,34.75,22.25,54.76,60.41,48.551,207.3,60,Healthy,12.5,-5.649999999999999,34.36416666666667,0.23359043806118543,0.41100000000000136,198.98333333333335,19,2,0
2025-04-09 20:00:00,Hive_04,34.5,21.33,54.21,64.82,48.542,191.7,22,Healthy,13.170000000000002,-10.609999999999992,34.39375,0.20030004666910875,0.37400000000000233,197.93333333333337,20,2,0
2025-04-09 21:00:00,Hive_04,34.9,18.91,56.13,66.74,48.552,200.0,1,Healthy,15.989999999999998,-10.609999999999992,34.40875,0.2238266507036489,0.3539999999999992,197.96666666666667,21,2,0
2025-04-09 22:00:00,Hive_04,34.29,16.41,52.7,74.68,48.576,204.9,0,Healthy,17.88,-21.980000000000004,34.403333333333336,0.22511188844402705,0.3539999999999992,200.13333333333333,22,2,0
2025-04-09 23:00:00,Hive_04,34.28,13.24,54.51,73.89,48.581,190.2,1,Healthy,21.04,-19.380000000000003,34.40625,0.22294106259570046,0.3470000000000013,200.4,23,2,0
2025-04-10 00:00:00,Hive_04,34.41,12.73,56.74,78.33,48.601,176.1,2,Healthy,21.679999999999996,-21.589999999999996,34.40333333333333,0.22239148143417778,0.3710000000000022,195.03333333333333,0,3,0
2025-04-10 01:00:00,Hive_04,34.05,13.18,55.01,78.62,48.611,183.2,0,Healthy,20.869999999999997,-23.610000000000007,34.40208333333334,0.2243634312345882,0.37299999999999756,191.01666666666665,1,3,0
2025-04-10 02:00:00,Hive_04,34.37,11.87,54.87,79.53,48.599,193.5,2,Healthy,22.5,-24.660000000000004,34.40541666666666,0.22321717182398207,0.3149999999999977,191.31666666666663,2,3,0
2025-04-10 03:00:00,Hive_04,34.36,11.75,53.39,76.14,48.614,204.8,0,Healthy,22.61,-22.75,34.39083333333333,0.21368234584899815,0.30699999999999505,192.11666666666665,3,3,0
2025-04-10 04:00:00,Hive_04,34.97,14.21,54.93,75.77,48.599,182.9,2,Healthy,20.759999999999998,-20.839999999999996,34.420833333333334,0.24174936116396503,0.25,188.45000000000002,4,3,0
2025-04-10 05:00:00,Hive_04,34.98,13.76,53.95,75.41,48.61,221.3,2,Healthy,21.22,-21.459999999999994,34.44291666666667,0.2673782399306347,0.2469999999999999,193.63333333333333,5,3,0
2025-04-10 06:00:00,Hive_04,34.15,13.59,57.11,73.51,48.604,244.5,64,Healthy,20.56,-16.400000000000006,34.44375,0.26638991526805245,0.23799999999999955,205.03333333333333,6,3,0
2025-04-10 07:00:00,Hive_04,34.73,16.73,56.18,68.92,48.623,218.8,59,Healthy,17.999999999999996,-12.740000000000002,34.45666666666667,0.27263076904832895,0.21600000000000108,210.96666666666667,7,3,0
2025-04-10 08:00:00,Hive_04,34.76,19.45,55.55,64.31,48.638,211.9,49,Healthy,15.309999999999999,-8.760000000000005,34.46375,0.2783930986775784,0.21600000000000108,214.03333333333333,8,3,0
2025-04-10 09:00:00,Hive_04,35.0,22.54,52.71,61.55,48.68,201.1,83,Healthy,12.46,-8.839999999999996,34.5025,0.2858283157543327,0.20900000000000318,213.41666666666666,9,3,0
2025-04-10 10:00:00,Hive_04,34.62,26.51,55.36,58.62,48.68,199.6,77,Healthy,8.109999999999996,-3.259999999999998,34.51,0.28647786165320654,0.1880000000000024,216.19999999999996,10,3,0
2025-04-10 11:00:00,Hive_04,34.63,25.59,54.82,49.72,48.683,203.3,74,Healthy,9.040000000000003,5.100000000000001,34.51916666666666,0.2866586618363382,0.18200000000000216,213.20000000000002,11,3,0
2025-04-10 12:00:00,Hive_04,34.46,29.82,53.55,51.8,48.694,220.8,100,Healthy,4.640000000000001,1.75,34.51416666666667,0.28659798638005846,0.18900000000000006,209.25,12,3,0
2025-04-10 13:00:00,Hive_04,34.39,29.01,52.82,51.6,48.7,196.5,99,Healthy,5.379999999999999,1.2199999999999989,34.5225,0.2795843187740524,0.18200000000000216,205.53333333333333,13,3,0
2025-04-10 14:00:00,Hive_04,34.86,28.46,54.32,53.22,48.674,220.8,98,Healthy,6.399999999999999,1.1000000000000014,34.530833333333334,0.2867496509480774,0.15099999999999625,207.01666666666665,14,3,0
2025-04-10 15:00:00,Hive_04,34.61,25.68,55.24,53.53,48.716,220.2,84,Healthy,8.93,1.7100000000000009,34.53708333333333,0.28677334129128246,0.1559999999999988,210.20000000000002,15,3,0
2025-04-10 16:00:00,Hive_04,34.38,27.64,54.92,53.24,48.708,195.0,66,Healthy,6.740000000000002,1.6799999999999997,34.545833333333334,0.27816036454858517,0.134999999999998,209.4333333333333,16,3,0
2025-04-10 17:00:00,Hive_04,34.4,24.7,55.75,54.67,48.686,198.3,61,Healthy,9.7,1.0799999999999983,34.55625,0.26715591441834313,0.12400000000000233,208.6,17,3,0
2025-04-10 18:00:00,Hive_04,34.02,23.53,55.53,57.16,48.709,207.4,60,Healthy,10.490000000000002,-1.6299999999999955,34.53625,0.28865222794161116,0.1670000000000016,206.36666666666667,18,3,0
2025-04-10 19:00:00,Hive_04,34.55,22.37,56.03,62.08,48.687,186.6,55,Healthy,12.179999999999996,-6.049999999999997,34.52791666666666,0.2850778561340287,0.13599999999999568,204.71666666666667,19,3,0
2025-04-10 20:00:00,Hive_04,34.85,16.31,54.86,64.72,48.689,201.9,26,Healthy,18.540000000000003,-9.86,34.5425,0.29244471792713655,0.14699999999999847,201.5666666666667,20,3,0
2025-04-10 21:00:00,Hive_04,34.83,17.98,57.13,67.52,48.696,179.2,1,Healthy,16.849999999999998,-10.389999999999993,34.53958333333333,0.28905361570758326,0.14399999999999835,194.73333333333335,21,3,0
2025-04-10 22:00:00,Hive_04,34.2,15.72,53.85,73.51,48.716,214.1,1,Healthy,18.480000000000004,-19.660000000000004,34.53583333333333,0.29298934046001046,0.14000000000000057,197.91666666666666,22,3,0
2025-04-10 23:00:00,Hive_04,34.73,12.34,54.6,82.17,48.744,198.1,2,Healthy,22.389999999999997,-27.57,34.55458333333333,0.29029189457850224,0.1629999999999967,197.88333333333333,23,3,0
2025-04-11 00:00:00,Hive_04,34.47,13.31,52.83,78.17,48.793,185.9,0,Healthy,21.159999999999997,-25.340000000000003,34.55708333333333,0.28924909028705603,0.19200000000000017,194.29999999999998,0,4,0
2025-04-11 01:00:00,Hive_04,34.48,11.95,56.03,77.57,48.822,212.2,1,Healthy,22.529999999999998,-21.539999999999992,34.574999999999996,0.26908863902472896,0.21100000000000563,198.5666666666667,1,4,0
2025-04-11 02:00:00,Hive_04,33.97,12.07,55.86,80.82,48.803,230.6,1,Healthy,21.9,-24.959999999999994,34.55833333333334,0.29360823745503917,0.20400000000000063,203.35,2,4,0
2025-04-11 03:00:00,Hive_04,34.31,12.0,58.41,77.95,48.832,176.8,3,Healthy,22.310000000000002,-19.540000000000006,34.55625,0.29524952600927357,0.21800000000000352,202.94999999999996,3,4,0
2025-04-11 04:00:00,Hive_04,34.59,14.86,54.98,77.43,48.882,188.1,2,Healthy,19.730000000000004,-22.45000000000001,34.540416666666665,0.28198796099289586,0.28300000000000125,198.61666666666667,4,4,0
2025-04-11 05:00:00,Hive_04,35.16,13.7,53.23,72.74,48.896,173.9,1,Healthy,21.459999999999997,-19.509999999999998,34.547916666666666,0.2962222897209803,0.28600000000000136,194.58333333333334,5,4,0
2025-04-11 06:00:00,Hive_04,34.68,16.63,54.6,70.85,48.929,220.4,44,Healthy,18.05,-16.249999999999993,34.57,0.284803517320744,0.32500000000000284,200.33333333333334,6,4,0
2025-04-11 07:00:00,Hive_04,34.69,18.04,55.02,69.25,48.943,196.3,61,Healthy,16.65,-14.229999999999997,34.568333333333335,0.28394222723258933,0.3200000000000003,197.6833333333333,7,4,0
2025-04-11 08:00:00,Hive_04,34.71,21.95,56.08,66.29,48.95,204.8,59,Healthy,12.760000000000002,-10.210000000000008,34.566250000000004,0.2826553055209411,0.3120000000000047,193.38333333333335,8,4,0
2025-04-11 09:00:00,Hive_04,34.47,23.97,56.71,55.55,48.933,206.0,71,Healthy,10.5,1.1600000000000037,34.54416666666666,0.26759665733057414,0.2530000000000001,198.25,9,4,0
2025-04-11 10:00:00,Hive_04,32.24,23.45,61.9,59.39,48.912,354.4,35,At Risk,8.790000000000003,2.509999999999998,34.445,0.5403058715048378,0.23199999999999932,225.9666666666667,10,4,1
2025-04-11 11:00:00,Hive_04,31.59,28.28,75.51,57.76,48.861,305.9,31,At Risk,3.3099999999999987,17.750000000000007,34.318333333333335,0.792523030342443,0.17799999999999727,247.96666666666667,11,4,1
2025-04-11 12:00:00,Hive_04,33.91,23.54,64.95,55.22,48.818,332.4,30,At Risk,10.369999999999997,9.730000000000004,34.29541666666666,0.7961919102647256,0.12399999999999523,266.6333333333334,12,4,1
2025-04-11 13:00:00,Hive_04,31.61,25.09,66.83,50.09,48.761,365.7,32,At Risk,6.52,16.739999999999995,34.17958333333333,0.9659574172208755,0.06099999999999994,294.8666666666666,13,4,1
2025-04-11 14:00:00,Hive_04,32.66,28.26,66.16,51.45,48.708,343.7,27,At Risk,4.399999999999995,14.709999999999994,34.087916666666665,1.002284257026925,0.03399999999999892,318.01666666666665,14,4,1
2025-04-11 15:00:00,Hive_04,31.13,29.62,68.58,53.37,48.639,316.4,33,At Risk,1.509999999999998,15.21,33.94291666666667,1.1624055984733817,-0.07699999999999818,336.4166666666667,15,4,1
2025-04-11 16:00:00,Hive_04,32.55,27.17,64.7,49.07,48.561,313.2,26,At Risk,5.3799999999999955,15.630000000000003,33.86666666666667,1.1921287742910522,-0.14699999999999847,329.54999999999995,16,4,1
2025-04-11 17:00:00,Hive_04,30.7,27.72,64.96,55.39,48.529,339.9,25,At Risk,2.9800000000000004,9.569999999999993,33.7125,1.34907133920367,-0.15699999999999648,335.21666666666664,17,4,1
2025-04-11 18:00:00,Hive_04,32.34,22.74,67.45,55.17,48.414,330.9,29,At Risk,9.600000000000005,12.280000000000001,33.6425,1.3757440674523513,-0.2950000000000017,334.96666666666664,18,4,1
2025-04-11 19:00:00,Hive_04,30.66,20.31,71.57,57.97,48.312,310.4,13,At Risk,10.350000000000001,13.599999999999994,33.48041666666666,1.4886920993498123,-0.375,325.75,19,4,1
2025-04-11 20:00:00,Hive_04,32.86,18.25,68.67,61.38,48.261,295.0,20,At Risk,14.61,7.289999999999999,33.3975,1.464312422116637,-0.42799999999999727,317.6333333333333,20,4,1
2025-04-11 21:00:00,Hive_04,30.25,17.17,67.43,69.95,48.203,338.2,0,At Risk,13.079999999999998,-2.519999999999996,33.20666666666666,1.5645187249053822,-0.492999999999995,321.26666666666665,21,4,1
2025-04-11 22:00:00,Hive_04,30.64,16.23,68.59,73.49,48.149,335.8,0,At Risk,14.41,-4.8999999999999915,33.05833333333333,1.6334883097135562,-0.5670000000000002,325.03333333333336,22,4,1
2025-04-11 23:00:00,Hive_04,30.42,14.45,61.36,73.06,48.075,350.7,0,At Risk,15.970000000000002,-11.700000000000003,32.878750000000004,1.6780276012135795,-0.6689999999999969,326.8333333333333,23,4,1
2025-04-12 00:00:00,Hive_04,29.44,14.34,64.92,78.6,48.02,333.4,0,At Risk,15.100000000000001,-13.679999999999993,32.66916666666666,1.7815672549914483,-0.7729999999999961,327.25,0,5,1
2025-04-12 01:00:00,Hive_04,32.01,11.94,68.36,80.23,47.989,354.6,0,At Risk,20.07,-11.870000000000005,32.56625,1.7433446427709132,-0.8330000000000055,334.6166666666666,1,5,1
2025-04-12 02:00:00,Hive_04,31.07,11.35,66.95,77.34,47.909,328.9,0,At Risk,19.72,-10.39,32.44541666666667,1.7423197409516753,-0.8939999999999984,340.26666666666665,2,5,1
2025-04-12 03:00:00,Hive_04,32.94,11.99,66.04,76.99,47.862,367.0,0,At Risk,20.949999999999996,-10.949999999999989,32.38833333333333,1.7005156933084056,-0.9699999999999989,345.06666666666666,3,5,1
2025-04-12 04:00:00,Hive_04,29.88,13.83,67.81,74.73,47.848,346.2,0,At Risk,16.049999999999997,-6.920000000000002,32.19208333333333,1.7071511462760485,-1.033999999999999,346.79999999999995,4,5,1
2025-04-12 05:00:00,Hive_04,31.15,14.41,73.22,75.94,47.713,323.0,0,At Risk,16.74,-2.719999999999999,32.025,1.5967058480562781,-1.1829999999999998,342.18333333333334,5,5,1
2025-04-12 06:00:00,Hive_04,31.69,16.53,65.5,72.69,47.696,301.6,22,At Risk,15.16,-7.189999999999998,31.90041666666667,1.4938787540773761,-1.233000000000004,336.8833333333333,6,5,1
2025-04-12 07:00:00,Hive_04,32.53,17.15,67.89,63.73,47.605,339.3,16,At Risk,15.380000000000003,4.160000000000004,31.810416666666665,1.3791726542186935,-1.338000000000001,334.3333333333333,7,5,1
2025-04-12 08:00:00,Hive_04,31.25,16.66,70.83,63.56,47.555,358.3,20,At Risk,14.59,7.269999999999996,31.666249999999994,1.2363403657568148,-1.3950000000000031,339.23333333333335,8,5,1
2025-04-12 09:00:00,Hive_04,29.58,23.52,71.97,62.56,47.503,339.8,26,At Risk,6.059999999999999,9.409999999999997,31.462500000000002,1.154414024139568,-1.4299999999999997,334.7,9,5,1
2025-04-12 10:00:00,Hive_04,33.0,25.91,70.46,55.13,47.482,379.6,34,At Risk,7.09,15.329999999999991,31.49416666666667,1.1866427493110268,-1.4299999999999997,340.26666666666665,10,5,1
2025-04-12 11:00:00,Hive_04,34.54,26.64,64.33,51.34,47.401,305.1,31,At Risk,7.899999999999999,12.989999999999995,31.61708333333333,1.339891232336582,-1.4599999999999937,337.28333333333336,11,5,1
2025-04-12 12:00:00,Hive_04,30.47,28.11,71.27,54.06,47.32,306.6,42,At Risk,2.3599999999999994,17.209999999999994,31.47375,1.2658965288438104,-1.4979999999999976,338.11666666666673,12,5,1
2025-04-12 13:00:00,Hive_04,32.57,25.54,65.44,49.26,47.262,336.0,33,At Risk,7.030000000000001,16.18,31.51375,1.2854057471406803,-1.4990000000000023,337.56666666666666,13,5,1
2025-04-12 14:00:00,Hive_04,32.28,29.25,71.44,49.54,47.188,349.7,27,At Risk,3.030000000000001,21.9,31.49791666666667,1.2729526756688303,-1.519999999999996,336.1333333333333,14,5,1
2025-04-12 15:00:00,Hive_04,30.46,28.51,67.78,48.75,47.165,349.8,34,At Risk,1.9499999999999993,19.03,31.470000000000002,1.2886224528878247,-1.4740000000000038,337.8,15,5,1
2025-04-12 16:00:00,Hive_04,30.25,24.07,66.61,50.35,47.102,323.9,24,At Risk,6.18,16.259999999999998,31.374166666666667,1.2903350312044124,-1.4590000000000032,328.5166666666667,16,5,1
2025-04-12 17:00:00,Hive_04,33.48,27.61,66.37,49.78,47.054,316.8,31,At Risk,5.869999999999997,16.590000000000003,31.49,1.350558660574154,-1.4750000000000014,330.46666666666664,17,5,1
2025-04-12 18:00:00,Hive_04,32.63,22.15,63.17,57.52,47.031,326.3,15,At Risk,10.480000000000004,5.649999999999999,31.50208333333333,1.3597601424248382,-1.3830000000000027,333.75,18,5,1
2025-04-12 19:00:00,Hive_04,32.78,20.85,66.97,60.42,46.949,305.1,9,At Risk,11.93,6.549999999999997,31.59041666666667,1.3714875426739512,-1.3629999999999995,328.59999999999997,19,5,1
2025-04-12 20:00:00,Hive_04,30.43,22.89,62.77,63.68,46.867,321.5,11,At Risk,7.539999999999999,-0.9099999999999966,31.489166666666666,1.3633587574255557,-1.3940000000000055,323.90000000000003,20,5,1
2025-04-12 21:00:00,Hive_04,31.78,17.69,75.03,70.91,46.813,356.5,0,At Risk,14.09,4.1200000000000045,31.552916666666665,1.3384399717472204,-1.3900000000000006,325.01666666666665,21,5,1
2025-04-12 22:00:00,Hive_04,31.3,17.21,69.0,72.43,46.748,315.7,0,At Risk,14.09,-3.430000000000007,31.580416666666668,1.3255859382589394,-1.4010000000000034,323.65000000000003,22,5,1
2025-04-12 23:00:00,Hive_04,34.48,14.59,70.56,78.08,46.642,314.3,0,At Risk,19.889999999999997,-7.519999999999996,31.749583333333334,1.426294923970716,-1.4329999999999998,323.23333333333335,23,5,1
2025-04-13 00:00:00,Hive_04,30.92,14.12,66.54,80.67,46.54,305.6,0,At Risk,16.800000000000004,-14.129999999999995,31.81125,1.3521651317342753,-1.480000000000004,319.7833333333333,0,6,1
2025-04-13 01:00:00,Hive_04,33.44,10.26,69.3,82.54,46.491,319.0,0,At Risk,23.18,-13.240000000000009,31.870833333333337,1.3922172390038217,-1.4979999999999976,322.09999999999997,1,6,1
2025-04-13 02:00:00,Hive_04,32.29,12.42,74.5,83.16,46.468,329.5,0,At Risk,19.869999999999997,-8.659999999999997,31.921666666666667,1.3839535889008716,-1.4409999999999954,323.43333333333334,2,6,1
2025-04-13 03:00:00,Hive_04,31.82,11.71,69.25,77.32,46.402,384.3,0,At Risk,20.11,-8.069999999999993,31.875,1.366900651585207,-1.4600000000000009,328.06666666666666,3,6,1
2025-04-13 04:00:00,Hive_04,32.08,13.77,73.03,80.29,46.28,343.3,0,At Risk,18.31,-7.260000000000005,31.96666666666667,1.299396738512797,-1.5679999999999978,332.6666666666667,4,6,1
2025-04-13 05:00:00,Hive_04,32.34,12.85,69.37,74.51,46.209,341.5,0,At Risk,19.490000000000002,-5.140000000000001,32.01625,1.2895459682956454,-1.5039999999999978,337.2,5,6,1
2025-04-13 06:00:00,Hive_04,32.48,16.01,73.56,71.23,46.129,343.4,25,At Risk,16.469999999999995,2.3299999999999983,32.04916666666667,1.2909380366588028,-1.5670000000000002,343.5,6,6,1
2025-04-13 07:00:00,Hive_04,31.1,17.37,67.62,67.87,46.091,360.2,21,At Risk,13.73,-0.25,31.989583333333332,1.3007438646593728,-1.5139999999999958,350.3666666666666,7,6,1
2025-04-13 08:00:00,Hive_04,31.46,18.8,68.46,68.89,46.028,301.6,33,At Risk,12.66,-0.4300000000000068,31.998333333333335,1.2962510044996658,-1.527000000000001,345.71666666666664,8,6,1
2025-04-13 09:00:00,Hive_04,31.18,23.03,68.3,64.23,45.977,336.6,23,At Risk,8.149999999999999,4.069999999999993,32.065,1.2043544184404866,-1.5260000000000034,337.76666666666665,9,6,1
2025-04-13 10:00:00,Hive_04,32.43,24.17,61.61,54.65,45.982,350.5,30,At Risk,8.259999999999998,6.960000000000001,32.04125,1.1906567880612158,-1.5,338.96666666666664,10,6,1
2025-04-13 11:00:00,Hive_04,32.39,24.18,70.62,56.94,45.937,397.0,31,At Risk,8.21,13.680000000000007,31.951666666666668,1.0691632919845588,-1.4640000000000057,348.2166666666667,11,6,1
2025-04-13 12:00:00,Hive_04,30.01,29.54,69.45,51.89,45.878,303.7,30,At Risk,0.4700000000000024,17.560000000000002,31.9325,1.1005423564136865,-1.4420000000000002,341.59999999999997,12,6,1
2025-04-13 13:00:00,Hive_04,29.04,27.69,71.16,51.21,45.842,296.7,39,At Risk,1.3499999999999979,19.949999999999996,31.785416666666663,1.2388352845792487,-1.4200000000000017,331.0166666666667,13,6,1
2025-04-13 14:00:00,Hive_04,32.53,27.96,68.0,52.43,45.797,342.1,30,At Risk,4.57,15.57,31.795833333333334,1.2442141457881835,-1.3910000000000053,337.76666666666665,14,6,1
2025-04-13 15:00:00,Hive_04,31.83,26.45,68.1,51.73,45.714,327.2,30,At Risk,5.379999999999999,16.369999999999997,31.852916666666662,1.2112533184470495,-1.4510000000000005,336.2,15,6,1
2025-04-13 16:00:00,Hive_04,32.42,26.03,70.7,52.87,45.682,318.6,31,At Risk,6.390000000000001,17.830000000000005,31.94333333333333,1.1665656270945768,-1.4199999999999946,330.8833333333334,16,6,1
2025-04-13 17:00:00,Hive_04,33.57,26.04,62.9,52.58,45.608,298.4,33,At Risk,7.530000000000001,10.32,31.947083333333335,1.1718527848134703,-1.446000000000005,314.45,17,6,1
2025-04-13 18:00:00,Hive_04,31.9,21.68,66.9,59.8,45.553,345.8,15,At Risk,10.219999999999999,7.1000000000000085,31.916666666666668,1.162795232886216,-1.4780000000000015,321.46666666666664,18,6,1
2025-04-13 19:00:00,Hive_04,29.95,20.85,66.25,62.42,45.411,305.8,21,At Risk,9.099999999999998,3.8299999999999983,31.79875,1.2138129377403242,-1.5379999999999967,322.98333333333335,19,6,1
2025-04-13 20:00:00,Hive_04,32.79,19.12,71.39,66.02,45.367,379.7,9,At Risk,13.669999999999998,5.3700000000000045,31.89708333333333,1.1935314030827369,-1.5,329.25,20,6,1
2025-04-13 21:00:00,Hive_04,30.65,18.28,67.14,69.37,45.313,319.2,0,At Risk,12.369999999999997,-2.230000000000004,31.850000000000005,1.2203385132643467,-1.5,327.9166666666667,21,6,1
2025-04-13 22:00:00,Hive_04,33.42,19.66,70.57,70.82,45.263,308.4,0,At Risk,13.760000000000002,-0.25,31.938333333333333,1.2550304575089346,-1.4849999999999994,326.2166666666667,22,6,1
2025-04-13 23:00:00,Hive_04,29.86,13.19,64.99,74.57,45.258,363.6,0,At Risk,16.67,-9.579999999999998,31.745833333333334,1.2014010540836597,-1.3840000000000003,337.0833333333333,23,6,1
2025-04-14 00:00:00,Hive_04,32.71,14.0,68.5,79.56,45.164,314.7,0,At Risk,18.71,-11.060000000000002,31.82041666666667,1.2034641273410749,-1.3759999999999977,331.90000000000003,0,0,1
2025-04-14 01:00:00,Hive_04,30.41,12.43,77.29,80.98,45.113,333.5,0,At Risk,17.98,-3.6899999999999977,31.694166666666664,1.1849634617982119,-1.3780000000000001,336.51666666666665,1,0,1
2025-04-14 02:00:00,Hive_04,32.05,13.89,68.39,81.83,45.108,316.1,0,At Risk,18.159999999999997,-13.439999999999998,31.684166666666666,1.18072165356112,-1.3600000000000065,325.9166666666667,2,0,1
2025-04-14 03:00:00,Hive_04,33.47,13.05,67.64,80.38,45.1,356.4,0,At Risk,20.419999999999998,-12.739999999999995,31.752916666666668,1.2357306557753172,-1.3019999999999996,332.1166666666667,3,0,1
2025-04-14 04:00:00,Hive_04,31.8,15.23,71.13,79.79,44.947,332.9,0,At Risk,16.57,-8.66000000000001,31.741249999999997,1.2338286559217284,-1.3329999999999984,336.2,4,0,1
2025-04-14 05:00:00,Hive_04,32.75,12.38,63.19,74.43,44.892,339.5,0,At Risk,20.369999999999997,-11.240000000000009,31.75833333333333,1.2452646537867853,-1.3170000000000002,332.18333333333334,5,0,1
2025-04-14 06:00:00,Hive_04,33.04,18.3,61.51,75.12,44.814,347.6,21,At Risk,14.739999999999998,-13.610000000000007,31.781666666666666,1.264473310759424,-1.3149999999999977,337.6666666666667,6,0,1
2025-04-14 07:00:00,Hive_04,30.6,15.33,61.95,67.33,44.764,310.1,37,At Risk,15.270000000000001,-5.3799999999999955,31.760833333333334,1.2802136936656254,-1.3269999999999982,333.76666666666665,7,0,1
2025-04-14 08:00:00,Hive_04,23.58,19.75,77.35,67.59,44.559,400.1,5,Critical,3.8299999999999983,9.759999999999991,31.4325,2.10531470331627,-1.4690000000000012,347.76666666666665,8,0,2
2025-04-14 09:00:00,Hive_04,29.69,22.21,82.67,62.95,44.344,449.5,4,Critical,7.48,19.72,31.37041666666667,2.134846454445293,-1.6329999999999956,363.2833333333333,9,0,2
2025-04-14 10:00:00,Hive_04,27.92,23.88,85.78,56.86,44.087,488.4,0,Critical,4.040000000000003,28.92,31.1825,2.2337261713771674,-1.894999999999996,389.20000000000005,10,0,2
2025-04-14 11:00:00,Hive_04,26.21,25.71,82.8,52.94,43.959,40.0,3,Critical,0.5,29.86,30.925,2.4355661782623095,-1.9779999999999944,339.28333333333336,11,0,2
2025-04-14 12:00:00,Hive_04,26.43,25.68,80.4,52.05,43.753,401.8,3,Critical,0.75,28.35000000000001,30.775833333333335,2.598238394301568,-2.125,348.31666666666666,12,0,2
2025-04-14 13:00:00,Hive_04,29.42,27.08,81.27,51.52,43.604,461.9,4,Critical,2.3400000000000034,29.749999999999993,30.791666666666668,2.588339515843114,-2.2379999999999995,373.6166666666666,13,0,2
2025-04-14 14:00:00,Hive_04,28.92,30.16,85.34,52.15,43.458,379.9,3,Critical,-1.2399999999999984,33.190000000000005,30.64125,2.5878214986152424,-2.3389999999999986,370.25,14,0,2
2025-04-14 15:00:00,Hive_04,23.13,27.83,74.42,49.64,43.303,499.8,0,Critical,-4.699999999999999,24.78,30.278750000000002,2.9918647849299433,-2.4110000000000014,378.63333333333327,15,0,2
2025-04-14 16:00:00,Hive_04,29.12,26.05,74.46,53.83,43.069,40.0,3,Critical,3.0700000000000003,20.629999999999995,30.14125,2.9648877279131445,-2.6129999999999995,303.90000000000003,16,0,2
2025-04-14 17:00:00,Hive_04,25.59,25.76,81.14,56.74,42.943,40.0,2,Critical,-0.1700000000000017,24.4,29.808750000000003,3.010756531389386,-2.664999999999999,303.90000000000003,17,0,2
2025-04-14 18:00:00,Hive_04,28.91,26.06,87.57,57.54,42.861,491.2,0,Critical,2.8500000000000014,30.029999999999994,29.684166666666666,2.9821861206119418,-2.692,318.79999999999995,18,0,2
2025-04-14 19:00:00,Hive_04,24.11,22.66,78.8,62.24,42.66,480.1,5,Critical,1.4499999999999993,16.559999999999995,29.440833333333334,3.1905334386569075,-2.7510000000000048,321.8333333333333,19,0,2
2025-04-14 20:00:00,Hive_04,25.55,19.71,77.56,63.8,42.563,411.0,2,Critical,5.84,13.760000000000005,29.139166666666668,3.2023509253788527,-2.803999999999995,327.01666666666665,20,0,2
2025-04-14 21:00:00,Hive_04,27.92,18.41,65.29,69.79,42.398,401.1,3,Critical,9.510000000000002,-4.5,29.02541666666666,3.194828673594659,-2.914999999999999,310.56666666666666,21,0,2
2025-04-14 22:00:00,Hive_04,29.39,17.36,79.33,74.38,42.224,40.0,1,Critical,12.030000000000001,4.950000000000003,28.8575,3.0567334795851586,-3.0390000000000015,310.56666666666666,22,0,2
2025-04-14 23:00:00,Hive_04,25.25,15.11,77.52,78.08,42.104,40.0,2,Critical,10.14,-0.5600000000000023,28.66541666666667,3.1348448115900416,-3.1540000000000035,310.56666666666666,23,0,2
2025-04-15 00:00:00,Hive_04,26.63,13.14,68.74,80.13,41.914,433.8,3,Critical,13.489999999999998,-11.39,28.41208333333333,3.037954087248725,-3.25,301.00000000000006,0,1,2
2025-04-15 01:00:00,Hive_04,25.82,12.1,73.78,79.95,41.719,40.0,5,Critical,13.72,-6.170000000000002,28.22083333333333,3.0511593187516652,-3.3939999999999984,227.65,1,1,2
2025-04-15 02:00:00,Hive_04,30.57,12.84,82.63,81.65,41.473,471.3,1,Critical,17.73,0.9799999999999898,28.159166666666668,2.9846344422093822,-3.634999999999998,237.70000000000002,2,1,2
2025-04-15 03:00:00,Hive_04,29.06,9.48,84.79,79.01,41.335,469.2,3,Critical,19.58,5.780000000000001,27.975416666666664,2.771604431225298,-3.7650000000000006,249.04999999999998,3,1,2
2025-04-15 04:00:00,Hive_04,30.43,11.99,74.74,76.82,41.184,541.7,0,Critical,18.439999999999998,-2.0799999999999983,27.918333333333337,2.7026599886948506,-3.7630000000000052,332.6666666666667,4,1,2
2025-04-15 05:00:00,Hive_04,28.46,13.99,70.26,74.06,40.92,40.0,5,Critical,14.47,-3.799999999999997,27.739583333333332,2.503754535764557,-3.9720000000000013,332.6666666666667,5,1,2
2025-04-15 06:00:00,Hive_04,27.18,16.85,84.88,74.49,40.822,397.7,3,Critical,10.329999999999998,10.39,27.495416666666667,2.235776256921461,-3.9919999999999973,326.65000000000003,6,1,2
2025-04-15 07:00:00,Hive_04,30.67,18.21,78.25,69.82,40.655,415.0,2,Critical,12.46,8.430000000000007,27.498333333333335,2.240043995426992,-4.109000000000002,389.15000000000003,7,1,2
2025-04-15 08:00:00,Hive_04,25.01,21.54,74.71,66.82,40.475,438.9,4,Critical,3.4700000000000024,7.890000000000001,27.557916666666667,2.148433158427587,-4.083999999999996,383.75,8,1,2
2025-04-15 09:00:00,Hive_04,30.21,21.41,80.95,62.27,40.377,477.4,2,Critical,8.8,18.68,27.579583333333332,2.1733474064848943,-3.9669999999999987,385.1166666666666,9,1,2
2025-04-15 10:00:00,Hive_04,27.66,25.91,81.7,57.37,40.018,40.0,5,Critical,1.75,24.330000000000005,27.568749999999998,2.1722244909607498,-4.069000000000003,301.5,10,1,2
2025-04-15 11:00:00,Hive_04,31.88,24.99,89.07,54.86,39.815,40.0,4,Critical,6.890000000000001,34.209999999999994,27.804999999999996,2.321244044266513,-4.1440000000000055,301.5,11,1,2
2025-04-15 12:00:00,Hive_04,25.35,25.65,80.14,52.31,39.577,437.9,4,Critical,-0.29999999999999716,27.83,27.76,2.3592168929170887,-4.176000000000002,308.2,12,1,2
2025-04-15 13:00:00,Hive_04,32.98,28.19,77.98,53.78,39.329,377.9,5,Critical,4.789999999999996,24.200000000000003,27.908333333333335,2.5705737249418874,-4.274999999999999,302.01666666666665,13,1,2
2025-04-15 14:00:00,Hive_04,26.62,25.74,75.02,50.8,39.111,448.0,1,Critical,0.8800000000000026,24.22,27.8125,2.5740886947995656,-4.347000000000001,303.53333333333336,14,1,2
2025-04-15 15:00:00,Hive_04,29.69,28.15,83.29,50.81,38.88,40.0,4,Critical,1.5400000000000027,32.480000000000004,28.08583333333333,2.3974858510106816,-4.422999999999995,230.63333333333333,15,1,2
2025-04-15 16:00:00,Hive_04,26.01,26.98,75.87,52.54,38.642,455.3,5,Critical,-0.9699999999999989,23.330000000000005,27.956249999999997,2.4230699401341895,-4.427,299.84999999999997,16,1,2
2025-04-15 17:00:00,Hive_04,29.57,24.72,84.63,53.96,38.43,456.6,4,Critical,4.850000000000001,30.669999999999995,28.122083333333332,2.3900536271345514,-4.512999999999998,369.2833333333333,17,1,2
2025-04-15 18:00:00,Hive_04,27.1,26.03,74.39,59.27,38.147,40.0,3,Critical,1.0700000000000003,15.119999999999997,28.046666666666667,2.3926657257882105,-4.713999999999999,302.9666666666667,18,1,2
2025-04-15 19:00:00,Hive_04,25.69,19.36,73.61,59.32,37.942,547.6,1,Critical,6.330000000000002,14.29,28.112499999999997,2.2995656489677256,-4.717999999999996,331.25,19,1,2
2025-04-15 20:00:00,Hive_04,30.69,19.35,78.14,63.25,37.778,468.3,3,Critical,11.34,14.89,28.326666666666668,2.2898674096162264,-4.785000000000004,334.6333333333333,20,1,2
2025-04-15 21:00:00,Hive_04,29.07,18.83,84.83,70.79,37.525,508.4,5,Critical,10.240000000000002,14.039999999999992,28.374583333333334,2.2930177176861353,-4.873000000000005,412.7,21,1,2
2025-04-15 22:00:00,Hive_04,25.29,16.66,83.88,74.31,37.375,425.3,3,Critical,8.629999999999999,9.569999999999993,28.20375,2.3656561044131394,-4.848999999999997,407.7,22,1,2
2025-04-15 23:00:00,Hive_04,28.76,14.33,84.89,78.21,37.199,396.7,5,Critical,14.430000000000001,6.680000000000007,28.349999999999998,2.2821328696598604,-4.905000000000001,397.7166666666667,23,1,2
2025-04-16 00:00:00,Hive_04,29.48,16.23,80.85,79.52,37.026,470.4,1,Critical,13.25,1.3299999999999983,28.46875,2.262809551247463,-4.887999999999998,469.45000000000005,0,2,2
2025-04-16 01:00:00,Hive_04,25.57,14.76,77.11,81.65,36.719,412.7,1,Critical,10.81,-4.540000000000006,28.458333333333332,2.2760695845299943,-5.0,446.9666666666667,1,2,2
2025-04-16 02:00:00,Hive_04,25.99,12.9,69.56,78.28,36.534,40.0,0,Critical,13.089999999999998,-8.719999999999999,28.2675,2.2833123346118542,-4.939,375.5833333333333,2,2,2
2025-04-16 03:00:00,Hive_04,28.3,10.89,87.01,79.64,36.363,504.7,3,Critical,17.41,7.3700000000000045,28.235833333333336,2.2771051734634087,-4.972000000000001,374.96666666666664,3,2,2
2025-04-16 04:00:00,Hive_04,30.87,11.68,83.6,72.05,36.137,453.8,0,Critical,19.19,11.549999999999997,28.254166666666666,2.2972212262466516,-5.046999999999997,379.7166666666667,4,2,2
2025-04-16 05:00:00,Hive_04,25.08,14.7,78.44,74.59,35.921,480.1,3,Critical,10.379999999999999,3.8499999999999943,28.113333333333333,2.385947385743354,-4.999000000000002,393.6166666666666,5,2,2
2025-04-16 06:00:00,Hive_04,29.33,15.27,86.83,72.83,35.706,446.8,1,Critical,14.059999999999999,14.0,28.202916666666667,2.3897398060414514,-5.116,389.68333333333334,6,2,2
2025-04-16 07:00:00,Hive_04,29.42,20.14,83.7,70.33,35.562,465.9,3,Critical,9.280000000000001,13.370000000000005,28.150833333333335,2.3468701019361164,-5.0930000000000035,398.55,7,2,2
2025-04-16 08:00:00,Hive_04,25.7,18.77,92.43,62.89,35.355,40.0,4,Critical,6.93,29.540000000000006,28.179583333333337,2.310668036599295,-5.1200000000000045,398.55,8,2,2
2025-04-16 09:00:00,Hive_04,32.22,22.87,83.76,58.19,35.25,463.9,4,Critical,9.349999999999998,25.570000000000007,28.263333333333332,2.4212405492021603,-5.1270000000000024,391.75,9,2,2
2025-04-16 10:00:00,Hive_04,25.92,23.11,87.03,60.28,35.027,368.4,2,Critical,2.8100000000000023,26.75,28.190833333333334,2.465733715067892,-4.991,377.51666666666665,10,2,2
2025-04-16 11:00:00,Hive_04,30.39,21.56,73.47,54.54,34.863,507.1,3,Critical,8.830000000000002,18.93,28.12875,2.386285657487332,-4.951999999999998,382.01666666666665,11,2,2
2025-04-16 12:00:00,Hive_04,23.72,26.49,73.48,51.21,34.599,421.0,7,Critical,-2.7699999999999996,22.270000000000003,28.060833333333335,2.4897632446664604,-4.9780000000000015,377.71666666666664,12,2,2
2025-04-16 13:00:00,Hive_04,25.15,27.78,69.54,52.05,34.306,458.9,2,Critical,-2.6300000000000026,17.49000000000001,27.734583333333333,2.32468226752105,-5.023000000000003,376.55,13,2,2
2025-04-16 14:00:00,Hive_04,27.92,31.08,81.0,52.3,34.034,463.2,1,Critical,-3.1599999999999966,28.700000000000003,27.788749999999997,2.312697112633189,-5.076999999999998,447.0833333333333,14,2,2
2025-04-16 15:00:00,Hive_04,23.43,27.84,86.91,51.77,33.81,511.3,3,Critical,-4.41,35.13999999999999,27.52791666666667,2.4385330215317365,-5.07,454.98333333333335,15,2,2
2025-04-16 16:00:00,Hive_04,26.96,30.64,84.33,51.95,33.628,443.4,3,Critical,-3.6799999999999997,32.379999999999995,27.5675,2.4204657295292042,-5.014000000000003,467.4833333333333,16,2,2
2025-04-16 17:00:00,Hive_04,25.76,27.72,84.62,56.12,33.474,476.3,5,Critical,-1.9599999999999973,28.500000000000007,27.40875,2.408330311918111,-4.956000000000003,462.34999999999997,17,2,2
2025-04-16 18:00:00,Hive_04,32.42,23.0,76.56,59.11,33.184,418.0,3,Critical,9.420000000000002,17.450000000000003,27.630416666666665,2.6146684537791147,-4.963000000000001,461.84999999999997,18,2,2
2025-04-16 19:00:00,Hive_04,30.7,21.54,77.6,62.93,33.019,402.9,1,Critical,9.16,14.669999999999995,27.839166666666667,2.652731023691858,-4.923000000000002,452.51666666666665,19,2,2
2025-04-16 20:00:00,Hive_04,30.23,20.78,69.06,67.3,33.005,345.7,9,At Risk,9.45,1.7600000000000051,27.819999999999997,2.6328245701889412,-4.772999999999996,432.93333333333334,20,2,1
2025-04-16 21:00:00,Hive_04,31.3,16.35,67.05,70.48,33.021,353.7,0,At Risk,14.95,-3.430000000000007,27.91291666666667,2.7168659680604574,-4.503999999999998,406.6666666666667,21,2,1
2025-04-16 22:00:00,Hive_04,30.17,17.23,71.63,72.51,32.991,318.7,0,At Risk,12.940000000000001,-0.8800000000000097,28.116249999999997,2.6945497526608273,-4.384,385.88333333333327,22,2,1
2025-04-16 23:00:00,Hive_04,32.89,17.81,69.69,74.2,32.93,337.1,0,At Risk,15.080000000000002,-4.510000000000005,28.28833333333333,2.8639994332440977,-4.268999999999998,362.68333333333334,23,2,1
2025-04-17 00:00:00,Hive_04,31.94,13.64,72.53,78.53,32.919,355.5,0,At Risk,18.3,-6.0,28.390833333333333,2.9511956555099466,-4.107000000000006,352.26666666666665,0,3,1
2025-04-17 01:00:00,Hive_04,33.34,13.51,67.72,80.89,32.925,328.2,0,At Risk,19.830000000000005,-13.170000000000002,28.714583333333337,3.052735023415523,-3.794000000000004,339.81666666666666,1,3,1
2025-04-17 02:00:00,Hive_04,30.51,10.51,66.57,78.54,32.893,270.6,0,At Risk,20.0,-11.970000000000013,28.90291666666667,3.0165506923818683,-3.6409999999999982,327.3,2,3,1
2025-04-17 03:00:00,Hive_04,32.73,13.32,67.39,83.93,32.844,319.5,0,At Risk,19.409999999999997,-16.540000000000006,29.087499999999995,3.112077804436927,-3.5189999999999984,321.59999999999997,3,3,1
2025-04-17 04:00:00,Hive_04,30.99,13.21,73.05,77.92,32.839,348.0,0,At Risk,17.779999999999998,-4.8700000000000045,29.092499999999998,3.115161032895244,-3.298000000000002,326.48333333333335,4,3,1
2025-04-17 05:00:00,Hive_04,32.41,14.19,66.92,79.41,32.797,331.0,0,At Risk,18.22,-12.489999999999995,29.397916666666664,3.063559991062686,-3.1240000000000023,325.4666666666667,5,3,1
2025-04-17 06:00:00,Hive_04,29.86,14.29,65.23,70.97,32.744,337.5,10,At Risk,15.57,-5.739999999999995,29.419999999999998,3.0649590393744095,-2.9620000000000033,322.4666666666667,6,3,1
2025-04-17 07:00:00,Hive_04,31.8,17.72,66.1,70.01,32.706,316.5,20,At Risk,14.080000000000002,-3.910000000000011,29.519166666666667,3.103222612013128,-2.8559999999999945,320.51666666666665,7,3,1
2025-04-17 08:00:00,Hive_04,31.11,20.26,67.05,69.62,32.658,312.8,32,At Risk,10.849999999999998,-2.5700000000000074,29.744583333333335,3.0087914360747168,-2.6969999999999956,327.55,8,3,1
2025-04-17 09:00:00,Hive_04,32.98,18.51,67.12,60.06,32.632,341.0,35,At Risk,14.469999999999995,7.060000000000002,29.776250000000005,3.0398166599461907,-2.618000000000002,331.1333333333334,9,3,1
2025-04-17 10:00:00,Hive_04,32.55,24.32,66.79,55.9,32.56,367.1,19,At Risk,8.229999999999997,10.890000000000008,30.0525,2.9746950885031396,-2.4669999999999987,334.31666666666666,10,3,1
2025-04-17 11:00:00,Hive_04,34.93,25.82,66.6,50.92,32.488,329.1,30,At Risk,9.11,15.679999999999993,30.241666666666664,3.1370155668511064,-2.375,334.00000000000006,11,3,1
2025-04-17 12:00:00,Hive_04,33.15,25.55,73.83,55.18,32.436,337.2,33,At Risk,7.599999999999998,18.65,30.634583333333335,2.8632680920001543,-2.1629999999999967,333.95,12,3,1
2025-04-17 13:00:00,Hive_04,32.1,27.3,65.63,48.43,32.373,334.3,35,At Risk,4.800000000000001,17.199999999999996,30.924166666666665,2.626083075388162,-1.9329999999999998,336.9166666666667,13,3,1
2025-04-17 14:00:00,Hive_04,32.91,30.51,74.15,49.92,32.283,358.8,31,At Risk,2.399999999999995,24.230000000000004,31.132083333333338,2.574930947434816,-1.7509999999999977,344.5833333333333,14,3,1
2025-04-17 15:00:00,Hive_04,32.6,28.07,68.82,47.87,32.233,355.7,24,At Risk,4.530000000000001,20.949999999999996,31.514166666666664,1.9980989153097368,-1.5770000000000053,347.0333333333333,15,3,1
2025-04-17 16:00:00,Hive_04,34.48,29.38,54.78,53.81,32.252,222.8,71,Healthy,5.099999999999998,0.9699999999999989,31.8275,1.8359294530350008,-1.3759999999999977,322.98333333333335,16,3,0
2025-04-17 17:00:00,Hive_04,35.03,25.87,54.45,54.43,32.262,222.0,61,Healthy,9.16,0.020000000000003126,32.21375,1.4353542586503802,-1.2119999999999962,305.1333333333333,17,3,0
2025-04-17 18:00:00,Hive_04,34.44,25.71,57.23,55.68,32.258,197.7,52,Healthy,8.729999999999997,1.5499999999999972,32.297916666666666,1.5054855613263194,-0.9259999999999948,281.8833333333333,18,3,0
2025-04-17 19:00:00,Hive_04,34.53,20.59,55.07,60.29,32.294,223.1,31,Healthy,13.940000000000001,-5.219999999999999,32.4575,1.5315074983136794,-0.7250000000000014,263.34999999999997,19,3,0
2025-04-17 20:00:00,Hive_04,34.95,20.17,56.08,66.35,32.31,210.0,36,Healthy,14.780000000000001,-10.269999999999996,32.65416666666667,1.536078906110243,-0.6950000000000003,238.54999999999998,20,3,0
2025-04-17 21:00:00,Hive_04,34.94,16.54,54.69,69.27,32.322,196.4,0,Healthy,18.4,-14.579999999999998,32.80583333333333,1.5757480395220937,-0.6989999999999981,212.0,21,3,0
2025-04-17 22:00:00,Hive_04,34.35,16.03,53.27,73.1,32.315,211.5,3,Healthy,18.32,-19.82999999999999,32.98,1.5009764937474448,-0.6760000000000019,210.11666666666667,22,3,0
2025-04-17 23:00:00,Hive_04,34.76,16.42,54.01,72.92,32.313,193.1,2,Healthy,18.339999999999996,-18.910000000000004,33.057916666666664,1.5440206665845992,-0.6169999999999973,205.29999999999998,23,3,0
2025-04-18 00:00:00,Hive_04,34.48,14.51,55.7,77.79,32.334,217.6,0,Healthy,19.97,-22.090000000000003,33.16375,1.5510972623891397,-0.5849999999999937,208.61666666666665,0,4,0
2025-04-18 01:00:00,Hive_04,34.48,12.3,54.66,77.35,32.343,188.0,0,Healthy,22.179999999999996,-22.689999999999998,33.21125,1.5740153927206437,-0.5819999999999936,202.76666666666665,1,4,0
2025-04-18 02:00:00,Hive_04,34.37,8.86,53.99,79.74,32.38,187.1,3,Healthy,25.509999999999998,-25.749999999999993,33.37208333333333,1.480425846979711,-0.5129999999999981,198.95000000000002,2,4,0
2025-04-18 03:00:00,Hive_04,34.53,14.71,54.4,75.59,32.332,178.3,2,Healthy,19.82,-21.190000000000005,33.44708333333333,1.4920324019288593,-0.5120000000000005,195.9333333333333,3,4,0
2025-04-18 04:00:00,Hive_04,34.6,16.1,54.97,79.8,32.375,232.2,1,Healthy,18.5,-24.83,33.597500000000004,1.4134547562005315,-0.46399999999999864,199.38333333333333,4,4,0
2025-04-18 05:00:00,Hive_04,34.9,11.34,54.93,71.41,32.389,173.1,1,Healthy,23.56,-16.479999999999997,33.70125,1.4138855266988626,-0.40799999999999415,196.04999999999998,5,4,0
2025-04-18 06:00:00,Hive_04,34.38,15.56,53.44,72.92,32.383,218.1,52,Healthy,18.82,-19.480000000000004,33.889583333333334,1.1578258454558847,-0.3609999999999971,196.13333333333333,6,4,0
2025-04-18 07:00:00,Hive_04,33.61,18.85,54.22,67.08,32.376,205.2,93,Healthy,14.759999999999998,-12.86,33.964999999999996,1.0715328313661205,-0.3300000000000054,199.0,7,4,0
2025-04-18 08:00:00,Hive_04,34.67,21.04,54.06,70.47,32.393,226.7,88,Healthy,13.630000000000003,-16.409999999999997,34.11333333333333,0.8901913163528375,-0.26500000000000057,205.6,8,4,0
2025-04-18 09:00:00,Hive_04,34.07,21.21,56.24,61.62,32.434,200.6,71,Healthy,12.86,-5.3799999999999955,34.158750000000005,0.8570440225108595,-0.1980000000000004,209.3166666666667,9,4,0
2025-04-18 10:00:00,Hive_04,34.52,24.54,55.27,58.33,32.44,214.9,92,Healthy,9.980000000000004,-3.059999999999995,34.240833333333335,0.7878088306328184,-0.12000000000000455,206.4333333333333,10,4,0
2025-04-18 11:00:00,Hive_04,34.42,24.18,56.11,52.37,32.453,190.4,91,Healthy,10.240000000000002,3.740000000000002,34.21958333333333,0.7751884997500845,-0.03499999999999659,209.3166666666667,11,4,0
2025-04-18 12:00:00,Hive_04,34.6,26.43,54.53,53.77,32.468,219.7,84,Healthy,8.170000000000002,0.759999999999998,34.279999999999994,0.7440839129863507,0.03200000000000358,209.58333333333334,12,4,0
2025-04-18 13:00:00,Hive_04,34.63,28.33,54.02,50.37,32.48,216.6,79,Healthy,6.300000000000004,3.6500000000000057,34.385416666666664,0.583750834030882,0.10699999999999932,211.48333333333335,13,4,0
2025-04-18 14:00:00,Hive_04,34.15,26.01,55.89,47.42,32.462,195.5,90,Healthy,8.139999999999997,8.469999999999999,34.437083333333334,0.4957250216615225,0.17900000000000205,206.28333333333333,14,4,0
2025-04-18 15:00:00,Hive_04,34.56,28.35,55.16,49.74,32.468,196.8,100,Healthy,6.210000000000001,5.419999999999995,34.518750000000004,0.3044783493407394,0.23500000000000654,205.64999999999998,15,4,0
2025-04-18 16:00:00,Hive_04,34.35,28.14,54.87,56.97,32.451,187.9,89,Healthy,6.210000000000001,-2.1000000000000014,34.513333333333335,0.30634829094053845,0.19899999999999807,201.15,16,4,0
2025-04-18 17:00:00,Hive_04,34.13,24.87,53.42,58.23,32.454,199.0,69,Healthy,9.260000000000002,-4.809999999999995,34.475833333333334,0.2952363337285786,0.19200000000000017,202.58333333333334,17,4,0
2025-04-18 18:00:00,Hive_04,34.46,24.68,54.52,56.67,32.446,186.7,60,Healthy,9.780000000000001,-2.1499999999999986,34.47666666666667,0.2951590089758055,0.18799999999999528,197.08333333333334,18,4,0
2025-04-18 19:00:00,Hive_04,34.4,19.33,53.84,64.35,32.471,222.3,50,Healthy,15.07,-10.509999999999991,34.471250000000005,0.2953305075597873,0.1769999999999996,198.03333333333333,19,4,0
2025-04-18 20:00:00,Hive_04,33.99,20.75,54.22,67.17,32.462,218.4,26,Healthy,13.240000000000002,-12.950000000000003,34.43125,0.2926685690405042,0.15200000000000102,201.85,20,4,0
2025-04-18 21:00:00,Hive_04,34.24,19.2,54.12,69.95,32.498,188.4,2,Healthy,15.040000000000003,-15.830000000000005,34.40208333333334,0.274051394206515,0.17599999999999483,200.45000000000002,21,4,0
2025-04-18 22:00:00,Hive_04,34.49,14.83,53.83,71.87,32.489,204.3,1,Healthy,19.660000000000004,-18.040000000000006,34.40791666666667,0.2743843569924987,0.1739999999999995,203.1833333333333,22,4,0
2025-04-18 23:00:00,Hive_04,34.48,13.13,56.42,73.73,32.529,189.1,4,Healthy,21.349999999999994,-17.310000000000002,34.39625,0.2645391809557472,0.21600000000000108,201.53333333333333,23,4,0
2025-04-19 00:00:00,Hive_04,34.28,11.56,53.69,80.16,32.524,199.2,2,Healthy,22.72,-26.47,34.38791666666667,0.26493607377681433,0.18999999999999773,203.61666666666667,0,5,0
2025-04-19 01:00:00,Hive_04,34.2,13.28,53.63,77.6,32.532,196.8,1,Healthy,20.92,-23.96999999999999,34.37625,0.26686281282605256,0.18899999999999295,199.36666666666667,1,5,0
2025-04-19 02:00:00,Hive_04,34.35,12.4,54.35,84.53,32.553,191.6,2,Healthy,21.950000000000003,-30.18,34.375416666666666,0.2669144003258663,0.1729999999999947,194.9,2,5,0
2025-04-19 03:00:00,Hive_04,34.6,11.19,54.07,83.15,32.552,192.3,3,Healthy,23.410000000000004,-29.080000000000005,34.37833333333334,0.26905093532074753,0.21999999999999886,195.54999999999998,3,5,0
2025-04-19 04:00:00,Hive_04,34.33,11.17,54.98,76.65,32.556,177.6,1,Healthy,23.159999999999997,-21.67000000000001,34.36708333333333,0.26499350552585604,0.18099999999999739,191.10000000000002,4,5,0
2025-04-19 05:00:00,Hive_04,34.71,14.19,56.38,74.35,32.565,203.5,0,Healthy,20.520000000000003,-17.96999999999999,34.35916666666667,0.25084061571567906,0.17599999999999483,193.5,5,5,0
2025-04-19 06:00:00,Hive_04,34.37,15.37,53.89,74.51,32.62,227.3,54,Healthy,19.0,-20.620000000000005,34.35875,0.25081280911719533,0.23699999999999477,198.1833333333333,6,5,0
2025-04-19 07:00:00,Hive_04,34.26,19.64,54.3,64.43,32.625,192.7,34,Healthy,14.619999999999997,-10.13000000000001,34.38583333333333,0.1954241021727183,0.24900000000000233,197.5,7,5,0
2025-04-19 08:00:00,Hive_04,34.98,20.58,53.82,66.09,32.618,159.8,67,Healthy,14.399999999999999,-12.270000000000003,34.39875,0.22328208908064284,0.22500000000000142,192.20000000000002,8,5,0
2025-04-19 09:00:00,Hive_04,35.14,23.42,54.62,59.89,32.631,179.6,81,Healthy,11.719999999999999,-5.270000000000003,34.443333333333335,0.2587875856617224,0.19700000000000273,190.08333333333334,9,5,0
2025-04-19 10:00:00,Hive_04,34.72,21.03,57.04,58.89,32.621,202.4,90,Healthy,13.689999999999998,-1.8500000000000014,34.45166666666667,0.2645203479746379,0.1810000000000045,194.21666666666667,10,5,0
2025-04-19 11:00:00,Hive_04,33.78,26.32,55.52,52.66,32.627,191.5,96,Healthy,7.460000000000001,2.8600000000000065,34.425000000000004,0.2979932885148075,0.1739999999999995,192.21666666666667,11,5,0
2025-04-19 12:00:00,Hive_04,33.92,26.86,53.31,49.37,32.685,210.8,91,Healthy,7.060000000000002,3.940000000000005,34.39666666666667,0.3126001288860561,0.21699999999999875,189.46666666666667,12,5,0
2025-04-19 13:00:00,Hive_04,34.85,27.45,54.26,50.02,32.707,194.8,108,Healthy,7.400000000000002,4.239999999999995,34.405833333333334,0.32279912540492994,0.22700000000000387,189.8166666666667,13,5,0
2025-04-19 14:00:00,Hive_04,34.32,29.11,56.59,52.49,32.711,201.7,100,Healthy,5.210000000000001,4.100000000000001,34.41291666666667,0.3187813639014731,0.24899999999999523,196.79999999999998,14,5,0
2025-04-19 15:00:00,Hive_04,34.63,26.16,55.78,50.92,32.712,231.3,65,Healthy,8.470000000000002,4.859999999999999,34.41583333333333,0.3205011926539785,0.24399999999999977,205.41666666666666,15,5,0
2025-04-19 16:00:00,Hive_04,35.07,29.12,52.62,54.44,32.704,222.4,51,Healthy,5.949999999999999,-1.8200000000000003,34.44583333333333,0.34669767141154617,0.2530000000000001,208.75,16,5,0
2025-04-19 17:00:00,Hive_04,34.56,23.25,57.39,53.42,32.711,190.9,63,Healthy,11.310000000000002,3.969999999999999,34.46375,0.3407257280262242,0.2569999999999979,208.65,17,5,0
2025-04-19 18:00:00,Hive_04,34.45,24.7,52.07,58.38,32.702,221.3,51,Healthy,9.750000000000004,-6.310000000000002,34.46333333333333,0.34073662743419936,0.2560000000000002,210.4,18,5,0
2025-04-19 19:00:00,Hive_04,34.16,21.59,54.66,63.35,32.715,193.4,40,Healthy,12.569999999999997,-8.690000000000005,34.45333333333333,0.3461548618836186,0.24400000000000688,210.16666666666666,19,5,0
2025-04-19 20:00:00,Hive_04,34.55,19.72,53.01,62.2,32.728,220.6,27,Healthy,14.829999999999998,-9.190000000000005,34.47666666666667,0.33215589146025165,0.26599999999999824,213.3166666666667,20,5,0
2025-04-19 21:00:00,Hive_04,34.25,16.17,55.89,68.63,32.735,225.6,3,Healthy,18.08,-12.739999999999995,34.47708333333333,0.33185223488319604,0.23700000000000188,212.36666666666667,21,5,0
2025-04-19 22:00:00,Hive_04,34.38,15.77,55.05,73.93,32.738,211.5,3,Healthy,18.610000000000003,-18.88000000000001,34.4725,0.332425212249313,0.24900000000000233,210.54999999999998,22,5,0
2025-04-19 23:00:00,Hive_04,34.78,15.54,55.83,77.45,32.725,225.5,3,Healthy,19.240000000000002,-21.620000000000005,34.48500000000001,0.3383078094175688,0.19599999999999795,216.31666666666663,23,5,0
2025-04-20 00:00:00,Hive_04,34.68,12.72,55.83,77.25,32.731,181.2,2,Healthy,21.96,-21.42,34.501666666666665,0.33762169035323003,0.20700000000000074,209.63333333333333,0,6,0
2025-04-20 01:00:00,Hive_04,34.6,13.1,54.59,80.94,32.761,201.0,1,Healthy,21.5,-26.349999999999994,34.51833333333334,0.3319070936880546,0.2290000000000063,210.9,1,6,0
2025-04-20 02:00:00,Hive_04,34.45,11.73,56.03,76.51,32.778,222.8,1,Healthy,22.720000000000002,-20.480000000000004,34.5225,0.3303259260051742,0.22500000000000142,211.26666666666665,2,6,0
2025-04-20 03:00:00,Hive_04,35.2,13.0,55.22,81.07,32.767,212.7,3,Healthy,22.200000000000003,-25.849999999999994,34.5475,0.3579925916161481,0.2150000000000034,209.11666666666667,3,6,0
2025-04-20 04:00:00,Hive_04,34.87,12.59,56.53,79.67,32.78,189.5,1,Healthy,22.279999999999998,-23.14,34.57,0.3606877488545818,0.22400000000000375,205.45000000000002,4,6,0
2025-04-20 05:00:00,Hive_04,34.6,15.03,54.43,77.42,32.801,212.9,2,Healthy,19.57,-22.990000000000002,34.56541666666667,0.3595284250315541,0.2360000000000042,203.35000000000002,5,6,0
2025-04-20 06:00:00,Hive_04,34.78,14.75,52.93,72.14,32.769,222.6,55,Healthy,20.03,-19.21,34.5825,0.3595800690900844,0.1490000000000009,210.25,6,6,0
2025-04-20 07:00:00,Hive_04,34.72,18.84,55.41,66.73,32.747,221.4,61,Healthy,15.879999999999999,-11.320000000000007,34.60166666666667,0.3538565991379801,0.12199999999999989,213.65,7,6,0
2025-04-20 08:00:00,Hive_04,33.9,19.41,55.89,64.24,32.762,197.1,82,Healthy,14.489999999999998,-8.349999999999994,34.556666666666665,0.3718656450532736,0.14399999999999835,209.36666666666667,8,6,0
2025-04-20 09:00:00,Hive_04,34.24,19.99,54.58,59.92,32.774,206.5,74,Healthy,14.250000000000004,-5.340000000000003,34.51916666666667,0.35550229824551416,0.14300000000000068,208.33333333333334,9,6,0
2025-04-20 10:00:00,Hive_04,35.22,22.68,55.21,60.87,32.769,222.1,70,Healthy,12.54,-5.659999999999997,34.54,0.38148451447271203,0.14799999999999613,213.76666666666665,10,6,0
2025-04-20 11:00:00,Hive_04,34.15,25.15,54.58,53.0,32.761,200.2,88,Healthy,9.0,1.5799999999999983,34.555416666666666,0.35606520124284063,0.13400000000000034,211.64999999999998,11,6,0
2025-04-20 12:00:00,Hive_04,34.43,26.0,56.21,51.27,32.768,212.4,95,Healthy,8.43,4.939999999999998,34.57666666666667,0.3308180462278598,0.08299999999999841,209.95000000000002,12,6,0
2025-04-20 13:00:00,Hive_04,34.16,28.58,54.29,53.29,32.814,196.1,60,Healthy,5.579999999999998,1.0,34.54791666666667,0.33597333184349265,0.10699999999999932,205.73333333333332,13,6,0
2025-04-20 14:00:00,Hive_04,33.71,27.7,57.0,50.27,32.809,204.9,82,Healthy,6.010000000000002,6.729999999999997,34.5225,0.3747955964660022,0.09799999999999898,207.03333333333333,14,6,0
2025-04-20 15:00:00,Hive_04,34.22,25.79,56.63,48.37,32.816,192.2,68,Healthy,8.43,8.260000000000005,34.50541666666667,0.37900303046455996,0.1039999999999992,204.65,15,6,0
2025-04-20 16:00:00,Hive_04,34.86,28.72,55.74,54.94,32.832,181.8,67,Healthy,6.140000000000001,0.8000000000000043,34.49666666666666,0.3676561090103417,0.1280000000000001,197.9333333333333,16,6,0
2025-04-20 17:00:00,Hive_04,34.82,24.63,53.96,50.74,32.866,213.2,65,Healthy,10.190000000000001,3.219999999999999,34.5075,0.3733892944599007,0.15500000000000114,200.1,17,6,0
2025-04-20 18:00:00,Hive_04,35.06,24.92,55.06,56.27,32.882,190.3,40,Healthy,10.14,-1.2100000000000009,34.532916666666665,0.38970980470592526,0.17999999999999972,196.41666666666666,18,6,0
2025-04-20 19:00:00,Hive_04,34.26,22.79,52.84,61.55,32.867,217.9,33,Healthy,11.469999999999999,-8.709999999999994,34.537083333333335,0.3860668917783663,0.15199999999999392,200.04999999999998,19,6,0
2025-04-20 20:00:00,Hive_04,34.16,19.49,53.91,67.9,32.861,224.3,49,Healthy,14.669999999999998,-13.990000000000009,34.520833333333336,0.3936332067409292,0.13299999999999557,203.28333333333333,20,6,0
2025-04-20 21:00:00,Hive_04,34.33,19.06,57.92,70.45,32.877,212.8,1,Healthy,15.27,-12.530000000000001,34.524166666666666,0.3915733777273418,0.142000000000003,206.71666666666667,21,6,0
2025-04-20 22:00:00,Hive_04,34.66,15.6,57.18,75.83,32.892,187.3,1,Healthy,19.059999999999995,-18.65,34.535833333333336,0.3912623568450339,0.15400000000000347,207.63333333333333,22,6,0
2025-04-20 23:00:00,Hive_04,34.17,14.5,56.8,74.35,32.891,202.1,2,Healthy,19.67,-17.549999999999997,34.510416666666664,0.39451102554330886,0.16599999999999682,205.7833333333333,23,6,0
2025-04-21 00:00:00,Hive_04,34.16,12.19,55.39,80.89,32.906,199.2,0,Healthy,21.97,-25.5,34.48875,0.3990457367268439,0.17499999999999716,207.26666666666665,0,0,0
2025-04-21 01:00:00,Hive_04,34.3,13.58,56.06,80.98,32.923,180.8,1,Healthy,20.72,-24.92,34.47625,0.4001066433925151,0.16199999999999903,201.08333333333334,1,0,0
2025-04-21 02:00:00,Hive_04,34.33,13.71,53.71,80.62,32.923,193.3,1,Healthy,20.619999999999997,-26.910000000000004,34.471250000000005,0.40119725713207866,0.14500000000000313,195.91666666666666,2,0,0
2025-04-21 03:00:00,Hive_04,34.79,9.66,53.09,81.77,32.936,186.5,1,Healthy,25.13,-28.679999999999993,34.454166666666666,0.37680483550219757,0.16899999999999693,191.53333333333333,3,0,0
2025-04-21 04:00:00,Hive_04,35.1,12.55,54.34,77.13,32.93,188.6,3,Healthy,22.55,-22.789999999999992,34.46375,0.39051596304270647,0.14999999999999858,191.75,4,0,0
2025-04-21 05:00:00,Hive_04,34.93,11.86,55.37,74.08,32.943,232.0,2,Healthy,23.07,-18.71,34.4775,0.4011857425181872,0.1419999999999959,196.73333333333335,5,0,0
2025-04-21 06:00:00,Hive_04,34.16,14.94,56.88,71.94,32.965,216.9,62,Healthy,19.22,-15.059999999999995,34.45166666666667,0.4008216199437852,0.19600000000000506,199.6833333333333,6,0,0
2025-04-21 07:00:00,Hive_04,34.48,17.31,53.69,66.99,32.978,217.0,58,Healthy,17.169999999999998,-13.299999999999997,34.44166666666666,0.3968097415819822,0.23100000000000165,205.71666666666667,7,0,0
2025-04-21 08:00:00,Hive_04,34.74,20.22,54.0,64.81,32.944,207.1,79,Healthy,14.520000000000003,-10.810000000000002,34.47666666666667,0.3837873807501465,0.18200000000000216,208.01666666666668,8,0,0
2025-04-21 09:00:00,Hive_04,34.16,22.74,55.74,59.84,32.957,198.1,96,Healthy,11.419999999999998,-4.100000000000001,34.473333333333336,0.38627166230687787,0.18299999999999983,209.95000000000002,9,0,0
2025-04-21 10:00:00,Hive_04,34.51,22.58,52.25,61.05,32.963,214.4,80,Healthy,11.93,-8.799999999999997,34.44375,0.35229449760583215,0.19400000000000261,214.25,10,0,0
2025-04-21 11:00:00,Hive_04,34.24,23.44,55.74,54.06,32.989,184.2,81,Healthy,10.8,1.6799999999999997,34.4475,0.3494996423458365,0.22799999999999443,206.2833333333333,11,0,0
2025-04-21 12:00:00,Hive_04,34.18,28.06,53.23,50.29,33.006,204.6,83,Healthy,6.120000000000001,2.9399999999999977,34.437083333333334,0.35374369457156746,0.23799999999999955,204.23333333333335,12,0,0
2025-04-21 13:00:00,Hive_04,34.21,27.74,52.07,53.57,33.025,198.3,81,Healthy,6.470000000000002,-1.5,34.439166666666665,0.35218469298207955,0.21099999999999852,201.11666666666667,13,0,0
2025-04-21 14:00:00,Hive_04,33.84,28.98,54.02,51.68,33.081,208.8,91,Healthy,4.860000000000003,2.3400000000000034,34.444583333333334,0.3413143287562947,0.27200000000000557,201.4,14,0,0
2025-04-21 15:00:00,Hive_04,34.74,29.49,56.08,50.55,33.102,195.2,80,Healthy,5.2500000000000036,5.530000000000001,34.466249999999995,0.3429388651308852,0.28599999999999426,200.91666666666666,15,0,0
2025-04-21 16:00:00,Hive_04,34.15,26.05,53.81,52.04,33.107,185.8,64,Healthy,8.099999999999998,1.7700000000000031,34.43666666666667,0.3380849734537596,0.2749999999999986,196.15,16,0,0
2025-04-21 17:00:00,Hive_04,34.78,25.41,54.3,55.2,33.143,214.1,65,Healthy,9.370000000000001,-0.9000000000000057,34.435,0.3362064583088234,0.277000000000001,201.13333333333333,17,0,0
2025-04-21 18:00:00,Hive_04,34.86,24.23,56.84,58.14,33.18,200.6,55,Healthy,10.629999999999999,-1.2999999999999972,34.42666666666667,0.3222295518071512,0.2980000000000018,200.4666666666667,18,0,0
2025-04-21 19:00:00,Hive_04,34.4,24.09,55.02,59.87,33.208,213.7,37,Healthy,10.309999999999999,-4.849999999999994,34.4325,0.3203428869465623,0.3410000000000011,203.03333333333333,19,0,0
2025-04-21 20:00:00,Hive_04,34.22,17.74,52.77,65.49,33.193,204.9,43,Healthy,16.48,-12.719999999999992,34.435,0.3183517332869781,0.33200000000000074,202.38333333333333,20,0,0
2025-04-21 21:00:00,Hive_04,34.85,17.99,52.68,69.31,33.213,199.8,2,Healthy,16.860000000000003,-16.630000000000003,34.45666666666666,0.3284306116465611,0.3359999999999985,203.15,21,0,0
2025-04-21 22:00:00,Hive_04,34.54,15.27,57.47,70.86,33.24,192.4,0,Healthy,19.27,-13.39,34.45166666666667,0.32610569994420424,0.347999999999999,204.25,22,0,0
2025-04-21 23:00:00,Hive_04,34.21,11.82,54.51,78.24,33.277,175.8,3,Healthy,22.39,-23.729999999999997,34.45333333333333,0.3247027626273584,0.3860000000000028,197.86666666666667,23,0,0
2025-04-22 00:00:00,Hive_04,34.43,12.69,53.92,75.69,33.296,190.3,0,Healthy,21.740000000000002,-21.769999999999996,34.46458333333333,0.31871998295698345,0.39000000000000057,196.15,0,1,0
2025-04-22 01:00:00,Hive_04,34.56,11.94,53.22,76.78,33.296,202.7,1,Healthy,22.620000000000005,-23.560000000000002,34.47541666666667,0.31729809282441845,0.37299999999999756,194.3166666666667,1,1,0
2025-04-22 02:00:00,Hive_04,34.15,12.38,54.9,81.36,33.239,203.7,1,Healthy,21.769999999999996,-26.46,34.46791666666667,0.32296155601949694,0.3159999999999954,194.11666666666667,2,1,0
2025-04-22 03:00:00,Hive_04,34.85,10.8,54.29,80.12,33.23,202.5,0,Healthy,24.05,-25.830000000000005,34.470416666666665,0.3257830588737597,0.29399999999999693,194.5666666666667,3,1,0
2025-04-22 04:00:00,Hive_04,34.52,12.08,52.18,80.44,33.204,202.4,2,Healthy,22.440000000000005,-28.259999999999998,34.44625,0.2973186330607021,0.2740000000000009,196.23333333333332,4,1,0
2025-04-22 05:00:00,Hive_04,34.9,11.92,57.83,76.51,33.221,207.6,0,Healthy,22.979999999999997,-18.680000000000007,34.445,0.29525228710942303,0.2779999999999987,201.53333333333333,5,1,0
2025-04-22 06:00:00,Hive_04,34.22,19.15,54.62,71.35,33.261,233.1,51,Healthy,15.07,-16.729999999999997,34.4475,0.29297944726824454,0.2959999999999994,208.66666666666666,6,1,0
2025-04-22 07:00:00,Hive_04,34.19,19.43,57.22,68.97,33.259,223.0,73,Healthy,14.759999999999998,-11.75,34.43541666666667,0.29752572656978926,0.2809999999999988,212.04999999999998,7,1,0
2025-04-22 08:00:00,Hive_04,35.17,20.92,54.74,68.66,33.253,172.0,92,Healthy,14.25,-13.919999999999995,34.45333333333333,0.3280464795627146,0.3089999999999975,206.76666666666665,8,1,0
2025-04-22 09:00:00,Hive_04,34.28,21.41,57.31,63.39,33.249,182.1,76,Healthy,12.870000000000001,-6.079999999999998,34.458333333333336,0.32427399400549106,0.2920000000000016,203.36666666666665,9,1,0
2025-04-22 10:00:00,Hive_04,34.48,23.2,55.94,58.69,33.253,190.0,78,Healthy,11.279999999999998,-2.75,34.45708333333333,0.3241239586633138,0.28999999999999915,201.29999999999998,10,1,0
2025-04-22 11:00:00,Hive_04,33.9,28.72,54.22,54.84,33.265,227.7,98,Healthy,5.18,-0.6200000000000045,34.44291666666667,0.3410148430615188,0.27600000000000335,204.65,11,1,0
2025-04-22 12:00:00,Hive_04,34.49,25.55,56.87,56.85,33.252,164.0,75,Healthy,8.940000000000001,0.01999999999999602,34.45583333333334,0.3364639223072217,0.24600000000000222,193.13333333333333,12,1,0
2025-04-22 13:00:00,Hive_04,34.56,22.85,53.61,54.74,33.271,202.8,94,Healthy,11.71,-1.1300000000000026,34.470416666666665,0.3329117805411169,0.24600000000000222,189.76666666666665,13,1,0
2025-04-22 14:00:00,Hive_04,34.24,29.81,56.24,49.42,33.297,201.5,106,Healthy,4.430000000000003,6.82,34.48708333333334,0.3091429831936035,0.21599999999999397,194.6833333333333,14,1,0
2025-04-22 15:00:00,Hive_04,34.63,27.07,53.99,48.71,33.317,187.5,74,Healthy,7.560000000000002,5.280000000000001,34.4825,0.306029978639277,0.2150000000000034,195.58333333333334,15,1,0
2025-04-01 00:00:00,Hive_05,34.15,15.91,54.01,75.72,36.775,207.8,2,Healthy,18.24,-21.71,34.15,0.0,0.0,207.8,0,1,0
2025-04-01 01:00:00,Hive_05,34.85,13.16,56.2,77.79,36.777,194.4,1,Healthy,21.69,-21.590000000000003,34.5,0.4949747468305853,0.0,201.10000000000002,1,1,0
2025-04-01 02:00:00,Hive_05,34.75,10.06,53.61,81.33,36.762,186.0,2,Healthy,24.689999999999998,-27.72,34.583333333333336,0.37859388972001917,0.0,196.0666666666667,2,1,0
2025-04-01 03:00:00,Hive_05,34.82,10.2,55.64,81.74,36.788,200.9,2,Healthy,24.62,-26.099999999999994,34.6425,0.33099597177810763,0.0,197.275,3,1,0
2025-04-01 04:00:00,Hive_05,34.35,11.12,54.81,80.77,36.848,196.7,2,Healthy,23.230000000000004,-25.959999999999994,34.584,0.31508728949292736,0.0,197.16,4,1,0
2025-04-01 05:00:00,Hive_05,34.2,15.11,58.05,72.94,36.869,199.7,1,Healthy,19.090000000000003,-14.89,34.52,0.3224903099319403,0.0,197.58333333333334,5,1,0
2025-04-01 06:00:00,Hive_05,34.57,16.48,56.6,73.33,36.862,185.0,60,Healthy,18.09,-16.729999999999997,34.527142857142856,0.29499798223684287,0.0,193.78333333333333,6,1,0
2025-04-01 07:00:00,Hive_05,34.89,21.1,54.89,70.57,36.877,203.8,59,Healthy,13.79,-15.679999999999993,34.5725,0.30174492539229136,0.0,195.35,7,1,0
2025-04-01 08:00:00,Hive_05,34.38,22.12,52.53,67.23,36.886,182.7,70,Healthy,12.260000000000002,-14.700000000000003,34.55111111111111,0.28945830634326336,0.0,194.79999999999998,8,1,0
2025-04-01 09:00:00,Hive_05,34.71,20.46,55.99,63.63,36.918,205.9,83,Healthy,14.25,-7.640000000000001,34.567,0.27749074058625917,0.0,195.63333333333333,9,1,0
2025-04-01 10:00:00,Hive_05,34.68,26.15,53.42,57.23,36.929,233.9,92,Healthy,8.530000000000001,-3.809999999999995,34.57727272727273,0.26544645068604267,0.0,201.83333333333334,10,1,0
2025-04-01 11:00:00,Hive_05,34.49,25.53,55.35,54.92,36.931,207.4,93,Healthy,8.96,0.4299999999999997,34.57,0.25434407618599775,0.0,203.11666666666667,11,1,0
2025-04-01 12:00:00,Hive_05,34.6,26.94,54.21,52.29,36.951,211.7,104,Healthy,7.66,1.9200000000000017,34.57230769230769,0.24365802012088653,0.0,207.5666666666667,12,1,0
2025-04-01 13:00:00,Hive_05,34.47,28.2,53.29,49.4,36.975,169.1,98,Healthy,6.27,3.8900000000000006,34.565000000000005,0.23569047498785284,0.0,201.78333333333333,13,1,0
2025-04-01 14:00:00,Hive_05,34.88,29.72,56.54,44.14,36.98,182.1,76,Healthy,5.160000000000004,12.399999999999999,34.586,0.24124083994453024,0.0,201.6833333333333,14,1,0
2025-04-01 15:00:00,Hive_05,34.37,26.59,56.36,53.14,36.987,200.8,62,Healthy,7.779999999999998,3.219999999999999,34.5725,0.2392348915466412,0.0,200.83333333333334,15,1,0
2025-04-01 16:00:00,Hive_05,34.45,25.21,55.45,54.6,37.033,198.1,68,Healthy,9.240000000000002,0.8500000000000014,34.565294117647056,0.23353580151281983,0.0,194.86666666666665,16,1,0
2025-04-01 17:00:00,Hive_05,34.6,27.47,56.5,54.42,37.043,211.8,59,Healthy,7.130000000000003,2.0799999999999983,34.56722222222223,0.22671063587379517,0.0,195.6,17,1,0
2025-04-01 18:00:00,Hive_05,34.43,25.47,55.11,58.34,37.004,217.9,37,Healthy,8.96,-3.230000000000004,34.56,0.22256085310164786,0.0,196.63333333333333,18,1,0
2025-04-01 19:00:00,Hive_05,33.96,20.47,55.7,60.24,37.022,192.7,32,Healthy,13.490000000000002,-4.539999999999999,34.53,0.2548064280772243,0.0,200.5666666666667,19,1,0
2025-04-01 20:00:00,Hive_05,34.02,18.96,54.39,66.23,37.001,211.5,26,Healthy,15.060000000000002,-11.840000000000003,34.505714285714284,0.272150168630692,0.0,205.46666666666667,20,1,0
2025-04-01 21:00:00,Hive_05,34.88,18.75,53.47,71.38,37.017,216.8,2,Healthy,16.130000000000003,-17.909999999999997,34.52272727272727,0.2773202003217462,0.0,208.13333333333333,21,1,0
2025-04-01 22:00:00,Hive_05,34.7,17.19,53.81,68.93,37.041,209.6,2,Healthy,17.51,-15.120000000000005,34.5304347826087,0.27345397254165865,0.0,210.04999999999998,22,1,0
2025-04-01 23:00:00,Hive_05,34.65,14.18,55.48,78.24,37.032,205.9,3,Healthy,20.47,-22.759999999999998,34.53541666666667,0.26855457168146385,0.0,209.06666666666663,23,1,0
2025-04-02 00:00:00,Hive_05,34.76,10.99,57.59,79.45,37.056,200.2,2,Healthy,23.769999999999996,-21.86,34.560833333333335,0.25919468369928256,0.2809999999999988,206.11666666666667,0,2,0
2025-04-02 01:00:00,Hive_05,34.04,11.87,54.27,81.93,37.075,217.6,1,Healthy,22.17,-27.660000000000004,34.52708333333333,0.27230863510660647,0.2980000000000018,210.26666666666665,1,2,0
2025-04-02 02:00:00,Hive_05,34.39,10.83,54.52,79.58,37.077,193.5,0,Healthy,23.560000000000002,-25.059999999999995,34.51208333333333,0.2693951222350874,0.3149999999999977,207.26666666666665,2,2,0
2025-04-02 03:00:00,Hive_05,34.95,12.72,56.29,80.84,37.103,204.4,0,Healthy,22.230000000000004,-24.550000000000004,34.5175,0.27705359707495897,0.31500000000000483,205.20000000000002,3,2,0
2025-04-02 04:00:00,Hive_05,34.81,13.49,55.85,78.22,37.11,229.4,2,Healthy,21.32,-22.369999999999997,34.53666666666667,0.28084757844574776,0.26200000000000045,208.5,4,2,0
2025-04-02 05:00:00,Hive_05,34.52,14.85,55.02,76.52,37.077,186.3,1,Healthy,19.67,-21.499999999999993,34.550000000000004,0.2716135361933903,0.2079999999999984,205.23333333333335,5,2,0
2025-04-02 06:00:00,Hive_05,34.34,16.68,54.03,69.2,37.089,206.8,43,Healthy,17.660000000000004,-15.170000000000002,34.540416666666665,0.27491467714573703,0.22699999999999676,206.33333333333334,6,2,0
2025-04-02 07:00:00,Hive_05,34.38,17.07,54.92,67.52,37.125,184.8,77,Healthy,17.310000000000002,-12.599999999999994,34.51916666666667,0.2662936702976242,0.24799999999999756,200.86666666666667,7,2,0
2025-04-02 08:00:00,Hive_05,34.36,18.15,53.63,66.91,37.162,201.2,70,Healthy,16.21,-13.279999999999994,34.51833333333334,0.26677896186310074,0.27599999999999625,202.15,8,2,0
2025-04-02 09:00:00,Hive_05,34.45,21.65,50.16,59.95,37.135,205.9,90,Healthy,12.800000000000004,-9.790000000000006,34.5075,0.2639211015172663,0.21699999999999875,202.4,9,2,0
2025-04-02 10:00:00,Hive_05,34.56,26.05,51.71,55.59,37.138,212.4,84,Healthy,8.510000000000002,-3.8800000000000026,34.502500000000005,0.2616378180349455,0.20899999999999608,199.5666666666667,10,2,0
2025-04-02 11:00:00,Hive_05,34.88,25.16,54.63,54.37,37.149,222.8,86,Healthy,9.720000000000002,0.2600000000000051,34.518750000000004,0.2727048492099265,0.21800000000000352,205.65,11,2,0
2025-04-02 12:00:00,Hive_05,34.8,24.47,51.68,54.75,37.157,199.7,103,Healthy,10.329999999999998,-3.0700000000000003,34.52708333333333,0.27829416976921384,0.20599999999999596,204.4666666666667,12,2,0
2025-04-02 13:00:00,Hive_05,34.56,27.71,54.3,50.84,37.192,188.1,83,Healthy,6.850000000000001,3.4599999999999937,34.53083333333334,0.2780978349378167,0.21699999999999875,205.01666666666665,13,2,0
2025-04-02 14:00:00,Hive_05,35.03,27.99,55.0,47.32,37.219,185.6,91,Healthy,7.040000000000003,7.68,34.537083333333335,0.28780245590193965,0.23900000000000432,202.41666666666666,14,2,0
2025-04-02 15:00:00,Hive_05,35.07,28.92,54.16,52.39,37.225,187.3,77,Healthy,6.149999999999999,1.769999999999996,34.566250000000004,0.30508462831611455,0.23799999999999955,199.3166666666667,15,2,0
2025-04-02 16:00:00,Hive_05,34.99,27.92,55.74,53.23,37.235,183.6,78,Healthy,7.07,2.510000000000005,34.58875,0.3158606255654663,0.20199999999999818,194.51666666666665,16,2,0
2025-04-02 17:00:00,Hive_05,34.37,25.42,56.8,56.17,37.253,214.9,64,Healthy,8.949999999999996,0.6299999999999955,34.579166666666666,0.3189782146938479,0.21000000000000085,193.20000000000002,17,2,0
2025-04-02 18:00:00,Hive_05,34.12,22.61,55.28,56.77,37.234,204.4,13,Healthy,11.509999999999998,-1.490000000000002,34.566250000000004,0.3313190042975124,0.23000000000000398,193.98333333333335,18,2,0
2025-04-02 19:00:00,Hive_05,34.21,23.29,57.06,58.91,37.25,212.7,29,Healthy,10.920000000000002,-1.8499999999999943,34.57666666666667,0.31495571347298124,0.22800000000000153,198.08333333333334,19,2,0
2025-04-02 20:00:00,Hive_05,34.54,21.44,57.24,64.73,37.237,213.7,33,Healthy,13.099999999999998,-7.490000000000002,34.598333333333336,0.2920492315059017,0.2360000000000042,202.76666666666668,20,2,0
2025-04-02 21:00:00,Hive_05,34.43,17.61,53.77,66.69,37.271,201.4,1,Healthy,16.82,-12.919999999999995,34.57958333333334,0.2875908804060952,0.2539999999999978,205.11666666666667,21,2,0
2025-04-02 22:00:00,Hive_05,34.87,13.84,55.17,71.57,37.277,225.5,1,Healthy,21.029999999999998,-16.39999999999999,34.586666666666666,0.29273324652862315,0.2360000000000042,212.1,22,2,0
2025-04-02 23:00:00,Hive_05,34.63,13.13,54.12,76.41,37.271,221.7,1,Healthy,21.5,-22.29,34.58583333333333,0.29257353838363115,0.23900000000000432,213.23333333333332,23,2,0
2025-04-03 00:00:00,Hive_05,34.77,10.89,54.71,78.38,37.292,184.3,2,Healthy,23.880000000000003,-23.669999999999995,34.58625,0.2928393609205347,0.2360000000000042,209.88333333333333,0,3,0
2025-04-03 01:00:00,Hive_05,34.73,10.84,55.15,80.1,37.277,182.1,3,Healthy,23.889999999999997,-24.949999999999996,34.615,0.2698469775712656,0.20199999999999818,204.78333333333333,1,3,0
2025-04-03 02:00:00,Hive_05,34.54,10.85,53.49,81.53,37.276,225.5,5,Healthy,23.689999999999998,-28.04,34.62125,0.2661204777833744,0.19900000000000517,206.75,2,3,0
2025-04-03 03:00:00,Hive_05,34.01,11.8,52.53,78.72,37.269,193.3,1,Healthy,22.209999999999997,-26.189999999999998,34.58208333333334,0.28419190036291275,0.16599999999999682,205.39999999999998,3,3,0
2025-04-03 04:00:00,Hive_05,34.71,14.11,54.08,78.43,37.278,194.5,0,Healthy,20.6,-24.35000000000001,34.57791666666667,0.2814246237282363,0.16799999999999926,200.23333333333332,4,3,0
2025-04-03 05:00:00,Hive_05,33.76,11.38,53.3,74.27,37.299,202.7,2,Healthy,22.379999999999995,-20.97,34.54625,0.32725222954035066,0.2220000000000013,197.0666666666667,5,3,0
2025-04-03 06:00:00,Hive_05,34.7,17.77,53.79,71.04,37.314,202.3,52,Healthy,16.930000000000003,-17.250000000000007,34.561249999999994,0.32563399699662815,0.22500000000000142,200.0666666666667,6,3,0
2025-04-03 07:00:00,Hive_05,34.62,17.35,52.85,69.52,37.341,181.5,51,Healthy,17.269999999999996,-16.669999999999995,34.57125,0.3235040823611781,0.21600000000000108,199.96666666666667,7,3,0
2025-04-03 08:00:00,Hive_05,34.57,20.36,55.49,66.2,37.329,192.1,49,Healthy,14.21,-10.71,34.58,0.32036663778972946,0.1670000000000016,194.4,8,3,0
2025-04-03 09:00:00,Hive_05,34.5,20.69,58.53,58.43,37.354,166.3,63,Healthy,13.809999999999999,0.10000000000000142,34.58208333333334,0.3196462605507189,0.2190000000000012,189.9,9,3,0
2025-04-03 10:00:00,Hive_05,34.42,22.05,55.34,53.99,37.338,196.7,86,Healthy,12.370000000000001,1.3500000000000014,34.576249999999995,0.32133975653571867,0.20000000000000284,190.26666666666665,10,3,0
2025-04-03 11:00:00,Hive_05,34.6,26.71,54.94,54.71,37.328,188.1,75,Healthy,7.890000000000001,0.22999999999999687,34.56458333333333,0.31484957300779165,0.17900000000000205,187.83333333333334,11,3,0
2025-04-03 12:00:00,Hive_05,34.79,29.18,52.81,49.07,37.353,214.6,101,Healthy,5.609999999999999,3.740000000000002,34.564166666666665,0.3145309367056409,0.19600000000000506,189.88333333333333,12,3,0
2025-04-03 13:00:00,Hive_05,34.32,26.17,53.67,50.84,37.364,212.2,82,Healthy,8.149999999999999,2.8299999999999983,34.55416666666667,0.31845983524876,0.17199999999999704,195.0,13,3,0
2025-04-03 14:00:00,Hive_05,34.19,28.49,54.51,48.18,37.369,210.0,72,Healthy,5.699999999999999,6.329999999999998,34.51916666666666,0.30993571095880174,0.14999999999999858,197.98333333333335,14,3,0
2025-04-03 15:00:00,Hive_05,34.57,30.97,54.57,46.93,37.366,197.4,85,Healthy,3.6000000000000014,7.640000000000001,34.498333333333335,0.2872760627547763,0.14099999999999824,203.16666666666666,15,3,0
2025-04-03 16:00:00,Hive_05,34.6,28.17,53.0,51.57,37.372,205.9,47,Healthy,6.43,1.4299999999999997,34.482083333333335,0.26868405830716513,0.13700000000000045,204.69999999999996,16,3,0
2025-04-03 17:00:00,Hive_05,34.88,25.78,55.25,54.06,37.391,195.9,66,Healthy,9.100000000000001,1.1899999999999977,34.50333333333334,0.27938856636321885,0.13799999999999812,206.0,17,3,0
2025-04-03 18:00:00,Hive_05,34.59,24.84,56.77,54.89,37.421,200.4,53,Healthy,9.750000000000004,1.8800000000000026,34.52291666666667,0.26757330026460835,0.1869999999999976,203.63333333333333,18,3,0
2025-04-03 19:00:00,Hive_05,34.64,23.44,52.04,58.84,37.448,194.2,38,Healthy,11.2,-6.800000000000004,34.54083333333333,0.2599986064622657,0.1980000000000004,200.63333333333333,19,3,0
2025-04-03 20:00:00,Hive_05,34.58,19.17,56.13,64.92,37.484,200.7,13,Healthy,15.409999999999997,-8.79,34.5425,0.26012120920498216,0.2469999999999999,199.08333333333334,20,3,0
2025-04-03 21:00:00,Hive_05,34.37,19.89,54.26,65.94,37.495,181.0,0,Healthy,14.479999999999997,-11.68,34.54,0.26153393661244295,0.22399999999999665,196.35,21,3,0
2025-04-03 22:00:00,Hive_05,34.9,15.97,54.17,70.9,37.484,225.1,2,Healthy,18.93,-16.730000000000004,34.54125,0.2632458348487564,0.20700000000000074,199.54999999999998,22,3,0
2025-04-03 23:00:00,Hive_05,34.56,18.42,55.73,71.76,37.495,194.6,3,Healthy,16.14,-16.03000000000001,34.538333333333334,0.2626067760751445,0.22399999999999665,199.33333333333334,23,3,0
2025-04-04 00:00:00,Hive_05,34.24,13.77,53.25,74.61,37.502,214.2,1,Healthy,20.470000000000002,-21.36,34.51625,0.2645556159166626,0.21000000000000085,201.63333333333333,0,4,0
2025-04-04 01:00:00,Hive_05,34.73,11.89,56.85,77.53,37.512,223.7,1,Healthy,22.839999999999996,-20.68,34.51625,0.2645556159166626,0.23499999999999943,206.54999999999998,1,4,0
2025-04-04 02:00:00,Hive_05,34.47,9.9,54.13,81.61,37.523,176.2,0,Healthy,24.57,-27.479999999999997,34.51333333333333,0.26466823640610915,0.2469999999999999,202.46666666666667,2,4,0
2025-04-04 03:00:00,Hive_05,34.92,12.41,56.33,80.36,37.546,219.1,2,Healthy,22.51,-24.03,34.55125,0.2544100165515111,0.277000000000001,208.81666666666663,3,4,0
2025-04-04 04:00:00,Hive_05,34.76,12.56,54.99,79.82,37.532,173.2,2,Healthy,22.199999999999996,-24.82999999999999,34.553333333333335,0.2559664833131694,0.2539999999999978,200.16666666666666,4,4,0
2025-04-04 05:00:00,Hive_05,34.76,15.06,53.65,76.84,37.504,207.7,3,Healthy,19.699999999999996,-23.190000000000005,34.595,0.1954482028569203,0.2049999999999983,202.35,5,4,0
2025-04-04 06:00:00,Hive_05,34.57,16.53,53.31,69.53,37.483,199.9,51,Healthy,18.04,-16.22,34.58958333333334,0.19420919171071058,0.16899999999999693,199.96666666666667,6,4,0
2025-04-04 07:00:00,Hive_05,34.26,17.78,55.13,69.76,37.484,196.2,63,Healthy,16.479999999999997,-14.630000000000003,34.57458333333334,0.20534126772737282,0.14300000000000068,195.38333333333333,7,4,0
2025-04-04 08:00:00,Hive_05,34.69,21.59,55.02,65.58,37.503,215.5,88,Healthy,13.099999999999998,-10.559999999999995,34.57958333333333,0.2066814218669106,0.1739999999999995,201.9333333333333,8,4,0
2025-04-04 09:00:00,Hive_05,34.84,23.89,55.82,61.01,37.501,208.4,66,Healthy,10.950000000000003,-5.189999999999998,34.59375,0.21255817617976816,0.14699999999999847,200.15,9,4,0
2025-04-04 10:00:00,Hive_05,34.75,24.85,56.79,61.0,37.504,207.2,91,Healthy,9.899999999999999,-4.210000000000001,34.6075,0.21150084797856342,0.16599999999999682,205.81666666666663,10,4,0
2025-04-04 11:00:00,Hive_05,34.64,25.2,56.04,55.76,37.493,219.1,93,Healthy,9.440000000000001,0.28000000000000114,34.60916666666667,0.2115967589680812,0.16499999999999915,207.71666666666667,11,4,0
2025-04-04 12:00:00,Hive_05,34.49,26.75,53.76,51.82,37.527,214.4,100,Healthy,7.740000000000002,1.9399999999999977,34.59666666666667,0.20929834471741277,0.1739999999999995,210.13333333333333,12,4,0
2025-04-04 13:00:00,Hive_05,34.0,30.0,55.94,50.89,37.549,223.3,99,Healthy,4.0,5.049999999999997,34.583333333333336,0.2361588755324559,0.18500000000000227,214.65,13,4,0
2025-04-04 14:00:00,Hive_05,34.8,28.2,51.02,49.71,37.564,214.2,83,Healthy,6.599999999999998,1.3100000000000023,34.60875,0.2245248606356925,0.19500000000000028,214.4333333333333,14,4,0
2025-04-04 15:00:00,Hive_05,34.9,27.15,55.68,51.1,37.56,218.3,92,Healthy,7.75,4.579999999999998,34.6225,0.23202792185798912,0.19400000000000261,216.08333333333334,15,4,0
2025-04-04 16:00:00,Hive_05,34.5,25.72,56.42,57.61,37.585,189.5,65,Healthy,8.780000000000001,-1.1899999999999977,34.61833333333333,0.23334368507057796,0.21300000000000097,213.13333333333335,16,4,0
2025-04-04 17:00:00,Hive_05,34.75,25.76,52.16,50.65,37.595,189.9,66,Healthy,8.989999999999998,1.509999999999998,34.61291666666667,0.22846328154539677,0.20400000000000063,208.26666666666665,17,4,0
2025-04-04 18:00:00,Hive_05,34.32,20.69,55.78,54.18,37.609,215.8,51,Healthy,13.629999999999999,1.6000000000000014,34.60166666666667,0.236158875532453,0.1880000000000024,208.5,18,4,0
2025-04-04 19:00:00,Hive_05,34.43,22.04,54.97,58.97,37.578,186.6,44,Healthy,12.39,-4.0,34.59291666666667,0.23855505547515235,0.13000000000000256,202.38333333333333,19,4,0
2025-04-04 20:00:00,Hive_05,34.32,20.27,52.39,64.49,37.545,195.4,44,Healthy,14.05,-12.099999999999994,34.58208333333334,0.24498410182076602,0.06099999999999994,199.25,20,4,0
2025-04-04 21:00:00,Hive_05,34.15,17.98,55.42,70.93,37.541,188.9,2,Healthy,16.169999999999998,-15.510000000000005,34.572916666666664,0.2570819386662666,0.045999999999999375,194.35000000000002,21,4,0
2025-04-04 22:00:00,Hive_05,34.53,15.82,53.93,69.73,37.522,185.1,4,Healthy,18.71,-15.800000000000004,34.5575,0.2475312891947918,0.0379999999999967,193.61666666666667,22,4,0
2025-04-04 23:00:00,Hive_05,34.44,16.16,54.83,71.58,37.526,190.0,2,Healthy,18.279999999999998,-16.75,34.5525,0.24868786092994996,0.03100000000000591,193.63333333333333,23,4,0
2025-04-05 00:00:00,Hive_05,34.6,14.49,55.91,80.09,37.53,176.4,0,Healthy,20.11,-24.180000000000007,34.5675,0.239714504104907,0.027999999999998693,187.0666666666667,0,5,0
2025-04-05 01:00:00,Hive_05,34.12,11.0,53.31,79.09,37.532,213.0,2,Healthy,23.119999999999997,-25.78,34.54208333333333,0.2536683758917102,0.01999999999999602,191.46666666666667,1,5,0
2025-04-05 02:00:00,Hive_05,34.1,10.7,53.7,80.09,37.509,206.4,1,Healthy,23.400000000000002,-26.39,34.526666666666664,0.26901861365481,-0.014000000000002899,193.29999999999998,2,5,0
2025-04-05 03:00:00,Hive_05,34.2,12.04,55.7,81.1,37.559,185.3,0,Healthy,22.160000000000004,-25.39999999999999,34.49666666666666,0.26333425059462995,0.012999999999998124,192.70000000000002,3,5,0
2025-04-05 04:00:00,Hive_05,35.02,11.19,57.56,78.77,37.585,213.2,2,Healthy,23.830000000000005,-21.209999999999994,34.5075,0.2794909969771967,0.05300000000000438,197.38333333333333,4,5,0
2025-04-05 05:00:00,Hive_05,34.26,15.43,57.57,76.21,37.622,188.3,2,Healthy,18.83,-18.639999999999993,34.486666666666665,0.2784845115772332,0.1180000000000021,197.1,5,5,0
2025-04-05 06:00:00,Hive_05,34.44,18.19,57.14,73.34,37.637,190.6,38,Healthy,16.249999999999996,-16.200000000000003,34.481249999999996,0.27805711799838867,0.15400000000000347,199.46666666666667,6,5,0
2025-04-05 07:00:00,Hive_05,34.25,13.53,56.45,72.83,37.629,202.5,64,Healthy,20.72,-16.379999999999995,34.48083333333333,0.2784103425531895,0.14499999999999602,197.71666666666667,7,5,0
2025-04-05 08:00:00,Hive_05,34.44,18.14,55.83,66.91,37.668,211.1,69,Healthy,16.299999999999997,-11.079999999999998,34.470416666666665,0.274898861507239,0.16499999999999915,198.5,8,5,0
2025-04-05 09:00:00,Hive_05,34.53,24.99,54.75,61.03,37.653,180.0,72,Healthy,9.540000000000003,-6.280000000000001,34.4575,0.263838718851542,0.15200000000000102,197.61666666666667,9,5,0
2025-04-05 10:00:00,Hive_05,34.75,22.48,54.39,56.94,37.668,192.4,110,Healthy,12.27,-2.549999999999997,34.4575,0.263838718851542,0.16400000000000148,194.14999999999998,10,5,0
2025-04-05 11:00:00,Hive_05,34.58,27.92,52.99,53.9,37.674,191.0,96,Healthy,6.659999999999997,-0.9099999999999966,34.455,0.2623141163799227,0.18099999999999739,194.6,11,5,0
2025-04-05 12:00:00,Hive_05,34.48,25.53,53.7,55.33,37.684,211.1,95,Healthy,8.949999999999996,-1.6299999999999955,34.45458333333333,0.2622640416378837,0.15699999999999648,198.01666666666665,12,5,0
2025-04-05 13:00:00,Hive_05,34.74,27.96,56.23,52.27,37.689,195.8,86,Healthy,6.780000000000001,3.9599999999999937,34.485416666666666,0.24969510393185584,0.14000000000000057,196.9,13,5,0
2025-04-05 14:00:00,Hive_05,34.5,27.26,57.48,50.21,37.689,185.2,91,Healthy,7.239999999999998,7.269999999999996,34.47291666666667,0.24060574221828263,0.125,192.58333333333334,14,5,0
2025-04-05 15:00:00,Hive_05,34.73,27.83,54.58,49.14,37.729,185.7,72,Healthy,6.899999999999999,5.439999999999998,34.465833333333336,0.22974308272062582,0.16899999999999693,193.53333333333333,15,5,0
2025-04-05 16:00:00,Hive_05,34.29,27.12,55.56,54.73,37.716,213.8,63,Healthy,7.169999999999998,0.8300000000000054,34.45708333333334,0.23236925574287695,0.13100000000000023,197.1,16,5,0
2025-04-05 17:00:00,Hive_05,33.96,26.59,55.31,55.73,37.716,207.5,51,Healthy,7.370000000000001,-0.4199999999999946,34.42416666666667,0.24469886847284678,0.12100000000000222,199.85,17,5,0
2025-04-05 18:00:00,Hive_05,34.84,23.13,53.51,59.9,37.762,161.3,52,Healthy,11.710000000000004,-6.390000000000001,34.44583333333333,0.2577480513428198,0.1529999999999987,191.55000000000004,18,5,0
2025-04-05 19:00:00,Hive_05,34.42,20.14,53.47,61.86,37.757,188.2,40,Healthy,14.280000000000001,-8.39,34.44541666666667,0.2577828403009587,0.17899999999999494,190.28333333333333,19,5,0
2025-04-05 20:00:00,Hive_05,34.45,21.46,55.45,68.92,37.791,193.3,22,Healthy,12.990000000000002,-13.469999999999999,34.450833333333335,0.25639501905674295,0.2459999999999951,191.63333333333333,20,5,0
2025-04-05 21:00:00,Hive_05,34.57,20.85,52.59,68.52,37.79,228.3,2,Healthy,13.719999999999999,-15.929999999999993,34.468333333333334,0.24920162374143465,0.24900000000000233,198.73333333333335,21,5,0
2025-04-05 22:00:00,Hive_05,34.01,15.96,54.38,75.29,37.846,199.3,1,Healthy,18.049999999999997,-20.910000000000004,34.446666666666665,0.2656684214296719,0.32399999999999807,196.3166666666667,22,5,0
2025-04-05 23:00:00,Hive_05,34.11,16.11,55.64,78.1,37.891,190.4,1,Healthy,18.0,-22.459999999999994,34.432916666666664,0.274423968509969,0.3649999999999949,193.4666666666667,23,5,0
2025-04-06 00:00:00,Hive_05,34.07,13.12,50.33,79.38,37.905,217.5,1,Healthy,20.950000000000003,-29.049999999999997,34.410833333333336,0.2816244286999751,0.375,202.83333333333334,0,6,0
2025-04-06 01:00:00,Hive_05,34.98,11.36,54.0,79.15,37.926,182.7,0,Healthy,23.619999999999997,-25.150000000000006,34.446666666666665,0.2972872519045065,0.39400000000000546,201.91666666666666,1,6,0
2025-04-06 02:00:00,Hive_05,34.77,13.27,51.92,83.27,37.928,203.6,2,Healthy,21.500000000000004,-31.349999999999994,34.474583333333335,0.29476562785088073,0.41899999999999693,203.63333333333333,2,6,0
2025-04-06 03:00:00,Hive_05,34.26,9.39,54.9,76.89,37.899,209.0,1,Healthy,24.869999999999997,-21.990000000000002,34.47708333333333,0.2925818973666548,0.3400000000000034,200.41666666666666,3,6,0
2025-04-06 04:00:00,Hive_05,34.07,11.51,54.92,78.38,37.873,175.2,1,Healthy,22.560000000000002,-23.459999999999994,34.4375,0.27992623251881915,0.2879999999999967,196.4,4,6,0
2025-04-06 05:00:00,Hive_05,34.49,13.27,58.15,76.38,37.878,150.5,0,Healthy,21.220000000000002,-18.229999999999997,34.44708333333333,0.2775119138322648,0.2560000000000002,189.75,5,6,0
2025-04-06 06:00:00,Hive_05,34.49,14.21,56.66,79.27,37.908,181.0,32,Healthy,20.28,-22.61,34.44916666666666,0.27764407410219244,0.2710000000000008,183.66666666666666,6,6,0
2025-04-06 07:00:00,Hive_05,34.79,18.89,54.82,64.44,37.93,204.6,63,Healthy,15.899999999999999,-9.619999999999997,34.471666666666664,0.282637679673146,0.30100000000000193,187.31666666666663,7,6,0
2025-04-06 08:00:00,Hive_05,34.51,20.16,52.94,65.56,37.933,232.5,73,Healthy,14.349999999999998,-12.620000000000005,34.474583333333335,0.28265786918905705,0.26500000000000057,192.13333333333333,8,6,0
2025-04-06 09:00:00,Hive_05,34.2,23.78,53.19,59.15,37.916,175.7,80,Healthy,10.420000000000002,-5.960000000000001,34.46083333333333,0.28782417136716276,0.2629999999999981,186.58333333333334,9,6,0
2025-04-06 10:00:00,Hive_05,34.41,23.47,51.4,59.25,37.935,169.5,86,Healthy,10.939999999999998,-7.850000000000001,34.446666666666665,0.2812652572351265,0.267000000000003,185.63333333333333,10,6,0
2025-04-06 11:00:00,Hive_05,34.07,24.5,56.17,54.86,37.946,194.8,71,Healthy,9.57,1.3100000000000023,34.42541666666667,0.28988722194895256,0.27199999999999847,193.01666666666665,11,6,0
2025-04-06 12:00:00,Hive_05,34.58,29.64,53.58,50.2,38.031,202.2,83,Healthy,4.939999999999998,3.3799999999999955,34.42958333333333,0.2914204965288258,0.3470000000000013,196.54999999999998,12,6,0
2025-04-06 13:00:00,Hive_05,34.62,28.64,54.51,52.01,38.05,197.7,88,Healthy,5.979999999999997,2.5,34.42458333333334,0.28685671573509425,0.3609999999999971,195.39999999999998,13,6,0
2025-04-06 14:00:00,Hive_05,34.67,26.82,55.91,47.07,38.086,200.7,82,Healthy,7.850000000000001,8.839999999999996,34.431666666666665,0.29087075669694806,0.39699999999999847,190.1,14,6,0
2025-04-06 15:00:00,Hive_05,34.61,25.61,52.27,50.43,38.117,189.3,76,Healthy,9.0,1.8400000000000034,34.42666666666667,0.2865183303441411,0.3879999999999981,192.36666666666667,15,6,0
2025-04-06 16:00:00,Hive_05,34.92,27.82,55.94,51.99,38.124,153.2,79,Healthy,7.100000000000001,3.9499999999999957,34.45291666666667,0.30189948178401266,0.40800000000000125,189.65,16,6,0
2025-04-06 17:00:00,Hive_05,34.65,23.89,54.7,56.1,38.153,207.8,63,Healthy,10.759999999999998,-1.3999999999999986,34.48166666666666,0.28531701158790984,0.4369999999999976,191.81666666666663,17,6,0
2025-04-06 18:00:00,Hive_05,34.13,21.43,53.36,57.58,38.156,222.0,53,Healthy,12.700000000000003,-4.219999999999999,34.45208333333333,0.2833492109788283,0.39399999999999835,195.11666666666667,18,6,0
2025-04-06 19:00:00,Hive_05,34.24,22.72,52.64,62.66,38.131,203.5,49,Healthy,11.520000000000003,-10.019999999999996,34.444583333333334,0.2865989345328554,0.37400000000000233,196.08333333333334,19,6,0
2025-04-06 20:00:00,Hive_05,34.91,21.37,58.06,63.34,38.153,222.3,38,Healthy,13.539999999999996,-5.280000000000001,34.46375,0.3019474831965014,0.3620000000000019,199.68333333333337,20,6,0
2025-04-06 21:00:00,Hive_05,34.02,17.58,54.33,67.55,38.158,196.8,1,Healthy,16.440000000000005,-13.219999999999999,34.44083333333334,0.31415748842935004,0.3680000000000021,200.9333333333333,21,6,0
2025-04-06 22:00:00,Hive_05,34.77,12.56,55.56,74.06,38.145,205.5,2,Healthy,22.21,-18.5,34.472500000000004,0.30706535205846425,0.2990000000000066,209.64999999999998,22,6,0
2025-04-06 23:00:00,Hive_05,34.45,15.05,55.27,78.71,38.138,213.8,2,Healthy,19.400000000000002,-23.43999999999999,34.48666666666667,0.29730187654488105,0.2469999999999999,210.65,23,6,0
2025-04-07 00:00:00,Hive_05,34.3,13.4,52.25,75.88,38.134,210.6,2,Healthy,20.9,-23.629999999999995,34.496249999999996,0.2868087152274862,0.2289999999999992,208.75,0,0,0
2025-04-07 01:00:00,Hive_05,34.59,12.51,54.13,82.46,38.13,196.5,1,Healthy,22.080000000000005,-28.32999999999999,34.480000000000004,0.26868439543046096,0.20400000000000063,207.58333333333334,1,0,0
2025-04-07 02:00:00,Hive_05,34.4,13.43,54.58,80.84,38.154,215.2,0,Healthy,20.97,-26.260000000000005,34.46458333333333,0.2618492624238034,0.2260000000000062,206.4,2,0,0
2025-04-07 03:00:00,Hive_05,34.66,12.02,55.17,79.67,38.172,196.4,1,Healthy,22.639999999999997,-24.5,34.481249999999996,0.26098996315868406,0.27299999999999613,206.33333333333334,3,0,0
2025-04-07 04:00:00,Hive_05,34.7,14.25,56.24,79.62,38.163,192.4,3,Healthy,20.450000000000003,-23.380000000000003,34.5075,0.24924669113848807,0.28999999999999915,204.15,4,0,0
2025-04-07 05:00:00,Hive_05,34.42,14.88,56.9,75.72,38.137,204.4,1,Healthy,19.54,-18.82,34.504583333333336,0.24986916866488737,0.25900000000000034,202.58333333333334,5,0,0
2025-04-07 06:00:00,Hive_05,33.69,14.12,55.18,75.73,38.158,185.4,52,Healthy,19.57,-20.550000000000004,34.471250000000005,0.3001928727827689,0.25,198.38333333333333,6,0,0
2025-04-07 07:00:00,Hive_05,35.55,17.59,55.51,70.86,38.18,185.4,62,Healthy,17.959999999999997,-15.350000000000001,34.502916666666664,0.36776030907038165,0.25,196.53333333333333,7,0,0
2025-04-07 08:00:00,Hive_05,34.07,19.44,53.39,66.56,38.214,203.1,83,Healthy,14.629999999999999,-13.170000000000002,34.48458333333333,0.3782106517556792,0.2809999999999988,194.51666666666665,8,0,0
2025-04-07 09:00:00,Hive_05,34.41,22.62,54.71,62.14,38.243,197.9,90,Healthy,11.789999999999996,-7.43,34.49333333333333,0.37374330491798907,0.3270000000000053,194.76666666666665,9,0,0
2025-04-07 10:00:00,Hive_05,34.12,23.84,54.74,55.14,38.271,190.0,91,Healthy,10.279999999999998,-0.3999999999999986,34.48125,0.3811688259984674,0.3359999999999985,194.36666666666667,10,0,0
2025-04-07 11:00:00,Hive_05,34.41,25.81,55.27,55.61,38.3,199.7,83,Healthy,8.599999999999998,-0.3399999999999963,34.495416666666664,0.37141303817655996,0.3539999999999992,193.58333333333334,11,0,0
2025-04-07 12:00:00,Hive_05,34.27,24.2,54.22,53.09,38.288,196.5,110,Healthy,10.070000000000004,1.1299999999999955,34.482499999999995,0.3737268242051154,0.2569999999999979,195.4333333333333,12,0,0
2025-04-07 13:00:00,Hive_05,34.36,28.26,52.84,49.22,38.276,180.7,91,Healthy,6.099999999999998,3.6200000000000045,34.471666666666664,0.37333592131609017,0.2260000000000062,194.64999999999998,13,0,0
2025-04-07 14:00:00,Hive_05,34.61,28.67,53.85,50.16,38.263,182.7,72,Healthy,5.939999999999998,3.690000000000005,34.469166666666666,0.3721490662842487,0.1769999999999996,191.25,14,0,0
2025-04-07 15:00:00,Hive_05,34.19,28.27,54.49,54.54,38.277,195.8,81,Healthy,5.919999999999998,-0.04999999999999716,34.45166666666666,0.375101918517312,0.1600000000000037,190.89999999999998,15,0,0
2025-04-07 16:00:00,Hive_05,34.45,26.07,55.49,50.65,38.313,205.6,67,Healthy,8.380000000000003,4.840000000000003,34.43208333333333,0.36161448564996573,0.18900000000000006,193.5,16,0,0
2025-04-07 17:00:00,Hive_05,34.41,26.9,54.78,56.39,38.314,212.3,61,Healthy,7.509999999999998,-1.6099999999999994,34.42208333333333,0.3586324164725387,0.16100000000000136,195.6,17,0,0
2025-04-07 18:00:00,Hive_05,34.95,21.89,57.35,58.31,38.314,189.6,68,Healthy,13.060000000000002,-0.9600000000000009,34.456250000000004,0.36852010151061987,0.15800000000000125,194.45000000000002,18,0,0
2025-04-07 19:00:00,Hive_05,33.99,24.42,54.09,62.05,38.303,227.2,24,Healthy,9.57,-7.959999999999994,34.44583333333333,0.3783018884972498,0.17199999999999704,202.20000000000002,19,0,0
2025-04-07 20:00:00,Hive_05,34.14,22.71,56.48,64.79,38.325,181.0,29,Healthy,11.43,-8.31000000000001,34.41375,0.36978034020213285,0.17200000000000415,201.91666666666666,20,0,0
2025-04-07 21:00:00,Hive_05,35.0,19.99,53.88,68.06,38.303,200.7,0,Healthy,15.010000000000002,-14.18,34.45458333333333,0.37841751920410094,0.14499999999999602,202.73333333333332,21,0,0
2025-04-07 22:00:00,Hive_05,34.27,16.19,57.82,72.51,38.313,213.0,2,Healthy,18.080000000000002,-14.690000000000005,34.433749999999996,0.37403571673211905,0.16799999999999926,203.96666666666667,22,0,0
2025-04-07 23:00:00,Hive_05,33.97,16.98,57.59,73.19,38.334,201.9,1,Healthy,16.99,-15.599999999999994,34.41375,0.38577772942686084,0.19600000000000506,202.23333333333335,23,0,0
2025-04-08 00:00:00,Hive_05,34.07,12.61,55.72,79.71,38.365,211.1,1,Healthy,21.46,-23.989999999999995,34.40416666666667,0.3915400658788455,0.23100000000000165,205.81666666666663,0,1,0
2025-04-08 01:00:00,Hive_05,34.67,12.27,57.63,82.06,38.34,213.6,1,Healthy,22.400000000000002,-24.43,34.4075,0.39352642030525187,0.21000000000000085,203.54999999999998,1,1,0
2025-04-08 02:00:00,Hive_05,34.2,11.89,58.17,82.75,38.372,208.7,1,Healthy,22.310000000000002,-24.58,34.399166666666666,0.3958031643728242,0.21799999999999642,208.16666666666666,2,1,0
2025-04-08 03:00:00,Hive_05,34.13,12.0,56.64,78.77,38.374,197.4,1,Healthy,22.130000000000003,-22.129999999999995,34.37708333333334,0.39540270244581494,0.2020000000000053,207.61666666666667,3,1,0
2025-04-08 04:00:00,Hive_05,34.31,12.75,56.53,79.05,38.372,199.6,0,Healthy,21.560000000000002,-22.519999999999996,34.36083333333333,0.3895249801295567,0.20900000000000318,205.38333333333333,4,1,0
2025-04-08 05:00:00,Hive_05,34.71,15.95,55.26,78.26,38.381,176.6,0,Healthy,18.76,-23.000000000000007,34.37291666666667,0.39588622834989573,0.24399999999999977,201.16666666666666,5,1,0
2025-04-08 06:00:00,Hive_05,34.09,17.13,52.89,72.14,38.404,213.1,34,Healthy,16.960000000000004,-19.25,34.389583333333334,0.3736829528830113,0.24600000000000222,201.5,6,1,0
2025-04-08 07:00:00,Hive_05,34.32,18.16,56.86,69.66,38.407,174.2,58,Healthy,16.16,-12.799999999999997,34.33833333333333,0.28028970519907287,0.22699999999999676,194.9333333333333,7,1,0
2025-04-08 08:00:00,Hive_05,34.19,22.05,55.94,64.31,38.422,200.0,74,Healthy,12.139999999999997,-8.370000000000005,34.343333333333334,0.27633732798987415,0.2079999999999984,193.48333333333335,8,1,0
2025-04-08 09:00:00,Hive_05,34.72,21.03,53.55,59.92,38.465,218.4,66,Healthy,13.689999999999998,-6.3700000000000045,34.356249999999996,0.28664191416561124,0.2220000000000013,196.98333333333335,9,1,0
2025-04-08 10:00:00,Hive_05,34.92,26.21,55.2,57.8,38.471,195.8,60,Healthy,8.71,-2.5999999999999943,34.389583333333334,0.3039662333459057,0.19999999999999574,196.35,10,1,0
2025-04-08 11:00:00,Hive_05,34.79,27.05,57.51,52.98,38.47,190.5,98,Healthy,7.739999999999998,4.530000000000001,34.40541666666667,0.3147805193501086,0.1700000000000017,198.66666666666666,11,1,0
2025-04-08 12:00:00,Hive_05,34.29,26.23,57.16,54.64,38.474,205.0,99,Healthy,8.059999999999999,2.519999999999996,34.40625,0.31443271900776165,0.18599999999999994,197.3166666666667,12,1,0
2025-04-08 13:00:00,Hive_05,34.06,28.49,54.39,52.65,38.485,188.5,98,Healthy,5.570000000000004,1.740000000000002,34.393750000000004,0.3222180263761543,0.20899999999999608,199.70000000000002,13,1,0
2025-04-08 14:00:00,Hive_05,34.78,27.23,53.43,48.47,38.475,207.6,98,Healthy,7.550000000000001,4.960000000000001,34.40083333333333,0.328976233668704,0.2120000000000033,200.96666666666667,14,1,0
2025-04-08 15:00:00,Hive_05,34.71,27.97,54.11,47.28,38.507,194.3,89,Healthy,6.740000000000002,6.829999999999998,34.42250000000001,0.33160020454182393,0.22999999999999687,196.95000000000002,15,1,0
2025-04-08 16:00:00,Hive_05,33.92,26.3,54.01,50.63,38.521,201.5,76,Healthy,7.620000000000001,3.3799999999999955,34.400416666666665,0.34698050523696267,0.2079999999999984,197.9,16,1,0
2025-04-08 17:00:00,Hive_05,34.52,27.52,56.67,54.45,38.535,186.2,55,Healthy,7.0000000000000036,2.219999999999999,34.405,0.34783804327277273,0.22099999999999653,197.1833333333333,17,1,0
2025-04-08 18:00:00,Hive_05,33.99,20.81,55.53,55.63,38.57,185.9,40,Healthy,13.180000000000003,-0.10000000000000142,34.365,0.33748429915170514,0.2560000000000002,194.0,18,1,0
2025-04-08 19:00:00,Hive_05,34.58,23.49,56.11,60.22,38.565,189.7,34,Healthy,11.09,-4.109999999999999,34.389583333333334,0.3303947463350499,0.26200000000000045,194.20000000000002,19,1,0
2025-04-08 20:00:00,Hive_05,34.68,17.67,55.12,65.97,38.603,196.1,36,Healthy,17.009999999999998,-10.850000000000001,34.412083333333335,0.3310455001784663,0.2779999999999987,192.28333333333333,20,1,0
2025-04-08 21:00:00,Hive_05,34.85,18.66,55.19,67.28,38.632,180.5,2,Healthy,16.19,-12.090000000000003,34.405833333333334,0.32071817056029334,0.3290000000000006,189.98333333333335,21,1,0
2025-04-08 22:00:00,Hive_05,34.92,15.31,55.29,70.8,38.613,192.5,2,Healthy,19.61,-15.509999999999998,34.43291666666667,0.33583742400501554,0.29999999999999716,188.48333333333335,22,1,0
2025-04-08 23:00:00,Hive_05,34.46,13.06,55.7,73.7,38.608,205.9,2,Healthy,21.4,-18.0,34.45333333333333,0.32103997674226303,0.2739999999999938,191.76666666666665,23,1,0
2025-04-09 00:00:00,Hive_05,34.5,13.31,54.62,73.18,38.626,190.2,1,Healthy,21.189999999999998,-18.56000000000001,34.47125,0.3105438777371185,0.2609999999999957,192.48333333333332,0,2,0
2025-04-09 01:00:00,Hive_05,34.1,13.07,55.77,82.38,38.66,210.4,3,Healthy,21.03,-26.609999999999992,34.4475,0.3164236290852568,0.3199999999999932,195.9333333333333,1,2,0
2025-04-09 02:00:00,Hive_05,34.28,11.18,55.08,82.47,38.66,193.1,0,Healthy,23.1,-27.39,34.45083333333333,0.31411596676978415,0.2879999999999967,195.4333333333333,2,2,0
2025-04-09 03:00:00,Hive_05,33.96,9.31,55.38,81.84,38.644,187.3,2,Healthy,24.65,-26.46,34.44375,0.32344359766359765,0.269999999999996,196.5666666666667,3,2,0
2025-04-09 04:00:00,Hive_05,34.84,13.31,54.57,77.74,38.679,184.0,0,Healthy,21.53,-23.169999999999995,34.465833333333336,0.3318972688972536,0.30700000000000216,195.15,4,2,0
2025-04-09 05:00:00,Hive_05,34.24,14.14,54.59,75.61,38.716,194.1,0,Healthy,20.1,-21.019999999999996,34.44625,0.3307279520404583,0.33500000000000085,193.1833333333333,5,2,0
2025-04-09 06:00:00,Hive_05,34.94,13.39,54.35,76.67,38.742,203.9,62,Healthy,21.549999999999997,-22.32,34.48166666666666,0.3363831493823861,0.33799999999999386,195.46666666666667,6,2,0
2025-04-09 07:00:00,Hive_05,34.9,16.32,52.76,66.8,38.754,199.3,68,Healthy,18.58,-14.04,34.505833333333335,0.3449879224939245,0.3470000000000013,193.61666666666667,7,2,0
2025-04-09 08:00:00,Hive_05,34.39,20.21,53.51,64.74,38.76,217.5,67,Healthy,14.18,-11.229999999999997,34.51416666666666,0.3393973772882644,0.33800000000000097,197.6833333333333,8,2,0
2025-04-09 09:00:00,Hive_05,34.64,24.18,54.76,62.58,38.758,225.2,86,Healthy,10.46,-7.82,34.51083333333334,0.33767641658672,0.29299999999999926,204.0,9,2,0
2025-04-09 10:00:00,Hive_05,34.69,23.79,52.87,60.9,38.759,210.9,99,Healthy,10.899999999999999,-8.030000000000001,34.50125,0.3287038114354336,0.2880000000000038,208.48333333333335,10,2,0
2025-04-09 11:00:00,Hive_05,34.68,29.2,54.08,54.44,38.752,174.7,92,Healthy,5.48,-0.35999999999999943,34.49666666666667,0.3252512963803658,0.2820000000000036,205.25,11,2,0
2025-04-09 12:00:00,Hive_05,34.53,28.82,56.84,53.56,38.821,187.5,65,Healthy,5.710000000000001,3.280000000000001,34.50666666666667,0.3222970094785986,0.3470000000000013,202.51666666666665,12,2,0
2025-04-09 13:00:00,Hive_05,34.04,28.24,56.25,52.68,38.824,205.1,79,Healthy,5.800000000000001,3.5700000000000003,34.505833333333335,0.3235256413017638,0.33899999999999864,203.48333333333332,13,2,0
2025-04-09 14:00:00,Hive_05,34.7,26.53,54.06,47.79,38.839,200.4,72,Healthy,8.170000000000002,6.270000000000003,34.502500000000005,0.3209801565043743,0.3639999999999972,200.63333333333333,14,2,0
2025-04-09 15:00:00,Hive_05,34.82,27.84,57.24,50.99,38.829,205.3,56,Healthy,6.98,6.25,34.507083333333334,0.3248341271248064,0.32200000000000273,197.3166666666667,15,2,0
2025-04-09 16:00:00,Hive_05,33.7,28.21,54.49,54.2,38.821,194.9,64,Healthy,5.490000000000002,0.28999999999999915,34.49791666666667,0.3446230349699383,0.29999999999999716,194.64999999999998,16,2,0
2025-04-09 17:00:00,Hive_05,34.41,25.59,53.52,56.37,38.827,196.2,59,Healthy,8.819999999999997,-2.8499999999999943,34.49333333333333,0.34504778077028697,0.2920000000000016,198.23333333333335,17,2,0
2025-04-09 18:00:00,Hive_05,34.89,23.06,53.1,58.23,38.846,214.4,45,Healthy,11.830000000000002,-5.1299999999999955,34.530833333333334,0.33677391031176107,0.27599999999999625,202.71666666666667,18,2,0
2025-04-09 19:00:00,Hive_05,34.16,23.95,53.09,61.0,38.872,210.4,55,Healthy,10.209999999999997,-7.909999999999997,34.513333333333335,0.3449217512607189,0.30700000000000216,203.6,19,2,0
2025-04-09 20:00:00,Hive_05,34.64,21.01,55.11,64.8,38.875,191.8,12,Healthy,13.629999999999999,-9.689999999999998,34.51166666666667,0.3441772377925367,0.27199999999999847,202.16666666666666,20,2,0
2025-04-09 21:00:00,Hive_05,33.69,16.82,54.23,68.84,38.903,220.1,1,Healthy,16.869999999999997,-14.610000000000007,34.46333333333333,0.3746960120541498,0.2710000000000008,204.63333333333335,21,2,0
2025-04-09 22:00:00,Hive_05,34.33,15.15,56.71,71.06,38.946,174.7,1,Healthy,19.18,-14.350000000000001,34.43875,0.36259106802113045,0.3329999999999984,201.26666666666665,22,2,0
2025-04-09 23:00:00,Hive_05,34.35,11.55,55.54,75.55,38.969,208.3,0,Healthy,22.8,-20.009999999999998,34.43416666666667,0.3630057691081583,0.3610000000000042,203.28333333333333,23,2,0
2025-04-10 00:00:00,Hive_05,35.02,13.03,54.47,74.6,38.952,191.8,2,Healthy,21.990000000000002,-20.129999999999995,34.45583333333334,0.3821212721985979,0.3260000000000005,199.51666666666665,0,3,0
2025-04-10 01:00:00,Hive_05,34.52,13.37,54.5,82.09,38.976,209.9,2,Healthy,21.150000000000006,-27.590000000000003,34.473333333333336,0.3746611996094096,0.3160000000000025,199.4333333333333,1,3,0
2025-04-10 02:00:00,Hive_05,34.49,13.21,51.95,78.78,39.013,192.6,3,Healthy,21.28,-26.83,34.482083333333335,0.37239505865431827,0.35300000000000153,199.5666666666667,2,3,0
2025-04-10 03:00:00,Hive_05,34.52,11.29,54.1,80.09,39.033,219.2,3,Healthy,23.230000000000004,-25.990000000000002,34.50541666666667,0.35541744184975305,0.3890000000000029,199.41666666666666,3,3,0
2025-04-10 04:00:00,Hive_05,34.08,14.19,56.71,75.57,39.023,209.2,2,Healthy,19.89,-18.859999999999992,34.47375,0.35815727053180263,0.3440000000000012,205.16666666666666,4,3,0
2025-04-10 05:00:00,Hive_05,34.49,16.32,58.09,76.63,39.05,208.3,1,Healthy,18.17,-18.539999999999992,34.48416666666667,0.3546819354891466,0.3339999999999961,205.16666666666666,5,3,0
2025-04-10 06:00:00,Hive_05,34.05,14.28,54.52,71.98,39.076,214.7,46,Healthy,19.769999999999996,-17.46,34.44708333333333,0.35146252402939054,0.3340000000000032,208.98333333333335,6,3,0
2025-04-10 07:00:00,Hive_05,34.49,22.33,56.71,71.43,39.074,203.8,56,Healthy,12.160000000000004,-14.720000000000006,34.43,0.33820498029399365,0.3200000000000003,207.96666666666667,7,3,0
2025-04-10 08:00:00,Hive_05,34.5,18.18,55.1,66.07,39.083,186.5,85,Healthy,16.32,-10.969999999999992,34.434583333333336,0.338384643071572,0.3230000000000004,206.95000000000002,8,3,0
2025-04-10 09:00:00,Hive_05,34.11,22.44,57.11,60.58,39.112,200.0,65,Healthy,11.669999999999998,-3.469999999999999,34.4125,0.34167426644076415,0.3539999999999992,203.75,9,3,0
2025-04-10 10:00:00,Hive_05,34.3,26.49,54.93,56.77,39.129,197.5,50,Healthy,7.809999999999999,-1.8400000000000034,34.39625,0.33714675555700785,0.36999999999999744,201.79999999999998,10,3,0
2025-04-10 11:00:00,Hive_05,34.23,26.03,57.34,56.24,39.157,207.0,78,Healthy,8.199999999999996,1.1000000000000014,34.3775,0.3331698874644159,0.40499999999999403,201.58333333333334,11,3,0
2025-04-10 12:00:00,Hive_05,34.48,27.35,56.34,52.72,39.16,195.9,83,Healthy,7.1299999999999955,3.6200000000000045,34.375416666666666,0.33233010261102935,0.33899999999999864,198.45000000000002,12,3,0
2025-04-10 13:00:00,Hive_05,34.44,27.05,54.65,50.21,39.188,222.5,75,Healthy,7.389999999999997,4.439999999999998,34.39208333333333,0.3247203367537322,0.3640000000000043,201.5666666666667,13,3,0
2025-04-10 14:00:00,Hive_05,34.23,30.22,54.51,51.35,39.204,175.2,83,Healthy,4.009999999999998,3.1599999999999966,34.372499999999995,0.3194730716011424,0.365000000000002,199.6833333333333,14,3,0
2025-04-10 15:00:00,Hive_05,34.06,28.52,55.3,49.02,39.258,189.3,71,Healthy,5.540000000000003,6.279999999999994,34.340833333333336,0.31073428697434846,0.42900000000000205,197.9,15,3,0
2025-04-10 16:00:00,Hive_05,34.0,26.63,56.15,55.15,39.258,194.2,59,Healthy,7.370000000000001,1.0,34.35333333333333,0.2891165955062233,0.4370000000000047,197.35,16,3,0
2025-04-10 17:00:00,Hive_05,34.34,25.28,51.3,52.43,39.234,205.1,72,Healthy,9.060000000000002,-1.1300000000000026,34.35041666666667,0.2888730602315555,0.4070000000000036,197.03333333333333,17,3,0
2025-04-10 18:00:00,Hive_05,34.35,28.84,52.02,59.35,39.255,178.2,41,Healthy,5.510000000000002,-7.329999999999998,34.32791666666667,0.26506732806176636,0.409000000000006,194.08333333333334,18,3,0
2025-04-10 19:00:00,Hive_05,34.22,23.4,52.44,61.71,39.269,205.0,54,Healthy,10.82,-9.270000000000003,34.330416666666665,0.2636941437523449,0.39699999999999847,191.16666666666666,19,3,0
2025-04-10 20:00:00,Hive_05,34.78,16.26,54.37,65.24,39.247,186.1,30,Healthy,18.52,-10.869999999999997,34.33625,0.2722500848404998,0.3719999999999999,192.98333333333332,20,3,0
2025-04-10 21:00:00,Hive_05,34.88,17.2,54.4,69.49,39.281,198.3,2,Healthy,17.680000000000003,-15.089999999999996,34.38583333333333,0.25739356883063536,0.3780000000000001,194.48333333333335,21,3,0
2025-04-10 22:00:00,Hive_05,34.66,15.82,55.96,73.23,39.291,150.0,2,Healthy,18.839999999999996,-17.270000000000003,34.39958333333333,0.2630337912936813,0.34499999999999886,187.11666666666667,22,3,0
2025-04-10 23:00:00,Hive_05,33.78,11.39,57.55,74.39,39.31,195.1,3,Healthy,22.39,-16.840000000000003,34.37583333333333,0.29185935663942547,0.3410000000000011,185.45000000000002,23,3,0
2025-04-11 00:00:00,Hive_05,34.62,13.87,54.43,78.24,39.295,214.4,1,Healthy,20.75,-23.809999999999995,34.35916666666667,0.26351993022008036,0.3430000000000035,191.48333333333335,0,4,0
2025-04-11 01:00:00,Hive_05,34.51,9.63,57.55,80.5,39.31,182.3,0,Healthy,24.879999999999995,-22.950000000000003,34.35875,0.2632623505505465,0.3340000000000032,187.70000000000002,1,4,0
2025-04-11 02:00:00,Hive_05,34.24,13.9,53.92,79.87,39.346,207.1,3,Healthy,20.340000000000003,-25.950000000000003,34.348333333333336,0.2627888335042035,0.3329999999999984,191.20000000000002,2,4,0
2025-04-11 03:00:00,Hive_05,35.04,12.64,54.41,77.82,39.372,216.3,2,Healthy,22.4,-23.409999999999997,34.37,0.2967944684823938,0.33899999999999864,194.20000000000002,3,4,0
2025-04-11 04:00:00,Hive_05,34.7,11.4,55.8,76.63,39.408,217.1,1,Healthy,23.300000000000004,-20.83,34.395833333333336,0.2974371203796159,0.384999999999998,205.38333333333333,4,4,0
2025-04-11 05:00:00,Hive_05,34.68,16.51,58.63,73.55,39.425,173.3,1,Healthy,18.169999999999998,-14.919999999999995,34.403749999999995,0.3025372776168816,0.375,201.75,5,4,0
2025-04-11 06:00:00,Hive_05,34.9,19.26,53.57,72.09,39.428,196.8,69,Healthy,15.639999999999997,-18.520000000000003,34.439166666666665,0.30900846571585433,0.35199999999999676,198.8166666666667,6,4,0
2025-04-11 07:00:00,Hive_05,35.21,17.47,55.34,65.11,39.451,175.9,62,Healthy,17.740000000000002,-9.769999999999996,34.469166666666666,0.34679798237550213,0.37700000000000244,197.75,7,4,0
2025-04-11 08:00:00,Hive_05,34.7,20.03,52.44,63.07,39.441,218.2,62,Healthy,14.670000000000002,-10.630000000000003,34.4775,0.3499596250004333,0.3580000000000041,199.60000000000002,8,4,0
2025-04-11 09:00:00,Hive_05,34.39,21.33,56.04,61.3,39.455,177.4,70,Healthy,13.060000000000002,-5.259999999999998,34.48916666666667,0.34174636751566834,0.3429999999999964,193.11666666666667,9,4,0
2025-04-11 10:00:00,Hive_05,32.13,22.74,68.92,56.57,39.476,355.6,32,At Risk,9.390000000000004,12.350000000000001,34.39875,0.5904995122039062,0.3470000000000013,216.20000000000002,10,4,1
2025-04-11 11:00:00,Hive_05,29.47,23.98,63.27,56.3,39.362,333.7,30,At Risk,5.489999999999998,6.970000000000006,34.20041666666667,1.1673063722376713,0.2050000000000054,242.93333333333337,11,4,1
2025-04-11 12:00:00,Hive_05,32.04,27.09,69.47,51.65,39.318,338.9,34,At Risk,4.949999999999999,17.82,34.09875,1.245532233014572,0.15800000000000125,266.6166666666667,12,4,1
2025-04-11 13:00:00,Hive_05,33.58,26.5,69.94,48.3,39.237,330.1,35,At Risk,7.079999999999998,21.64,34.062916666666666,1.247656861852465,0.04899999999999949,292.31666666666666,13,4,1
2025-04-11 14:00:00,Hive_05,31.59,27.73,65.05,52.31,39.171,326.2,34,At Risk,3.8599999999999994,12.739999999999995,33.95291666666667,1.3448758764987978,-0.03300000000000125,310.31666666666666,14,4,1
2025-04-11 15:00:00,Hive_05,31.74,28.79,67.07,49.35,39.082,330.4,31,At Risk,2.9499999999999993,17.71999999999999,33.856249999999996,1.4182224406997481,-0.17600000000000193,335.81666666666666,15,4,1
2025-04-11 16:00:00,Hive_05,32.51,25.19,65.49,53.47,38.975,338.4,24,At Risk,7.319999999999997,12.019999999999996,33.79416666666666,1.4440339531918969,-0.28300000000000125,332.95,16,4,1
2025-04-11 17:00:00,Hive_05,33.85,25.65,70.8,53.66,38.911,372.9,18,At Risk,8.200000000000003,17.14,33.77375,1.439437729900419,-0.3230000000000004,339.4833333333333,17,4,1
2025-04-11 18:00:00,Hive_05,31.72,25.16,67.32,58.59,38.833,351.2,12,At Risk,6.559999999999999,8.72999999999999,33.66416666666667,1.4927823938412188,-0.42200000000000415,341.5333333333333,18,4,1
2025-04-11 19:00:00,Hive_05,31.66,24.8,65.63,63.4,38.75,342.4,19,At Risk,6.859999999999999,2.229999999999997,33.5575,1.5419898212036458,-0.5189999999999984,343.5833333333333,19,4,1
2025-04-11 20:00:00,Hive_05,33.03,20.86,66.4,67.43,38.718,338.9,23,At Risk,12.170000000000002,-1.0300000000000011,33.48458333333333,1.5229261855607659,-0.5289999999999964,345.7,20,4,1
2025-04-11 21:00:00,Hive_05,33.07,17.7,66.74,69.61,38.644,330.3,0,At Risk,15.370000000000001,-2.8700000000000045,33.40916666666667,1.4953868676894173,-0.6370000000000005,345.68333333333334,21,4,1
2025-04-11 22:00:00,Hive_05,34.78,17.87,67.06,70.61,38.578,330.1,0,At Risk,16.91,-3.549999999999997,33.41416666666667,1.4999446849704194,-0.7129999999999939,344.29999999999995,22,4,1
2025-04-11 23:00:00,Hive_05,31.68,12.73,69.58,77.27,38.552,323.5,0,At Risk,18.95,-7.689999999999998,33.32666666666666,1.538434174784519,-0.7580000000000027,336.06666666666666,23,4,1
2025-04-12 00:00:00,Hive_05,32.37,12.63,67.47,79.09,38.514,337.9,0,At Risk,19.739999999999995,-11.620000000000005,33.23291666666666,1.524688076914112,-0.7809999999999988,333.84999999999997,0,5,1
2025-04-12 01:00:00,Hive_05,34.36,12.57,69.66,79.75,38.406,328.3,0,At Risk,21.79,-10.090000000000003,33.22666666666667,1.5195241436674842,-0.9040000000000035,331.5,1,5,1
2025-04-12 02:00:00,Hive_05,32.36,11.93,67.02,78.99,38.37,282.5,0,At Risk,20.43,-11.969999999999999,33.14833333333333,1.5134603790124714,-0.9759999999999991,322.09999999999997,2,5,1
2025-04-12 03:00:00,Hive_05,33.77,14.47,67.71,78.72,38.301,331.9,0,At Risk,19.300000000000004,-11.010000000000005,33.095416666666665,1.465899276350797,-1.070999999999998,322.3666666666667,3,5,1
2025-04-12 04:00:00,Hive_05,33.42,13.69,66.9,75.97,38.223,293.5,0,At Risk,19.730000000000004,-9.069999999999993,33.04208333333333,1.427771078857945,-1.1850000000000023,316.26666666666665,4,5,1
2025-04-12 05:00:00,Hive_05,31.8,13.21,69.37,76.35,38.167,375.7,0,At Risk,18.59,-6.97999999999999,32.92208333333333,1.4049693766325846,-1.2579999999999956,324.96666666666664,5,5,1
2025-04-12 06:00:00,Hive_05,31.53,16.81,71.61,71.63,38.162,344.0,14,At Risk,14.720000000000002,-0.01999999999999602,32.781666666666666,1.3665751118148888,-1.2659999999999982,325.98333333333335,6,5,1
2025-04-12 07:00:00,Hive_05,32.63,19.59,68.11,68.02,38.154,346.0,20,At Risk,13.040000000000003,0.09000000000000341,32.67416666666667,1.2649451497531619,-1.296999999999997,328.93333333333334,7,5,1
2025-04-12 08:00:00,Hive_05,32.29,21.2,68.12,63.0,38.122,364.5,27,At Risk,11.09,5.1200000000000045,32.57375,1.1906074901713681,-1.3190000000000026,342.59999999999997,8,5,1
2025-04-12 09:00:00,Hive_05,30.25,21.44,75.36,61.72,38.105,343.8,30,At Risk,8.809999999999999,13.64,32.40125,1.215666975636077,-1.3500000000000014,344.5833333333333,9,5,1
2025-04-12 10:00:00,Hive_05,31.23,25.77,62.43,57.86,38.108,324.0,39,At Risk,5.460000000000001,4.57,32.36375,1.2380728801333676,-1.368000000000002,349.6666666666667,10,5,1
2025-04-12 11:00:00,Hive_05,33.3,23.15,63.95,58.09,38.091,305.4,35,At Risk,10.149999999999999,5.859999999999999,32.52333333333333,1.0864087895313648,-1.2710000000000008,337.95,11,5,1
2025-04-12 12:00:00,Hive_05,31.39,26.84,68.53,51.82,38.015,326.8,31,At Risk,4.550000000000001,16.71,32.496249999999996,1.1068907196364879,-1.3029999999999973,335.0833333333333,12,5,1
2025-04-12 13:00:00,Hive_05,32.66,29.22,67.7,50.07,37.933,360.8,40,At Risk,3.4399999999999977,17.630000000000003,32.45791666666666,1.0834083864748552,-1.304000000000002,337.55,13,5,1
2025-04-12 14:00:00,Hive_05,33.05,27.17,67.81,48.88,37.884,312.6,40,At Risk,5.8799999999999955,18.93,32.518750000000004,1.0735002176950386,-1.286999999999999,328.90000000000003,14,5,1
2025-04-12 15:00:00,Hive_05,31.23,29.29,65.93,50.27,37.83,339.7,26,At Risk,1.9400000000000013,15.660000000000004,32.4975,1.0944295714921595,-1.2520000000000024,328.21666666666664,15,5,1
2025-04-12 16:00:00,Hive_05,33.04,25.06,68.22,52.17,37.787,301.7,24,At Risk,7.98,16.049999999999997,32.51958333333334,1.1000256090563079,-1.1880000000000024,324.5,16,5,1
2025-04-12 17:00:00,Hive_05,34.13,26.97,68.26,51.89,37.785,342.6,26,At Risk,7.160000000000004,16.370000000000005,32.53125,1.1161163742502642,-1.1260000000000048,330.7,17,5,1
2025-04-12 18:00:00,Hive_05,31.26,23.34,69.9,59.38,37.736,322.9,26,At Risk,7.920000000000002,10.520000000000003,32.51208333333333,1.1344524791881863,-1.0970000000000013,330.05,18,5,1
2025-04-12 19:00:00,Hive_05,32.46,23.55,73.68,58.9,37.645,307.3,24,At Risk,8.91,14.780000000000008,32.54541666666667,1.1199882731011288,-1.1049999999999969,321.1333333333333,19,5,1
2025-04-12 20:00:00,Hive_05,32.25,21.4,69.43,62.9,37.627,347.7,24,At Risk,10.850000000000001,6.530000000000008,32.51291666666667,1.1166272164781317,-1.091000000000001,326.98333333333335,20,5,1
2025-04-12 21:00:00,Hive_05,31.66,19.98,68.99,69.21,37.607,318.1,0,At Risk,11.68,-0.21999999999999886,32.454166666666666,1.1231164586587337,-1.036999999999999,323.3833333333333,21,5,1
2025-04-12 22:00:00,Hive_05,31.59,13.06,69.85,73.37,37.553,304.7,0,At Risk,18.53,-3.5200000000000102,32.32125,1.0199160771101783,-1.0250000000000057,323.8833333333333,22,5,1
2025-04-12 23:00:00,Hive_05,33.99,14.64,65.47,74.18,37.517,304.7,0,At Risk,19.35,-8.710000000000008,32.4175,1.0647810552654304,-1.0349999999999966,317.56666666666666,23,5,1
2025-04-13 00:00:00,Hive_05,30.51,11.42,67.44,78.05,37.454,319.4,0,At Risk,19.090000000000003,-10.61,32.34,1.13383918804556,-1.0600000000000023,316.9833333333333,0,6,1
2025-04-13 01:00:00,Hive_05,32.32,8.97,68.84,82.16,37.411,350.3,0,At Risk,23.35,-13.319999999999993,32.255,1.0491238580669136,-0.9949999999999974,324.15000000000003,1,6,1
2025-04-13 02:00:00,Hive_05,32.32,13.41,63.87,82.08,37.349,336.7,0,At Risk,18.91,-18.21,32.25333333333334,1.0489815626790433,-1.0210000000000008,322.31666666666666,2,6,1
2025-04-13 03:00:00,Hive_05,32.65,11.45,67.77,77.89,37.311,371.8,0,At Risk,21.2,-10.120000000000005,32.20666666666667,1.0024564033311858,-0.990000000000002,331.26666666666665,3,6,1
2025-04-13 04:00:00,Hive_05,33.46,14.08,68.99,78.86,37.282,320.3,0,At Risk,19.380000000000003,-9.870000000000005,32.208333333333336,1.0045923536944903,-0.9410000000000025,333.8666666666667,4,6,1
2025-04-13 05:00:00,Hive_05,32.54,15.44,64.59,76.86,37.207,328.4,0,At Risk,17.1,-12.269999999999996,32.23916666666667,1.0028694338991804,-0.9600000000000009,337.81666666666666,5,6,1
2025-04-13 06:00:00,Hive_05,34.36,16.9,68.74,70.84,37.17,346.2,24,At Risk,17.46,-2.1000000000000085,32.357083333333335,1.0793213615273551,-0.9919999999999973,342.2833333333333,6,6,1
2025-04-13 07:00:00,Hive_05,33.37,18.88,66.97,66.89,37.12,274.8,21,At Risk,14.489999999999998,0.0799999999999983,32.38791666666667,1.0978674156376211,-1.034000000000006,329.7,7,6,1
2025-04-13 08:00:00,Hive_05,31.37,19.29,63.14,65.9,37.063,323.7,23,At Risk,12.080000000000002,-2.760000000000005,32.349583333333335,1.117323973751046,-1.0589999999999975,327.53333333333336,8,6,1
2025-04-13 09:00:00,Hive_05,32.74,22.2,67.45,57.56,37.021,353.8,27,At Risk,10.540000000000003,9.89,32.45333333333333,1.0257411601063013,-1.083999999999996,324.53333333333336,9,6,1
2025-04-13 10:00:00,Hive_05,35.86,24.39,69.47,57.24,37.005,373.8,38,At Risk,11.469999999999999,12.229999999999997,32.64625,1.205331679050099,-1.1029999999999944,333.45,10,6,1
2025-04-13 11:00:00,Hive_05,30.41,25.72,69.29,53.52,36.976,308.0,38,At Risk,4.690000000000001,15.770000000000003,32.52583333333333,1.2792726080851933,-1.115000000000002,330.05,11,6,1
2025-04-13 12:00:00,Hive_05,32.97,29.25,68.64,51.06,36.915,309.5,33,At Risk,3.719999999999999,17.58,32.59166666666667,1.2587698158421792,-1.1000000000000014,323.93333333333334,12,6,1
2025-04-13 13:00:00,Hive_05,32.62,26.08,66.43,48.07,36.892,299.8,26,At Risk,6.539999999999999,18.360000000000007,32.59,1.2587018847934566,-1.0409999999999968,328.1,13,6,1
2025-04-13 14:00:00,Hive_05,28.85,25.07,69.41,50.22,36.828,327.5,33,At Risk,3.780000000000001,19.189999999999998,32.415,1.4667414341943836,-1.0559999999999974,328.73333333333335,14,6,1
2025-04-13 15:00:00,Hive_05,32.26,27.3,71.9,50.96,36.732,367.6,26,At Risk,4.959999999999997,20.940000000000005,32.45791666666667,1.4454756375811282,-1.097999999999999,331.03333333333336,15,6,1
2025-04-13 16:00:00,Hive_05,31.22,28.06,65.34,53.02,36.694,303.5,20,At Risk,3.16,12.32,32.382083333333334,1.461265024221986,-1.0929999999999964,319.31666666666666,16,6,1
2025-04-13 17:00:00,Hive_05,32.03,26.4,70.78,54.46,36.65,350.8,20,At Risk,5.630000000000003,16.32,32.294583333333335,1.4141643074288732,-1.134999999999998,326.45000000000005,17,6,1
2025-04-13 18:00:00,Hive_05,34.55,22.88,71.86,57.53,36.567,295.7,20,At Risk,11.669999999999998,14.329999999999998,32.431666666666665,1.4679523350473624,-1.168999999999997,324.15000000000003,18,6,1
2025-04-13 19:00:00,Hive_05,29.98,23.3,70.19,65.29,36.485,341.3,9,At Risk,6.68,4.8999999999999915,32.32833333333333,1.5508193252955458,-1.1600000000000037,331.06666666666666,19,6,1
2025-04-13 20:00:00,Hive_05,32.21,20.38,65.95,65.86,36.459,341.4,9,At Risk,11.830000000000002,0.09000000000000341,32.32666666666666,1.5509286605595096,-1.1679999999999993,333.3833333333333,20,6,1
2025-04-13 21:00:00,Hive_05,32.19,16.95,71.12,68.6,36.445,297.6,0,At Risk,15.239999999999998,2.5200000000000102,32.34875,1.5447845283826551,-1.161999999999999,321.7166666666667,21,6,1
2025-04-13 22:00:00,Hive_05,32.7,15.43,62.02,68.9,36.374,357.7,0,At Risk,17.270000000000003,-6.880000000000003,32.395,1.5376803535082333,-1.178999999999995,330.75,22,6,1
2025-04-13 23:00:00,Hive_05,32.13,14.73,65.61,71.89,36.36,344.5,0,At Risk,17.400000000000002,-6.280000000000001,32.3175,1.500212303816272,-1.1570000000000036,329.7,23,6,1
2025-04-14 00:00:00,Hive_05,31.66,14.22,68.52,80.56,36.26,382.4,0,At Risk,17.439999999999998,-12.040000000000006,32.36541666666667,1.4577349289868833,-1.1940000000000026,344.15000000000003,0,0,1
2025-04-14 01:00:00,Hive_05,32.01,13.89,67.47,78.79,36.189,309.5,0,At Risk,18.119999999999997,-11.320000000000007,32.3525,1.4595271717982434,-1.2220000000000013,338.84999999999997,1,0,1
2025-04-14 02:00:00,Hive_05,32.46,12.48,64.93,80.65,36.131,374.2,0,At Risk,19.98,-15.719999999999999,32.358333333333334,1.4596713944275723,-1.2179999999999964,344.31666666666666,2,0,1
2025-04-14 03:00:00,Hive_05,29.79,11.59,68.76,80.01,36.075,332.9,0,At Risk,18.2,-11.25,32.23916666666667,1.548845058258811,-1.235999999999997,350.2,3,0,1
2025-04-14 04:00:00,Hive_05,33.41,14.17,65.35,77.43,35.981,335.3,0,At Risk,19.239999999999995,-12.080000000000013,32.23708333333333,1.5471642479533039,-1.3009999999999948,346.4666666666667,4,0,1
2025-04-14 05:00:00,Hive_05,30.67,14.24,69.05,72.74,35.953,354.9,0,At Risk,16.43,-3.6899999999999977,32.15916666666667,1.5780255044686717,-1.2539999999999978,348.2,5,0,1
2025-04-14 06:00:00,Hive_05,32.91,16.43,67.51,69.65,35.904,356.1,13,At Risk,16.479999999999997,-2.1400000000000006,32.09875,1.5166648550713757,-1.2659999999999982,343.81666666666666,6,0,1
2025-04-14 07:00:00,Hive_05,29.96,16.24,66.18,69.53,35.825,327.3,17,At Risk,13.720000000000002,-3.3499999999999943,31.956666666666667,1.5517162074315574,-1.2949999999999946,346.7833333333333,7,0,1
2025-04-14 08:00:00,Hive_05,25.74,20.28,97.78,64.19,35.596,40.0,2,Critical,5.459999999999997,33.59,31.72208333333333,2.003930874375495,-1.4670000000000059,291.0833333333333,8,0,2
2025-04-14 09:00:00,Hive_05,28.39,21.6,82.95,63.01,35.379,402.7,4,Critical,6.789999999999999,19.940000000000005,31.540833333333335,2.1021746848911183,-1.642000000000003,302.71666666666664,9,0,2
2025-04-14 10:00:00,Hive_05,29.27,25.44,72.07,59.87,35.154,439.7,2,Critical,3.8299999999999983,12.199999999999996,31.26625,1.9374138129497946,-1.850999999999999,320.1166666666667,10,0,2
2025-04-14 11:00:00,Hive_05,28.24,24.88,80.47,57.66,34.935,559.2,2,Critical,3.3599999999999994,22.810000000000002,31.175833333333333,2.0276457041231932,-2.040999999999997,354.1666666666667,11,0,2
2025-04-14 12:00:00,Hive_05,28.28,24.37,80.82,53.14,34.704,40.0,1,Critical,3.91,27.679999999999993,30.980416666666667,2.072713993078015,-2.2109999999999985,301.48333333333335,12,0,2
2025-04-14 13:00:00,Hive_05,29.19,28.19,84.41,52.74,34.45,40.0,2,Critical,1.0,31.669999999999995,30.837499999999995,2.0729987730443638,-2.442,253.6,13,0,2
2025-04-14 14:00:00,Hive_05,27.07,28.92,82.7,50.3,34.266,393.6,5,Critical,-1.8500000000000014,32.400000000000006,30.763333333333335,2.176458364980298,-2.5620000000000047,312.5333333333333,14,0,2
2025-04-14 15:00:00,Hive_05,26.4,27.09,92.42,48.31,34.086,40.0,2,Critical,-0.6900000000000013,44.11,30.519166666666663,2.3248953537303687,-2.646000000000001,252.08333333333334,15,0,2
2025-04-14 16:00:00,Hive_05,27.95,27.21,76.3,50.13,33.908,40.0,5,Critical,0.7399999999999984,26.169999999999995,30.38291666666667,2.3772663862122068,-2.7860000000000014,185.4666666666667,16,0,2
2025-04-14 17:00:00,Hive_05,30.83,24.83,79.26,54.5,33.713,511.1,3,Critical,6.0,24.760000000000005,30.332916666666662,2.3536197453703203,-2.9369999999999976,177.45000000000002,17,0,2
2025-04-14 18:00:00,Hive_05,30.8,25.19,83.26,57.86,33.418,376.3,3,Critical,5.609999999999999,25.400000000000006,30.176666666666666,2.179524612440023,-3.149000000000001,233.5,18,0,2
2025-04-14 19:00:00,Hive_05,26.59,19.5,76.15,60.18,33.236,481.3,2,Critical,7.09,15.970000000000006,30.035416666666666,2.299377948331963,-3.2490000000000023,307.05,19,0,2
2025-04-14 20:00:00,Hive_05,31.45,18.14,79.34,67.89,33.11,421.7,3,Critical,13.309999999999999,11.450000000000003,30.00375,2.2732122693974435,-3.3490000000000038,311.73333333333335,20,0,2
2025-04-14 21:00:00,Hive_05,21.18,18.01,74.65,69.37,32.952,446.0,0,Critical,3.169999999999998,5.280000000000001,29.545,2.850479746044274,-3.493000000000002,379.40000000000003,21,0,2
2025-04-14 22:00:00,Hive_05,27.96,16.69,80.05,70.36,32.754,389.7,3,Critical,11.27,9.689999999999998,29.347499999999997,2.785852847326371,-3.6200000000000045,437.6833333333334,22,0,2
2025-04-14 23:00:00,Hive_05,30.13,13.45,90.65,75.88,32.517,451.8,3,Critical,16.68,14.77000000000001,29.264166666666664,2.7283199427751965,-3.8429999999999964,427.79999999999995,23,0,2
2025-04-15 00:00:00,Hive_05,30.63,14.05,77.15,77.91,32.269,460.5,3,Critical,16.58,-0.7599999999999909,29.221249999999998,2.6969150048672614,-3.9909999999999997,441.8333333333333,0,1,2
2025-04-15 01:00:00,Hive_05,26.45,11.3,79.33,81.54,32.069,40.0,2,Critical,15.149999999999999,-2.210000000000008,28.989583333333332,2.6857247085553726,-4.119999999999997,368.2833333333333,1,1,2
2025-04-15 02:00:00,Hive_05,32.33,12.63,85.13,79.26,31.847,422.8,4,Critical,19.699999999999996,5.86999999999999,28.984166666666663,2.6785426223433624,-4.283999999999999,368.4666666666667,2,1,2
2025-04-15 03:00:00,Hive_05,29.29,12.35,77.48,80.45,31.632,40.0,0,Critical,16.939999999999998,-2.969999999999999,28.963333333333335,2.673942971436127,-4.443000000000001,300.8,3,1,2
2025-04-15 04:00:00,Hive_05,27.46,13.86,77.9,74.95,31.421,392.2,4,Critical,13.600000000000001,2.950000000000003,28.71541666666667,2.5148376715988365,-4.560000000000002,301.21666666666664,4,1,2
2025-04-15 05:00:00,Hive_05,26.8,13.93,79.97,75.95,31.243,40.0,1,Critical,12.870000000000001,4.019999999999996,28.554166666666664,2.5081240463509684,-4.710000000000004,232.58333333333334,5,1,2
2025-04-15 06:00:00,Hive_05,26.6,14.4,68.92,73.82,30.961,480.5,4,Critical,12.200000000000001,-4.8999999999999915,28.29125,2.3578938879763887,-4.943000000000005,235.91666666666666,6,1,2
2025-04-15 07:00:00,Hive_05,25.42,17.48,84.41,68.75,30.733,392.4,1,Critical,7.940000000000001,15.659999999999997,28.10208333333333,2.399934743979969,-5.092000000000002,294.65000000000003,7,1,2
2025-04-15 08:00:00,Hive_05,28.52,20.15,79.04,65.62,30.577,479.4,4,Critical,8.370000000000001,13.420000000000002,28.217916666666667,2.347487054493459,-5.018999999999995,304.0833333333333,8,1,2
2025-04-15 09:00:00,Hive_05,26.54,22.13,78.82,62.93,30.342,455.7,3,Critical,4.41,15.889999999999993,28.140833333333333,2.371838246311613,-5.036999999999999,373.3666666666666,9,1,2
2025-04-15 10:00:00,Hive_05,28.39,23.49,82.32,53.69,30.087,40.0,2,Critical,4.900000000000002,28.629999999999995,28.104166666666668,2.360397749581999,-5.067000000000004,314.6666666666667,10,1,2
2025-04-15 11:00:00,Hive_05,27.35,24.68,70.79,55.65,29.831,329.7,1,Critical,2.6700000000000017,15.140000000000008,28.06708333333333,2.3651573698292996,-5.104000000000003,362.95,11,1,2
2025-04-15 12:00:00,Hive_05,31.0,26.16,91.12,50.97,29.626,438.2,3,Critical,4.84,40.150000000000006,28.180416666666662,2.4397941452127423,-5.077999999999999,355.90000000000003,12,1,2
2025-04-15 13:00:00,Hive_05,22.81,28.47,90.98,50.45,29.366,40.0,0,Critical,-5.66,40.53,27.914583333333336,2.662426123354171,-5.084000000000003,297.1666666666667,13,1,2
2025-04-15 14:00:00,Hive_05,23.03,26.82,82.25,46.87,29.213,40.0,2,Critical,-3.789999999999999,35.38,27.74625,2.839944599122812,-5.052999999999997,223.9333333333333,14,1,2
2025-04-15 15:00:00,Hive_05,25.62,27.85,83.1,49.3,28.99,40.0,4,Critical,-2.2300000000000004,33.8,27.71375,2.8604101446561896,-5.096,154.65,15,1,2
2025-04-15 16:00:00,Hive_05,28.95,27.58,68.08,51.75,28.733,371.5,2,Critical,1.370000000000001,16.33,27.755416666666665,2.871263892535756,-5.175000000000001,209.9,16,1,2
2025-04-15 17:00:00,Hive_05,31.97,21.81,80.06,53.51,28.548,386.4,3,Critical,10.16,26.550000000000004,27.802916666666672,2.9331026445026227,-5.165000000000003,219.35,17,1,2
2025-04-15 18:00:00,Hive_05,32.72,23.97,86.69,57.38,28.257,453.8,1,Critical,8.75,29.309999999999995,27.882916666666663,3.0425439572640407,-5.160999999999998,221.95000000000002,18,1,2
2025-04-15 19:00:00,Hive_05,26.22,22.6,80.44,62.58,28.012,40.0,3,Critical,3.6199999999999974,17.86,27.867499999999996,3.0503075397337223,-5.223999999999997,221.95000000000002,19,1,2
2025-04-15 20:00:00,Hive_05,23.69,20.65,73.97,68.49,27.934,423.9,1,Critical,3.0400000000000027,5.480000000000004,27.54416666666667,3.065295101286478,-5.175999999999998,285.93333333333334,20,1,2
2025-04-15 21:00:00,Hive_05,30.64,17.73,89.84,68.79,27.724,406.2,1,Critical,12.91,21.049999999999997,27.938333333333333,2.8088488539004453,-5.227999999999998,346.9666666666667,21,1,2
2025-04-15 22:00:00,Hive_05,26.63,17.73,81.31,72.17,27.624,406.7,4,Critical,8.899999999999999,9.14,27.88291666666667,2.821494329893835,-5.129999999999999,352.8333333333333,22,1,2
2025-04-15 23:00:00,Hive_05,25.49,12.58,88.27,73.41,27.437,342.3,2,Critical,12.909999999999998,14.86,27.689583333333335,2.8197956743224153,-5.080000000000002,345.4833333333333,23,1,2
2025-04-16 00:00:00,Hive_05,25.67,14.99,78.76,79.96,27.181,441.9,1,Critical,10.680000000000001,-1.1999999999999886,27.482916666666668,2.776346487533651,-5.087999999999997,343.5,0,2,2
2025-04-16 01:00:00,Hive_05,28.66,9.96,81.42,81.26,26.96,412.6,3,Critical,18.7,0.1599999999999966,27.575,2.7772476209056247,-5.109000000000002,405.59999999999997,1,2,2
2025-04-16 02:00:00,Hive_05,33.58,10.81,80.2,80.7,26.72,399.0,3,Critical,22.769999999999996,-0.5,27.627083333333335,2.880113945763184,-5.1270000000000024,401.45,2,2,2
2025-04-16 03:00:00,Hive_05,31.59,10.27,84.11,79.24,26.567,437.1,3,Critical,21.32,4.8700000000000045,27.722916666666666,2.9745682612069233,-5.065000000000001,406.59999999999997,3,2,2
2025-04-16 04:00:00,Hive_05,24.56,12.24,83.9,78.21,26.36,431.9,0,Critical,12.319999999999999,5.690000000000012,27.602083333333336,3.0438090826929214,-5.061,410.8,4,2,2
2025-04-16 05:00:00,Hive_05,26.9,16.3,81.37,77.62,26.098,40.0,4,Critical,10.599999999999998,3.75,27.60625,3.042731628137689,-5.145,360.4166666666667,5,2,2
2025-04-16 06:00:00,Hive_05,28.65,16.15,78.19,70.79,25.807,419.7,0,Critical,12.5,7.3999999999999915,27.691666666666663,3.042029738108439,-5.154,356.7166666666667,6,2,2
2025-04-16 07:00:00,Hive_05,26.02,16.75,72.39,71.11,25.58,445.1,2,Critical,9.27,1.2800000000000011,27.71666666666667,3.0249666425277595,-5.153000000000002,362.1333333333334,7,2,2
2025-04-16 08:00:00,Hive_05,27.75,22.49,80.85,64.13,25.438,432.3,1,Critical,5.260000000000002,16.72,27.684583333333336,3.020155451177179,-5.139000000000003,367.68333333333334,8,2,2
2025-04-16 09:00:00,Hive_05,30.07,21.96,70.96,59.16,25.245,482.7,4,Critical,8.11,11.799999999999997,27.831666666666663,3.0478198432816397,-5.096999999999998,375.28333333333336,9,2,2
2025-04-16 10:00:00,Hive_05,28.03,23.92,78.23,54.55,25.017,465.9,3,Critical,4.109999999999999,23.680000000000007,27.816666666666663,3.0458377396427005,-5.07,380.95,10,2,2
2025-04-16 11:00:00,Hive_05,30.29,26.77,85.6,57.45,24.808,446.8,4,Critical,3.5199999999999996,28.14999999999999,27.93916666666667,3.085121259919238,-5.023,448.75,11,2,2
2025-04-16 12:00:00,Hive_05,23.72,28.67,77.93,54.13,24.549,459.9,5,Critical,-4.950000000000003,23.800000000000004,27.635833333333327,3.1286737246574927,-5.077000000000002,455.45000000000005,12,2,2
2025-04-16 13:00:00,Hive_05,28.9,27.38,82.95,51.0,24.42,432.8,3,Critical,1.5199999999999996,31.950000000000003,27.889583333333334,2.9628269097436855,-4.945999999999998,453.3999999999999,13,2,2
2025-04-16 14:00:00,Hive_05,31.97,27.59,72.07,49.35,24.298,471.3,2,Critical,4.379999999999999,22.71999999999999,28.262083333333333,2.8862944186299435,-4.915000000000003,459.90000000000003,14,2,2
2025-04-16 15:00:00,Hive_05,26.07,28.86,74.41,54.03,24.021,391.2,1,Critical,-2.789999999999999,20.379999999999995,28.280833333333334,2.8697991395651976,-4.968999999999998,444.6499999999999,15,2,2
2025-04-16 16:00:00,Hive_05,29.58,29.8,83.61,51.15,23.754,40.0,1,Critical,-0.22000000000000242,32.46,28.307083333333335,2.87905249988626,-4.978999999999999,373.6666666666667,16,2,2
2025-04-16 17:00:00,Hive_05,26.37,27.83,91.3,54.17,23.518,450.3,4,Critical,-1.4599999999999973,37.129999999999995,28.07375,2.7949827914224614,-5.029999999999998,374.25,17,2,2
2025-04-16 18:00:00,Hive_05,26.51,26.57,86.88,57.28,23.303,419.5,6,Critical,-0.05999999999999872,29.599999999999994,27.815,2.6286481895353915,-4.954000000000001,367.51666666666665,18,2,2
2025-04-16 19:00:00,Hive_05,26.08,24.19,78.56,60.99,22.97,515.0,6,Critical,1.889999999999997,17.57,27.809166666666666,2.6324941333873295,-5.042000000000002,381.2166666666667,19,2,2
2025-04-16 20:00:00,Hive_05,34.2,21.29,66.88,65.38,22.953,370.0,15,At Risk,12.910000000000004,1.5,28.247083333333332,2.78710770944681,-4.981000000000002,364.3333333333333,20,2,1
2025-04-16 21:00:00,Hive_05,33.97,20.02,66.47,70.65,22.909,325.0,0,At Risk,13.95,-4.180000000000007,28.385833333333334,2.987124423059819,-4.815000000000001,353.3,21,2,1
2025-04-16 22:00:00,Hive_05,32.2,15.72,70.37,69.37,22.879,307.2,0,At Risk,16.480000000000004,1.0,28.617916666666662,3.060258555667496,-4.744999999999997,397.8333333333333,22,2,1
2025-04-16 23:00:00,Hive_05,30.71,14.14,75.01,77.18,22.868,315.7,0,At Risk,16.57,-2.1700000000000017,28.835416666666664,3.0134250038159354,-4.569000000000003,375.40000000000003,23,2,1
2025-04-17 00:00:00,Hive_05,33.06,14.77,65.94,79.93,22.833,308.6,0,At Risk,18.290000000000003,-13.990000000000009,29.14333333333333,3.0532130854114037,-4.3480000000000025,356.9166666666667,0,3,1
2025-04-17 01:00:00,Hive_05,30.97,11.79,62.76,80.25,22.748,325.5,0,At Risk,19.18,-17.490000000000002,29.239583333333332,3.073655915746863,-4.212,325.3333333333333,1,3,1
2025-04-17 02:00:00,Hive_05,32.65,13.12,74.98,79.38,22.732,310.6,0,At Risk,19.53,-4.3999999999999915,29.200833333333332,3.0219845432612713,-3.9879999999999995,315.43333333333334,2,3,1
2025-04-17 03:00:00,Hive_05,31.98,10.92,70.66,83.7,22.761,339.4,0,At Risk,21.060000000000002,-13.040000000000006,29.21708333333333,3.0364044514447532,-3.806000000000001,317.8333333333333,3,3,1
2025-04-17 04:00:00,Hive_05,32.79,12.53,66.74,80.77,22.664,371.8,0,At Risk,20.259999999999998,-14.030000000000001,29.560000000000002,2.9511191686927827,-3.695999999999998,328.59999999999997,4,3,1
2025-04-17 05:00:00,Hive_05,31.67,16.6,68.7,77.13,22.626,335.5,0,At Risk,15.07,-8.429999999999993,29.758750000000003,2.924691455298413,-3.4719999999999978,331.90000000000003,5,3,1
2025-04-17 06:00:00,Hive_05,34.57,15.11,68.93,72.16,22.589,302.5,19,At Risk,19.46,-3.2299999999999898,30.005416666666665,3.072998789126171,-3.218,330.8833333333333,6,3,1
2025-04-17 07:00:00,Hive_05,31.94,19.05,69.28,69.16,22.527,347.6,27,At Risk,12.89,0.12000000000000455,30.25208333333333,2.9752252076492947,-3.0529999999999973,334.56666666666666,7,3,1
2025-04-17 08:00:00,Hive_05,32.0,19.87,69.68,64.72,22.444,321.6,26,At Risk,12.129999999999999,4.960000000000008,30.429166666666664,2.946164664760605,-2.9939999999999998,336.40000000000003,8,3,1
2025-04-17 09:00:00,Hive_05,30.51,20.85,64.99,58.13,22.414,341.5,25,At Risk,9.66,6.859999999999992,30.4475,2.9452013292074155,-2.8309999999999995,336.75,9,3,1
2025-04-17 10:00:00,Hive_05,31.0,24.03,66.52,59.18,22.403,306.2,39,At Risk,6.969999999999999,7.339999999999996,30.571250000000003,2.9012760498427617,-2.6140000000000008,325.81666666666666,10,3,1
2025-04-17 11:00:00,Hive_05,31.12,26.41,72.53,58.69,22.375,317.5,48,At Risk,4.710000000000001,13.840000000000003,30.605833333333333,2.902724232684601,-2.433,322.81666666666666,11,3,1
2025-04-17 12:00:00,Hive_05,31.96,25.68,64.77,55.18,22.368,332.6,29,At Risk,6.280000000000001,9.589999999999996,30.94916666666667,2.5141649433397877,-2.181000000000001,327.8333333333333,12,3,1
2025-04-17 13:00:00,Hive_05,32.43,27.28,63.37,46.7,22.32,295.4,40,At Risk,5.149999999999999,16.669999999999995,31.096249999999998,2.4922328255044026,-2.1000000000000014,319.1333333333333,13,3,1
2025-04-17 14:00:00,Hive_05,32.67,24.84,69.08,49.43,22.307,286.5,36,At Risk,7.830000000000002,19.65,31.125416666666666,2.506955505348474,-1.9909999999999997,313.28333333333336,14,3,1
2025-04-17 15:00:00,Hive_05,32.98,27.54,66.31,48.37,22.277,308.3,26,At Risk,5.439999999999998,17.940000000000005,31.41333333333333,2.2883802258302572,-1.7439999999999998,307.75,15,3,1
2025-04-17 16:00:00,Hive_05,34.97,25.73,52.9,52.67,22.28,197.5,74,Healthy,9.239999999999998,0.22999999999999687,31.637916666666666,2.363876659709378,-1.4740000000000002,289.6333333333333,16,3,0
2025-04-17 17:00:00,Hive_05,34.31,27.14,55.87,54.07,22.258,167.8,86,Healthy,7.170000000000002,1.7999999999999972,31.96875,2.139527197872164,-1.2600000000000016,264.68333333333334,17,3,0
2025-04-17 18:00:00,Hive_05,34.66,22.79,55.52,56.67,22.285,214.1,35,Healthy,11.869999999999997,-1.1499999999999986,32.30833333333333,1.8645611831734135,-1.0180000000000007,244.93333333333337,18,3,0
2025-04-17 19:00:00,Hive_05,34.61,23.97,55.63,62.14,22.251,196.9,29,Healthy,10.64,-6.509999999999998,32.66375,1.3742248803376667,-0.7189999999999976,228.51666666666665,19,3,0
2025-04-17 20:00:00,Hive_05,34.75,18.33,55.43,64.02,22.269,193.3,33,Healthy,16.42,-8.589999999999996,32.68666666666667,1.405194297772624,-0.684000000000001,212.98333333333335,20,3,0
2025-04-17 21:00:00,Hive_05,34.71,17.63,55.24,70.78,22.263,204.1,2,Healthy,17.080000000000002,-15.54,32.717499999999994,1.4422092051100952,-0.6459999999999972,195.61666666666667,21,3,0
2025-04-17 22:00:00,Hive_05,34.3,16.18,55.48,71.55,22.256,196.2,2,Healthy,18.119999999999997,-16.07,32.805,1.472826327611064,-0.6230000000000011,195.4,22,3,0
2025-04-17 23:00:00,Hive_05,34.59,15.01,58.05,73.29,22.28,195.9,3,Healthy,19.580000000000005,-15.240000000000009,32.96666666666667,1.4455619237384016,-0.5879999999999974,200.08333333333334,23,3,0
2025-04-18 00:00:00,Hive_05,33.98,16.37,55.93,79.72,22.317,169.0,2,Healthy,17.609999999999996,-23.79,33.005,1.4602679920807697,-0.5159999999999982,192.5666666666667,0,4,0
2025-04-18 01:00:00,Hive_05,34.48,11.97,55.51,82.12,22.334,210.7,2,Healthy,22.509999999999998,-26.610000000000007,33.15125,1.422885349348731,-0.4140000000000015,194.86666666666667,1,4,0
2025-04-18 02:00:00,Hive_05,34.5,10.65,56.85,79.47,22.354,190.1,1,Healthy,23.85,-22.619999999999997,33.22833333333333,1.444496803213047,-0.3780000000000001,194.33333333333334,2,4,0
2025-04-18 03:00:00,Hive_05,34.73,13.25,54.92,78.54,22.393,188.9,3,Healthy,21.479999999999997,-23.620000000000005,33.34291666666667,1.4502278056932154,-0.36799999999999855,191.79999999999998,3,4,0
2025-04-18 04:00:00,Hive_05,34.24,14.55,57.89,77.11,22.385,204.6,2,Healthy,19.69,-19.22,33.403333333333336,1.4563822559212545,-0.2789999999999999,193.20000000000002,4,4,0
2025-04-18 05:00:00,Hive_05,34.22,14.36,57.9,77.17,22.378,197.8,0,Healthy,19.86,-19.270000000000003,33.50958333333333,1.4169117648164715,-0.2480000000000011,193.51666666666665,5,4,0
2025-04-18 06:00:00,Hive_05,35.1,17.57,56.7,76.28,22.381,200.0,46,Healthy,17.53,-19.58,33.531666666666666,1.4381288164672832,-0.2079999999999984,198.6833333333333,6,4,0
2025-04-18 07:00:00,Hive_05,34.77,16.11,53.7,68.29,22.345,181.2,68,Healthy,18.660000000000004,-14.590000000000003,33.64958333333333,1.4178258897421632,-0.18200000000000216,193.76666666666665,7,4,0
2025-04-18 08:00:00,Hive_05,34.38,17.42,55.39,64.06,22.36,206.0,68,Healthy,16.96,-8.670000000000002,33.74875,1.3801648058490399,-0.08399999999999963,196.41666666666666,8,4,0
2025-04-18 09:00:00,Hive_05,33.97,20.65,56.17,62.92,22.393,235.1,70,Healthy,13.32,-6.75,33.892916666666665,1.1955041838584926,-0.021000000000000796,204.11666666666665,9,4,0
2025-04-18 10:00:00,Hive_05,34.49,23.16,56.25,57.61,22.413,194.7,83,Healthy,11.330000000000002,-1.3599999999999994,34.038333333333334,1.0289786690934113,0.010000000000001563,202.46666666666667,10,4,0
2025-04-18 11:00:00,Hive_05,34.43,27.06,55.83,51.86,22.402,146.9,103,Healthy,7.370000000000001,3.969999999999999,34.17625,0.8217839158488073,0.027000000000001023,193.98333333333332,11,4,0
2025-04-18 12:00:00,Hive_05,34.78,26.9,54.69,49.49,22.391,205.5,90,Healthy,7.880000000000003,5.199999999999996,34.293749999999996,0.6805995598511214,0.022999999999999687,194.89999999999998,12,4,0
2025-04-18 13:00:00,Hive_05,34.19,26.81,56.1,48.97,22.376,188.0,89,Healthy,7.379999999999999,7.130000000000003,34.36708333333333,0.5541188003736309,0.05600000000000094,196.03333333333333,13,4,0
2025-04-18 14:00:00,Hive_05,34.68,30.19,55.15,50.27,22.404,229.1,80,Healthy,4.489999999999998,4.8799999999999955,34.450833333333335,0.4228055022745096,0.09700000000000131,199.88333333333333,14,4,0
2025-04-18 15:00:00,Hive_05,34.66,27.75,55.2,50.86,22.403,199.9,102,Healthy,6.909999999999997,4.340000000000003,34.520833333333336,0.2854731643013215,0.12599999999999767,194.01666666666665,15,4,0
2025-04-18 16:00:00,Hive_05,34.38,27.4,55.02,48.19,22.411,199.0,72,Healthy,6.980000000000004,6.830000000000005,34.496249999999996,0.2701016314358822,0.13100000000000023,194.73333333333332,16,4,0
2025-04-18 17:00:00,Hive_05,34.79,26.42,52.76,54.91,22.416,206.5,62,Healthy,8.369999999999997,-2.1499999999999986,34.51625,0.2734611092291684,0.15800000000000125,204.66666666666666,17,4,0
2025-04-18 18:00:00,Hive_05,34.25,23.02,56.46,56.44,22.389,180.8,54,Healthy,11.23,0.020000000000003126,34.49916666666667,0.2768756849698319,0.1039999999999992,200.54999999999998,18,4,0
2025-04-18 19:00:00,Hive_05,34.69,22.89,55.27,57.95,22.409,201.1,43,Healthy,11.799999999999997,-2.6799999999999997,34.5025,0.27874329783321045,0.1579999999999977,202.73333333333335,19,4,0
2025-04-18 20:00:00,Hive_05,34.57,20.69,54.87,65.94,22.417,203.5,38,Healthy,13.879999999999999,-11.07,34.495,0.2741786152190859,0.14800000000000324,198.4666666666667,20,4,0
2025-04-18 21:00:00,Hive_05,34.61,20.88,56.82,69.94,22.435,184.1,1,Healthy,13.73,-13.119999999999997,34.490833333333335,0.2715161403908263,0.17199999999999704,195.83333333333334,21,4,0
2025-04-18 22:00:00,Hive_05,34.67,18.74,53.52,71.07,22.471,193.1,2,Healthy,15.930000000000003,-17.54999999999999,34.50625,0.2707126263899303,0.21499999999999986,194.85,22,4,0
2025-04-18 23:00:00,Hive_05,34.55,14.0,56.36,76.62,22.494,204.2,2,Healthy,20.549999999999997,-20.260000000000005,34.50458333333333,0.2702974073234416,0.21399999999999864,194.46666666666667,23,4,0
2025-04-19 00:00:00,Hive_05,34.36,14.12,57.33,77.2,22.518,206.1,1,Healthy,20.240000000000002,-19.870000000000005,34.52041666666667,0.24848198546660613,0.2010000000000005,198.6833333333333,0,5,0
2025-04-19 01:00:00,Hive_05,34.36,9.59,54.53,78.9,22.545,222.9,3,Healthy,24.77,-24.370000000000005,34.51541666666667,0.2505295116984452,0.21100000000000207,202.3166666666667,1,5,0
2025-04-19 02:00:00,Hive_05,34.35,11.09,52.24,81.08,22.554,218.9,1,Healthy,23.26,-28.839999999999996,34.509166666666665,0.25279165964956796,0.1999999999999993,204.88333333333333,2,5,0
2025-04-19 03:00:00,Hive_05,34.71,13.52,54.63,78.16,22.594,195.3,1,Healthy,21.19,-23.529999999999994,34.50833333333333,0.25206394403808574,0.2010000000000005,206.75,3,5,0
2025-04-19 04:00:00,Hive_05,34.56,15.28,54.15,76.84,22.623,219.5,1,Healthy,19.28,-22.690000000000005,34.52166666666667,0.2456343458965695,0.23799999999999955,211.14999999999998,4,5,0
2025-04-19 05:00:00,Hive_05,34.54,15.16,57.29,76.88,22.663,187.2,3,Healthy,19.38,-19.589999999999996,34.535,0.2370837313105896,0.28500000000000014,208.31666666666663,5,5,0
2025-04-19 06:00:00,Hive_05,34.43,16.76,52.78,72.99,22.679,204.6,69,Healthy,17.669999999999998,-20.209999999999994,34.507083333333334,0.2049279654280244,0.29799999999999827,208.0666666666667,6,5,0
2025-04-19 07:00:00,Hive_05,34.15,16.92,57.39,65.67,22.68,220.5,60,Healthy,17.229999999999997,-8.280000000000001,34.481249999999996,0.20937406716204304,0.33500000000000085,207.66666666666666,7,5,0
2025-04-19 08:00:00,Hive_05,34.9,18.54,54.73,69.0,22.71,201.8,74,Healthy,16.36,-14.270000000000003,34.502916666666664,0.2247796827942373,0.3500000000000014,204.8166666666667,8,5,0
2025-04-19 09:00:00,Hive_05,34.39,24.71,55.04,58.08,22.726,181.3,87,Healthy,9.68,-3.039999999999999,34.52041666666667,0.19599199554782223,0.3329999999999984,202.48333333333335,9,5,0
2025-04-19 10:00:00,Hive_05,34.42,22.27,57.84,55.0,22.787,207.3,82,Healthy,12.150000000000002,2.8400000000000034,34.517500000000005,0.19698267414425139,0.3739999999999988,200.45000000000002,10,5,0
2025-04-19 11:00:00,Hive_05,34.94,25.89,53.17,55.06,22.821,178.6,83,Healthy,9.049999999999997,-1.8900000000000006,34.53875,0.21391409287471622,0.4190000000000005,199.01666666666668,11,5,0
2025-04-19 12:00:00,Hive_05,34.5,26.92,55.26,52.83,22.832,177.2,95,Healthy,7.579999999999998,2.4299999999999997,34.52708333333333,0.20773057731975905,0.4410000000000025,194.45000000000002,12,5,0
2025-04-19 13:00:00,Hive_05,35.05,28.94,55.62,53.2,22.87,200.3,74,Healthy,6.109999999999996,2.4199999999999946,34.562916666666666,0.22081822480442245,0.4939999999999998,191.08333333333334,13,5,0
2025-04-19 14:00:00,Hive_05,34.5,29.44,54.91,51.48,22.89,194.9,89,Healthy,5.059999999999999,3.4299999999999997,34.555416666666666,0.21972273371256743,0.48600000000000065,189.93333333333337,14,5,0
2025-04-19 15:00:00,Hive_05,34.1,26.34,58.37,48.89,22.901,218.1,67,Healthy,7.760000000000002,9.479999999999997,34.53208333333333,0.2371750255688837,0.4980000000000011,196.0666666666667,15,5,0
2025-04-19 16:00:00,Hive_05,34.94,26.66,54.1,53.11,22.903,188.1,68,Healthy,8.279999999999998,0.990000000000002,34.555416666666666,0.24882295376194563,0.49199999999999733,192.86666666666667,16,5,0
2025-04-19 17:00:00,Hive_05,34.58,24.13,56.01,51.52,22.89,189.9,59,Healthy,10.45,4.489999999999995,34.54666666666666,0.24385788210891385,0.4740000000000002,194.75,17,5,0
2025-04-19 18:00:00,Hive_05,34.63,26.56,56.02,51.83,22.886,194.8,53,Healthy,8.070000000000004,4.190000000000005,34.5625,0.23596702054013377,0.4969999999999999,197.6833333333333,18,5,0
2025-04-19 19:00:00,Hive_05,34.53,22.03,56.29,64.52,22.905,210.4,31,Healthy,12.5,-8.229999999999997,34.55583333333333,0.23446361851207526,0.4960000000000022,199.36666666666667,19,5,0
2025-04-19 20:00:00,Hive_05,34.29,20.3,56.39,64.87,22.875,220.2,7,Healthy,13.989999999999998,-8.480000000000004,34.54416666666666,0.24061364785940573,0.4579999999999984,203.58333333333334,20,5,0
2025-04-19 21:00:00,Hive_05,34.14,17.7,55.64,70.76,22.891,204.9,1,Healthy,16.44,-15.120000000000005,34.52458333333333,0.25378832615534325,0.4559999999999995,201.38333333333333,21,5,0
2025-04-19 22:00:00,Hive_05,34.47,15.3,56.38,69.36,22.892,193.9,3,Healthy,19.169999999999998,-12.979999999999997,34.51625,0.2520837076293325,0.4209999999999994,202.35,22,5,0
2025-04-19 23:00:00,Hive_05,34.66,14.1,54.75,76.31,22.915,214.8,2,Healthy,20.559999999999995,-21.560000000000002,34.520833333333336,0.253718719068527,0.4209999999999994,206.5,23,5,0
2025-04-20 00:00:00,Hive_05,34.15,14.59,54.23,73.82,22.91,189.2,2,Healthy,19.56,-19.589999999999996,34.51208333333333,0.2629593978687831,0.39199999999999946,205.5666666666667,0,6,0
2025-04-20 01:00:00,Hive_05,34.43,12.43,54.4,79.22,22.915,220.8,0,Healthy,22.0,-24.82,34.515,0.26158380484368404,0.36999999999999744,207.29999999999998,1,6,0
2025-04-20 02:00:00,Hive_05,34.88,13.91,53.52,84.59,22.915,215.5,1,Healthy,20.970000000000002,-31.07,34.537083333333335,0.2693063419176736,0.36100000000000065,206.51666666666665,2,6,0
2025-04-20 03:00:00,Hive_05,34.16,11.51,54.8,79.29,22.901,210.8,1,Healthy,22.65,-24.49000000000001,34.51416666666666,0.27723662263040444,0.3069999999999986,207.5,3,6,0
2025-04-20 04:00:00,Hive_05,34.61,13.15,56.23,77.1,22.917,189.5,1,Healthy,21.46,-20.869999999999997,34.51625,0.2777833453547905,0.2940000000000005,206.76666666666665,4,6,0
2025-04-20 05:00:00,Hive_05,34.44,17.88,54.14,77.5,22.898,216.9,1,Healthy,16.56,-23.36,34.51208333333334,0.27816134146217186,0.23499999999999943,207.11666666666667,5,6,0
2025-04-20 06:00:00,Hive_05,34.91,17.58,56.14,74.15,22.904,200.2,50,Healthy,17.33,-18.010000000000005,34.53208333333333,0.289046094814501,0.22500000000000142,208.95000000000002,6,6,0
2025-04-20 07:00:00,Hive_05,33.85,17.53,56.14,65.64,22.91,214.4,56,Healthy,16.32,-9.5,34.51958333333334,0.3118734298266861,0.23000000000000043,207.88333333333335,7,6,0
2025-04-20 08:00:00,Hive_05,34.97,20.0,54.53,66.86,22.9,218.2,67,Healthy,14.969999999999999,-12.329999999999998,34.5225,0.31588729415516636,0.18999999999999773,208.33333333333334,8,6,0
2025-04-20 09:00:00,Hive_05,34.28,21.34,56.16,60.32,22.883,201.5,80,Healthy,12.940000000000001,-4.160000000000004,34.51791666666667,0.3186790557593751,0.15700000000000003,206.7833333333333,9,6,0
2025-04-20 10:00:00,Hive_05,34.77,23.1,54.32,60.67,22.891,213.4,85,Healthy,11.670000000000002,-6.350000000000001,34.5325,0.32199446390052433,0.1039999999999992,210.76666666666665,10,6,0
2025-04-20 11:00:00,Hive_05,34.58,27.76,55.37,55.53,22.964,184.7,77,Healthy,6.819999999999997,-0.1600000000000037,34.5175,0.3103609399448571,0.14299999999999713,205.4,11,6,0
2025-04-20 12:00:00,Hive_05,33.76,26.57,52.14,54.82,22.966,231.8,90,Healthy,7.189999999999998,-2.6799999999999997,34.48666666666667,0.3467948480970309,0.13400000000000034,210.66666666666666,12,6,0
2025-04-20 13:00:00,Hive_05,35.0,25.98,54.04,52.16,22.985,202.4,94,Healthy,9.02,1.8800000000000026,34.484583333333326,0.3433970849774217,0.11499999999999844,208.66666666666666,13,6,0
2025-04-20 14:00:00,Hive_05,34.75,27.31,56.07,51.26,22.963,178.5,77,Healthy,7.440000000000001,4.810000000000002,34.495,0.347650499158557,0.0730000000000004,202.05000000000004,14,6,0
2025-04-20 15:00:00,Hive_05,34.18,28.13,55.49,51.63,22.992,210.0,73,Healthy,6.050000000000001,3.8599999999999994,34.498333333333335,0.3440635263216725,0.09100000000000108,203.4666666666667,15,6,0
2025-04-20 16:00:00,Hive_05,35.02,26.38,55.71,49.41,22.969,218.4,76,Healthy,8.640000000000004,6.300000000000004,34.501666666666665,0.34888227323796067,0.0660000000000025,204.29999999999998,16,6,0
2025-04-20 17:00:00,Hive_05,34.37,27.45,53.78,53.28,23.022,192.5,50,Healthy,6.919999999999998,0.5,34.492916666666666,0.34946517107871883,0.1319999999999979,205.6,17,6,0
2025-04-20 18:00:00,Hive_05,34.97,23.03,55.42,56.85,23.056,204.3,48,Healthy,11.939999999999998,-1.4299999999999997,34.507083333333334,0.3619329648076694,0.1700000000000017,201.01666666666665,18,6,0
2025-04-20 19:00:00,Hive_05,34.8,20.51,56.62,64.31,23.085,189.3,42,Healthy,14.289999999999996,-7.690000000000005,34.51833333333333,0.36683922158451177,0.17999999999999972,198.83333333333334,19,6,0
2025-04-20 20:00:00,Hive_05,34.55,21.63,57.96,66.89,23.106,219.8,32,Healthy,12.919999999999998,-8.93,34.52916666666667,0.36362805491163286,0.23100000000000165,205.71666666666667,20,6,0
2025-04-20 21:00:00,Hive_05,34.72,17.37,55.52,70.82,23.099,215.2,1,Healthy,17.349999999999998,-15.29999999999999,34.553333333333335,0.35582930283156844,0.20800000000000196,206.58333333333334,21,6,0
2025-04-20 22:00:00,Hive_05,34.25,17.17,55.44,70.31,23.12,203.3,1,Healthy,17.08,-14.870000000000005,34.54416666666666,0.360867513526526,0.22800000000000153,204.0666666666667,22,6,0
2025-04-20 23:00:00,Hive_05,34.56,16.01,54.76,75.88,23.116,216.9,1,Healthy,18.55,-21.119999999999997,34.54,0.36004830593779025,0.2010000000000005,208.13333333333335,23,6,0
2025-04-21 00:00:00,Hive_05,34.6,15.62,55.1,76.34,23.124,210.2,2,Healthy,18.980000000000004,-21.240000000000002,34.55875,0.3504445934002333,0.21399999999999864,209.11666666666667,0,0,0
2025-04-21 01:00:00,Hive_05,34.15,13.08,53.15,77.36,23.129,231.7,1,Healthy,21.07,-24.21,34.54708333333333,0.3594619066310329,0.2140000000000022,216.1833333333333,1,0,0
2025-04-21 02:00:00,Hive_05,34.55,15.15,55.89,79.93,23.133,203.4,0,Healthy,19.4,-24.040000000000006,34.53333333333333,0.3524160913597055,0.21799999999999997,213.45000000000002,2,0,0
2025-04-21 03:00:00,Hive_05,34.72,10.94,52.95,76.13,23.171,205.3,2,Healthy,23.78,-23.179999999999993,34.556666666666665,0.34508558064774447,0.2699999999999996,211.79999999999998,3,0,0
2025-04-21 04:00:00,Hive_05,34.4,12.1,56.6,75.74,23.223,207.6,0,Healthy,22.299999999999997,-19.139999999999993,34.547916666666666,0.34633458523155436,0.3059999999999974,212.51666666666665,4,0,0
2025-04-21 05:00:00,Hive_05,34.46,12.89,54.58,72.63,23.231,183.9,0,Healthy,21.57,-18.049999999999997,34.54875,0.3460876051446499,0.33300000000000196,207.01666666666665,5,0,0
2025-04-21 06:00:00,Hive_05,34.14,16.14,55.71,73.47,23.26,165.0,65,Healthy,18.0,-17.759999999999998,34.516666666666666,0.3468324575687304,0.35600000000000165,199.48333333333335,6,0,0
2025-04-21 07:00:00,Hive_05,34.19,18.98,56.18,70.79,23.288,190.2,68,Healthy,15.209999999999997,-14.610000000000007,34.53083333333333,0.3246525455965128,0.3780000000000001,192.5666666666667,7,0,0
2025-04-21 08:00:00,Hive_05,34.44,19.79,55.25,63.76,23.292,188.1,73,Healthy,14.649999999999999,-8.509999999999998,34.50875,0.31122915505540094,0.392000000000003,190.01666666666665,8,0,0
2025-04-21 09:00:00,Hive_05,34.01,22.91,54.12,61.41,23.285,226.0,79,Healthy,11.099999999999998,-7.289999999999999,34.497499999999995,0.32445606656435294,0.402000000000001,193.46666666666667,9,0,0
2025-04-21 10:00:00,Hive_05,34.46,23.58,56.13,56.38,23.258,203.5,79,Healthy,10.880000000000003,-0.25,34.48458333333333,0.3192651775924917,0.3670000000000009,192.78333333333333,10,0,0
2025-04-21 11:00:00,Hive_05,34.29,26.3,52.95,55.99,23.262,219.3,96,Healthy,7.989999999999998,-3.039999999999999,34.472500000000004,0.32098015650432654,0.2980000000000018,198.6833333333333,11,0,0
2025-04-21 12:00:00,Hive_05,34.33,26.36,53.05,50.74,23.288,214.5,86,Healthy,7.969999999999999,2.309999999999995,34.496249999999996,0.28504480959708356,0.3219999999999992,206.9333333333333,12,0,0
2025-04-21 13:00:00,Hive_05,34.36,26.98,53.9,49.11,23.295,211.8,95,Healthy,7.379999999999999,4.789999999999999,34.46958333333333,0.26510833169896514,0.3100000000000023,210.5333333333333,13,0,0
2025-04-21 14:00:00,Hive_05,34.69,26.74,53.59,50.3,23.307,218.2,82,Healthy,7.949999999999999,3.2900000000000063,34.467083333333335,0.26262022781565714,0.34399999999999764,215.54999999999998,14,0,0
2025-04-21 15:00:00,Hive_05,34.59,24.7,55.16,45.48,23.321,207.3,63,Healthy,9.890000000000004,9.68,34.48416666666667,0.25639501905668594,0.3290000000000006,212.4333333333333,15,0,0
2025-04-21 16:00:00,Hive_05,34.72,25.72,54.61,52.86,23.303,205.1,70,Healthy,9.0,1.75,34.471666666666664,0.23560591021345953,0.33399999999999963,212.70000000000002,16,0,0
2025-04-21 17:00:00,Hive_05,34.67,24.07,54.07,50.43,23.316,202.2,48,Healthy,10.600000000000001,3.6400000000000006,34.48416666666667,0.23792429681406946,0.2940000000000005,209.85000000000002,17,0,0
2025-04-21 18:00:00,Hive_05,34.05,24.63,52.56,55.78,23.326,223.9,50,Healthy,9.419999999999998,-3.219999999999999,34.44583333333333,0.23023459995072218,0.2699999999999996,211.41666666666666,18,0,0
2025-04-21 19:00:00,Hive_05,34.65,24.75,57.36,64.02,23.365,217.7,20,Healthy,9.899999999999999,-6.659999999999997,34.43958333333333,0.22209436237121763,0.2799999999999976,212.39999999999998,19,0,0
2025-04-21 20:00:00,Hive_05,34.85,19.64,54.54,63.61,23.41,201.5,29,Healthy,15.21,-9.07,34.45208333333333,0.23655092597512029,0.3039999999999985,209.61666666666667,20,0,0
2025-04-21 21:00:00,Hive_05,34.58,17.36,54.9,68.51,23.411,193.9,3,Healthy,17.22,-13.610000000000007,34.44625,0.23132534025362378,0.31200000000000117,207.38333333333335,21,0,0
2025-04-21 22:00:00,Hive_05,34.75,19.0,53.76,71.56,23.415,183.7,3,Healthy,15.75,-17.800000000000004,34.467083333333335,0.23536242481430614,0.29499999999999815,203.81666666666663,22,0,0
2025-04-21 23:00:00,Hive_05,34.77,15.07,53.7,76.96,23.418,206.7,1,Healthy,19.700000000000003,-23.25999999999999,34.475833333333334,0.24275442353313564,0.3019999999999996,204.5666666666667,23,0,0
2025-04-22 00:00:00,Hive_05,34.9,13.18,56.41,76.39,23.453,209.9,0,Healthy,21.72,-19.980000000000004,34.48833333333333,0.2567466466766174,0.3290000000000006,202.23333333333332,0,1,0
2025-04-22 01:00:00,Hive_05,34.42,11.55,56.59,78.09,23.433,191.2,1,Healthy,22.87,-21.5,34.499583333333334,0.24700781833540905,0.3039999999999985,197.8166666666667,1,1,0
2025-04-22 02:00:00,Hive_05,34.4,10.03,56.67,80.41,23.438,206.9,2,Healthy,24.369999999999997,-23.739999999999995,34.49333333333333,0.24757373371011346,0.3049999999999997,198.71666666666667,2,1,0
2025-04-22 03:00:00,Hive_05,34.62,8.55,55.51,76.62,23.447,220.0,2,Healthy,26.069999999999997,-21.110000000000007,34.48916666666667,0.2444144140534251,0.2759999999999998,203.0666666666667,3,1,0
2025-04-22 04:00:00,Hive_05,35.02,15.43,54.09,73.07,23.457,217.8,0,Healthy,19.590000000000003,-18.97999999999999,34.515,0.2663603312937851,0.23400000000000176,208.75,4,1,0
2025-04-22 05:00:00,Hive_05,34.31,13.96,56.37,77.62,23.481,202.5,2,Healthy,20.35,-21.250000000000007,34.50875,0.269448914251445,0.25,208.04999999999998,5,1,0
2025-04-22 06:00:00,Hive_05,34.78,17.94,53.68,73.71,23.502,207.3,61,Healthy,16.84,-20.029999999999994,34.53541666666667,0.2629593978687874,0.24199999999999733,207.61666666666667,6,1,0
2025-04-22 07:00:00,Hive_05,34.24,16.19,58.51,71.03,23.494,182.5,57,Healthy,18.05,-12.520000000000003,34.5375,0.2602883016963669,0.20599999999999952,206.16666666666666,7,1,0
2025-04-22 08:00:00,Hive_05,35.0,21.57,54.55,65.71,23.495,189.0,64,Healthy,13.43,-11.159999999999997,34.560833333333335,0.2758058022951831,0.2029999999999994,203.1833333333333,8,1,0
2025-04-22 09:00:00,Hive_05,34.14,19.97,56.08,59.82,23.534,203.3,71,Healthy,14.170000000000002,-3.740000000000002,34.566250000000004,0.26560533814694587,0.24899999999999878,200.4,9,1,0
2025-04-22 10:00:00,Hive_05,34.8,25.12,53.58,57.42,23.527,210.9,84,Healthy,9.679999999999996,-3.8400000000000034,34.580416666666665,0.268740689087072,0.2690000000000019,199.25,10,1,0
2025-04-22 11:00:00,Hive_05,34.63,27.05,55.82,52.68,23.506,199.9,68,Healthy,7.580000000000002,3.1400000000000006,34.59458333333333,0.261633317361538,0.24399999999999977,198.8166666666667,11,1,0
2025-04-22 12:00:00,Hive_05,34.44,29.13,54.99,49.37,23.497,227.7,83,Healthy,5.309999999999999,5.6200000000000045,34.59916666666667,0.2577311822787858,0.20899999999999963,202.21666666666667,12,1,0
2025-04-22 13:00:00,Hive_05,34.29,27.32,54.84,49.13,23.521,202.4,81,Healthy,6.969999999999999,5.710000000000001,34.59625,0.2609316502207745,0.2259999999999991,205.53333333333333,13,1,0
2025-04-22 14:00:00,Hive_05,34.85,27.99,54.24,47.27,23.522,170.8,79,Healthy,6.860000000000003,6.969999999999999,34.602916666666665,0.26543613276961825,0.21499999999999986,202.5,14,1,0
2025-04-22 15:00:00,Hive_05,34.83,30.25,55.17,51.73,23.479,201.0,80,Healthy,4.579999999999998,3.440000000000005,34.61291666666666,0.26941932997151347,0.1579999999999977,202.11666666666667,15,1,0
2025-04-01 00:00:00,Hive_06,34.42,12.97,55.93,75.34,46.772,213.5,2,Healthy,21.450000000000003,-19.410000000000004,34.42,0.0,0.0,213.5,0,1,0
2025-04-01 01:00:00,Hive_06,34.45,10.96,54.21,76.85,46.789,189.2,1,Healthy,23.490000000000002,-22.639999999999993,34.435,0.02121320343559723,0.0,201.35,1,1,0
2025-04-01 02:00:00,Hive_06,34.29,13.58,55.03,80.3,46.827,204.4,2,Healthy,20.71,-25.269999999999996,34.38666666666666,0.08504900548115671,0.0,202.36666666666667,2,1,0
2025-04-01 03:00:00,Hive_06,35.2,11.14,53.81,81.54,46.813,202.6,2,Healthy,24.060000000000002,-27.730000000000004,34.59,0.4125530268947254,0.0,202.425,3,1,0
2025-04-01 04:00:00,Hive_06,34.47,12.93,55.9,75.88,46.815,209.1,3,Healthy,21.54,-19.979999999999997,34.566,0.36128935771760595,0.0,203.76,4,1,0
2025-04-01 05:00:00,Hive_06,34.75,14.7,53.72,75.55,46.806,196.0,1,Healthy,20.05,-21.83,34.59666666666667,0.3317629675938329,0.0,202.46666666666667,5,1,0
2025-04-01 06:00:00,Hive_06,35.15,14.79,54.47,76.16,46.818,197.2,61,Healthy,20.36,-21.689999999999998,34.675714285714285,0.36805149743195376,0.0,199.75,6,1,0
2025-04-01 07:00:00,Hive_06,34.64,19.89,53.04,65.33,46.863,206.6,52,Healthy,14.75,-12.29,34.67125,0.3409833468912255,0.0,202.64999999999998,7,1,0
2025-04-01 08:00:00,Hive_06,34.66,19.64,56.56,64.42,46.85,227.6,86,Healthy,15.019999999999996,-7.859999999999999,34.669999999999995,0.31898275815473026,0.0,206.51666666666665,8,1,0
2025-04-01 09:00:00,Hive_06,35.01,20.76,56.85,61.26,46.853,212.2,108,Healthy,14.249999999999996,-4.409999999999997,34.704,0.3193813464253085,0.0,208.11666666666667,9,1,0
2025-04-01 10:00:00,Hive_06,34.55,24.16,55.37,56.23,46.853,206.6,72,Healthy,10.389999999999997,-0.8599999999999994,34.69,0.30652895458667345,0.0,207.69999999999996,10,1,0
2025-04-01 11:00:00,Hive_06,33.97,24.66,56.35,55.91,46.822,174.0,83,Healthy,9.309999999999999,0.44000000000000483,34.63,0.3586337711624233,0.0,204.0333333333333,11,1,0
2025-04-01 12:00:00,Hive_06,34.52,27.36,54.63,54.66,46.844,186.9,91,Healthy,7.160000000000004,-0.02999999999999403,34.621538461538464,0.34471839119891595,0.0,202.3166666666667,12,1,0
2025-04-01 13:00:00,Hive_06,34.46,25.93,53.79,50.68,46.857,202.4,100,Healthy,8.530000000000001,3.1099999999999994,34.61,0.3339967756638465,0.0,201.61666666666665,13,1,0
2025-04-01 14:00:00,Hive_06,34.27,25.59,56.3,49.85,46.882,207.6,77,Healthy,8.680000000000003,6.449999999999996,34.587333333333326,0.33360512728730723,0.0,198.28333333333333,14,1,0
2025-04-01 15:00:00,Hive_06,33.98,29.06,53.09,47.45,46.892,210.1,48,Healthy,4.919999999999998,5.640000000000001,34.549375,0.35626710485252455,0.0,197.9333333333333,15,1,0
2025-04-01 16:00:00,Hive_06,34.03,28.91,55.15,52.27,46.924,209.0,80,Healthy,5.120000000000001,2.8799999999999955,34.51882352941177,0.36723429770619764,0.0,198.33333333333334,16,1,0
2025-04-01 17:00:00,Hive_06,34.22,23.61,57.58,53.57,46.946,242.7,55,Healthy,10.61,4.009999999999998,34.50222222222222,0.36316509866572866,0.0,209.78333333333333,17,1,0
2025-04-01 18:00:00,Hive_06,34.91,22.91,54.45,57.21,46.959,201.5,50,Healthy,11.999999999999996,-2.759999999999998,34.52368421052632,0.36512114467995,0.0,212.21666666666667,18,1,0
2025-04-01 19:00:00,Hive_06,34.45,21.09,54.99,60.84,46.988,226.4,31,Healthy,13.360000000000003,-5.850000000000001,34.519999999999996,0.35576455845492944,0.0,216.2166666666667,19,1,0
2025-04-01 20:00:00,Hive_06,34.56,19.41,54.19,63.35,47.003,216.6,4,Healthy,15.150000000000002,-9.160000000000004,34.521904761904764,0.34686624291820306,0.0,217.71666666666667,20,1,0
2025-04-01 21:00:00,Hive_06,34.64,18.67,53.66,67.96,47.037,213.7,2,Healthy,15.969999999999999,-14.299999999999997,34.52727272727273,0.33944186427248274,0.0,218.3166666666667,21,1,0
2025-04-01 22:00:00,Hive_06,34.31,17.19,56.13,71.01,47.031,221.7,1,Healthy,17.12,-14.880000000000003,34.51782608695652,0.3347177443450617,0.0,220.4333333333333,22,1,0
2025-04-01 23:00:00,Hive_06,34.29,15.1,55.1,79.81,47.062,214.3,1,Healthy,19.189999999999998,-24.71,34.50833333333333,0.3306471476239945,0.0,215.70000000000002,23,1,0
2025-04-02 00:00:00,Hive_06,34.93,12.3,54.58,77.52,47.074,193.6,2,Healthy,22.63,-22.939999999999998,34.529583333333335,0.34095108876132896,0.3019999999999996,214.38333333333333,0,2,0
2025-04-02 01:00:00,Hive_06,34.21,12.51,52.0,77.48,47.067,211.9,3,Healthy,21.700000000000003,-25.480000000000004,34.51958333333334,0.34685517798175236,0.2779999999999987,211.96666666666667,1,2,0
2025-04-02 02:00:00,Hive_06,34.46,13.03,56.16,81.11,47.083,227.1,1,Healthy,21.43,-24.950000000000003,34.526666666666664,0.3436842163668701,0.2560000000000002,213.71666666666667,2,2,0
2025-04-02 03:00:00,Hive_06,34.72,14.29,51.98,81.24,47.111,198.1,1,Healthy,20.43,-29.259999999999998,34.50666666666667,0.3156176369495573,0.2979999999999947,211.11666666666665,3,2,0
2025-04-02 04:00:00,Hive_06,34.51,10.85,53.05,77.98,47.092,207.3,2,Healthy,23.659999999999997,-24.930000000000007,34.50833333333333,0.31552119293068914,0.277000000000001,208.7166666666667,4,2,0
2025-04-02 05:00:00,Hive_06,34.47,14.63,54.92,77.91,47.084,176.6,3,Healthy,19.839999999999996,-22.989999999999995,34.49666666666666,0.3113458396768092,0.2780000000000058,202.4333333333333,5,2,0
2025-04-02 06:00:00,Hive_06,34.55,17.7,54.85,69.71,47.088,193.9,53,Healthy,16.849999999999998,-14.859999999999992,34.471666666666664,0.2790148300042821,0.2700000000000031,202.48333333333335,6,2,0
2025-04-02 07:00:00,Hive_06,34.46,19.16,54.76,69.69,47.117,207.0,61,Healthy,15.3,-14.93,34.464166666666664,0.276702896178596,0.2539999999999978,201.66666666666666,7,2,0
2025-04-02 08:00:00,Hive_06,34.36,19.95,56.23,65.69,47.105,193.8,76,Healthy,14.41,-9.46,34.45166666666667,0.2742367537392628,0.25499999999999545,196.11666666666667,8,2,0
2025-04-02 09:00:00,Hive_06,34.52,20.37,52.46,57.97,47.089,211.3,76,Healthy,14.150000000000002,-5.509999999999998,34.43125,0.2478308065912149,0.2359999999999971,198.3166666666667,9,2,0
2025-04-02 10:00:00,Hive_06,34.47,25.93,55.6,55.09,47.076,215.5,89,Healthy,8.54,0.509999999999998,34.42791666666667,0.24669959141797776,0.22299999999999898,199.68333333333337,10,2,0
2025-04-02 11:00:00,Hive_06,34.62,23.24,54.11,54.32,47.056,204.2,110,Healthy,11.379999999999999,-0.21000000000000085,34.455000000000005,0.22930898084386492,0.23399999999999466,204.28333333333333,11,2,0
2025-04-02 12:00:00,Hive_06,34.27,26.35,55.32,55.15,47.082,199.9,87,Healthy,7.920000000000002,0.1700000000000017,34.444583333333334,0.23189163823660777,0.23799999999999955,205.28333333333333,12,2,0
2025-04-02 13:00:00,Hive_06,34.59,28.82,54.23,54.29,47.088,237.8,89,Healthy,5.770000000000003,-0.060000000000002274,34.45,0.2337780441210066,0.23100000000000165,210.41666666666666,13,2,0
2025-04-02 14:00:00,Hive_06,33.95,27.11,55.55,47.71,47.111,194.0,84,Healthy,6.840000000000003,7.839999999999996,34.43666666666666,0.25283895315374927,0.2289999999999992,210.45000000000002,14,2,0
2025-04-02 15:00:00,Hive_06,34.64,25.97,54.2,50.78,47.155,187.4,81,Healthy,8.670000000000002,3.4200000000000017,34.46416666666667,0.23636590401263394,0.2629999999999981,206.4666666666667,15,2,0
2025-04-02 16:00:00,Hive_06,34.44,28.2,52.86,51.86,47.192,197.5,75,Healthy,6.239999999999998,1.0,34.481249999999996,0.21770168060704048,0.2680000000000007,203.4666666666667,16,2,0
2025-04-02 17:00:00,Hive_06,34.44,26.67,57.0,53.14,47.18,231.9,52,Healthy,7.769999999999996,3.8599999999999994,34.49041666666667,0.21074359377888555,0.23400000000000176,208.08333333333334,17,2,0
2025-04-02 18:00:00,Hive_06,35.16,22.23,52.13,57.76,47.187,207.1,50,Healthy,12.929999999999996,-5.6299999999999955,34.50083333333333,0.23693544647667356,0.22799999999999443,209.2833333333333,18,2,0
2025-04-02 19:00:00,Hive_06,34.32,22.64,54.78,59.68,47.174,199.3,35,Healthy,11.68,-4.899999999999999,34.495416666666664,0.23961888520090993,0.18599999999999994,202.86666666666667,19,2,0
2025-04-02 20:00:00,Hive_06,33.95,19.29,54.66,65.64,47.231,183.7,42,Healthy,14.660000000000004,-10.980000000000004,34.47,0.26362028027811685,0.22800000000000153,201.15,20,2,0
2025-04-02 21:00:00,Hive_06,34.1,18.01,55.21,67.68,47.27,194.2,1,Healthy,16.09,-12.470000000000006,34.4475,0.2714093651263,0.2330000000000041,202.28333333333333,21,2,0
2025-04-02 22:00:00,Hive_06,34.03,17.52,55.15,73.18,47.31,199.4,0,Healthy,16.51,-18.03000000000001,34.435833333333335,0.2833329070755545,0.27900000000000347,202.6,22,2,0
2025-04-02 23:00:00,Hive_06,33.95,14.93,52.48,75.21,47.34,189.0,1,Healthy,19.020000000000003,-22.729999999999997,34.42166666666667,0.2990080218011726,0.2780000000000058,195.45000000000002,23,2,0
2025-04-03 00:00:00,Hive_06,34.53,13.02,54.7,76.7,47.326,192.3,2,Healthy,21.51,-22.0,34.405,0.27998447161910267,0.25200000000000244,192.98333333333335,0,3,0
2025-04-03 01:00:00,Hive_06,35.08,12.34,56.1,79.33,47.353,197.5,2,Healthy,22.74,-23.229999999999997,34.44125,0.30850709948846033,0.28600000000000136,192.68333333333337,1,3,0
2025-04-03 02:00:00,Hive_06,34.47,11.35,55.33,81.56,47.366,199.7,4,Healthy,23.119999999999997,-26.230000000000004,34.44166666666667,0.30854027524664507,0.28300000000000125,195.35,2,3,0
2025-04-03 03:00:00,Hive_06,34.71,11.27,54.11,78.14,47.37,183.7,2,Healthy,23.44,-24.03,34.441250000000004,0.3081545701923549,0.25900000000000034,193.6,3,3,0
2025-04-03 04:00:00,Hive_06,34.71,13.83,52.21,77.36,47.366,197.5,0,Healthy,20.880000000000003,-25.15,34.44958333333334,0.3127643809179912,0.2740000000000009,193.28333333333333,4,3,0
2025-04-03 05:00:00,Hive_06,34.71,11.72,56.92,74.99,47.365,211.0,2,Healthy,22.990000000000002,-18.069999999999993,34.459583333333335,0.31725012990940693,0.2809999999999988,196.95000000000002,5,3,0
2025-04-03 06:00:00,Hive_06,33.96,17.83,55.11,71.8,47.355,189.1,46,Healthy,16.130000000000003,-16.689999999999998,34.435,0.33243502143766585,0.2669999999999959,196.41666666666666,6,3,0
2025-04-03 07:00:00,Hive_06,34.71,17.42,54.45,69.17,47.373,200.2,69,Healthy,17.29,-14.719999999999999,34.44541666666667,0.3371360087647078,0.2560000000000002,196.86666666666667,7,3,0
2025-04-03 08:00:00,Hive_06,34.39,19.72,54.76,64.84,47.367,186.8,77,Healthy,14.670000000000002,-10.080000000000005,34.446666666666665,0.3368610430412525,0.26200000000000045,194.71666666666667,8,3,0
2025-04-03 09:00:00,Hive_06,34.8,20.45,54.47,60.48,47.393,191.1,67,Healthy,14.349999999999998,-6.009999999999998,34.458333333333336,0.34427828312556036,0.30400000000000205,195.95000000000002,9,3,0
2025-04-03 10:00:00,Hive_06,34.16,21.61,56.12,60.13,47.383,219.8,106,Healthy,12.549999999999997,-4.010000000000005,34.44541666666667,0.3495957810742679,0.30700000000000216,199.66666666666666,10,3,0
2025-04-03 11:00:00,Hive_06,34.73,23.13,55.77,52.22,47.409,191.4,108,Healthy,11.599999999999998,3.5500000000000043,34.449999999999996,0.3526915144256038,0.35300000000000153,196.4,11,3,0
2025-04-03 12:00:00,Hive_06,34.42,27.11,53.19,49.58,47.451,190.1,94,Healthy,7.310000000000002,3.6099999999999994,34.456250000000004,0.3506864386611911,0.3689999999999998,196.5666666666667,12,3,0
2025-04-03 13:00:00,Hive_06,33.93,27.02,55.9,49.28,47.487,186.3,73,Healthy,6.91,6.619999999999997,34.42875,0.3653147838568107,0.3990000000000009,194.25,13,3,0
2025-04-03 14:00:00,Hive_06,34.87,29.2,53.64,46.71,47.475,203.7,74,Healthy,5.669999999999998,6.93,34.467083333333335,0.36113925011138565,0.3640000000000043,197.0666666666667,14,3,0
2025-04-03 15:00:00,Hive_06,33.77,26.67,57.46,51.22,47.486,180.6,68,Healthy,7.100000000000001,6.240000000000002,34.43083333333333,0.3858465190096766,0.33099999999999596,195.3166666666667,15,3,0
2025-04-03 16:00:00,Hive_06,34.92,28.42,53.98,53.21,47.501,206.4,76,Healthy,6.5,0.769999999999996,34.450833333333335,0.3985726344438818,0.3089999999999975,193.08333333333334,16,3,0
2025-04-03 17:00:00,Hive_06,34.47,27.35,54.08,52.96,47.51,210.5,43,Healthy,7.119999999999997,1.1199999999999974,34.452083333333334,0.39858422454729814,0.3299999999999983,196.26666666666665,17,3,0
2025-04-03 18:00:00,Hive_06,34.41,25.66,56.87,55.22,47.527,205.1,38,Healthy,8.749999999999996,1.6499999999999986,34.420833333333334,0.368969383278752,0.3400000000000034,198.76666666666665,18,3,0
2025-04-03 19:00:00,Hive_06,34.32,20.5,54.26,63.0,47.556,184.3,42,Healthy,13.82,-8.740000000000002,34.420833333333334,0.368969383278752,0.3819999999999979,198.4333333333333,19,3,0
2025-04-03 20:00:00,Hive_06,34.34,20.06,54.13,64.99,47.545,207.2,23,Healthy,14.280000000000005,-10.859999999999992,34.437083333333334,0.3556803543812257,0.31400000000000006,199.01666666666665,20,3,0
2025-04-03 21:00:00,Hive_06,34.18,19.38,54.64,68.43,47.546,215.1,1,Healthy,14.8,-13.790000000000006,34.440416666666664,0.3527467273033005,0.27599999999999625,204.76666666666665,21,3,0
2025-04-03 22:00:00,Hive_06,34.65,15.59,57.49,75.32,47.582,186.7,2,Healthy,19.06,-17.82999999999999,34.46625,0.34397690139841103,0.27199999999999847,201.48333333333335,22,3,0
2025-04-03 23:00:00,Hive_06,34.8,16.63,56.45,78.67,47.586,187.4,1,Healthy,18.169999999999998,-22.22,34.501666666666665,0.3320642508109929,0.2459999999999951,197.63333333333333,23,3,0
2025-04-04 00:00:00,Hive_06,34.42,10.57,56.94,80.68,47.571,216.2,1,Healthy,23.85,-23.74000000000001,34.49708333333333,0.3324151302822709,0.24499999999999744,199.48333333333335,0,4,0
2025-04-04 01:00:00,Hive_06,34.83,10.35,55.32,82.74,47.582,206.6,2,Healthy,24.479999999999997,-27.419999999999995,34.486666666666665,0.31690989895863264,0.2289999999999992,203.20000000000002,1,4,0
2025-04-04 02:00:00,Hive_06,35.09,10.81,59.01,79.18,47.623,207.2,1,Healthy,24.28,-20.17000000000001,34.5125,0.3399264626356702,0.2569999999999979,203.20000000000002,2,4,0
2025-04-04 03:00:00,Hive_06,34.33,11.08,58.23,78.02,47.669,211.2,1,Healthy,23.25,-19.79,34.49666666666666,0.33917632539749104,0.2989999999999995,202.54999999999998,3,4,0
2025-04-04 04:00:00,Hive_06,33.85,14.41,55.43,77.51,47.662,187.9,1,Healthy,19.44,-22.080000000000005,34.46083333333333,0.3604214521756522,0.2959999999999994,202.75,4,4,0
2025-04-04 05:00:00,Hive_06,34.48,13.6,52.19,75.54,47.703,185.2,1,Healthy,20.879999999999995,-23.35000000000001,34.45125,0.3565451675759179,0.33800000000000097,202.38333333333333,5,4,0
2025-04-04 06:00:00,Hive_06,34.94,15.51,55.4,72.28,47.724,204.1,52,Healthy,19.43,-16.880000000000003,34.49208333333333,0.35394643621619415,0.3689999999999998,200.36666666666667,6,4,0
2025-04-04 07:00:00,Hive_06,34.43,18.39,56.74,65.02,47.813,181.9,64,Healthy,16.04,-8.279999999999994,34.48041666666666,0.3510540546345562,0.44000000000000483,196.25,7,4,0
2025-04-04 08:00:00,Hive_06,34.09,19.14,55.94,69.1,47.795,195.2,69,Healthy,14.950000000000003,-13.159999999999997,34.46791666666667,0.35964933605880045,0.4280000000000044,194.25,8,4,0
2025-04-04 09:00:00,Hive_06,34.7,23.68,55.03,58.96,47.81,214.4,65,Healthy,11.020000000000003,-3.9299999999999997,34.46375,0.3561974598937822,0.4170000000000016,194.78333333333333,9,4,0
2025-04-04 10:00:00,Hive_06,34.83,25.22,55.5,56.36,47.816,191.1,92,Healthy,9.61,-0.8599999999999994,34.49166666666667,0.3576088057794637,0.43299999999999983,195.3166666666667,10,4,0
2025-04-04 11:00:00,Hive_06,34.16,27.55,56.04,53.33,47.797,180.4,78,Healthy,6.609999999999996,2.710000000000001,34.46791666666667,0.3600118254901546,0.3879999999999981,194.51666666666665,11,4,0
2025-04-04 12:00:00,Hive_06,33.92,26.31,53.3,49.34,47.82,180.9,86,Healthy,7.610000000000003,3.9599999999999937,34.44708333333333,0.37697282991318276,0.3689999999999998,190.65,12,4,0
2025-04-04 13:00:00,Hive_06,34.6,30.65,53.58,50.41,47.873,191.9,86,Healthy,3.950000000000003,3.1700000000000017,34.475,0.36150650965333797,0.3859999999999957,192.31666666666663,13,4,0
2025-04-04 14:00:00,Hive_06,34.51,29.98,54.58,49.64,47.878,205.6,90,Healthy,4.529999999999998,4.939999999999998,34.46,0.35174101144227504,0.4029999999999987,194.04999999999998,14,4,0
2025-04-04 15:00:00,Hive_06,34.32,26.76,52.9,48.98,47.856,204.5,87,Healthy,7.559999999999999,3.9200000000000017,34.48291666666667,0.3214434721643939,0.37000000000000455,192.4,15,4,0
2025-04-04 16:00:00,Hive_06,34.43,28.23,53.35,47.25,47.869,193.7,75,Healthy,6.199999999999999,6.100000000000001,34.4625,0.30774424728844324,0.3680000000000021,192.83333333333334,16,4,0
2025-04-04 17:00:00,Hive_06,34.21,25.63,55.01,50.6,47.88,178.9,44,Healthy,8.580000000000002,4.409999999999997,34.45166666666667,0.31201542139517086,0.37000000000000455,192.58333333333334,17,4,0
2025-04-04 18:00:00,Hive_06,34.0,24.08,54.33,54.69,47.881,186.8,42,Healthy,9.920000000000002,-0.35999999999999943,34.43458333333333,0.32533566835108907,0.3539999999999992,193.56666666666663,18,4,0
2025-04-04 19:00:00,Hive_06,34.52,22.09,54.43,59.68,47.894,213.2,48,Healthy,12.430000000000003,-5.25,34.44291666666667,0.3248341271247957,0.33800000000000097,197.11666666666667,19,4,0
2025-04-04 20:00:00,Hive_06,34.57,21.93,54.35,66.68,47.896,186.8,30,Healthy,12.64,-12.330000000000005,34.4525,0.32505852315892453,0.3509999999999991,193.98333333333335,20,4,0
2025-04-04 21:00:00,Hive_06,34.49,18.98,53.98,67.43,47.91,191.8,1,Healthy,15.510000000000002,-13.45000000000001,34.46541666666667,0.3198774108483034,0.3639999999999972,191.86666666666667,21,4,0
2025-04-04 22:00:00,Hive_06,34.47,14.98,54.36,73.51,47.926,193.8,3,Healthy,19.49,-19.150000000000006,34.45791666666666,0.3174624820923442,0.3440000000000012,191.88333333333333,22,4,0
2025-04-04 23:00:00,Hive_06,34.08,12.88,54.48,75.23,47.902,211.2,2,Healthy,21.199999999999996,-20.750000000000007,34.42791666666667,0.31774995866543476,0.3160000000000025,197.26666666666668,23,4,0
2025-04-05 00:00:00,Hive_06,34.24,14.25,53.8,78.05,47.943,221.5,2,Healthy,19.990000000000002,-24.25,34.42041666666667,0.3200608524567853,0.3719999999999999,203.04999999999998,0,5,0
2025-04-05 01:00:00,Hive_06,34.29,11.5,55.34,82.23,47.98,187.5,2,Healthy,22.79,-26.89,34.39791666666667,0.3087982198454406,0.39799999999999613,198.76666666666668,1,5,0
2025-04-05 02:00:00,Hive_06,34.2,12.78,53.91,79.92,47.996,178.6,2,Healthy,21.42,-26.010000000000005,34.36083333333333,0.2734945618514623,0.37300000000000466,197.4,2,5,0
2025-04-05 03:00:00,Hive_06,34.08,13.08,56.97,81.46,48.039,206.2,0,Healthy,21.0,-24.489999999999995,34.35041666666667,0.27941677094273193,0.37000000000000455,199.79999999999998,3,5,0
2025-04-05 04:00:00,Hive_06,34.58,12.58,55.03,77.9,48.055,198.6,2,Healthy,22.0,-22.870000000000005,34.380833333333335,0.2617485794432951,0.3930000000000007,200.6,4,5,0
2025-04-05 05:00:00,Hive_06,34.33,13.65,57.88,74.93,48.094,208.3,3,Healthy,20.68,-17.050000000000004,34.374583333333334,0.2610676934814299,0.39099999999999824,200.11666666666667,5,5,0
2025-04-05 06:00:00,Hive_06,34.05,17.2,54.61,72.86,48.098,183.0,35,Healthy,16.849999999999998,-18.25,34.3375,0.23958750784014082,0.37400000000000233,193.70000000000002,6,5,0
2025-04-05 07:00:00,Hive_06,34.15,18.67,53.88,69.53,48.131,186.8,62,Healthy,15.479999999999997,-15.649999999999999,34.32583333333333,0.24169540059064704,0.31799999999999784,193.58333333333334,7,5,0
2025-04-05 08:00:00,Hive_06,34.24,19.72,55.14,66.01,48.144,203.5,70,Healthy,14.520000000000003,-10.870000000000005,34.33208333333333,0.23723001435347799,0.34899999999999665,197.73333333333335,8,5,0
2025-04-05 09:00:00,Hive_06,35.27,22.59,54.04,65.5,48.108,208.9,80,Healthy,12.680000000000003,-11.46,34.35583333333333,0.29673464454857257,0.2979999999999947,198.1833333333333,9,5,0
2025-04-05 10:00:00,Hive_06,34.52,25.59,56.69,58.07,48.143,179.2,76,Healthy,8.930000000000003,-1.3800000000000026,34.34291666666667,0.28155591253615,0.3269999999999982,194.95000000000002,10,5,0
2025-04-05 11:00:00,Hive_06,34.43,25.5,55.65,54.59,48.173,225.8,94,Healthy,8.93,1.0599999999999952,34.354166666666664,0.27931463740139373,0.3760000000000048,197.86666666666667,11,5,0
2025-04-05 12:00:00,Hive_06,34.48,25.65,55.77,51.71,48.191,230.8,85,Healthy,8.829999999999998,4.060000000000002,34.377500000000005,0.2644641834877266,0.3710000000000022,205.83333333333334,12,5,0
2025-04-05 13:00:00,Hive_06,34.32,28.3,55.22,55.22,48.182,201.2,80,Healthy,6.02,0.0,34.365833333333335,0.26036624149484033,0.3090000000000046,208.23333333333335,13,5,0
2025-04-05 14:00:00,Hive_06,34.22,29.57,56.26,50.29,48.196,214.3,73,Healthy,4.649999999999999,5.969999999999999,34.35375,0.2601138964577635,0.31799999999999784,210.03333333333333,14,5,0
2025-04-05 15:00:00,Hive_06,34.37,28.28,53.11,52.06,48.205,218.4,89,Healthy,6.089999999999996,1.0499999999999972,34.35583333333333,0.26003204930675733,0.34899999999999665,211.61666666666667,15,5,0
2025-04-05 16:00:00,Hive_06,34.37,26.29,54.3,49.44,48.224,198.4,62,Healthy,8.079999999999998,4.859999999999999,34.35333333333333,0.2595760199728259,0.3549999999999969,214.81666666666663,16,5,0
2025-04-05 17:00:00,Hive_06,34.63,27.31,52.41,54.67,48.185,178.4,55,Healthy,7.320000000000004,-2.260000000000005,34.37083333333333,0.26361890587785236,0.3049999999999997,206.91666666666666,17,5,0
2025-04-05 18:00:00,Hive_06,34.98,24.86,55.26,52.82,48.222,186.7,55,Healthy,10.119999999999997,2.4399999999999977,34.41166666666667,0.27912388813488687,0.3410000000000011,199.5666666666667,18,5,0
2025-04-05 19:00:00,Hive_06,34.43,22.2,55.71,62.75,48.254,190.2,42,Healthy,12.23,-7.039999999999999,34.407916666666665,0.27820822928263744,0.35999999999999943,197.73333333333332,19,5,0
2025-04-05 20:00:00,Hive_06,35.09,17.17,53.13,66.41,48.263,213.2,30,Healthy,17.92,-13.279999999999994,34.42958333333333,0.3098313589914556,0.36699999999999733,197.54999999999998,20,5,0
2025-04-05 21:00:00,Hive_06,34.37,18.18,54.87,68.1,48.273,182.3,1,Healthy,16.189999999999998,-13.229999999999997,34.42458333333333,0.30978224002012106,0.36300000000000665,191.53333333333333,21,5,0
2025-04-05 22:00:00,Hive_06,34.13,18.35,54.77,71.66,48.269,179.9,2,Healthy,15.780000000000001,-16.889999999999993,34.41041666666667,0.31533941915872654,0.3429999999999964,188.44999999999996,22,5,0
2025-04-05 23:00:00,Hive_06,34.55,13.28,52.7,74.36,48.244,210.1,0,Healthy,21.269999999999996,-21.659999999999997,34.43,0.30844631694150915,0.34199999999999875,193.73333333333332,23,5,0
2025-04-06 00:00:00,Hive_06,34.35,11.61,55.64,74.39,48.257,235.9,3,Healthy,22.740000000000002,-18.75,34.43458333333333,0.3063101464155251,0.31400000000000006,201.9333333333333,0,6,0
2025-04-06 01:00:00,Hive_06,35.31,10.88,56.59,77.09,48.278,201.1,2,Healthy,24.43,-20.5,34.47708333333333,0.35263577917394984,0.2980000000000018,203.75,1,6,0
2025-04-06 02:00:00,Hive_06,34.52,9.78,53.64,80.31,48.278,222.7,1,Healthy,24.740000000000002,-26.67,34.49041666666667,0.3477190165819926,0.2819999999999965,205.33333333333334,2,6,0
2025-04-06 03:00:00,Hive_06,34.34,15.38,52.68,76.01,48.263,187.6,2,Healthy,18.96,-23.330000000000005,34.50125,0.3382989737675348,0.22399999999999665,206.2166666666667,3,6,0
2025-04-06 04:00:00,Hive_06,33.83,13.47,57.22,76.63,48.268,183.3,2,Healthy,20.36,-19.409999999999997,34.47,0.36434575074639286,0.21300000000000097,206.78333333333333,4,6,0
2025-04-06 05:00:00,Hive_06,34.54,14.65,53.27,74.96,48.293,185.0,1,Healthy,19.89,-21.68999999999999,34.47875,0.36335768100842647,0.19899999999999807,202.60000000000002,5,6,0
2025-04-06 06:00:00,Hive_06,34.98,16.97,56.58,74.91,48.296,176.9,64,Healthy,18.009999999999998,-18.33,34.517500000000005,0.36523071921849787,0.1980000000000004,192.76666666666665,6,6,0
2025-04-06 07:00:00,Hive_06,34.78,19.99,54.5,67.54,48.336,192.3,80,Healthy,14.790000000000003,-13.040000000000006,34.54375,0.36027540793843654,0.2049999999999983,191.29999999999998,7,6,0
2025-04-06 08:00:00,Hive_06,34.36,21.18,55.61,68.6,48.327,212.7,78,Healthy,13.18,-12.989999999999995,34.548750000000005,0.3566914694071267,0.18299999999999983,189.63333333333333,8,6,0
2025-04-06 09:00:00,Hive_06,34.72,25.67,54.29,62.08,48.348,194.3,79,Healthy,9.049999999999997,-7.789999999999999,34.52583333333333,0.32455878635016483,0.240000000000002,190.75,9,6,0
2025-04-06 10:00:00,Hive_06,34.52,24.26,54.44,56.8,48.35,216.1,86,Healthy,10.260000000000002,-2.3599999999999994,34.52583333333333,0.32455878635016483,0.20700000000000074,196.2166666666667,10,6,0
2025-04-06 11:00:00,Hive_06,34.63,26.18,55.8,51.48,48.352,231.3,65,Healthy,8.450000000000003,4.32,34.53416666666667,0.32455878635016394,0.17899999999999494,203.93333333333337,11,6,0
2025-04-06 12:00:00,Hive_06,34.66,28.1,55.26,53.44,48.373,213.0,82,Healthy,6.559999999999995,1.8200000000000003,34.541666666666664,0.3253314920356378,0.18199999999999505,209.95000000000002,12,6,0
2025-04-06 13:00:00,Hive_06,34.17,28.18,56.08,50.14,48.372,177.5,83,Healthy,5.990000000000002,5.939999999999998,34.53541666666667,0.33116368167110455,0.18999999999999773,207.48333333333335,13,6,0
2025-04-06 14:00:00,Hive_06,34.55,26.8,57.07,52.06,48.369,213.1,113,Healthy,7.7499999999999964,5.009999999999998,34.54916666666667,0.32427734595780505,0.17300000000000182,207.54999999999998,14,6,0
2025-04-06 15:00:00,Hive_06,34.71,28.26,52.87,52.23,48.39,204.6,75,Healthy,6.449999999999999,0.6400000000000006,34.56333333333333,0.32353572031358213,0.18500000000000227,209.26666666666665,15,6,0
2025-04-06 16:00:00,Hive_06,34.21,25.6,58.2,53.4,48.403,181.7,64,Healthy,8.61,4.800000000000004,34.556666666666665,0.32928996956779494,0.17900000000000205,203.53333333333333,16,6,0
2025-04-06 17:00:00,Hive_06,34.23,25.24,54.83,59.22,48.402,207.5,55,Healthy,8.989999999999998,-4.390000000000001,34.54,0.3354814839703469,0.21699999999999875,199.56666666666663,17,6,0
2025-04-06 18:00:00,Hive_06,34.41,22.29,54.11,57.11,48.401,217.8,46,Healthy,12.119999999999997,-3.0,34.51625,0.3229189223857499,0.17900000000000205,200.36666666666665,18,6,0
2025-04-06 19:00:00,Hive_06,34.52,20.37,53.0,60.19,48.444,213.0,53,Healthy,14.150000000000002,-7.189999999999998,34.52,0.32239592186436494,0.19000000000000483,206.2833333333333,19,6,0
2025-04-06 20:00:00,Hive_06,34.96,20.59,53.7,60.81,48.438,202.3,43,Healthy,14.370000000000001,-7.109999999999999,34.514583333333334,0.3133685032682306,0.17500000000000426,204.48333333333335,20,6,0
2025-04-06 21:00:00,Hive_06,34.41,19.51,54.51,70.69,48.455,198.0,2,Healthy,14.899999999999995,-16.18,34.51625,0.31267169196541117,0.18199999999999505,203.38333333333333,21,6,0
2025-04-06 22:00:00,Hive_06,33.74,17.25,55.19,73.68,48.463,202.5,1,Healthy,16.490000000000002,-18.49000000000001,34.5,0.34234485537246234,0.19400000000000261,206.85,22,6,0
2025-04-06 23:00:00,Hive_06,34.39,12.36,55.86,76.53,48.459,221.2,3,Healthy,22.03,-20.67,34.49333333333333,0.34288629965740275,0.2150000000000034,209.13333333333333,23,6,0
2025-04-07 00:00:00,Hive_06,34.76,13.52,55.59,77.56,48.474,215.6,3,Healthy,21.24,-21.97,34.510416666666664,0.3456371453300057,0.21699999999999875,208.76666666666665,0,0,0
2025-04-07 01:00:00,Hive_06,34.27,10.39,52.75,77.39,48.483,209.0,1,Healthy,23.880000000000003,-24.64,34.467083333333335,0.303680025637197,0.2049999999999983,208.1,1,0,0
2025-04-07 02:00:00,Hive_06,34.54,11.2,55.51,82.25,48.516,198.2,4,Healthy,23.34,-26.740000000000002,34.46791666666667,0.3038589370467527,0.23799999999999955,207.41666666666666,2,0,0
2025-04-07 03:00:00,Hive_06,34.21,11.6,55.78,83.48,48.513,216.8,1,Healthy,22.61,-27.700000000000003,34.4625,0.3073766985029983,0.25,210.54999999999998,3,0,0
2025-04-07 04:00:00,Hive_06,34.78,13.51,54.02,76.69,48.557,185.1,0,Healthy,21.270000000000003,-22.669999999999995,34.50208333333334,0.28255017510040026,0.2890000000000015,207.65,4,0,0
2025-04-07 05:00:00,Hive_06,34.5,15.77,54.52,74.42,48.541,198.8,3,Healthy,18.73,-19.9,34.500416666666666,0.28243474300794263,0.24799999999999756,203.91666666666666,5,0,0
2025-04-07 06:00:00,Hive_06,34.83,17.5,53.41,72.96,48.544,205.9,48,Healthy,17.33,-19.549999999999997,34.494166666666665,0.2728579287382985,0.24799999999999756,202.29999999999998,6,0,0
2025-04-07 07:00:00,Hive_06,33.88,17.56,56.23,66.48,48.559,213.5,55,Healthy,16.320000000000004,-10.250000000000007,34.45666666666667,0.2929707904518213,0.22299999999999898,203.04999999999998,7,0,0
2025-04-07 08:00:00,Hive_06,34.76,18.93,54.65,65.01,48.585,184.9,68,Healthy,15.829999999999998,-10.360000000000007,34.473333333333336,0.29855691565269604,0.25800000000000267,200.83333333333334,8,0,0
2025-04-07 09:00:00,Hive_06,34.56,21.97,57.62,63.57,48.568,201.9,80,Healthy,12.590000000000003,-5.950000000000003,34.46666666666667,0.29456920153462596,0.21999999999999886,198.35,9,0,0
2025-04-07 10:00:00,Hive_06,35.01,24.93,55.02,55.87,48.556,199.8,81,Healthy,10.079999999999998,-0.8499999999999943,34.48708333333333,0.31471835810376353,0.20599999999999596,200.80000000000004,10,0,0
2025-04-07 11:00:00,Hive_06,34.51,29.83,54.83,56.49,48.585,215.0,59,Healthy,4.68,-1.6600000000000037,34.48208333333333,0.3132991231709767,0.2330000000000041,203.5,11,0,0
2025-04-07 12:00:00,Hive_06,34.11,27.89,56.32,52.07,48.64,208.4,101,Healthy,6.219999999999999,4.25,34.45916666666667,0.3197678052514917,0.267000000000003,203.91666666666666,12,0,0
2025-04-07 13:00:00,Hive_06,33.94,30.43,55.99,48.85,48.645,179.4,87,Healthy,3.509999999999998,7.140000000000001,34.44958333333334,0.33202251320559034,0.27300000000000324,198.23333333333335,13,0,0
2025-04-07 14:00:00,Hive_06,34.26,29.09,54.66,49.7,48.655,171.1,83,Healthy,5.169999999999998,4.959999999999994,34.4375,0.33348293744240054,0.28600000000000136,195.9333333333333,14,0,0
2025-04-07 15:00:00,Hive_06,34.03,25.71,56.52,51.83,48.657,191.9,81,Healthy,8.32,4.690000000000005,34.40916666666667,0.3381781967448803,0.2669999999999959,194.26666666666665,15,0,0
2025-04-07 16:00:00,Hive_06,34.28,25.63,54.16,52.57,48.675,182.9,57,Healthy,8.650000000000002,1.5899999999999963,34.412083333333335,0.3366843337307303,0.27199999999999847,191.45000000000002,16,0,0
2025-04-07 17:00:00,Hive_06,34.55,26.03,55.49,54.34,48.686,209.1,61,Healthy,8.519999999999996,1.1499999999999986,34.42541666666667,0.3354941736896563,0.2839999999999989,190.46666666666667,17,0,0
2025-04-07 18:00:00,Hive_06,35.08,20.99,55.0,54.0,48.715,194.8,49,Healthy,14.09,1.0,34.45333333333333,0.36105722377564176,0.31400000000000006,188.20000000000002,18,0,0
2025-04-07 19:00:00,Hive_06,34.58,21.39,54.2,66.05,48.692,229.6,38,Healthy,13.189999999999998,-11.849999999999994,34.45583333333334,0.3617459673963626,0.24799999999999756,196.5666666666667,19,0,0
2025-04-07 20:00:00,Hive_06,34.36,21.12,56.01,66.71,48.69,185.1,41,Healthy,13.239999999999998,-10.699999999999996,34.43083333333333,0.34576841541911224,0.25199999999999534,198.9,20,0,0
2025-04-07 21:00:00,Hive_06,34.62,17.69,55.96,69.92,48.669,191.2,1,Healthy,16.929999999999996,-13.96,34.43958333333334,0.3478690304106344,0.21399999999999864,198.78333333333333,21,0,0
2025-04-07 22:00:00,Hive_06,34.86,14.75,57.02,73.36,48.672,204.4,2,Healthy,20.11,-16.339999999999996,34.48625,0.3242625412411478,0.20899999999999608,202.36666666666667,22,0,0
2025-04-07 23:00:00,Hive_06,35.05,15.28,56.39,73.85,48.701,218.1,2,Healthy,19.769999999999996,-17.459999999999994,34.51375,0.34317966520277376,0.24199999999999733,203.86666666666667,23,0,0
2025-04-08 00:00:00,Hive_06,34.0,11.53,55.62,77.71,48.708,199.4,3,Healthy,22.47,-22.089999999999996,34.482083333333335,0.35435157151038194,0.23400000000000176,204.63333333333333,0,1,0
2025-04-08 01:00:00,Hive_06,34.51,11.59,52.24,78.98,48.712,162.7,1,Healthy,22.919999999999998,-26.740000000000002,34.49208333333333,0.3514810795410691,0.2290000000000063,193.48333333333335,1,1,0
2025-04-08 02:00:00,Hive_06,34.32,13.28,55.06,80.89,48.701,200.0,4,Healthy,21.04,-25.83,34.48291666666666,0.35304241852128143,0.18500000000000227,195.96666666666667,2,1,0
2025-04-08 03:00:00,Hive_06,34.55,15.04,53.53,79.59,48.695,205.4,1,Healthy,19.509999999999998,-26.060000000000002,34.49708333333333,0.34840604954895915,0.18200000000000216,198.33333333333334,3,1,0
2025-04-08 04:00:00,Hive_06,34.6,14.43,55.15,81.13,48.671,211.2,0,Healthy,20.17,-25.979999999999997,34.489583333333336,0.34396004781478134,0.11399999999999721,199.46666666666667,4,1,0
2025-04-08 05:00:00,Hive_06,34.81,13.72,54.3,77.53,48.673,189.5,0,Healthy,21.090000000000003,-23.230000000000004,34.5025,0.3501335149066174,0.132000000000005,194.70000000000002,5,1,0
2025-04-08 06:00:00,Hive_06,34.7,15.05,55.59,69.27,48.694,185.7,38,Healthy,19.650000000000002,-13.679999999999993,34.497083333333336,0.3458257813039477,0.15000000000000568,192.41666666666666,6,1,0
2025-04-08 07:00:00,Hive_06,34.46,18.01,54.57,69.01,48.738,206.4,80,Healthy,16.45,-14.440000000000005,34.521249999999995,0.3201400848269966,0.17900000000000205,199.70000000000002,7,1,0
2025-04-08 08:00:00,Hive_06,34.18,21.9,55.89,68.41,48.74,175.0,84,Healthy,12.280000000000001,-12.519999999999996,34.49708333333333,0.32321051380157406,0.15500000000000114,195.53333333333333,8,1,0
2025-04-08 09:00:00,Hive_06,34.38,21.63,53.81,59.01,48.736,196.7,95,Healthy,12.750000000000004,-5.199999999999996,34.489583333333336,0.3237750046300391,0.16799999999999926,194.08333333333334,9,1,0
2025-04-08 10:00:00,Hive_06,34.75,23.0,55.59,60.82,48.761,200.2,97,Healthy,11.75,-5.229999999999997,34.47875,0.3096465376213064,0.2050000000000054,192.25,10,1,0
2025-04-08 11:00:00,Hive_06,34.59,26.51,56.18,51.06,48.765,201.9,82,Healthy,8.080000000000002,5.119999999999997,34.482083333333335,0.31042718346156095,0.17999999999999972,194.31666666666663,11,1,0
2025-04-08 12:00:00,Hive_06,34.04,24.86,56.0,48.91,48.725,190.0,82,Healthy,9.18,7.090000000000003,34.479166666666664,0.31437884466199084,0.08500000000000085,195.03333333333333,12,1,0
2025-04-08 13:00:00,Hive_06,34.62,27.3,53.09,46.8,48.758,190.7,87,Healthy,7.319999999999997,6.290000000000006,34.5075,0.29363168292502806,0.11299999999999955,192.41666666666666,13,1,0
2025-04-08 14:00:00,Hive_06,34.51,28.01,54.36,50.49,48.775,207.0,76,Healthy,6.4999999999999964,3.8699999999999974,34.517916666666665,0.2888655346375576,0.11999999999999744,197.75,14,1,0
2025-04-08 15:00:00,Hive_06,34.71,28.37,56.4,52.89,48.788,186.0,70,Healthy,6.34,3.509999999999998,34.54625,0.2717705633993999,0.13100000000000023,195.96666666666667,15,1,0
2025-04-08 16:00:00,Hive_06,35.34,27.41,56.47,53.9,48.775,188.5,92,Healthy,7.930000000000003,2.5700000000000003,34.59041666666666,0.3100558037664627,0.10000000000000142,194.01666666666665,16,1,0
2025-04-08 17:00:00,Hive_06,34.21,25.34,57.35,54.49,48.795,188.4,50,Healthy,8.870000000000001,2.8599999999999994,34.576249999999995,0.31960318467150167,0.10900000000000176,191.76666666666665,17,1,0
2025-04-08 18:00:00,Hive_06,34.75,24.46,55.82,57.59,48.799,191.8,48,Healthy,10.29,-1.7700000000000031,34.5625,0.30369106155690134,0.08399999999999608,192.0666666666667,18,1,0
2025-04-08 19:00:00,Hive_06,34.5,21.24,53.65,60.86,48.822,194.4,31,Healthy,13.260000000000002,-7.210000000000001,34.55916666666666,0.303929578037067,0.13000000000000256,192.68333333333337,19,1,0
2025-04-08 20:00:00,Hive_06,34.52,19.47,55.63,65.48,48.85,219.6,32,Healthy,15.050000000000004,-9.850000000000001,34.56583333333333,0.30111267090526506,0.1600000000000037,194.78333333333333,20,1,0
2025-04-08 21:00:00,Hive_06,34.2,16.33,57.55,68.34,48.9,209.8,2,Healthy,17.870000000000005,-10.790000000000006,34.54833333333333,0.3099041460034657,0.23100000000000165,198.75,21,1,0
2025-04-08 22:00:00,Hive_06,34.02,16.38,54.89,73.23,48.892,204.2,1,Healthy,17.640000000000004,-18.340000000000003,34.513333333333335,0.320429964764273,0.22000000000000597,201.36666666666667,22,1,0
2025-04-08 23:00:00,Hive_06,34.59,17.26,54.6,77.44,48.936,199.6,2,Healthy,17.330000000000002,-22.839999999999996,34.494166666666665,0.3000422675538123,0.23499999999999943,203.23333333333332,23,1,0
2025-04-09 00:00:00,Hive_06,34.51,13.14,52.06,77.18,48.915,205.2,3,Healthy,21.369999999999997,-25.120000000000005,34.51541666666667,0.28097623552095813,0.20700000000000074,205.46666666666667,0,2,0
2025-04-09 01:00:00,Hive_06,34.07,12.79,56.18,78.05,48.913,209.6,2,Healthy,21.28,-21.869999999999997,34.497083333333336,0.2953329611997403,0.2009999999999934,208.0,1,2,0
2025-04-09 02:00:00,Hive_06,34.62,12.72,54.82,80.07,48.911,185.5,0,Healthy,21.9,-25.249999999999993,34.50958333333333,0.2938570958027318,0.21000000000000085,202.3166666666667,2,2,0
2025-04-09 03:00:00,Hive_06,34.72,12.0,55.34,82.53,48.906,215.0,1,Healthy,22.72,-27.189999999999998,34.516666666666666,0.2969067584080874,0.21099999999999852,203.1833333333333,3,2,0
2025-04-09 04:00:00,Hive_06,34.28,15.43,53.73,76.03,48.886,185.9,2,Healthy,18.85,-22.300000000000004,34.50333333333333,0.3001690345044855,0.2150000000000034,200.13333333333333,4,2,0
2025-04-09 05:00:00,Hive_06,34.82,13.27,52.47,67.89,48.908,200.5,4,Healthy,21.55,-15.420000000000002,34.503750000000004,0.3006198306976576,0.23499999999999943,200.28333333333333,5,2,0
2025-04-09 06:00:00,Hive_06,34.29,17.5,57.25,71.49,48.889,202.9,48,Healthy,16.79,-14.239999999999995,34.486666666666665,0.30063218414687454,0.19500000000000028,199.9,6,2,0
2025-04-09 07:00:00,Hive_06,34.56,17.41,55.69,69.59,48.901,206.3,61,Healthy,17.150000000000002,-13.900000000000006,34.490833333333335,0.3009393506233705,0.1630000000000038,199.35,7,2,0
2025-04-09 08:00:00,Hive_06,34.29,19.01,53.83,65.01,48.905,198.2,70,Healthy,15.279999999999998,-11.180000000000007,34.495416666666664,0.2968088122251182,0.16499999999999915,201.46666666666667,8,2,0
2025-04-09 09:00:00,Hive_06,34.56,23.45,55.18,60.12,48.903,201.1,88,Healthy,11.110000000000003,-4.939999999999998,34.50291666666667,0.2960387631296873,0.1670000000000016,199.15,9,2,0
2025-04-09 10:00:00,Hive_06,34.29,24.28,57.95,57.95,48.9,175.0,93,Healthy,10.009999999999998,0.0,34.48375,0.2942316818574918,0.1389999999999958,197.33333333333334,10,2,0
2025-04-09 11:00:00,Hive_06,34.34,25.48,57.81,53.79,48.917,208.2,90,Healthy,8.860000000000003,4.020000000000003,34.473333333333336,0.2947315162425951,0.15200000000000102,198.61666666666667,11,2,0
2025-04-09 12:00:00,Hive_06,34.42,27.33,52.81,54.81,48.944,207.5,91,Healthy,7.090000000000003,-2.0,34.48916666666667,0.280293583147413,0.2190000000000012,199.38333333333333,12,2,0
2025-04-09 13:00:00,Hive_06,34.51,28.43,54.8,49.77,48.942,217.8,74,Healthy,6.079999999999998,5.029999999999994,34.48458333333333,0.2789573625931391,0.1839999999999975,201.29999999999998,13,2,0
2025-04-09 14:00:00,Hive_06,33.97,31.54,54.66,51.75,48.949,205.9,74,Healthy,2.4299999999999997,2.9099999999999966,34.46208333333333,0.2979492102423671,0.1739999999999995,202.58333333333334,14,2,0
2025-04-09 15:00:00,Hive_06,34.28,27.78,53.68,50.27,48.977,174.6,83,Healthy,6.5,3.4099999999999966,34.44416666666667,0.2953099575268074,0.18900000000000006,198.16666666666666,15,2,0
2025-04-09 16:00:00,Hive_06,34.52,28.12,56.75,51.57,48.973,191.0,65,Healthy,6.400000000000002,5.18,34.410000000000004,0.22660058712842693,0.1980000000000004,200.83333333333334,16,2,0
2025-04-09 17:00:00,Hive_06,34.08,27.4,56.51,56.98,48.999,223.3,64,Healthy,6.68,-0.46999999999999886,34.404583333333335,0.23305120106713,0.20400000000000063,203.35,17,2,0
2025-04-09 18:00:00,Hive_06,34.71,23.93,58.37,59.79,49.029,202.3,38,Healthy,10.780000000000001,-1.4200000000000017,34.40291666666667,0.2306037287429156,0.23000000000000398,202.48333333333335,18,2,0
2025-04-09 19:00:00,Hive_06,34.44,21.2,56.39,58.25,49.039,215.3,43,Healthy,13.239999999999998,-1.8599999999999994,34.400416666666665,0.22982941058751757,0.21699999999999875,202.0666666666667,19,2,0
2025-04-09 20:00:00,Hive_06,34.64,19.4,55.21,65.18,49.052,188.5,25,Healthy,15.240000000000002,-9.970000000000006,34.40541666666667,0.23381484995175647,0.20199999999999818,199.16666666666666,20,2,0
2025-04-09 21:00:00,Hive_06,34.06,21.32,51.45,71.34,49.063,213.4,1,Healthy,12.740000000000002,-19.89,34.39958333333333,0.2408044338510197,0.1630000000000038,205.63333333333335,21,2,0
2025-04-09 22:00:00,Hive_06,34.45,17.53,56.13,72.62,49.062,195.7,2,Healthy,16.92,-16.490000000000002,34.4175,0.22693132460493026,0.1699999999999946,206.41666666666666,22,2,0
2025-04-09 23:00:00,Hive_06,34.71,14.3,55.94,79.42,49.071,213.1,1,Healthy,20.41,-23.480000000000004,34.4225,0.23215905342447507,0.134999999999998,204.71666666666667,23,2,0
2025-04-10 00:00:00,Hive_06,34.81,13.5,55.44,76.16,49.121,235.9,2,Healthy,21.310000000000002,-20.72,34.435,0.24480693368979736,0.20600000000000307,210.3166666666667,0,3,0
2025-04-10 01:00:00,Hive_06,34.77,12.38,55.32,77.6,49.142,225.9,1,Healthy,22.39,-22.279999999999994,34.46416666666667,0.2411010372124525,0.2290000000000063,212.08333333333334,1,3,0
2025-04-10 02:00:00,Hive_06,34.75,10.61,55.83,79.53,49.134,211.3,0,Healthy,24.14,-23.700000000000003,34.46958333333334,0.24616147345692774,0.22299999999999898,215.88333333333335,2,3,0
2025-04-10 03:00:00,Hive_06,34.33,11.02,56.33,79.26,49.15,226.5,1,Healthy,23.31,-22.930000000000007,34.45333333333333,0.24174486490955244,0.24399999999999977,218.0666666666667,3,3,0
2025-04-10 04:00:00,Hive_06,34.47,12.89,57.24,80.41,49.171,164.7,3,Healthy,21.58,-23.169999999999995,34.46125,0.23891625784124132,0.2849999999999966,212.89999999999998,4,3,0
2025-04-10 05:00:00,Hive_06,33.93,15.71,54.01,77.51,49.169,187.4,3,Healthy,18.22,-23.500000000000007,34.42416666666667,0.24964177233136653,0.2609999999999957,208.61666666666667,5,3,0
2025-04-10 06:00:00,Hive_06,34.67,15.98,55.85,72.43,49.112,190.3,35,Healthy,18.69,-16.580000000000005,34.440000000000005,0.2527930929160832,0.22299999999999898,201.01666666666665,6,3,0
2025-04-10 07:00:00,Hive_06,34.5,18.53,51.88,68.3,49.116,216.7,74,Healthy,15.969999999999999,-16.419999999999995,34.4375,0.25184967911346967,0.2149999999999963,199.48333333333335,7,3,0
2025-04-10 08:00:00,Hive_06,34.88,21.08,56.09,62.33,49.124,169.6,79,Healthy,13.800000000000004,-6.239999999999995,34.46208333333333,0.26526408771614174,0.2190000000000012,192.53333333333333,8,3,0
2025-04-10 09:00:00,Hive_06,34.52,21.18,57.31,61.81,49.131,199.8,94,Healthy,13.340000000000003,-4.5,34.46041666666667,0.2647472817393951,0.22800000000000153,188.08333333333334,9,3,0
2025-04-10 10:00:00,Hive_06,34.44,23.01,53.5,59.13,49.141,210.4,98,Healthy,11.429999999999996,-5.630000000000003,34.46666666666667,0.2623085913603331,0.24099999999999966,195.70000000000002,10,3,0
2025-04-10 11:00:00,Hive_06,34.2,27.87,54.52,53.8,49.127,196.7,85,Healthy,6.330000000000002,0.720000000000006,34.46083333333333,0.2667667384694276,0.21000000000000085,197.25,11,3,0
2025-04-10 12:00:00,Hive_06,34.28,28.02,53.91,47.6,49.161,183.3,92,Healthy,6.260000000000002,6.309999999999995,34.455000000000005,0.2692178687783519,0.21699999999999875,196.08333333333334,12,3,0
2025-04-10 13:00:00,Hive_06,34.68,27.54,55.18,52.6,49.16,172.2,91,Healthy,7.140000000000001,2.5799999999999983,34.46208333333333,0.27293858469349025,0.21799999999999642,188.66666666666666,13,3,0
2025-04-10 14:00:00,Hive_06,34.13,28.8,55.38,46.85,49.177,185.1,78,Healthy,5.330000000000002,8.530000000000001,34.46875,0.2621369124514095,0.22800000000000153,191.25,14,3,0
2025-04-10 15:00:00,Hive_06,34.11,24.97,55.81,53.27,49.186,219.3,70,Healthy,9.14,2.539999999999999,34.461666666666666,0.26964818732476004,0.20900000000000318,194.5,15,3,0
2025-04-10 16:00:00,Hive_06,33.92,27.02,55.89,48.61,49.16,196.6,80,Healthy,6.900000000000002,7.280000000000001,34.43666666666667,0.29097537123725586,0.1869999999999976,192.19999999999996,16,3,0
2025-04-10 17:00:00,Hive_06,34.02,26.78,55.76,53.06,49.197,190.1,52,Healthy,7.240000000000002,2.6999999999999957,34.43416666666667,0.29441048933738095,0.1980000000000004,191.1,17,3,0
2025-04-10 18:00:00,Hive_06,34.87,23.21,53.14,58.64,49.177,235.1,48,Healthy,11.659999999999997,-5.5,34.44083333333333,0.3026249891498767,0.14799999999999613,199.73333333333335,18,3,0
2025-04-10 19:00:00,Hive_06,34.65,22.45,56.44,59.73,49.193,226.1,36,Healthy,12.2,-3.289999999999999,34.44958333333334,0.3056209525975905,0.15399999999999636,208.71666666666667,19,3,0
2025-04-10 20:00:00,Hive_06,34.64,19.61,55.34,65.46,49.178,204.7,26,Healthy,15.030000000000001,-10.11999999999999,34.44958333333334,0.3056209525975905,0.12599999999999767,211.98333333333335,20,3,0
2025-04-10 21:00:00,Hive_06,34.21,17.06,53.3,68.95,49.135,226.2,2,Healthy,17.150000000000002,-15.650000000000006,34.45583333333333,0.2987643635501535,0.07199999999999562,213.13333333333333,21,3,0
2025-04-10 22:00:00,Hive_06,33.64,15.82,53.91,71.17,49.16,214.1,2,Healthy,17.82,-17.260000000000005,34.42208333333334,0.3420650734768826,0.09799999999999898,216.04999999999998,22,3,0
2025-04-10 23:00:00,Hive_06,34.4,14.58,56.63,78.21,49.162,186.8,0,Healthy,19.82,-21.57999999999999,34.40916666666667,0.3365285266888285,0.09100000000000108,215.5,23,3,0
2025-04-11 00:00:00,Hive_06,34.28,11.48,53.45,79.31,49.186,204.9,2,Healthy,22.8,-25.86,34.38708333333333,0.3263164530577987,0.06499999999999773,210.46666666666667,0,4,0
2025-04-11 01:00:00,Hive_06,34.52,13.04,55.19,77.98,49.178,183.4,1,Healthy,21.480000000000004,-22.790000000000006,34.376666666666665,0.31743080953267605,0.03599999999999426,203.35,1,4,0
2025-04-11 02:00:00,Hive_06,34.87,15.05,54.3,79.17,49.206,213.5,2,Healthy,19.819999999999997,-24.870000000000005,34.38166666666667,0.3244348486437349,0.07200000000000273,204.8166666666667,2,4,0
2025-04-11 03:00:00,Hive_06,34.61,12.85,57.57,82.24,49.183,205.2,2,Healthy,21.759999999999998,-24.669999999999995,34.39333333333334,0.32751590292176264,0.03300000000000125,201.3166666666667,3,4,0
2025-04-11 04:00:00,Hive_06,34.05,11.67,54.02,79.15,49.153,223.4,1,Healthy,22.379999999999995,-25.130000000000003,34.37583333333333,0.334389991875739,-0.018000000000000682,202.86666666666667,4,4,0
2025-04-11 05:00:00,Hive_06,34.63,17.59,54.12,77.21,49.142,207.8,1,Healthy,17.040000000000003,-23.089999999999996,34.404999999999994,0.32418459583068476,-0.026999999999993918,206.36666666666667,5,4,0
2025-04-11 06:00:00,Hive_06,34.21,13.99,57.73,69.47,49.197,203.1,51,Healthy,20.22,-11.740000000000002,34.38583333333333,0.32142233718360363,0.08500000000000085,206.0666666666667,6,4,0
2025-04-11 07:00:00,Hive_06,34.91,17.42,57.81,67.01,49.189,198.8,55,Healthy,17.489999999999995,-9.200000000000003,34.40291666666666,0.3382111402102392,0.0730000000000004,208.63333333333333,7,4,0
2025-04-11 08:00:00,Hive_06,34.11,19.37,55.7,67.37,49.213,197.9,78,Healthy,14.739999999999998,-11.670000000000002,34.37083333333333,0.32733331857491194,0.08899999999999864,206.03333333333333,8,4,0
2025-04-11 09:00:00,Hive_06,34.04,22.29,54.48,63.55,49.222,159.9,67,Healthy,11.75,-9.07,34.350833333333334,0.33244701005234184,0.09100000000000108,198.48333333333335,9,4,0
2025-04-11 10:00:00,Hive_06,34.29,22.78,53.77,59.4,49.248,175.7,63,Healthy,11.509999999999998,-5.6299999999999955,34.34458333333333,0.33210761962725377,0.10699999999999932,190.53333333333333,10,4,0
2025-04-11 11:00:00,Hive_06,34.08,25.11,55.86,51.5,49.276,211.8,99,Healthy,8.969999999999999,4.359999999999999,34.33958333333334,0.3352673062895551,0.1490000000000009,191.20000000000002,11,4,0
2025-04-11 12:00:00,Hive_06,34.64,28.79,54.21,47.75,49.271,208.4,72,Healthy,5.850000000000001,6.460000000000001,34.35458333333333,0.3404980899731318,0.10999999999999943,192.08333333333334,12,4,0
2025-04-11 13:00:00,Hive_06,34.65,25.1,55.21,51.78,49.263,211.2,95,Healthy,9.549999999999997,3.4299999999999997,34.35333333333333,0.3393044889651074,0.10300000000000153,194.15,13,4,0
2025-04-11 14:00:00,Hive_06,34.37,28.13,56.26,47.65,49.3,195.1,82,Healthy,6.239999999999998,8.61,34.36333333333334,0.33595634637056065,0.12299999999999756,193.6833333333333,14,4,0
2025-04-11 15:00:00,Hive_06,34.33,27.48,50.66,51.06,49.334,226.9,72,Healthy,6.849999999999998,-0.4000000000000057,34.372499999999995,0.3317181884095735,0.14800000000000324,204.85,15,4,0
2025-04-11 16:00:00,Hive_06,34.44,25.33,56.49,51.74,49.345,188.1,56,Healthy,9.11,4.75,34.39416666666667,0.31755748081753715,0.18500000000000227,206.91666666666666,16,4,0
2025-04-11 17:00:00,Hive_06,34.82,26.96,53.55,55.59,49.391,173.8,67,Healthy,7.859999999999999,-2.0400000000000063,34.4275,0.3185599390736438,0.1939999999999955,200.58333333333334,17,4,0
2025-04-11 18:00:00,Hive_06,34.97,21.14,56.25,55.92,49.39,192.2,51,Healthy,13.829999999999998,0.3299999999999983,34.431666666666665,0.3251844515597681,0.21300000000000097,197.88333333333333,18,4,0
2025-04-11 19:00:00,Hive_06,34.36,22.84,52.58,63.62,49.404,193.1,26,Healthy,11.52,-11.04,34.41958333333333,0.3220920630835905,0.21100000000000563,194.86666666666667,19,4,0
2025-04-11 20:00:00,Hive_06,34.59,20.45,53.66,64.57,49.423,180.2,21,Healthy,14.140000000000004,-10.909999999999997,34.4175,0.32076335581667803,0.24500000000000455,192.38333333333333,20,4,0
2025-04-11 21:00:00,Hive_06,34.74,17.57,56.62,72.37,49.462,254.0,2,Healthy,17.17,-15.750000000000007,34.43958333333334,0.32408371391229224,0.3270000000000053,196.89999999999998,21,4,0
2025-04-11 22:00:00,Hive_06,34.8,18.13,57.66,74.53,49.463,192.5,2,Healthy,16.669999999999998,-16.870000000000005,34.48791666666666,0.2836252758508116,0.3030000000000044,197.63333333333333,22,4,0
2025-04-11 23:00:00,Hive_06,34.97,14.07,54.28,76.24,49.467,202.6,1,Healthy,20.9,-21.959999999999994,34.51166666666666,0.29937132194951244,0.3049999999999997,202.4333333333333,23,4,0
2025-04-12 00:00:00,Hive_06,34.71,10.2,57.16,76.83,49.454,182.6,2,Healthy,24.51,-19.67,34.529583333333335,0.2977667480292035,0.2680000000000007,200.83333333333334,0,5,0
2025-04-12 01:00:00,Hive_06,33.98,9.16,57.05,78.6,49.449,224.8,3,Healthy,24.819999999999997,-21.549999999999997,34.507083333333334,0.3182216778157726,0.2710000000000008,206.11666666666667,1,5,0
2025-04-12 02:00:00,Hive_06,34.44,11.03,54.84,77.86,49.466,188.4,2,Healthy,23.409999999999997,-23.019999999999996,34.48916666666667,0.30886773117682387,0.259999999999998,207.48333333333335,2,5,0
2025-04-12 03:00:00,Hive_06,34.29,12.67,54.72,78.81,49.459,200.9,2,Healthy,21.619999999999997,-24.090000000000003,34.475833333333334,0.3103282507094779,0.27600000000000335,198.63333333333333,3,5,0
2025-04-12 04:00:00,Hive_06,34.46,13.46,56.51,81.52,49.474,196.4,1,Healthy,21.0,-25.009999999999998,34.492916666666666,0.29686007780956597,0.32099999999999795,199.28333333333333,4,5,0
2025-04-12 05:00:00,Hive_06,34.21,14.25,52.8,76.17,49.497,213.5,2,Healthy,19.96,-23.370000000000005,34.47541666666667,0.3007812894080511,0.3549999999999969,201.10000000000002,5,5,0
2025-04-12 06:00:00,Hive_06,34.71,16.23,56.18,74.03,49.49,183.5,46,Healthy,18.48,-17.85,34.496249999999996,0.298908339883942,0.29299999999999926,201.25,6,5,0
2025-04-12 07:00:00,Hive_06,33.94,17.9,57.58,68.4,49.494,202.6,72,Healthy,16.04,-10.820000000000007,34.45583333333334,0.30602524287280636,0.3049999999999997,197.54999999999998,7,5,0
2025-04-12 08:00:00,Hive_06,34.38,16.48,54.5,63.98,49.501,221.7,76,Healthy,17.900000000000002,-9.479999999999997,34.467083333333335,0.2976060887447861,0.2879999999999967,203.1,8,5,0
2025-04-12 09:00:00,Hive_06,34.08,23.51,51.88,61.21,49.48,205.4,78,Healthy,10.569999999999997,-9.329999999999998,34.46874999999999,0.29521270886982426,0.25799999999999557,203.85,9,5,0
2025-04-12 10:00:00,Hive_06,35.1,23.68,53.77,56.76,49.509,200.0,84,Healthy,11.420000000000002,-2.989999999999995,34.5025,0.31921438890964393,0.2610000000000028,204.44999999999996,10,5,0
2025-04-12 11:00:00,Hive_06,34.43,27.42,56.2,57.32,49.526,200.1,90,Healthy,7.009999999999998,-1.1199999999999974,34.51708333333334,0.3068277971459741,0.25,202.21666666666667,11,5,0
2025-04-12 12:00:00,Hive_06,34.33,25.9,56.35,51.4,49.534,180.5,82,Healthy,8.43,4.950000000000003,34.50416666666666,0.3079513889739995,0.2629999999999981,201.71666666666667,12,5,0
2025-04-12 13:00:00,Hive_06,34.51,22.93,54.8,49.52,49.584,208.6,93,Healthy,11.579999999999998,5.279999999999994,34.49833333333333,0.30639086526664155,0.32100000000000506,202.71666666666667,13,5,0
2025-04-12 14:00:00,Hive_06,34.35,25.54,53.82,49.27,49.578,172.9,71,Healthy,8.810000000000002,4.549999999999997,34.497499999999995,0.30678203563980894,0.2780000000000058,194.58333333333334,14,5,0
2025-04-12 15:00:00,Hive_06,34.35,29.04,54.99,50.23,49.611,200.1,83,Healthy,5.310000000000002,4.760000000000005,34.498333333333335,0.30633409818390367,0.2769999999999939,193.70000000000002,15,5,0
2025-04-12 16:00:00,Hive_06,34.61,25.66,57.84,50.77,49.65,208.7,71,Healthy,8.95,7.07,34.50541666666667,0.30689155663887674,0.3049999999999997,195.15,16,5,0
2025-04-12 17:00:00,Hive_06,33.81,27.76,53.42,55.98,49.667,173.2,51,Healthy,6.050000000000001,-2.559999999999995,34.46333333333333,0.3302392632841998,0.27600000000000335,190.66666666666666,17,5,0
2025-04-12 18:00:00,Hive_06,34.41,22.95,54.57,56.99,49.693,196.0,46,Healthy,11.459999999999997,-2.4200000000000017,34.440000000000005,0.31217330749607713,0.30299999999999727,193.25,18,5,0
2025-04-12 19:00:00,Hive_06,34.3,20.05,53.37,63.17,49.707,188.5,34,Healthy,14.249999999999996,-9.800000000000004,34.4375,0.3130807646876251,0.30299999999999727,189.9,19,5,0
2025-04-12 20:00:00,Hive_06,35.19,20.39,54.89,64.35,49.73,170.9,21,Healthy,14.799999999999997,-9.459999999999994,34.4625,0.34781616833683787,0.30699999999999505,189.56666666666663,20,5,0
2025-04-12 21:00:00,Hive_06,34.62,16.3,56.55,66.97,49.747,196.6,1,Healthy,18.319999999999997,-10.420000000000002,34.457499999999996,0.3445002681894546,0.2849999999999966,188.98333333333335,21,5,0
2025-04-12 22:00:00,Hive_06,34.54,17.67,56.41,76.64,49.763,211.3,0,Healthy,16.869999999999997,-20.230000000000004,34.446666666666665,0.3372738104098848,0.29999999999999716,189.41666666666666,22,5,0
2025-04-12 23:00:00,Hive_06,34.86,13.61,53.77,76.4,49.733,192.5,3,Healthy,21.25,-22.630000000000003,34.442083333333336,0.330532892090364,0.26599999999999824,192.63333333333333,23,5,0
2025-04-13 00:00:00,Hive_06,34.55,10.7,54.83,75.64,49.755,181.6,1,Healthy,23.849999999999998,-20.810000000000002,34.43541666666666,0.3264829600276292,0.30100000000000193,190.23333333333332,0,6,0
2025-04-13 01:00:00,Hive_06,34.94,14.07,53.4,77.1,49.782,194.4,0,Healthy,20.869999999999997,-23.699999999999996,34.47541666666667,0.3270683902245156,0.3329999999999984,191.21666666666667,1,6,0
2025-04-13 02:00:00,Hive_06,34.5,11.25,56.68,81.09,49.82,182.3,0,Healthy,23.25,-24.410000000000004,34.477916666666665,0.3270152126054084,0.3539999999999992,193.11666666666667,2,6,0
2025-04-13 03:00:00,Hive_06,34.83,10.32,55.84,77.69,49.819,199.8,3,Healthy,24.509999999999998,-21.849999999999994,34.500416666666666,0.33206179580295414,0.35999999999999943,193.65,3,6,0
2025-04-13 04:00:00,Hive_06,33.7,15.93,55.45,78.51,49.848,203.4,2,Healthy,17.770000000000003,-23.060000000000002,34.46875,0.3701387812581951,0.37400000000000233,192.33333333333334,4,6,0
2025-04-13 05:00:00,Hive_06,34.23,14.88,54.52,73.14,49.879,188.5,2,Healthy,19.349999999999994,-18.619999999999997,34.46958333333333,0.3695529516293555,0.3819999999999979,191.66666666666666,5,6,0
2025-04-13 06:00:00,Hive_06,34.49,16.46,52.37,75.67,49.902,232.1,57,Healthy,18.03,-23.300000000000004,34.46041666666667,0.36604204043021654,0.41199999999999903,200.08333333333334,6,6,0
2025-04-13 07:00:00,Hive_06,34.21,16.75,58.0,66.72,49.906,190.1,58,Healthy,17.46,-8.719999999999999,34.471666666666664,0.35327863946387544,0.41199999999999903,199.36666666666667,7,6,0
2025-04-13 08:00:00,Hive_06,34.2,19.52,56.77,68.14,49.918,218.1,85,Healthy,14.680000000000003,-11.369999999999997,34.464166666666664,0.3571982358721026,0.4170000000000016,205.33333333333334,8,6,0
2025-04-13 09:00:00,Hive_06,34.52,22.2,54.86,60.49,49.895,223.3,80,Healthy,12.320000000000004,-5.630000000000003,34.4825,0.34779116672533794,0.41500000000000625,209.25,9,6,0
2025-04-13 10:00:00,Hive_06,33.8,22.26,56.16,53.36,49.893,193.2,89,Healthy,11.539999999999996,2.799999999999997,34.428333333333335,0.34867035218491144,0.38400000000000034,207.54999999999998,10,6,0
2025-04-13 11:00:00,Hive_06,34.53,24.88,54.87,55.49,49.871,187.7,94,Healthy,9.650000000000002,-0.6200000000000045,34.4325,0.3492880958650611,0.34499999999999886,207.41666666666666,11,6,0
2025-04-13 12:00:00,Hive_06,35.2,25.91,55.98,54.42,49.911,210.8,84,Healthy,9.290000000000003,1.5599999999999952,34.46875,0.38181844649905794,0.37700000000000244,203.86666666666667,12,6,0
2025-04-13 13:00:00,Hive_06,34.34,28.03,53.44,54.54,49.898,196.7,78,Healthy,6.310000000000002,-1.1000000000000014,34.461666666666666,0.3825960142825914,0.31400000000000006,204.9666666666667,13,6,0
2025-04-13 14:00:00,Hive_06,34.79,30.51,54.55,50.43,49.886,180.4,75,Healthy,4.279999999999998,4.119999999999997,34.48,0.38752279035364584,0.30799999999999983,198.6833333333333,14,6,0
2025-04-13 15:00:00,Hive_06,34.68,28.25,52.77,51.55,49.896,184.6,82,Healthy,6.43,1.220000000000006,34.49375,0.3885627082735387,0.2850000000000037,192.23333333333335,15,6,0
2025-04-13 16:00:00,Hive_06,34.79,27.65,58.51,49.67,49.922,197.6,66,Healthy,7.140000000000001,8.839999999999996,34.50125,0.39262010070583303,0.27199999999999847,192.96666666666667,16,6,0
2025-04-13 17:00:00,Hive_06,34.58,25.34,53.29,52.87,49.895,203.3,60,Healthy,9.239999999999998,0.4200000000000017,34.53333333333334,0.36410302730511784,0.22800000000000153,195.5666666666667,17,6,0
2025-04-13 18:00:00,Hive_06,34.59,23.14,53.51,54.93,49.902,226.5,56,Healthy,11.450000000000003,-1.4200000000000017,34.54083333333333,0.3633050780131523,0.20900000000000318,198.18333333333337,18,6,0
2025-04-13 19:00:00,Hive_06,34.55,20.02,52.94,58.57,49.872,208.0,42,Healthy,14.529999999999998,-5.630000000000003,34.55125,0.3596654544579345,0.16499999999999915,200.0666666666667,19,6,0
2025-04-13 20:00:00,Hive_06,34.48,20.68,54.01,65.53,49.892,222.9,24,Healthy,13.799999999999997,-11.520000000000003,34.52166666666667,0.3330578571838258,0.16200000000000614,207.15,20,6,0
2025-04-13 21:00:00,Hive_06,34.24,16.4,55.3,66.61,49.859,206.6,2,Healthy,17.840000000000003,-11.310000000000002,34.505833333333335,0.3371867843439735,0.11200000000000188,210.8166666666667,21,6,0
2025-04-13 22:00:00,Hive_06,34.52,13.3,54.78,70.54,49.88,197.9,3,Healthy,21.220000000000002,-15.760000000000005,34.505,0.3371233808460055,0.11700000000000443,210.86666666666667,22,6,0
2025-04-13 23:00:00,Hive_06,34.18,13.86,56.1,73.64,49.89,209.5,2,Healthy,20.32,-17.54,34.47666666666667,0.3345557296354097,0.15700000000000358,211.9,23,6,0
2025-04-14 00:00:00,Hive_06,34.19,10.04,53.78,75.71,49.892,215.0,3,Healthy,24.15,-21.929999999999993,34.461666666666666,0.3391635063770398,0.13700000000000045,209.98333333333335,0,0,0
2025-04-14 01:00:00,Hive_06,34.29,11.83,55.13,78.99,49.906,212.1,2,Healthy,22.46,-23.859999999999992,34.434583333333336,0.3249612574455255,0.12400000000000233,210.66666666666666,1,0,0
2025-04-14 02:00:00,Hive_06,34.92,8.55,54.34,79.69,49.939,195.4,2,Healthy,26.37,-25.349999999999994,34.452083333333334,0.3396158848984537,0.11899999999999977,206.08333333333334,2,0,0
2025-04-14 03:00:00,Hive_06,34.72,10.57,56.32,77.29,49.949,181.6,2,Healthy,24.15,-20.970000000000006,34.4475,0.3350048669341428,0.12999999999999545,201.91666666666666,3,0,0
2025-04-14 04:00:00,Hive_06,34.4,14.96,52.51,81.48,49.976,195.9,2,Healthy,19.439999999999998,-28.970000000000006,34.47666666666667,0.2952031970291476,0.1280000000000001,201.58333333333334,4,0,0
2025-04-14 05:00:00,Hive_06,34.52,14.76,56.96,73.84,49.983,184.5,0,Healthy,19.760000000000005,-16.880000000000003,34.48875,0.29056635102472533,0.1039999999999992,197.41666666666666,5,0,0
2025-04-14 06:00:00,Hive_06,34.75,14.84,53.32,71.68,50.024,179.9,73,Healthy,19.91,-18.360000000000007,34.499583333333334,0.295421278658217,0.12199999999999989,191.56666666666663,6,0,0
2025-04-14 07:00:00,Hive_06,34.01,20.52,54.92,69.16,50.026,180.9,63,Healthy,13.489999999999998,-14.239999999999995,34.49125,0.3065560804074526,0.12000000000000455,186.36666666666667,7,0,0
2025-04-14 08:00:00,Hive_06,34.44,18.76,54.14,63.57,50.078,192.0,74,Healthy,15.679999999999996,-9.43,34.50125,0.30049687114047546,0.1600000000000037,185.79999999999998,8,0,0
2025-04-14 09:00:00,Hive_06,34.63,22.29,56.32,61.82,50.093,203.4,78,Healthy,12.340000000000003,-5.5,34.505833333333335,0.30163203420387763,0.1980000000000004,189.43333333333337,9,0,0
2025-04-14 10:00:00,Hive_06,34.48,23.79,55.36,55.68,50.111,202.7,82,Healthy,10.689999999999998,-0.3200000000000003,34.53416666666667,0.2617485794432858,0.21799999999999642,190.56666666666663,10,0,0
2025-04-14 11:00:00,Hive_06,34.59,25.57,54.67,53.29,50.125,215.0,81,Healthy,9.020000000000003,1.3800000000000026,34.53666666666667,0.2619934726479714,0.2539999999999978,195.64999999999998,11,0,0
2025-04-14 12:00:00,Hive_06,35.11,27.82,54.68,52.08,50.149,200.2,76,Healthy,7.289999999999999,2.6000000000000014,34.53291666666667,0.2525604390285956,0.23799999999999955,199.03333333333333,12,0,0
2025-04-14 13:00:00,Hive_06,34.37,26.95,51.67,52.27,50.158,183.6,89,Healthy,7.419999999999998,-0.6000000000000014,34.534166666666664,0.25163667159766645,0.259999999999998,199.48333333333335,13,0,0
2025-04-14 14:00:00,Hive_06,34.96,30.33,54.16,51.54,50.165,184.3,77,Healthy,4.630000000000003,2.6199999999999974,34.54125,0.2613562037094004,0.27899999999999636,198.20000000000002,14,0,0
2025-04-14 15:00:00,Hive_06,34.91,26.34,51.86,47.9,50.203,218.7,83,Healthy,8.569999999999997,3.960000000000001,34.55083333333333,0.27071429937123054,0.30700000000000216,200.75,15,0,0
2025-04-14 16:00:00,Hive_06,34.34,25.26,55.94,48.85,50.213,184.3,81,Healthy,9.080000000000002,7.089999999999996,34.53208333333333,0.269007502185129,0.2910000000000039,197.6833333333333,16,0,0
2025-04-14 17:00:00,Hive_06,34.53,28.18,52.74,53.94,50.214,207.7,63,Healthy,6.350000000000001,-1.1999999999999957,34.529999999999994,0.26881381952052896,0.3189999999999955,196.46666666666667,17,0,0
2025-04-14 18:00:00,Hive_06,34.37,23.24,54.58,56.95,50.233,170.5,49,Healthy,11.129999999999999,-2.3700000000000045,34.520833333333336,0.27042505458060967,0.33099999999999596,191.51666666666665,18,0,0
2025-04-14 19:00:00,Hive_06,34.36,22.6,54.32,59.98,50.233,200.1,40,Healthy,11.759999999999998,-5.659999999999997,34.51291666666666,0.27230863510660375,0.3609999999999971,194.26666666666665,19,0,0
2025-04-14 20:00:00,Hive_06,34.41,16.85,57.9,66.31,50.22,187.0,27,Healthy,17.559999999999995,-8.410000000000004,34.51,0.27305040146304266,0.32799999999999585,194.71666666666667,20,0,0
2025-04-14 21:00:00,Hive_06,34.25,18.55,55.89,64.98,50.211,220.6,1,Healthy,15.7,-9.090000000000003,34.510416666666664,0.2726277788434257,0.35199999999999676,195.03333333333333,21,0,0
2025-04-14 22:00:00,Hive_06,34.98,14.65,55.62,73.72,50.246,225.1,1,Healthy,20.33,-18.1,34.52958333333333,0.28900848741360446,0.36599999999999966,201.83333333333334,22,0,0
2025-04-14 23:00:00,Hive_06,34.63,15.75,54.89,72.56,50.281,217.6,2,Healthy,18.880000000000003,-17.67,34.54833333333333,0.2797928840607147,0.39099999999999824,203.48333333333335,23,0,0
2025-04-15 00:00:00,Hive_06,34.52,13.52,54.91,79.01,50.32,223.4,1,Healthy,21.000000000000004,-24.10000000000001,34.562083333333334,0.26933055763384905,0.42799999999999727,212.29999999999998,0,1,0
2025-04-15 01:00:00,Hive_06,34.02,12.63,54.5,79.65,50.362,188.8,4,Healthy,21.39,-25.150000000000006,34.55083333333334,0.2862944162110415,0.45600000000000307,210.41666666666666,1,1,0
2025-04-15 02:00:00,Hive_06,34.67,13.76,53.62,80.8,50.366,221.6,1,Healthy,20.910000000000004,-27.18,34.540416666666665,0.276664593147456,0.4269999999999996,216.18333333333337,2,1,0
2025-04-15 03:00:00,Hive_06,34.14,13.86,57.85,76.73,50.376,191.9,3,Healthy,20.28,-18.880000000000003,34.51625,0.2854868077360197,0.4269999999999996,211.39999999999998,3,1,0
2025-04-15 04:00:00,Hive_06,34.33,14.94,54.57,79.83,50.392,210.4,1,Healthy,19.39,-25.259999999999998,34.513333333333335,0.28707924472804025,0.4160000000000039,208.95000000000002,4,1,0
2025-04-15 05:00:00,Hive_06,34.89,14.6,56.13,76.14,50.372,196.8,1,Healthy,20.29,-20.009999999999998,34.528749999999995,0.2972089369011494,0.3890000000000029,205.48333333333332,5,1,0
2025-04-15 06:00:00,Hive_06,34.53,16.85,54.6,74.35,50.383,203.1,43,Healthy,17.68,-19.749999999999993,34.51958333333334,0.2934573395656108,0.35900000000000176,202.10000000000002,6,1,0
2025-04-15 07:00:00,Hive_06,34.88,16.1,55.74,64.78,50.401,219.0,47,Healthy,18.78,-9.04,34.55583333333333,0.2812536634221913,0.375,207.13333333333333,7,1,0
2025-04-15 08:00:00,Hive_06,34.59,17.4,52.4,65.77,50.418,194.0,61,Healthy,17.190000000000005,-13.369999999999997,34.562083333333334,0.2802324992273126,0.3399999999999963,202.53333333333333,8,1,0
2025-04-15 09:00:00,Hive_06,34.32,21.57,53.94,56.23,50.439,197.6,84,Healthy,12.75,-2.289999999999999,34.54916666666667,0.28408383126887615,0.34599999999999653,203.48333333333335,9,1,0
2025-04-15 10:00:00,Hive_06,34.67,20.18,54.54,55.82,50.466,172.9,91,Healthy,14.490000000000002,-1.2800000000000011,34.55708333333333,0.28471922350252615,0.355000000000004,197.23333333333335,10,1,0
2025-04-15 11:00:00,Hive_06,34.8,24.7,56.74,52.92,50.497,230.6,101,Healthy,10.099999999999998,3.8200000000000003,34.56583333333333,0.28896993474824173,0.3719999999999999,202.86666666666667,11,1,0
2025-04-15 12:00:00,Hive_06,34.39,25.74,58.04,52.29,50.529,197.2,98,Healthy,8.650000000000002,5.75,34.53583333333333,0.26652215287103637,0.38000000000000256,201.88333333333333,12,1,0
2025-04-15 13:00:00,Hive_06,34.22,25.88,52.47,51.01,50.554,213.6,93,Healthy,8.34,1.4600000000000009,34.529583333333335,0.2722767001586308,0.3960000000000008,200.98333333333335,13,1,0
2025-04-15 14:00:00,Hive_06,34.15,27.73,53.55,47.47,50.56,216.1,95,Healthy,6.419999999999998,6.079999999999998,34.49583333333333,0.2667504397399315,0.3950000000000031,204.66666666666666,14,1,0
2025-04-15 15:00:00,Hive_06,34.28,25.25,51.2,49.12,50.581,196.3,77,Healthy,9.030000000000001,2.0800000000000054,34.46958333333334,0.2549591470543157,0.3780000000000001,204.45000000000002,15,1,0
2025-04-15 16:00:00,Hive_06,34.37,28.95,55.86,52.19,50.612,204.4,76,Healthy,5.419999999999998,3.6700000000000017,34.47083333333334,0.25436906885154764,0.3990000000000009,209.70000000000002,16,1,0
2025-04-15 17:00:00,Hive_06,34.53,25.44,53.87,54.23,50.611,220.7,80,Healthy,9.09,-0.35999999999999943,34.47083333333334,0.25436906885154764,0.39699999999999847,208.04999999999998,17,1,0
2025-04-15 18:00:00,Hive_06,34.07,26.39,53.21,54.85,50.624,157.9,44,Healthy,7.68,-1.6400000000000006,34.458333333333336,0.26661593720370896,0.39100000000000534,201.5,18,1,0
2025-04-15 19:00:00,Hive_06,34.35,24.18,54.35,63.08,50.645,214.0,34,Healthy,10.170000000000002,-8.729999999999997,34.45791666666667,0.266784054778496,0.41200000000000614,201.5666666666667,19,1,0
2025-04-15 20:00:00,Hive_06,34.1,19.65,54.67,63.87,50.649,181.1,36,Healthy,14.450000000000003,-9.199999999999996,34.445,0.2765313096511656,0.42900000000000205,195.73333333333335,20,1,0
2025-04-15 21:00:00,Hive_06,34.27,18.65,52.02,70.27,50.668,190.0,1,Healthy,15.620000000000005,-18.249999999999993,34.44583333333333,0.2759476425869097,0.45700000000000074,194.68333333333337,21,1,0
2025-04-15 22:00:00,Hive_06,34.97,14.11,54.24,71.95,50.657,209.8,2,Healthy,20.86,-17.71,34.44541666666667,0.2751122959126262,0.41099999999999426,195.58333333333334,22,1,0
2025-04-15 23:00:00,Hive_06,35.14,11.16,51.1,76.93,50.642,157.3,1,Healthy,23.98,-25.830000000000005,34.46666666666667,0.30775013391960326,0.3610000000000042,185.01666666666668,23,1,0
2025-04-16 00:00:00,Hive_06,34.92,14.56,56.25,78.2,50.686,217.4,1,Healthy,20.36,-21.950000000000003,34.48333333333333,0.321297189620402,0.36599999999999966,194.9333333333333,0,2,0
2025-04-16 01:00:00,Hive_06,34.43,12.37,55.09,77.75,50.694,220.1,1,Healthy,22.060000000000002,-22.659999999999997,34.500416666666666,0.3061326675559556,0.33200000000000074,195.95000000000002,1,2,0
2025-04-16 02:00:00,Hive_06,34.7,10.6,52.9,78.26,50.7,219.9,2,Healthy,24.1,-25.360000000000007,34.50166666666667,0.3069154630338346,0.3340000000000032,202.41666666666666,2,2,0
2025-04-16 03:00:00,Hive_06,34.19,12.16,53.71,79.42,50.706,204.1,2,Healthy,22.029999999999998,-25.71,34.503750000000004,0.304514046224183,0.3300000000000054,204.76666666666668,3,2,0
2025-04-16 04:00:00,Hive_06,34.98,13.21,56.19,80.7,50.741,185.1,0,Healthy,21.769999999999996,-24.510000000000005,34.530833333333334,0.3170367783721277,0.34899999999999665,200.65,4,2,0
2025-04-16 05:00:00,Hive_06,34.41,15.12,56.16,72.92,50.779,196.2,1,Healthy,19.29,-16.760000000000005,34.51083333333333,0.30841694910097145,0.4070000000000036,207.13333333333333,5,2,0
2025-04-16 06:00:00,Hive_06,34.45,16.48,54.99,70.35,50.788,201.3,41,Healthy,17.970000000000002,-15.359999999999992,34.5075,0.30863303100297684,0.40499999999999403,204.44999999999996,6,2,0
2025-04-16 07:00:00,Hive_06,34.01,16.84,55.51,67.39,50.816,211.9,57,Healthy,17.169999999999998,-11.880000000000003,34.471250000000005,0.3140245421037586,0.41499999999999915,203.08333333333334,7,2,0
2025-04-16 08:00:00,Hive_06,34.69,18.78,55.33,66.49,50.861,199.6,67,Healthy,15.909999999999997,-11.159999999999997,34.47541666666667,0.31632370825752865,0.44299999999999784,199.69999999999996,8,2,0
2025-04-16 09:00:00,Hive_06,34.7,21.47,54.84,58.0,50.881,227.6,74,Healthy,13.230000000000004,-3.1599999999999966,34.49125,0.317713468121961,0.44200000000000017,203.61666666666667,9,2,0
2025-04-16 10:00:00,Hive_06,34.55,20.49,53.9,58.46,50.899,211.8,75,Healthy,14.059999999999999,-4.560000000000002,34.48625,0.3157160598303163,0.43299999999999983,208.06666666666663,10,2,0
2025-04-16 11:00:00,Hive_06,34.28,25.2,55.1,57.35,50.857,177.8,90,Healthy,9.080000000000002,-2.25,34.46458333333334,0.3110568124631051,0.35999999999999943,205.0,11,2,0
2025-04-16 12:00:00,Hive_06,34.52,28.77,54.44,49.29,50.886,181.7,94,Healthy,5.7500000000000036,5.149999999999999,34.47,0.31083338190153426,0.3569999999999993,201.73333333333332,12,2,0
2025-04-16 13:00:00,Hive_06,34.52,26.75,54.62,50.96,50.906,200.7,87,Healthy,7.770000000000003,3.6599999999999966,34.4825,0.3063423773719697,0.35199999999999676,199.86666666666667,13,2,0
2025-04-16 14:00:00,Hive_06,34.57,27.47,53.52,50.16,50.909,184.2,84,Healthy,7.100000000000001,3.3600000000000065,34.5,0.2984161086688195,0.34899999999999665,197.29999999999998,14,2,0
2025-04-16 15:00:00,Hive_06,34.7,26.84,53.62,52.05,50.918,209.6,76,Healthy,7.860000000000003,1.5700000000000003,34.5175,0.29726653243233603,0.3369999999999962,194.29999999999998,15,2,0
2025-04-16 16:00:00,Hive_06,34.76,25.84,56.35,49.82,50.924,211.5,40,Healthy,8.919999999999998,6.530000000000001,34.53375,0.29950411915581665,0.3119999999999976,194.25,16,2,0
2025-04-16 17:00:00,Hive_06,34.54,27.65,54.52,54.08,50.962,184.1,75,Healthy,6.890000000000001,0.44000000000000483,34.534166666666664,0.2995056313133412,0.3510000000000062,195.29999999999998,17,2,0
2025-04-16 18:00:00,Hive_06,34.4,24.59,53.04,58.75,50.991,204.7,63,Healthy,9.809999999999999,-5.710000000000001,34.54791666666667,0.2844671474371195,0.36699999999999733,199.13333333333333,18,2,0
2025-04-16 19:00:00,Hive_06,34.92,21.78,57.87,60.28,51.001,188.7,47,Healthy,13.14,-2.4100000000000037,34.571666666666665,0.2909454852069652,0.35599999999999454,197.13333333333333,19,2,0
2025-04-16 20:00:00,Hive_06,31.69,19.62,72.69,66.2,50.972,342.0,10,At Risk,12.07,6.489999999999995,34.471250000000005,0.6523023605393545,0.3230000000000004,223.4333333333333,20,2,1
2025-04-16 21:00:00,Hive_06,32.89,17.51,70.76,68.06,50.905,327.3,0,At Risk,15.379999999999999,2.700000000000003,34.41375,0.7273227409927547,0.23700000000000188,243.05000000000004,21,2,1
2025-04-16 22:00:00,Hive_06,33.12,16.21,59.93,74.3,50.863,324.4,0,At Risk,16.909999999999997,-14.369999999999997,34.336666666666666,0.7629671294228262,0.20600000000000307,261.8666666666667,22,2,1
2025-04-16 23:00:00,Hive_06,32.86,15.35,64.76,75.47,50.806,352.5,0,At Risk,17.509999999999998,-10.709999999999994,34.24166666666667,0.7996557230223001,0.16399999999999437,289.93333333333334,23,2,1
2025-04-17 00:00:00,Hive_06,33.43,10.86,68.0,83.02,50.78,325.6,0,At Risk,22.57,-15.019999999999996,34.17958333333333,0.8025366260999455,0.0940000000000012,310.0833333333333,0,3,1
2025-04-17 01:00:00,Hive_06,33.8,12.4,66.57,80.37,50.714,297.7,0,At Risk,21.4,-13.800000000000011,34.15333333333333,0.8042910281552411,0.01999999999999602,328.25,1,3,1
2025-04-17 02:00:00,Hive_06,32.83,11.38,65.74,80.75,50.677,366.5,0,At Risk,21.449999999999996,-15.010000000000005,34.07541666666666,0.8388655857850499,-0.02300000000000324,332.3333333333333,2,3,1
2025-04-17 03:00:00,Hive_06,29.32,14.02,75.53,79.91,50.627,322.2,0,At Risk,15.3,-4.3799999999999955,33.8725,1.281942310307499,-0.07900000000000063,331.4833333333333,3,3,1
2025-04-17 04:00:00,Hive_06,32.46,12.29,70.85,78.74,50.605,322.2,0,At Risk,20.17,-7.890000000000001,33.7675,1.290460820960788,-0.13600000000000279,331.1166666666667,4,3,1
2025-04-17 05:00:00,Hive_06,31.79,17.39,65.18,76.06,50.54,355.8,0,At Risk,14.399999999999999,-10.879999999999995,33.65833333333334,1.3434759157617577,-0.23900000000000432,331.6666666666667,5,3,1
2025-04-17 06:00:00,Hive_06,32.43,17.31,73.01,71.98,50.458,310.4,7,At Risk,15.120000000000001,1.0300000000000011,33.57416666666666,1.3549487930855795,-0.3299999999999983,329.1333333333333,6,3,1
2025-04-17 07:00:00,Hive_06,30.69,18.37,67.97,70.48,50.416,332.6,21,At Risk,12.32,-2.510000000000005,33.435833333333335,1.4728644574925893,-0.4000000000000057,334.95,7,3,1
2025-04-17 08:00:00,Hive_06,30.95,21.94,70.75,65.3,50.404,362.1,32,At Risk,9.009999999999998,5.450000000000003,33.28,1.5311007691257315,-0.45699999999999363,334.21666666666664,8,3,1
2025-04-17 09:00:00,Hive_06,31.4,24.16,68.25,60.8,50.356,313.7,27,At Risk,7.239999999999998,7.450000000000003,33.1425,1.546137543799983,-0.5249999999999986,332.8,9,3,1
2025-04-17 10:00:00,Hive_06,32.81,23.45,67.84,55.16,50.316,302.2,27,At Risk,9.360000000000003,12.680000000000007,33.07,1.51780447844333,-0.5829999999999984,329.46666666666664,10,3,1
2025-04-17 11:00:00,Hive_06,32.73,28.56,68.49,53.14,50.349,374.8,37,At Risk,4.169999999999998,15.349999999999994,33.00541666666667,1.4969127045113744,-0.5080000000000027,332.6333333333334,11,3,1
2025-04-17 12:00:00,Hive_06,30.62,25.78,73.48,51.95,50.326,316.9,31,At Risk,4.84,21.53,32.84291666666667,1.5365078394136924,-0.5600000000000023,333.71666666666664,12,3,1
2025-04-17 13:00:00,Hive_06,34.15,27.85,66.8,53.25,50.265,332.0,29,At Risk,6.299999999999997,13.549999999999997,32.8275,1.5207242267791574,-0.6409999999999982,333.6166666666667,13,3,1
2025-04-17 14:00:00,Hive_06,32.23,31.63,72.75,52.73,50.178,332.0,34,At Risk,0.5999999999999979,20.020000000000003,32.73,1.478577459705054,-0.7310000000000016,328.59999999999997,14,3,1
2025-04-17 15:00:00,Hive_06,34.01,30.0,67.32,48.62,50.083,329.9,32,At Risk,4.009999999999998,18.699999999999996,32.70125,1.4449321106362922,-0.8350000000000009,331.3,15,3,1
2025-04-17 16:00:00,Hive_06,31.68,26.88,72.14,50.95,50.102,299.0,23,At Risk,4.800000000000001,21.189999999999998,32.572916666666664,1.389859170740972,-0.8220000000000027,330.76666666666665,16,3,1
2025-04-17 17:00:00,Hive_06,33.51,24.04,69.78,57.41,50.071,363.4,15,At Risk,9.469999999999999,12.370000000000005,32.53,1.3415403217133055,-0.8910000000000053,328.8666666666666,17,3,1
2025-04-17 18:00:00,Hive_06,31.69,27.21,66.71,56.13,50.053,378.1,23,At Risk,4.48,10.579999999999991,32.41708333333333,1.2903739908382836,-0.9380000000000024,339.06666666666666,18,3,1
2025-04-17 19:00:00,Hive_06,32.22,23.89,69.56,58.67,49.995,301.0,21,At Risk,8.329999999999998,10.89,32.30458333333333,1.1752334797324728,-1.0060000000000002,333.90000000000003,19,3,1
2025-04-17 20:00:00,Hive_06,29.77,20.18,69.82,63.09,49.872,304.6,13,At Risk,9.59,6.72999999999999,32.224583333333335,1.2796024490193332,-1.1000000000000014,329.3333333333333,20,3,1
2025-04-17 21:00:00,Hive_06,31.42,19.6,65.42,66.34,49.792,363.1,0,At Risk,11.82,-0.9200000000000017,32.163333333333334,1.2815468461358037,-1.1129999999999995,334.8666666666666,21,3,1
2025-04-17 22:00:00,Hive_06,31.47,16.24,66.11,70.82,49.771,327.4,0,At Risk,15.23,-4.709999999999994,32.09458333333333,1.272218121736761,-1.0919999999999987,339.59999999999997,22,3,1
2025-04-17 23:00:00,Hive_06,31.99,15.21,68.17,76.59,49.724,297.6,0,At Risk,16.779999999999998,-8.420000000000002,32.05833333333333,1.261812590875842,-1.0820000000000007,328.6333333333334,23,3,1
2025-04-18 00:00:00,Hive_06,30.38,13.31,69.11,76.82,49.692,335.7,0,At Risk,17.07,-7.709999999999994,31.931250000000002,1.2712141149653007,-1.088000000000001,321.56666666666666,0,4,1
2025-04-18 01:00:00,Hive_06,32.11,13.54,62.57,77.59,49.596,296.0,0,At Risk,18.57,-15.020000000000003,31.860833333333336,1.208455416121622,-1.118000000000002,320.73333333333335,1,4,1
2025-04-18 02:00:00,Hive_06,31.72,11.23,64.41,82.68,49.525,347.3,0,At Risk,20.49,-18.27000000000001,31.81458333333333,1.190863695214432,-1.152000000000001,327.84999999999997,2,4,1
2025-04-18 03:00:00,Hive_06,31.48,11.32,67.38,78.44,49.532,325.5,0,At Risk,20.16,-11.060000000000002,31.90458333333333,1.0695833368619816,-1.095000000000006,321.5833333333333,3,4,1
2025-04-18 04:00:00,Hive_06,31.3,15.75,64.45,76.2,49.463,360.1,0,At Risk,15.55,-11.75,31.85625,1.0696029840451646,-1.141999999999996,327.03333333333336,4,4,1
2025-04-18 05:00:00,Hive_06,32.6,16.11,72.3,73.11,49.398,342.0,0,At Risk,16.490000000000002,-0.8100000000000023,31.889999999999997,1.0801489430307716,-1.141999999999996,334.43333333333334,5,4,1
2025-04-18 06:00:00,Hive_06,33.48,15.29,68.98,72.94,49.385,318.6,26,At Risk,18.189999999999998,-3.9599999999999937,31.93375,1.1233715266805444,-1.0730000000000004,331.5833333333333,6,4,1
2025-04-18 07:00:00,Hive_06,31.34,18.42,71.57,69.12,49.286,361.6,31,At Risk,12.919999999999998,2.4499999999999886,31.96083333333333,1.099667604587752,-1.1299999999999955,342.5166666666667,7,4,1
2025-04-18 08:00:00,Hive_06,31.81,19.46,68.12,64.0,49.193,359.1,30,At Risk,12.349999999999998,4.1200000000000045,31.996666666666666,1.079116654316502,-1.2110000000000056,344.48333333333335,8,4,1
2025-04-18 09:00:00,Hive_06,32.29,19.92,70.64,57.74,49.145,377.9,25,At Risk,12.369999999999997,12.899999999999999,32.033750000000005,1.0729958567933535,-1.2109999999999985,353.2166666666667,9,4,1
2025-04-18 10:00:00,Hive_06,31.16,22.19,69.58,56.17,49.108,291.3,37,At Risk,8.969999999999999,13.409999999999997,31.965,1.0739565208590647,-1.2080000000000055,341.75,10,4,1
2025-04-18 11:00:00,Hive_06,30.05,23.02,68.62,52.25,49.052,377.9,39,At Risk,7.030000000000001,16.370000000000005,31.853333333333328,1.128880425241228,-1.296999999999997,347.73333333333335,11,4,1
2025-04-18 12:00:00,Hive_06,30.83,29.09,68.38,52.59,48.984,347.6,32,At Risk,1.7399999999999984,15.789999999999992,31.86208333333333,1.1196815508716664,-1.3419999999999987,352.56666666666666,12,4,1
2025-04-18 13:00:00,Hive_06,30.75,28.46,64.65,48.65,48.934,300.6,32,At Risk,2.289999999999999,16.000000000000007,31.720416666666665,1.029041255634181,-1.331000000000003,342.40000000000003,13,4,1
2025-04-18 14:00:00,Hive_06,31.39,29.35,68.21,47.94,48.876,317.5,36,At Risk,2.039999999999999,20.269999999999996,31.685416666666665,1.025233713192626,-1.3019999999999996,335.4666666666667,14,4,1
2025-04-18 15:00:00,Hive_06,31.9,28.61,66.46,52.79,48.847,337.7,28,At Risk,3.289999999999999,13.669999999999995,31.597499999999997,0.9000543461852929,-1.235999999999997,328.76666666666665,15,4,1
2025-04-18 16:00:00,Hive_06,31.18,26.07,68.6,51.11,48.839,337.6,30,At Risk,5.109999999999999,17.489999999999995,31.576666666666668,0.9038404373737456,-1.2629999999999981,336.48333333333335,16,4,1
2025-04-18 17:00:00,Hive_06,32.02,24.79,63.32,58.24,48.798,331.6,26,At Risk,7.230000000000004,5.079999999999998,31.514583333333334,0.8117505462119792,-1.2729999999999961,328.76666666666665,17,4,1
2025-04-18 18:00:00,Hive_06,30.69,23.61,66.04,55.48,48.764,301.6,16,At Risk,7.080000000000002,10.56000000000001,31.472916666666663,0.8278598871510263,-1.2889999999999944,321.1,18,4,1
2025-04-18 19:00:00,Hive_06,32.91,23.06,71.92,64.41,48.685,350.8,14,At Risk,9.849999999999998,7.510000000000005,31.50166666666667,0.8660337711392712,-1.3099999999999952,329.46666666666664,19,4,1
2025-04-18 20:00:00,Hive_06,31.74,20.21,68.2,64.16,48.614,340.6,11,At Risk,11.529999999999998,4.040000000000006,31.58375,0.7842682133268318,-1.2580000000000027,333.31666666666666,20,4,1
2025-04-18 21:00:00,Hive_06,32.8,18.01,63.44,69.75,48.596,357.7,0,At Risk,14.789999999999996,-6.310000000000002,31.64125,0.8214478866214561,-1.196000000000005,336.65000000000003,21,4,1
2025-04-18 22:00:00,Hive_06,31.68,15.91,67.21,71.65,48.529,302.3,0,At Risk,15.77,-4.440000000000012,31.649999999999995,0.8206625107325255,-1.2419999999999973,330.7666666666667,22,4,1
2025-04-18 23:00:00,Hive_06,32.48,14.38,68.67,76.1,48.464,315.7,0,At Risk,18.099999999999994,-7.429999999999993,31.670416666666664,0.8354508242321725,-1.259999999999998,328.1166666666666,23,4,1
2025-04-19 00:00:00,Hive_06,31.64,11.66,67.45,82.9,48.393,369.9,0,At Risk,19.98,-15.450000000000003,31.722916666666663,0.789140860114034,-1.2989999999999995,339.5,0,5,1
2025-04-19 01:00:00,Hive_06,30.51,11.46,72.78,77.49,48.375,329.3,0,At Risk,19.05,-4.709999999999994,31.65625,0.8219214629783189,-1.2209999999999965,335.9166666666667,1,5,1
2025-04-19 02:00:00,Hive_06,31.65,10.53,65.19,77.1,48.345,380.2,0,At Risk,21.119999999999997,-11.909999999999997,31.653333333333336,0.8218095974694053,-1.1799999999999997,342.51666666666665,2,5,1
2025-04-19 03:00:00,Hive_06,32.99,12.91,67.7,81.35,48.308,336.2,0,At Risk,20.080000000000002,-13.649999999999991,31.716250000000002,0.8646477669372852,-1.2239999999999966,338.93333333333334,3,5,1
2025-04-19 04:00:00,Hive_06,32.16,13.32,65.88,76.85,48.264,321.6,0,At Risk,18.839999999999996,-10.969999999999999,31.752083333333335,0.8644675625301003,-1.198999999999998,342.15000000000003,4,5,1
2025-04-19 05:00:00,Hive_06,30.87,12.44,73.41,70.9,48.223,349.4,0,At Risk,18.43,2.509999999999991,31.680000000000003,0.8628164195894245,-1.1750000000000043,347.76666666666665,5,5,1
2025-04-19 06:00:00,Hive_06,30.37,12.81,67.39,70.48,48.1,341.5,28,At Risk,17.560000000000002,-3.0900000000000034,31.550416666666667,0.8128183880081308,-1.2849999999999966,343.0333333333333,6,5,1
2025-04-19 07:00:00,Hive_06,34.49,17.55,67.67,71.61,48.066,297.1,22,At Risk,16.94,-3.9399999999999977,31.68166666666667,1.0082040281207527,-1.2199999999999989,337.6666666666667,7,5,1
2025-04-19 08:00:00,Hive_06,24.26,20.12,80.3,69.06,47.957,40.0,4,Critical,4.140000000000001,11.239999999999995,31.367083333333337,1.8186054838246781,-1.235999999999997,280.96666666666664,8,5,2
2025-04-19 09:00:00,Hive_06,26.1,20.98,82.26,60.4,47.74,441.8,0,Critical,5.120000000000001,21.860000000000007,31.109166666666667,2.099299917812518,-1.4050000000000011,298.56666666666666,9,5,2
2025-04-19 10:00:00,Hive_06,27.16,21.22,86.27,56.41,47.545,40.0,2,Critical,5.940000000000001,29.86,30.9425,2.2485652430325502,-1.5629999999999953,251.63333333333335,10,5,2
2025-04-19 11:00:00,Hive_06,28.29,26.12,94.43,56.01,47.282,469.4,2,Critical,2.169999999999998,38.42000000000001,30.86916666666667,2.306881796535863,-1.7700000000000031,271.6333333333333,11,5,2
2025-04-19 12:00:00,Hive_06,26.72,27.95,85.78,49.74,47.118,40.0,8,Critical,-1.2300000000000004,36.04,30.697916666666668,2.4575473442592104,-1.8659999999999997,221.38333333333333,12,5,2
2025-04-19 13:00:00,Hive_06,27.88,26.4,85.64,51.8,46.886,419.2,4,Critical,1.4800000000000004,33.84,30.578333333333333,2.523835360624059,-2.0479999999999947,241.73333333333335,13,5,2
2025-04-19 14:00:00,Hive_06,21.85,29.62,77.0,52.43,46.737,446.0,6,Critical,-7.77,24.57,30.180833333333336,3.0803513586527416,-2.138999999999996,309.40000000000003,14,5,2
2025-04-19 15:00:00,Hive_06,27.81,24.4,84.07,51.35,46.521,414.7,3,Critical,3.41,32.71999999999999,30.010416666666668,3.0942112560556736,-2.3260000000000005,304.88333333333327,15,5,2
2025-04-19 16:00:00,Hive_06,30.69,27.27,77.77,49.92,46.27,444.6,2,Critical,3.4200000000000017,27.849999999999994,29.99,3.087768294979149,-2.5689999999999955,372.3166666666666,16,5,2
2025-04-19 17:00:00,Hive_06,30.15,24.06,83.99,51.89,46.1,445.3,6,Critical,6.09,32.099999999999994,29.91208333333333,3.0577641436139573,-2.6980000000000004,368.3,17,5,2
2025-04-19 18:00:00,Hive_06,28.12,26.39,63.94,52.88,45.86,484.7,2,Critical,1.7300000000000004,11.059999999999995,29.805000000000003,3.074293131903618,-2.9040000000000035,442.4166666666667,18,5,2
2025-04-19 19:00:00,Hive_06,27.79,21.74,71.23,59.81,45.644,477.2,2,Critical,6.050000000000001,11.420000000000002,29.591666666666665,3.0267383315272625,-3.041000000000004,452.0833333333333,19,5,2
2025-04-19 20:00:00,Hive_06,22.84,18.71,86.56,61.93,45.467,453.5,1,Critical,4.129999999999999,24.630000000000003,29.22083333333333,3.286173824647341,-3.1469999999999985,453.3333333333333,20,5,2
2025-04-19 21:00:00,Hive_06,26.76,20.39,78.49,69.16,45.267,502.6,4,Critical,6.370000000000001,9.329999999999998,28.969166666666666,3.230969590193302,-3.3289999999999935,467.98333333333335,21,5,2
2025-04-19 22:00:00,Hive_06,28.25,18.17,78.49,72.14,45.132,488.2,7,Critical,10.079999999999998,6.349999999999994,28.82625,3.1813256909933276,-3.3970000000000056,475.25,22,5,2
2025-04-19 23:00:00,Hive_06,27.35,14.33,78.02,74.79,44.973,434.1,4,Critical,13.020000000000001,3.2299999999999898,28.6125,3.0963656816957017,-3.4909999999999997,473.38333333333327,23,5,2
2025-04-20 00:00:00,Hive_06,28.2,10.61,75.05,77.94,44.702,40.0,2,Critical,17.59,-2.8900000000000006,28.469166666666666,3.0290146434352567,-3.6910000000000025,399.26666666666665,0,6,2
2025-04-20 01:00:00,Hive_06,25.97,11.49,77.62,79.96,44.497,419.7,1,Critical,14.479999999999999,-2.339999999999989,28.28,3.037772353150499,-3.878,389.68333333333334,1,6,2
2025-04-20 02:00:00,Hive_06,31.15,11.65,74.6,81.2,44.319,411.8,5,Critical,19.5,-6.6000000000000085,28.259166666666662,3.0152870173669624,-4.025999999999996,382.73333333333335,2,6,2
2025-04-20 03:00:00,Hive_06,29.38,12.01,79.16,78.65,44.058,423.5,3,Critical,17.369999999999997,0.5099999999999909,28.10875,2.8548011618873486,-4.25,369.55,3,6,2
2025-04-20 04:00:00,Hive_06,28.03,11.92,84.81,80.55,43.911,471.6,3,Critical,16.11,4.260000000000005,27.936666666666667,2.721335456474815,-4.3530000000000015,366.7833333333333,4,6,2
2025-04-20 05:00:00,Hive_06,28.91,14.99,79.79,75.87,43.683,40.0,4,Critical,13.92,3.9200000000000017,27.855,2.6581556207920096,-4.539999999999999,301.1,5,6,2
2025-04-20 06:00:00,Hive_06,30.03,16.35,76.76,73.7,43.541,438.5,5,Critical,13.68,3.0600000000000023,27.840833333333332,2.6450428067000527,-4.559000000000005,367.51666666666665,6,6,2
2025-04-20 07:00:00,Hive_06,22.84,16.38,78.07,68.88,43.323,442.4,1,Critical,6.460000000000001,9.189999999999998,27.355416666666667,2.4321720104478946,-4.743000000000002,371.3,7,6,2
2025-04-20 08:00:00,Hive_06,31.11,19.19,79.64,64.18,43.189,450.2,3,Critical,11.919999999999998,15.459999999999994,27.640833333333333,2.4549487140073083,-4.768000000000001,377.7,8,6,2
2025-04-20 09:00:00,Hive_06,30.6,23.13,77.02,59.28,43.027,453.5,0,Critical,7.470000000000002,17.739999999999995,27.828333333333333,2.503515209819471,-4.713000000000001,382.7,9,6,2
2025-04-20 10:00:00,Hive_06,28.76,25.54,76.62,59.31,42.819,419.5,3,Critical,3.2200000000000024,17.310000000000002,27.895,2.506246110264855,-4.725999999999999,374.01666666666665,10,6,2
2025-04-20 11:00:00,Hive_06,28.94,28.29,75.26,54.7,42.569,428.6,0,Critical,0.6500000000000021,20.560000000000002,27.922083333333333,2.5141996378253064,-4.712999999999994,438.7833333333333,11,6,2
2025-04-20 12:00:00,Hive_06,26.56,26.65,85.31,50.62,42.346,480.3,3,Critical,-0.08999999999999986,34.690000000000005,27.91541666666667,2.5177353163485487,-4.772000000000006,445.75,12,6,2
2025-04-20 13:00:00,Hive_06,26.67,27.61,74.99,50.79,42.043,40.0,5,Critical,-0.9399999999999977,24.199999999999996,27.865,2.530557594509708,-4.8430000000000035,378.68333333333334,13,6,2
2025-04-20 14:00:00,Hive_06,23.63,27.71,75.26,48.18,41.927,543.6,5,Critical,-4.080000000000002,27.080000000000005,27.939166666666665,2.367429199467869,-4.810000000000002,394.25,14,6,2
2025-04-20 15:00:00,Hive_06,27.79,27.72,84.07,47.87,41.686,40.0,0,Critical,0.07000000000000028,36.199999999999996,27.938333333333333,2.3674801622908905,-4.835000000000001,325.3333333333333,15,6,2
2025-04-20 16:00:00,Hive_06,27.78,27.69,87.56,56.79,41.468,40.0,2,Critical,0.08999999999999986,30.770000000000003,27.817083333333333,2.293797836447903,-4.802,262.0833333333333,16,6,2
2025-04-20 17:00:00,Hive_06,33.97,22.73,86.8,55.29,41.255,413.6,2,Critical,11.239999999999998,31.509999999999998,27.976249999999997,2.577684860321516,-4.844999999999999,259.5833333333333,17,6,2
2025-04-20 18:00:00,Hive_06,24.18,24.23,82.02,59.47,41.097,40.0,4,Critical,-0.05000000000000071,22.549999999999997,27.812083333333334,2.6911012440630007,-4.762999999999998,186.20000000000002,18,6,2
2025-04-20 19:00:00,Hive_06,30.56,21.41,81.98,62.41,40.862,379.0,6,Critical,9.149999999999999,19.570000000000007,27.9275,2.7488926624307357,-4.7819999999999965,242.70000000000002,19,6,2
2025-04-20 20:00:00,Hive_06,26.69,19.57,76.49,66.14,40.637,40.0,5,Critical,7.120000000000001,10.349999999999994,28.08791666666667,2.5437783933536875,-4.829999999999998,158.76666666666668,20,6,2
2025-04-20 21:00:00,Hive_06,21.86,17.96,81.04,71.84,40.457,40.0,4,Critical,3.8999999999999986,9.200000000000003,27.883750000000003,2.834966164202712,-4.810000000000002,158.76666666666668,21,6,2
2025-04-20 22:00:00,Hive_06,24.83,17.62,82.7,70.52,40.242,409.2,5,Critical,7.209999999999997,12.180000000000007,27.741249999999997,2.9009418448077953,-4.890000000000001,220.29999999999998,22,6,2
2025-04-20 23:00:00,Hive_06,31.59,13.74,83.05,74.29,40.079,485.3,0,Critical,17.85,8.759999999999991,27.917916666666667,3.0033777783872724,-4.893999999999998,232.25,23,6,2
2025-04-21 00:00:00,Hive_06,30.83,13.41,81.79,80.84,39.761,464.4,2,Critical,17.419999999999998,0.9500000000000028,28.027500000000003,3.061534497316858,-4.940999999999995,302.98333333333335,0,0,2
2025-04-21 01:00:00,Hive_06,26.55,12.95,78.29,78.29,39.499,427.3,4,Critical,13.600000000000001,0.0,28.051666666666666,3.046841082122673,-4.9979999999999976,311.03333333333336,1,0,2
2025-04-21 02:00:00,Hive_06,25.03,11.98,80.12,79.86,39.233,446.2,0,Critical,13.05,0.2600000000000051,27.796666666666667,3.032323928243391,-5.086000000000006,378.73333333333335,2,0,2
2025-04-21 03:00:00,Hive_06,26.53,10.43,71.55,76.17,39.114,464.3,0,Critical,16.1,-4.6200000000000045,27.677916666666672,3.0234143945958865,-4.944000000000003,449.45,3,0,2
2025-04-21 04:00:00,Hive_06,22.73,15.67,75.99,80.55,38.89,387.2,4,Critical,7.0600000000000005,-4.560000000000002,27.45708333333333,3.1857788334036408,-5.021000000000001,445.78333333333336,4,0,2
2025-04-21 05:00:00,Hive_06,23.69,13.88,88.9,73.15,38.705,540.1,0,Critical,9.81,15.75,27.239583333333332,3.259607177142012,-4.9780000000000015,454.9166666666667,5,0,2
2025-04-21 06:00:00,Hive_06,31.89,17.13,82.44,68.56,38.553,471.2,3,Critical,14.760000000000002,13.879999999999995,27.317083333333333,3.349702750169499,-4.9879999999999995,456.04999999999995,6,0,2
2025-04-21 07:00:00,Hive_06,30.3,17.17,82.77,63.7,38.418,383.5,1,Critical,13.129999999999999,19.069999999999993,27.627916666666664,3.2611440766096393,-4.905000000000001,448.75,7,0,2
2025-04-21 08:00:00,Hive_06,30.0,23.5,78.94,65.72,38.245,40.0,3,Critical,6.5,13.219999999999999,27.581666666666663,3.2171884385711236,-4.944000000000003,381.04999999999995,8,0,2
2025-04-21 09:00:00,Hive_06,28.38,24.83,70.17,60.2,38.076,463.0,5,Critical,3.5500000000000007,9.969999999999999,27.489166666666666,3.1580028315469124,-4.9510000000000005,380.8333333333333,9,0,2
2025-04-21 10:00:00,Hive_06,32.91,22.35,70.96,58.64,38.068,336.4,41,At Risk,10.559999999999995,12.319999999999993,27.66208333333333,3.3390404494687904,-4.751000000000005,372.36666666666673,10,0,1
2025-04-21 11:00:00,Hive_06,32.94,25.51,64.92,55.36,37.963,342.5,37,At Risk,7.429999999999996,9.560000000000002,27.82875,3.501478336856961,-4.606000000000002,339.43333333333334,11,0,1
2025-04-21 12:00:00,Hive_06,32.61,24.44,72.87,53.6,37.923,305.3,31,At Risk,8.169999999999998,19.270000000000003,28.08083333333333,3.621875465012331,-4.422999999999995,311.7833333333333,12,0,1
2025-04-21 13:00:00,Hive_06,33.55,26.97,71.98,48.27,37.878,320.2,25,At Risk,6.579999999999998,23.71,28.367499999999996,3.774414149760642,-4.164999999999999,301.2333333333333,13,0,1
2025-04-21 14:00:00,Hive_06,31.24,29.04,67.65,53.31,37.815,373.1,33,At Risk,2.1999999999999993,14.340000000000003,28.684583333333332,3.6775286824367828,-4.112000000000002,356.75,14,0,1
2025-04-21 15:00:00,Hive_06,30.29,28.02,63.66,50.87,37.79,355.3,28,At Risk,2.2699999999999996,12.79,28.788750000000004,3.68648331599788,-3.896000000000001,338.8,15,0,1
2025-04-21 16:00:00,Hive_06,31.83,26.13,73.11,50.92,37.744,310.3,27,At Risk,5.699999999999999,22.189999999999998,28.957499999999996,3.7307293260632175,-3.7240000000000038,334.45,16,0,1
2025-04-21 17:00:00,Hive_06,30.58,28.29,66.5,53.39,37.69,347.2,28,At Risk,2.289999999999999,13.11,28.81625,3.5943818631666224,-3.565000000000005,335.23333333333335,17,0,1
2025-04-21 18:00:00,Hive_06,31.61,22.43,70.05,55.6,37.678,314.8,17,At Risk,9.18,14.449999999999996,29.125833333333333,3.496335866697291,-3.419000000000004,336.81666666666666,18,0,1
2025-04-21 19:00:00,Hive_06,33.08,23.48,72.02,62.17,37.637,300.3,10,At Risk,9.599999999999998,9.849999999999994,29.230833333333333,3.5781607087959704,-3.2250000000000014,333.5,19,0,1
2025-04-21 20:00:00,Hive_06,31.54,17.24,70.36,64.08,37.587,317.7,11,At Risk,14.3,6.280000000000001,29.432916666666667,3.565356838250307,-3.049999999999997,324.26666666666665,20,0,1
2025-04-21 21:00:00,Hive_06,31.06,16.37,64.58,70.93,37.512,344.4,0,At Risk,14.689999999999998,-6.3500000000000085,29.816249999999997,3.190627323488523,-2.9450000000000003,322.45,21,0,1
2025-04-21 22:00:00,Hive_06,31.11,13.41,66.88,74.21,37.457,344.7,0,At Risk,17.7,-7.329999999999998,30.077916666666667,3.0166941006840036,-2.7849999999999966,328.18333333333334,22,0,1
2025-04-21 23:00:00,Hive_06,31.49,15.01,69.24,75.51,37.41,375.1,0,At Risk,16.479999999999997,-6.27000000000001,30.07375,3.0145831242551098,-2.669000000000004,332.8333333333333,23,0,1
2025-04-22 00:00:00,Hive_06,31.43,13.95,68.14,76.14,37.321,365.3,0,At Risk,17.48,-8.0,30.098749999999995,3.023601814853078,-2.440000000000005,341.25,0,1,1
2025-04-22 01:00:00,Hive_06,30.73,11.68,68.76,77.62,37.202,343.5,0,At Risk,19.05,-8.86,30.272916666666664,2.9292133966627656,-2.297000000000004,348.45,1,1,1
2025-04-22 02:00:00,Hive_06,31.25,9.61,65.53,78.55,37.164,339.2,0,At Risk,21.64,-13.019999999999996,30.532083333333333,2.712300450150067,-2.0689999999999955,352.0333333333333,2,1,1
2025-04-22 03:00:00,Hive_06,32.63,13.3,62.14,81.67,37.145,326.0,0,At Risk,19.330000000000002,-19.53,30.786249999999995,2.604639359998301,-1.968999999999994,348.9666666666667,3,1,1
2025-04-22 04:00:00,Hive_06,32.05,13.29,68.15,79.71,37.088,323.6,0,At Risk,18.759999999999998,-11.559999999999988,31.174583333333334,1.968336263174487,-1.8019999999999996,345.45000000000005,4,1,1
2025-04-22 05:00:00,Hive_06,31.9,14.47,67.91,77.86,37.039,362.4,0,At Risk,17.43,-9.950000000000003,31.516666666666666,1.1573720857734937,-1.6659999999999968,343.3333333333333,5,1,1
2025-04-22 06:00:00,Hive_06,34.15,14.34,54.02,76.05,37.064,215.5,35,Healthy,19.81,-22.029999999999994,31.610833333333332,1.275027422268391,-1.4889999999999972,318.3666666666667,6,1,0
2025-04-22 07:00:00,Hive_06,35.2,16.29,56.87,69.44,37.069,163.7,61,Healthy,18.910000000000004,-12.57,31.815,1.437909110026009,-1.3489999999999966,288.40000000000003,7,1,0
2025-04-22 08:00:00,Hive_06,34.24,20.54,55.24,64.23,37.06,228.1,85,Healthy,13.700000000000003,-8.990000000000002,31.99166666666667,1.4654237157446293,-1.1849999999999952,269.8833333333333,8,1,0
2025-04-22 09:00:00,Hive_06,34.3,23.06,54.97,61.3,37.103,213.0,80,Healthy,11.239999999999998,-6.329999999999998,32.23833333333334,1.3223124233431578,-0.972999999999999,251.04999999999998,9,1,0
2025-04-22 10:00:00,Hive_06,34.62,25.39,56.47,58.59,37.123,212.9,86,Healthy,9.229999999999997,-2.1200000000000045,32.30958333333333,1.4036458093020225,-0.9450000000000003,232.6,10,1,0
2025-04-22 11:00:00,Hive_06,34.3,25.28,52.59,53.3,37.115,185.9,83,Healthy,9.019999999999996,-0.7099999999999937,32.36625,1.4566543336791333,-0.847999999999999,203.1833333333333,11,1,0
2025-04-22 12:00:00,Hive_06,34.57,29.27,55.41,51.69,37.157,191.4,87,Healthy,5.300000000000001,3.719999999999999,32.447916666666664,1.5242873721033494,-0.7660000000000053,199.16666666666666,12,1,0
2025-04-22 13:00:00,Hive_06,34.9,27.57,55.71,52.78,37.192,202.7,86,Healthy,7.329999999999998,2.9299999999999997,32.50416666666667,1.590208946256351,-0.6859999999999999,205.66666666666666,13,1,0
2025-04-22 14:00:00,Hive_06,34.28,29.77,56.5,50.98,37.197,195.0,93,Healthy,4.510000000000002,5.520000000000003,32.630833333333335,1.6061293376548074,-0.617999999999995,200.15,14,1,0
2025-04-22 15:00:00,Hive_06,34.7,27.59,53.83,51.29,37.215,220.2,68,Healthy,7.110000000000003,2.539999999999999,32.81458333333333,1.5787115802524836,-0.5749999999999957,201.35,15,1,0
2025-04-01 00:00:00,Hive_07,34.77,13.77,57.05,76.44,36.977,196.1,2,Healthy,21.000000000000004,-19.39,34.77,0.0,0.0,196.1,0,1,0
2025-04-01 01:00:00,Hive_07,35.02,12.65,55.73,80.82,36.997,183.6,4,Healthy,22.370000000000005,-25.089999999999996,34.895,0.1767766952966369,0.0,189.85,1,1,0
2025-04-01 02:00:00,Hive_07,33.82,11.29,55.49,74.68,36.982,200.8,0,Healthy,22.53,-19.190000000000005,34.53666666666667,0.6331139971074209,0.0,193.5,2,1,0
2025-04-01 03:00:00,Hive_07,34.55,12.73,53.96,80.62,37.01,194.0,1,Healthy,21.819999999999997,-26.660000000000004,34.54,0.5169784005803995,0.0,193.625,3,1,0
2025-04-01 04:00:00,Hive_07,35.06,12.31,54.99,77.45,36.994,185.6,1,Healthy,22.75,-22.46,34.644,0.5045096629401679,0.0,192.02,4,1,0
2025-04-01 05:00:00,Hive_07,34.07,13.15,54.82,77.51,37.024,190.5,2,Healthy,20.92,-22.690000000000005,34.54833333333334,0.5084650102678332,0.0,191.76666666666665,5,1,0
2025-04-01 06:00:00,Hive_07,34.65,15.94,52.21,72.44,37.058,171.5,61,Healthy,18.71,-20.229999999999997,34.56285714285714,0.4657508019572381,0.0,187.66666666666666,6,1,0
2025-04-01 07:00:00,Hive_07,34.98,18.58,56.78,69.83,37.085,195.6,56,Healthy,16.4,-13.049999999999997,34.615,0.4557254812776165,0.0,189.66666666666666,7,1,0
2025-04-01 08:00:00,Hive_07,34.59,21.26,54.91,65.91,37.087,179.2,76,Healthy,13.330000000000002,-11.0,34.61222222222222,0.42637359726470536,0.0,186.0666666666667,8,1,0
2025-04-01 09:00:00,Hive_07,33.96,21.8,55.14,60.62,37.069,193.5,86,Healthy,12.16,-5.479999999999997,34.547000000000004,0.45181239961342834,0.0,185.98333333333335,9,1,0
2025-04-01 10:00:00,Hive_07,34.28,24.09,54.18,57.29,37.111,211.7,80,Healthy,10.190000000000001,-3.1099999999999994,34.52272727272727,0.43612133424291216,0.0,190.33333333333334,10,1,0
2025-04-01 11:00:00,Hive_07,34.63,25.5,54.96,54.89,37.086,199.5,87,Healthy,9.130000000000003,0.07000000000000028,34.531666666666666,0.41697685423737463,0.0,191.83333333333334,11,1,0
2025-04-01 12:00:00,Hive_07,34.69,30.01,53.98,57.39,37.109,174.5,84,Healthy,4.679999999999996,-3.4100000000000037,34.543846153846154,0.40163288505670713,0.0,192.33333333333334,12,1,0
2025-04-01 13:00:00,Hive_07,34.14,25.29,54.57,51.61,37.118,199.6,83,Healthy,8.850000000000001,2.960000000000001,34.515,0.40068691019298314,0.0,193.0,13,1,0
2025-04-01 14:00:00,Hive_07,35.02,28.51,53.45,47.49,37.129,209.4,91,Healthy,6.510000000000002,5.960000000000001,34.54866666666667,0.40753381396371197,0.0,198.03333333333333,14,1,0
2025-04-01 15:00:00,Hive_07,34.22,28.89,55.2,47.33,37.149,218.9,73,Healthy,5.329999999999998,7.8700000000000045,34.528125,0.40219760897681467,0.0,202.26666666666665,15,1,0
2025-04-01 16:00:00,Hive_07,35.18,25.57,57.25,50.92,37.155,219.3,64,Healthy,9.61,6.329999999999998,34.56647058823529,0.42029663894192887,0.0,203.53333333333333,16,1,0
2025-04-01 17:00:00,Hive_07,34.61,27.09,56.53,51.64,37.159,209.2,54,Healthy,7.52,4.890000000000001,34.56888888888889,0.40787669545195915,0.0,205.14999999999998,17,1,0
2025-04-01 18:00:00,Hive_07,34.75,24.46,53.1,56.54,37.148,219.6,25,Healthy,10.29,-3.4399999999999977,34.578421052631576,0.3985566062945794,0.0,212.66666666666666,18,1,0
2025-04-01 19:00:00,Hive_07,34.61,21.11,54.28,60.83,37.136,218.4,50,Healthy,13.5,-6.549999999999997,34.58,0.38799077579919716,0.0,215.79999999999998,19,1,0
2025-04-01 20:00:00,Hive_07,34.59,19.43,55.27,61.42,37.133,170.7,27,Healthy,15.160000000000004,-6.149999999999999,34.58047619047619,0.37817292592775814,0.0,209.35,20,1,0
2025-04-01 21:00:00,Hive_07,34.49,19.08,54.06,70.72,37.157,182.9,0,Healthy,15.410000000000004,-16.659999999999997,34.57636363636364,0.369562746196939,0.0,203.35000000000002,21,1,0
2025-04-01 22:00:00,Hive_07,34.98,15.87,53.02,75.59,37.159,236.5,1,Healthy,19.11,-22.57,34.59391304347826,0.3707454300635989,0.0,206.21666666666667,22,1,0
2025-04-01 23:00:00,Hive_07,34.86,16.77,54.33,77.56,37.16,186.3,2,Healthy,18.09,-23.230000000000004,34.605,0.36664163287401097,0.0,202.4,23,1,0
2025-04-02 00:00:00,Hive_07,34.99,10.62,55.89,77.66,37.19,175.3,1,Healthy,24.370000000000005,-21.769999999999996,34.61416666666667,0.3736298641199846,0.21300000000000097,195.01666666666668,0,2,0
2025-04-02 01:00:00,Hive_07,34.19,14.05,55.94,79.74,37.19,238.1,2,Healthy,20.139999999999997,-23.799999999999997,34.57958333333334,0.3728442869601734,0.19299999999999784,198.29999999999998,1,2,0
2025-04-02 02:00:00,Hive_07,34.98,10.62,54.99,81.76,37.184,200.7,1,Healthy,24.36,-26.770000000000003,34.627916666666664,0.3441811854326092,0.20199999999999818,203.29999999999998,2,2,0
2025-04-02 03:00:00,Hive_07,34.76,11.89,53.28,76.71,37.206,195.4,2,Healthy,22.869999999999997,-23.429999999999993,34.63666666666667,0.34478306559174193,0.19600000000000506,205.38333333333333,3,2,0
2025-04-02 04:00:00,Hive_07,34.63,12.36,54.47,78.38,37.182,205.1,2,Healthy,22.270000000000003,-23.909999999999997,34.61875,0.332792042390229,0.1880000000000024,200.14999999999998,4,2,0
2025-04-02 05:00:00,Hive_07,34.4,12.19,51.56,73.64,37.206,192.7,2,Healthy,22.21,-22.08,34.6325,0.3155016709113046,0.18200000000000216,201.21666666666667,5,2,0
2025-04-02 06:00:00,Hive_07,34.07,14.41,54.25,76.53,37.24,182.8,50,Healthy,19.66,-22.28,34.60833333333333,0.33567150954294583,0.18200000000000216,202.46666666666667,6,2,0
2025-04-02 07:00:00,Hive_07,34.3,18.87,55.29,65.87,37.259,187.7,78,Healthy,15.429999999999996,-10.580000000000005,34.580000000000005,0.3316100381341079,0.1739999999999995,194.0666666666667,7,2,0
2025-04-02 08:00:00,Hive_07,34.72,20.72,52.66,66.55,37.267,199.8,67,Healthy,14.0,-13.89,34.58541666666667,0.332839942819716,0.17999999999999972,193.91666666666666,8,2,0
2025-04-02 09:00:00,Hive_07,34.54,22.38,54.55,56.9,37.234,206.3,66,Healthy,12.16,-2.3500000000000014,34.60958333333333,0.30537901136081597,0.16499999999999915,195.73333333333335,9,2,0
2025-04-02 10:00:00,Hive_07,33.95,23.43,52.4,56.99,37.255,190.9,80,Healthy,10.520000000000003,-4.590000000000003,34.59583333333333,0.3274926705673911,0.14400000000000546,193.36666666666667,10,2,0
2025-04-02 11:00:00,Hive_07,34.38,25.77,54.83,50.88,37.301,186.2,96,Healthy,8.610000000000003,3.9499999999999957,34.58541666666667,0.3303223612152834,0.2150000000000034,192.28333333333333,11,2,0
2025-04-02 12:00:00,Hive_07,34.31,26.93,56.3,49.74,37.326,192.2,93,Healthy,7.380000000000003,6.559999999999995,34.569583333333334,0.33417619885931094,0.21699999999999875,193.85,12,2,0
2025-04-02 13:00:00,Hive_07,34.37,26.17,56.4,50.16,37.345,189.9,82,Healthy,8.199999999999996,6.240000000000002,34.579166666666666,0.3244783997187758,0.22699999999999676,194.21666666666667,13,2,0
2025-04-02 14:00:00,Hive_07,34.42,27.96,54.47,49.68,37.383,193.2,87,Healthy,6.460000000000001,4.789999999999999,34.55416666666667,0.3119074091522321,0.2540000000000049,193.11666666666667,14,2,0
2025-04-02 15:00:00,Hive_07,34.56,31.36,55.37,48.82,37.393,200.6,69,Healthy,3.200000000000003,6.549999999999997,34.568333333333335,0.3036827100870195,0.24399999999999977,192.16666666666666,15,2,0
2025-04-02 16:00:00,Hive_07,35.04,27.47,57.57,48.34,37.396,215.8,67,Healthy,7.57,9.229999999999997,34.5625,0.2925636311315358,0.24099999999999966,196.31666666666663,16,2,0
2025-04-02 17:00:00,Hive_07,34.75,25.67,54.13,53.03,37.422,199.4,60,Healthy,9.079999999999998,1.1000000000000014,34.568333333333335,0.29493796940560424,0.2629999999999981,198.51666666666665,17,2,0
2025-04-02 18:00:00,Hive_07,34.16,21.76,55.09,57.62,37.471,179.2,48,Healthy,12.399999999999995,-2.529999999999994,34.543749999999996,0.3035988843996231,0.3229999999999933,196.35,18,2,0
2025-04-02 19:00:00,Hive_07,34.26,21.12,57.21,59.04,37.515,184.3,43,Healthy,13.139999999999997,-1.8299999999999983,34.52916666666666,0.3086424224366061,0.3789999999999978,195.41666666666666,19,2,0
2025-04-02 20:00:00,Hive_07,33.89,18.62,58.2,63.64,37.547,190.2,32,Healthy,15.27,-5.439999999999998,34.5,0.3346250334979116,0.4139999999999944,194.91666666666666,20,2,0
2025-04-02 21:00:00,Hive_07,34.4,17.33,54.71,70.77,37.544,209.1,4,Healthy,17.07,-16.059999999999995,34.496249999999996,0.3352456918635103,0.38700000000000045,196.33333333333334,21,2,0
2025-04-02 22:00:00,Hive_07,34.49,15.57,55.39,71.91,37.548,194.1,2,Healthy,18.92,-16.519999999999996,34.475833333333334,0.3190327319539033,0.3890000000000029,192.71666666666667,22,2,0
2025-04-02 23:00:00,Hive_07,33.9,11.72,54.26,74.51,37.539,209.4,1,Healthy,22.18,-20.250000000000007,34.435833333333335,0.3288043777697909,0.3790000000000049,194.38333333333333,23,2,0
2025-04-03 00:00:00,Hive_07,34.81,12.52,53.37,73.69,37.54,211.7,2,Healthy,22.290000000000003,-20.32,34.428333333333335,0.317471897649384,0.3500000000000014,199.79999999999998,0,3,0
2025-04-03 01:00:00,Hive_07,34.16,10.61,55.35,80.54,37.534,184.8,2,Healthy,23.549999999999997,-25.190000000000005,34.427083333333336,0.3185084691613957,0.3440000000000012,199.88333333333333,1,3,0
2025-04-03 02:00:00,Hive_07,34.31,10.91,53.21,84.04,37.526,199.7,2,Healthy,23.400000000000002,-30.830000000000005,34.399166666666666,0.2965441043033915,0.34200000000000585,201.46666666666667,2,3,0
2025-04-03 03:00:00,Hive_07,34.0,12.74,56.44,81.31,37.518,206.0,3,Healthy,21.259999999999998,-24.870000000000005,34.3675,0.2969153004682865,0.3119999999999976,200.95000000000002,3,3,0
2025-04-03 04:00:00,Hive_07,34.19,11.87,54.49,76.31,37.553,183.3,1,Healthy,22.32,-21.82,34.34916666666667,0.2935675119252292,0.3709999999999951,199.15,4,3,0
2025-04-03 05:00:00,Hive_07,34.35,15.81,54.68,76.85,37.581,223.7,3,Healthy,18.54,-22.169999999999995,34.34708333333333,0.2933684308712895,0.375,201.53333333333333,5,3,0
2025-04-03 06:00:00,Hive_07,35.05,18.07,53.89,71.16,37.558,201.7,64,Healthy,16.979999999999997,-17.269999999999996,34.38791666666667,0.3201083942322822,0.31799999999999784,199.86666666666665,6,3,0
2025-04-03 07:00:00,Hive_07,34.59,18.92,55.8,68.73,37.571,195.6,52,Healthy,15.670000000000002,-12.930000000000007,34.4,0.32211259171154716,0.3119999999999976,201.66666666666666,7,3,0
2025-04-03 08:00:00,Hive_07,34.5,20.17,56.57,64.75,37.576,196.9,71,Healthy,14.329999999999998,-8.18,34.39083333333334,0.3156761778711875,0.3089999999999975,201.19999999999996,8,3,0
2025-04-03 09:00:00,Hive_07,34.83,26.01,54.55,58.93,37.585,180.3,97,Healthy,8.819999999999997,-4.380000000000003,34.40291666666666,0.32698197220172076,0.3509999999999991,196.91666666666666,9,3,0
2025-04-03 10:00:00,Hive_07,34.05,24.33,54.04,58.82,37.603,197.6,89,Healthy,9.719999999999999,-4.780000000000001,34.40708333333334,0.32155166150168213,0.347999999999999,199.29999999999998,10,3,0
2025-04-03 11:00:00,Hive_07,34.37,28.81,54.02,55.4,37.598,193.6,84,Healthy,5.559999999999999,-1.3799999999999955,34.406666666666666,0.3215947580508687,0.29699999999999704,194.2833333333333,11,3,0
2025-04-03 12:00:00,Hive_07,34.63,27.11,55.2,53.07,37.612,238.0,82,Healthy,7.520000000000003,2.1300000000000026,34.42,0.3240370349203926,0.28600000000000136,200.33333333333334,12,3,0
2025-04-03 13:00:00,Hive_07,34.39,27.67,53.65,46.94,37.607,182.2,75,Healthy,6.719999999999999,6.710000000000001,34.420833333333334,0.32392855716180263,0.26200000000000045,198.1,13,3,0
2025-04-03 14:00:00,Hive_07,34.27,28.18,51.96,51.42,37.62,207.0,91,Healthy,6.090000000000003,0.5399999999999991,34.41458333333333,0.32538912045448704,0.23699999999999477,199.78333333333333,14,3,0
2025-04-03 15:00:00,Hive_07,34.17,26.2,53.89,49.3,37.614,192.4,75,Healthy,7.970000000000002,4.590000000000003,34.39833333333333,0.32754245216614963,0.22099999999999653,201.79999999999998,15,3,0
2025-04-03 16:00:00,Hive_07,34.46,27.1,53.64,50.32,37.589,208.1,63,Healthy,7.359999999999999,3.3200000000000003,34.37416666666667,0.29822542781778655,0.19299999999999784,203.54999999999998,16,3,0
2025-04-03 17:00:00,Hive_07,34.42,23.06,55.68,55.51,37.607,183.6,69,Healthy,11.360000000000003,0.1700000000000017,34.360416666666666,0.28756064262761405,0.18500000000000227,201.88333333333333,17,3,0
2025-04-03 18:00:00,Hive_07,34.36,21.25,53.84,56.71,37.642,204.5,35,Healthy,13.11,-2.8699999999999974,34.36875,0.28438052431328004,0.17100000000000648,196.29999999999998,18,3,0
2025-04-03 19:00:00,Hive_07,34.36,20.18,53.81,65.43,37.675,173.3,53,Healthy,14.18,-11.620000000000005,34.37291666666667,0.2834489320873332,0.1599999999999966,194.81666666666663,19,3,0
2025-04-03 20:00:00,Hive_07,34.36,18.8,52.64,66.03,37.688,214.2,6,Healthy,15.559999999999999,-13.39,34.3925,0.2642174664272173,0.14100000000000534,196.01666666666665,20,3,0
2025-04-03 21:00:00,Hive_07,34.62,16.2,55.7,71.36,37.717,207.0,2,Healthy,18.419999999999998,-15.659999999999997,34.401666666666664,0.26827414055915594,0.17300000000000182,198.45000000000002,21,3,0
2025-04-03 22:00:00,Hive_07,34.5,17.67,56.24,71.72,37.712,221.4,2,Healthy,16.83,-15.479999999999997,34.40208333333333,0.2684250225922004,0.16400000000000148,200.66666666666666,22,3,0
2025-04-03 23:00:00,Hive_07,34.08,12.62,55.13,75.22,37.714,187.0,0,Healthy,21.46,-20.089999999999996,34.40958333333333,0.2560142517545641,0.17499999999999716,201.23333333333335,23,3,0
2025-04-04 00:00:00,Hive_07,34.39,11.88,52.87,77.63,37.724,185.2,2,Healthy,22.509999999999998,-24.759999999999998,34.39208333333334,0.2413905218892639,0.1839999999999975,198.01666666666665,0,4,0
2025-04-04 01:00:00,Hive_07,34.97,13.88,54.79,78.97,37.708,217.8,3,Healthy,21.089999999999996,-24.18,34.42583333333333,0.26317322228436535,0.1739999999999995,205.4333333333333,1,4,0
2025-04-04 02:00:00,Hive_07,34.13,13.49,54.47,78.47,37.768,182.3,2,Healthy,20.64,-24.0,34.41833333333333,0.2691155670075531,0.24199999999999733,200.11666666666667,2,4,0
2025-04-04 03:00:00,Hive_07,34.12,12.13,54.63,81.38,37.76,187.4,2,Healthy,21.989999999999995,-26.749999999999993,34.42333333333333,0.26202666088490406,0.24199999999999733,196.85000000000002,3,4,0
2025-04-04 04:00:00,Hive_07,34.52,11.39,53.57,78.57,37.755,205.0,1,Healthy,23.130000000000003,-24.999999999999993,34.437083333333334,0.2578755879112625,0.2020000000000053,194.11666666666667,4,4,0
2025-04-04 05:00:00,Hive_07,34.41,14.4,54.97,75.14,37.794,207.9,1,Healthy,20.009999999999998,-20.17,34.43958333333334,0.2572848052538127,0.21299999999999386,197.6,5,4,0
2025-04-04 06:00:00,Hive_07,34.22,14.38,53.81,71.66,37.767,199.8,70,Healthy,19.839999999999996,-17.849999999999994,34.405,0.22548498455744148,0.20900000000000318,200.03333333333333,6,4,0
2025-04-04 07:00:00,Hive_07,34.79,18.22,54.57,70.34,37.772,179.0,62,Healthy,16.57,-15.770000000000003,34.413333333333334,0.23606680459540233,0.2010000000000005,193.5666666666667,7,4,0
2025-04-04 08:00:00,Hive_07,34.84,20.08,53.84,63.29,37.839,206.1,69,Healthy,14.760000000000005,-9.449999999999996,34.4275,0.2512101147229748,0.2629999999999981,197.53333333333333,8,4,0
2025-04-04 09:00:00,Hive_07,34.41,24.98,54.35,56.55,37.846,203.4,76,Healthy,9.429999999999996,-2.1999999999999957,34.410000000000004,0.2361281892090196,0.2609999999999957,200.20000000000002,9,4,0
2025-04-04 10:00:00,Hive_07,34.65,26.1,55.69,58.37,37.83,203.0,87,Healthy,8.549999999999997,-2.6799999999999997,34.434999999999995,0.22797787840814196,0.22699999999999676,199.86666666666667,10,4,0
2025-04-04 11:00:00,Hive_07,33.89,23.97,58.78,56.17,37.839,187.2,94,Healthy,9.920000000000002,2.6099999999999994,34.415,0.2535487261291983,0.24099999999999966,196.41666666666666,11,4,0
2025-04-04 12:00:00,Hive_07,35.03,27.87,53.01,56.1,37.844,186.4,97,Healthy,7.16,-3.0900000000000034,34.431666666666665,0.28005693003025384,0.23199999999999932,194.1833333333333,12,4,0
2025-04-04 13:00:00,Hive_07,34.48,29.85,54.05,47.88,37.871,206.1,100,Healthy,4.6299999999999955,6.169999999999995,34.43541666666666,0.2800773055808853,0.2640000000000029,198.70000000000002,13,4,0
2025-04-04 14:00:00,Hive_07,34.62,27.37,54.59,49.77,37.886,219.1,105,Healthy,7.2499999999999964,4.82,34.449999999999996,0.280201790640709,0.26600000000000534,200.86666666666667,14,4,0
2025-04-04 15:00:00,Hive_07,34.35,26.99,56.3,54.81,37.887,184.6,90,Healthy,7.360000000000003,1.4899999999999949,34.4575,0.2747370284155511,0.27300000000000324,197.73333333333335,15,4,0
2025-04-04 16:00:00,Hive_07,34.73,26.85,55.62,54.58,37.908,216.3,79,Healthy,7.8799999999999955,1.0399999999999991,34.46875,0.2803152340397874,0.3190000000000026,199.95000000000002,16,4,0
2025-04-04 17:00:00,Hive_07,34.95,25.05,55.07,55.24,37.908,190.7,68,Healthy,9.900000000000002,-0.1700000000000017,34.490833333333335,0.2967053386291054,0.30100000000000193,200.5333333333333,17,4,0
2025-04-04 18:00:00,Hive_07,34.41,23.64,56.76,58.22,37.921,221.4,63,Healthy,10.769999999999996,-1.4600000000000009,34.492916666666666,0.2959212463781007,0.27899999999999636,206.36666666666667,18,4,0
2025-04-04 19:00:00,Hive_07,34.4,21.94,55.4,63.78,37.915,208.9,42,Healthy,12.459999999999997,-8.380000000000003,34.49458333333333,0.29525198032198785,0.240000000000002,206.83333333333334,19,4,0
2025-04-04 20:00:00,Hive_07,33.9,20.77,53.3,62.28,37.935,210.1,41,Healthy,13.129999999999999,-8.980000000000004,34.47541666666667,0.3183924180693628,0.2469999999999999,205.33333333333334,20,4,0
2025-04-04 21:00:00,Hive_07,34.29,17.32,57.05,69.3,37.931,217.7,1,Healthy,16.97,-12.25,34.461666666666666,0.3190020671415438,0.21399999999999864,210.85000000000002,21,4,0
2025-04-04 22:00:00,Hive_07,34.55,18.36,53.87,72.87,37.984,214.9,2,Healthy,16.189999999999998,-19.000000000000007,34.46375,0.31942628597833217,0.27199999999999847,210.61666666666665,22,4,0
2025-04-04 23:00:00,Hive_07,34.7,14.7,54.9,74.29,37.995,213.4,2,Healthy,20.000000000000004,-19.390000000000008,34.48958333333333,0.31202674309391265,0.2809999999999988,214.4,23,4,0
2025-04-05 00:00:00,Hive_07,34.25,13.1,52.52,80.86,37.99,202.3,2,Healthy,21.15,-28.339999999999996,34.48374999999999,0.31526127880385363,0.26600000000000534,211.21666666666667,0,5,0
2025-04-05 01:00:00,Hive_07,34.55,11.16,55.23,86.86,37.974,178.4,0,Healthy,23.389999999999997,-31.630000000000003,34.46625,0.2982967955926911,0.26599999999999824,206.13333333333333,1,5,0
2025-04-05 02:00:00,Hive_07,34.5,14.06,53.18,82.42,37.978,221.3,1,Healthy,20.439999999999998,-29.240000000000002,34.48166666666667,0.2895974217196427,0.21000000000000085,208.0,2,5,0
2025-04-05 03:00:00,Hive_07,34.41,10.92,56.11,78.73,37.944,202.5,1,Healthy,23.489999999999995,-22.620000000000005,34.49375,0.2797329860389341,0.1840000000000046,205.46666666666667,3,5,0
2025-04-05 04:00:00,Hive_07,34.11,12.27,55.27,79.5,37.964,208.7,2,Healthy,21.84,-24.229999999999997,34.47666666666667,0.2903770662082463,0.20899999999999608,204.4333333333333,4,5,0
2025-04-05 05:00:00,Hive_07,34.24,15.2,57.05,77.05,37.95,205.6,1,Healthy,19.040000000000003,-20.0,34.46958333333333,0.29412329811280147,0.1560000000000059,203.13333333333333,5,5,0
2025-04-05 06:00:00,Hive_07,34.46,13.42,57.08,71.36,37.996,198.1,36,Healthy,21.04,-14.280000000000001,34.47958333333333,0.28930920974033586,0.2289999999999992,202.4333333333333,6,5,0
2025-04-05 07:00:00,Hive_07,34.71,15.97,54.09,70.43,37.983,214.9,48,Healthy,18.740000000000002,-16.340000000000003,34.47625,0.286019344131458,0.21099999999999852,208.51666666666665,7,5,0
2025-04-05 08:00:00,Hive_07,33.9,19.33,56.43,65.95,38.04,201.7,69,Healthy,14.57,-9.520000000000003,34.43708333333333,0.298146144010625,0.2010000000000005,205.25,8,5,0
2025-04-05 09:00:00,Hive_07,34.28,22.14,53.31,61.57,38.043,202.3,68,Healthy,12.14,-8.259999999999998,34.431666666666665,0.2998357038035346,0.19700000000000273,205.21666666666667,9,5,0
2025-04-05 10:00:00,Hive_07,34.1,21.98,56.01,56.62,37.985,182.5,98,Healthy,12.120000000000001,-0.6099999999999994,34.40875,0.30341981965013554,0.15500000000000114,200.85,10,5,0
2025-04-05 11:00:00,Hive_07,34.46,25.32,54.06,54.76,38.016,191.4,80,Healthy,9.14,-0.6999999999999957,34.4325,0.2826466529693587,0.1769999999999996,198.48333333333335,11,5,0
2025-04-05 12:00:00,Hive_07,34.41,27.91,54.22,48.15,38.02,192.7,93,Healthy,6.4999999999999964,6.07,34.406666666666666,0.25237423327904823,0.17600000000000193,197.58333333333334,12,5,0
2025-04-05 13:00:00,Hive_07,34.4,29.38,55.95,51.43,38.045,205.4,99,Healthy,5.02,4.520000000000003,34.403333333333336,0.25189139596722626,0.1739999999999995,196.0,13,5,0
2025-04-05 14:00:00,Hive_07,34.59,24.48,52.78,50.05,38.06,213.7,82,Healthy,10.110000000000003,2.730000000000004,34.40208333333333,0.2508416990275217,0.1739999999999995,198.0,14,5,0
2025-04-05 15:00:00,Hive_07,34.9,28.71,56.74,52.56,38.097,192.5,74,Healthy,6.189999999999998,4.18,34.425000000000004,0.2702494821617505,0.21000000000000085,196.36666666666667,15,5,0
2025-04-05 16:00:00,Hive_07,34.87,23.22,54.09,49.88,38.115,203.6,82,Healthy,11.649999999999999,4.210000000000001,34.43083333333333,0.27850402645854444,0.20700000000000074,199.88333333333333,16,5,0
2025-04-05 17:00:00,Hive_07,34.6,22.63,53.71,55.1,38.144,179.0,70,Healthy,11.970000000000002,-1.3900000000000006,34.41625,0.2585883500519841,0.2359999999999971,197.8166666666667,17,5,0
2025-04-05 18:00:00,Hive_07,34.46,20.77,55.33,55.69,38.117,215.6,57,Healthy,13.690000000000001,-0.35999999999999943,34.41833333333333,0.2587371784963085,0.19599999999999795,201.63333333333333,18,5,0
2025-04-05 19:00:00,Hive_07,34.28,24.93,53.39,62.52,38.118,232.7,40,Healthy,9.350000000000001,-9.130000000000003,34.413333333333334,0.26026185253328377,0.20300000000000296,206.1833333333333,19,5,0
2025-04-05 20:00:00,Hive_07,34.15,20.14,55.81,67.76,38.139,214.4,38,Healthy,14.009999999999998,-11.950000000000003,34.42375,0.24327140863831112,0.20400000000000063,206.29999999999998,20,5,0
2025-04-05 21:00:00,Hive_07,34.33,17.84,56.26,66.12,38.186,181.7,0,Healthy,16.49,-9.860000000000007,34.42541666666667,0.242450876542508,0.25500000000000256,204.5,21,5,0
2025-04-05 22:00:00,Hive_07,34.78,13.64,56.97,70.97,38.154,181.9,0,Healthy,21.14,-14.0,34.434999999999995,0.25194892512087413,0.1700000000000017,200.88333333333333,22,5,0
2025-04-05 23:00:00,Hive_07,34.38,13.04,55.77,75.16,38.126,192.2,3,Healthy,21.340000000000003,-19.389999999999993,34.42166666666667,0.2457051372941807,0.13100000000000023,203.08333333333334,23,5,0
2025-04-06 00:00:00,Hive_07,34.62,15.18,54.02,81.32,38.139,237.9,1,Healthy,19.439999999999998,-27.29999999999999,34.437083333333334,0.2460731451288859,0.1490000000000009,206.79999999999998,0,6,0
2025-04-06 01:00:00,Hive_07,34.67,15.02,55.97,74.62,38.157,206.6,2,Healthy,19.650000000000002,-18.650000000000006,34.442083333333336,0.2496602764221553,0.18299999999999983,202.45000000000002,1,6,0
2025-04-06 02:00:00,Hive_07,34.42,12.85,52.96,79.34,38.181,219.5,3,Healthy,21.57,-26.380000000000003,34.43875,0.24938729265768345,0.20299999999999585,203.29999999999998,2,6,0
2025-04-06 03:00:00,Hive_07,34.61,11.04,53.27,76.04,38.203,166.9,3,Healthy,23.57,-22.770000000000003,34.44708333333333,0.25171549099289803,0.25900000000000034,200.83333333333334,3,6,0
2025-04-06 04:00:00,Hive_07,34.59,13.3,55.14,74.15,38.223,212.0,0,Healthy,21.290000000000003,-19.010000000000005,34.467083333333335,0.2426749331686414,0.25900000000000034,205.85,4,6,0
2025-04-06 05:00:00,Hive_07,34.41,13.64,54.47,75.43,38.254,174.0,1,Healthy,20.769999999999996,-20.960000000000008,34.47416666666667,0.23819824893793898,0.30399999999999494,202.8166666666667,5,6,0
2025-04-06 06:00:00,Hive_07,34.21,15.68,58.21,72.28,38.284,233.2,56,Healthy,18.53,-14.07,34.463750000000005,0.2442346074541028,0.2879999999999967,202.03333333333333,6,6,0
2025-04-06 07:00:00,Hive_07,34.97,19.07,55.85,68.87,38.29,227.7,47,Healthy,15.899999999999999,-13.020000000000003,34.474583333333335,0.26083443302078474,0.30700000000000216,205.54999999999998,7,6,0
2025-04-06 08:00:00,Hive_07,34.7,18.9,51.05,70.62,38.321,184.7,64,Healthy,15.800000000000004,-19.570000000000007,34.50791666666667,0.23394497990593344,0.2809999999999988,199.75,8,6,0
2025-04-06 09:00:00,Hive_07,35.1,25.9,54.09,64.43,38.325,203.3,86,Healthy,9.200000000000003,-10.340000000000003,34.54208333333333,0.25786715768878504,0.2820000000000036,205.81666666666663,9,6,0
2025-04-06 10:00:00,Hive_07,34.65,23.49,57.24,61.26,38.319,193.7,87,Healthy,11.16,-4.019999999999996,34.565000000000005,0.24074160782700407,0.3340000000000032,202.76666666666665,10,6,0
2025-04-06 11:00:00,Hive_07,34.82,24.97,54.64,56.49,38.342,230.6,99,Healthy,9.850000000000001,-1.8500000000000014,34.580000000000005,0.2450909325482941,0.3260000000000005,212.20000000000002,11,6,0
2025-04-06 12:00:00,Hive_07,35.0,27.91,57.28,54.6,38.351,213.5,87,Healthy,7.09,2.6799999999999997,34.60458333333333,0.2566164311840243,0.33099999999999596,208.91666666666666,12,6,0
2025-04-06 13:00:00,Hive_07,34.07,27.65,55.55,51.47,38.347,182.2,96,Healthy,6.420000000000002,4.079999999999998,34.59083333333333,0.27615239439037564,0.3019999999999996,201.33333333333334,13,6,0
2025-04-06 14:00:00,Hive_07,34.43,27.61,54.08,50.44,38.359,179.6,83,Healthy,6.82,3.6400000000000006,34.58416666666667,0.2780978349378193,0.2989999999999995,200.48333333333335,14,6,0
2025-04-06 15:00:00,Hive_07,34.93,30.7,58.13,48.11,38.354,204.9,65,Healthy,4.23,10.020000000000003,34.58541666666667,0.27964230516962346,0.2569999999999979,200.75,15,6,0
2025-04-06 16:00:00,Hive_07,34.62,24.75,54.15,52.34,38.341,188.2,78,Healthy,9.869999999999997,1.8099999999999952,34.575,0.2731618408642555,0.2259999999999991,199.83333333333334,16,6,0
2025-04-06 17:00:00,Hive_07,34.38,27.0,53.39,55.68,38.377,224.6,55,Healthy,7.380000000000003,-2.289999999999999,34.56583333333334,0.27596339811911685,0.2330000000000041,198.83333333333334,17,6,0
2025-04-06 18:00:00,Hive_07,34.66,23.76,58.11,54.57,38.406,233.2,46,Healthy,10.899999999999995,3.539999999999999,34.57416666666666,0.2756481163693522,0.2890000000000015,202.11666666666667,18,6,0
2025-04-06 19:00:00,Hive_07,34.55,20.11,53.66,64.13,38.454,190.9,28,Healthy,14.439999999999998,-10.469999999999999,34.58541666666667,0.2685383814631377,0.3359999999999985,203.56666666666663,19,6,0
2025-04-06 20:00:00,Hive_07,34.81,20.9,53.27,62.4,38.469,204.8,32,Healthy,13.910000000000004,-9.129999999999995,34.61291666666667,0.25548724407308354,0.3299999999999983,207.76666666666668,20,6,0
2025-04-06 21:00:00,Hive_07,34.91,16.0,54.7,68.49,38.456,193.3,0,Healthy,18.909999999999997,-13.789999999999992,34.63708333333333,0.2549932508342444,0.2700000000000031,205.83333333333334,21,6,0
2025-04-06 22:00:00,Hive_07,34.53,12.73,56.05,72.15,38.475,209.2,1,Healthy,21.8,-16.10000000000001,34.62666666666667,0.25400559163079744,0.32099999999999795,209.33333333333334,22,6,0
2025-04-06 23:00:00,Hive_07,34.4,17.53,57.49,73.92,38.477,198.3,2,Healthy,16.869999999999997,-16.43,34.627500000000005,0.25319265735627444,0.3509999999999991,204.95000000000002,23,6,0
2025-04-07 00:00:00,Hive_07,34.23,14.82,54.38,78.27,38.498,195.6,1,Healthy,19.409999999999997,-23.889999999999993,34.611250000000005,0.26589165004794485,0.35899999999999466,198.6833333333333,0,0,0
2025-04-07 01:00:00,Hive_07,34.46,10.87,54.83,81.88,38.522,179.6,2,Healthy,23.590000000000003,-27.049999999999997,34.6025,0.2673257254329673,0.365000000000002,196.79999999999998,1,0,0
2025-04-07 02:00:00,Hive_07,34.57,14.26,55.3,79.87,38.553,203.0,4,Healthy,20.310000000000002,-24.570000000000007,34.60875,0.26461313024045796,0.3719999999999999,196.5,2,0,0
2025-04-07 03:00:00,Hive_07,34.95,12.62,54.68,78.62,38.551,182.2,2,Healthy,22.330000000000005,-23.940000000000005,34.62291666666666,0.2736306486562856,0.347999999999999,194.64999999999998,3,0,0
2025-04-07 04:00:00,Hive_07,34.33,12.39,54.46,76.44,38.577,207.3,1,Healthy,21.939999999999998,-21.979999999999997,34.61208333333333,0.28006178148629457,0.3539999999999992,194.33333333333334,4,0,0
2025-04-07 05:00:00,Hive_07,34.56,15.18,54.0,75.39,38.574,202.3,2,Healthy,19.380000000000003,-21.39,34.61833333333333,0.2770130536347693,0.3200000000000003,195.0,5,0,0
2025-04-07 06:00:00,Hive_07,34.35,17.52,53.08,73.5,38.602,205.0,59,Healthy,16.830000000000002,-20.42,34.62416666666666,0.269410252325283,0.31799999999999784,196.5666666666667,6,0,0
2025-04-07 07:00:00,Hive_07,34.44,18.62,55.06,72.49,38.628,212.9,63,Healthy,15.819999999999997,-17.429999999999993,34.60208333333333,0.2614338251403936,0.33800000000000097,202.11666666666667,7,0,0
2025-04-07 08:00:00,Hive_07,34.38,17.61,55.03,61.46,38.6,199.6,76,Healthy,16.770000000000003,-6.43,34.58875,0.2643665521828454,0.27900000000000347,201.54999999999998,8,0,0
2025-04-07 09:00:00,Hive_07,34.68,21.98,52.6,61.71,38.623,189.0,75,Healthy,12.7,-9.11,34.57125,0.2420081295795875,0.2979999999999947,202.6833333333333,9,0,0
2025-04-07 10:00:00,Hive_07,34.15,23.01,57.07,59.65,38.681,176.7,78,Healthy,11.139999999999997,-2.5799999999999983,34.55041666666667,0.2560482150021727,0.36199999999999477,197.58333333333334,10,0,0
2025-04-07 11:00:00,Hive_07,34.42,26.58,55.26,52.41,38.677,201.2,98,Healthy,7.840000000000003,2.8500000000000014,34.533750000000005,0.25070010665786,0.33500000000000085,197.39999999999998,11,0,0
2025-04-07 12:00:00,Hive_07,34.85,26.81,57.08,49.93,38.694,185.3,81,Healthy,8.040000000000003,7.149999999999999,34.527499999999996,0.24022181778333931,0.3430000000000035,194.11666666666667,12,0,0
2025-04-07 13:00:00,Hive_07,34.82,24.17,53.97,49.33,38.685,215.3,100,Healthy,10.649999999999999,4.640000000000001,34.558749999999996,0.22651062936955862,0.33800000000000097,194.51666666666665,13,0,0
2025-04-07 14:00:00,Hive_07,34.24,27.2,54.49,51.02,38.659,205.4,83,Healthy,7.040000000000003,3.469999999999999,34.55083333333334,0.23438943192282252,0.29999999999999716,195.48333333333335,14,0,0
2025-04-07 15:00:00,Hive_07,34.44,26.72,53.76,50.33,38.677,195.5,76,Healthy,7.719999999999999,3.4299999999999997,34.53041666666667,0.22087728575460258,0.3230000000000004,196.5666666666667,15,0,0
2025-04-07 16:00:00,Hive_07,34.45,24.74,53.76,51.76,38.697,168.4,65,Healthy,9.710000000000004,2.0,34.52333333333333,0.22060522810366034,0.35600000000000165,195.18333333333337,16,0,0
2025-04-07 17:00:00,Hive_07,34.09,26.12,55.13,58.59,38.718,201.0,48,Healthy,7.970000000000002,-3.460000000000001,34.51125,0.23618917436444312,0.3410000000000011,195.15,17,0,0
2025-04-07 18:00:00,Hive_07,34.5,23.27,52.88,52.62,38.738,190.2,42,Healthy,11.23,0.2600000000000051,34.504583333333336,0.23405646228257077,0.33200000000000074,195.96666666666667,18,0,0
2025-04-07 19:00:00,Hive_07,34.76,22.32,54.61,61.64,38.745,179.2,54,Healthy,12.439999999999998,-7.030000000000001,34.51333333333333,0.23968578464798396,0.2909999999999968,189.95000000000002,19,0,0
2025-04-07 20:00:00,Hive_07,34.72,18.6,55.6,66.45,38.751,194.6,29,Healthy,16.119999999999997,-10.850000000000001,34.50958333333333,0.2355101616319022,0.2819999999999965,188.15,20,0,0
2025-04-07 21:00:00,Hive_07,34.95,15.07,54.66,68.83,38.76,184.6,2,Healthy,19.880000000000003,-14.170000000000002,34.511250000000004,0.2385884668665694,0.30399999999999494,186.33333333333334,21,0,0
2025-04-07 22:00:00,Hive_07,34.84,14.83,57.04,74.2,38.741,210.8,2,Healthy,20.010000000000005,-17.160000000000004,34.524166666666666,0.24785894773240683,0.26599999999999824,193.4,22,0,0
2025-04-07 23:00:00,Hive_07,34.62,13.72,57.06,77.99,38.726,189.3,2,Healthy,20.9,-20.929999999999993,34.53333333333333,0.24713430016661456,0.24900000000000233,191.45000000000002,23,0,0
2025-04-08 00:00:00,Hive_07,34.22,14.83,57.66,78.9,38.73,186.3,1,Healthy,19.39,-21.24000000000001,34.532916666666665,0.24767579030145634,0.23199999999999932,190.79999999999998,0,1,0
2025-04-08 01:00:00,Hive_07,34.47,10.27,52.67,74.99,38.746,214.8,2,Healthy,24.2,-22.319999999999993,34.53333333333334,0.24755617134504285,0.22400000000000375,196.73333333333335,1,1,0
2025-04-08 02:00:00,Hive_07,34.75,12.07,57.92,76.92,38.784,180.0,1,Healthy,22.68,-19.0,34.54083333333333,0.2514119547962959,0.23100000000000165,194.29999999999998,2,1,0
2025-04-08 03:00:00,Hive_07,34.51,11.85,58.25,78.69,38.797,193.3,2,Healthy,22.659999999999997,-20.439999999999998,34.5225,0.23583800630388765,0.2459999999999951,195.75,3,1,0
2025-04-08 04:00:00,Hive_07,34.8,11.1,55.28,76.56,38.849,204.0,0,Healthy,23.699999999999996,-21.28,34.54208333333333,0.23865527561676017,0.27199999999999847,194.61666666666667,4,1,0
2025-04-08 05:00:00,Hive_07,34.19,11.97,53.3,77.61,38.848,214.9,1,Healthy,22.22,-24.310000000000002,34.526666666666664,0.24916672725509692,0.2740000000000009,198.88333333333333,5,1,0
2025-04-08 06:00:00,Hive_07,34.81,14.74,57.5,74.93,38.885,215.9,42,Healthy,20.07,-17.430000000000007,34.545833333333334,0.25265402821054805,0.28300000000000125,203.8166666666667,6,1,0
2025-04-08 07:00:00,Hive_07,35.06,18.92,55.26,71.31,38.885,186.7,70,Healthy,16.14,-16.050000000000004,34.571666666666665,0.2722956619857074,0.2569999999999979,199.13333333333333,7,1,0
2025-04-08 08:00:00,Hive_07,34.24,19.0,54.76,65.21,38.904,204.0,77,Healthy,15.240000000000002,-10.449999999999996,34.56583333333334,0.2780196531474608,0.30400000000000205,203.13333333333333,8,1,0
2025-04-08 09:00:00,Hive_07,34.36,20.01,53.53,60.88,38.899,186.6,81,Healthy,14.349999999999998,-7.350000000000001,34.5525,0.2799728247682222,0.27600000000000335,202.01666666666665,9,1,0
2025-04-08 10:00:00,Hive_07,34.6,24.6,55.24,59.25,38.911,210.1,63,Healthy,10.0,-4.009999999999998,34.57125,0.266593853283789,0.23000000000000398,203.03333333333333,10,1,0
2025-04-08 11:00:00,Hive_07,35.04,25.57,53.33,55.03,38.898,165.9,74,Healthy,9.469999999999999,-1.7000000000000028,34.59708333333334,0.2809530235631561,0.22100000000000364,194.86666666666665,11,1,0
2025-04-08 12:00:00,Hive_07,34.28,26.7,55.03,50.56,38.92,200.2,90,Healthy,7.580000000000002,4.469999999999999,34.57333333333333,0.2827299628339038,0.2259999999999991,192.25,12,1,0
2025-04-08 13:00:00,Hive_07,34.54,28.33,54.89,46.85,38.929,191.2,86,Healthy,6.210000000000001,8.04,34.56166666666667,0.2778436636838736,0.24399999999999977,193.0,13,1,0
2025-04-08 14:00:00,Hive_07,33.99,28.6,55.86,53.22,38.964,180.9,82,Healthy,5.390000000000001,2.6400000000000006,34.55125,0.29460825130863544,0.3049999999999997,189.15,14,1,0
2025-04-08 15:00:00,Hive_07,35.15,28.14,53.09,54.53,38.968,203.0,83,Healthy,7.009999999999998,-1.4399999999999977,34.58083333333333,0.317694365931992,0.2910000000000039,191.88333333333333,15,1,0
2025-04-08 16:00:00,Hive_07,34.2,27.23,52.69,50.11,38.937,176.5,81,Healthy,6.970000000000002,2.5799999999999983,34.57041666666667,0.3261565263951456,0.23999999999999488,186.28333333333333,16,1,0
2025-04-08 17:00:00,Hive_07,34.43,26.72,54.94,55.5,38.942,176.2,66,Healthy,7.710000000000001,-0.5600000000000023,34.584583333333335,0.3114339788597399,0.22399999999999665,188.0,17,1,0
2025-04-08 18:00:00,Hive_07,34.15,25.28,55.53,55.2,38.959,211.0,64,Healthy,8.869999999999997,0.3299999999999983,34.57,0.32352676120746776,0.22100000000000364,189.79999999999998,18,1,0
2025-04-08 19:00:00,Hive_07,34.2,20.48,53.61,60.95,38.96,221.6,50,Healthy,13.720000000000002,-7.340000000000003,34.54666666666667,0.3293691818780499,0.2150000000000034,194.86666666666667,19,1,0
2025-04-08 20:00:00,Hive_07,34.62,19.89,55.55,60.69,38.951,212.5,20,Healthy,14.729999999999997,-5.140000000000001,34.5425,0.3277094418244168,0.20000000000000284,200.13333333333333,20,1,0
2025-04-08 21:00:00,Hive_07,34.06,19.17,54.46,69.36,38.964,204.5,3,Healthy,14.89,-14.899999999999999,34.50541666666667,0.3299404316021244,0.20400000000000063,200.38333333333333,21,1,0
2025-04-08 22:00:00,Hive_07,34.67,17.74,57.41,72.02,38.954,190.9,0,Healthy,16.930000000000003,-14.61,34.498333333333335,0.32422035805869553,0.21300000000000097,202.78333333333333,22,1,0
2025-04-08 23:00:00,Hive_07,33.87,13.4,55.66,76.02,38.955,199.1,0,Healthy,20.47,-20.36,34.467083333333335,0.3473061444475343,0.2289999999999992,206.6,23,1,0
2025-04-09 00:00:00,Hive_07,34.38,12.92,51.68,81.35,38.989,208.1,2,Healthy,21.46,-29.669999999999995,34.47375,0.34387576750660737,0.25900000000000034,206.11666666666667,0,2,0
2025-04-09 01:00:00,Hive_07,34.99,13.12,56.13,79.65,38.99,222.4,3,Healthy,21.870000000000005,-23.520000000000003,34.495416666666664,0.35964933605879934,0.24399999999999977,206.25,1,2,0
2025-04-09 02:00:00,Hive_07,34.24,13.37,56.03,80.81,39.007,199.6,2,Healthy,20.870000000000005,-24.78,34.47416666666667,0.35901939715874603,0.22299999999999898,204.10000000000002,2,2,0
2025-04-09 03:00:00,Hive_07,34.81,12.4,53.0,80.59,38.997,186.3,3,Healthy,22.410000000000004,-27.590000000000003,34.486666666666665,0.3654855813092029,0.20000000000000284,201.0666666666667,3,2,0
2025-04-09 04:00:00,Hive_07,34.84,14.02,53.43,79.44,38.966,199.1,2,Healthy,20.820000000000004,-26.009999999999998,34.48833333333334,0.36706434297552876,0.11700000000000443,202.4333333333333,4,2,0
2025-04-09 05:00:00,Hive_07,34.23,14.05,53.23,72.87,38.964,182.6,2,Healthy,20.179999999999996,-19.640000000000008,34.49,0.36573927515554455,0.11599999999999966,199.68333333333337,5,2,0
2025-04-09 06:00:00,Hive_07,34.21,15.18,55.38,73.77,38.973,205.9,55,Healthy,19.03,-18.389999999999993,34.465,0.3634137658611586,0.08800000000000097,199.3166666666667,6,2,0
2025-04-09 07:00:00,Hive_07,34.66,18.89,55.45,70.54,38.97,212.8,53,Healthy,15.769999999999996,-15.090000000000003,34.44833333333333,0.34357034172079204,0.08500000000000085,197.71666666666667,7,2,0
2025-04-09 08:00:00,Hive_07,34.24,19.56,54.52,63.28,38.975,187.8,70,Healthy,14.680000000000003,-8.759999999999998,34.44833333333333,0.34357034172079204,0.07099999999999795,195.75,8,2,0
2025-04-09 09:00:00,Hive_07,35.19,22.31,55.5,60.03,38.988,189.9,79,Healthy,12.879999999999999,-4.530000000000001,34.48291666666667,0.37465902372419796,0.08899999999999864,196.35,9,2,0
2025-04-09 10:00:00,Hive_07,34.93,24.36,52.45,57.49,38.99,210.7,75,Healthy,10.57,-5.039999999999999,34.49666666666667,0.38505410875182916,0.07900000000000063,198.28333333333333,10,2,0
2025-04-09 11:00:00,Hive_07,34.81,23.34,53.69,53.36,38.993,206.3,82,Healthy,11.470000000000002,0.3299999999999983,34.48708333333333,0.3736364097176091,0.09499999999999886,202.23333333333335,11,2,0
2025-04-09 12:00:00,Hive_07,34.33,26.27,53.26,50.71,38.998,216.0,105,Healthy,8.059999999999999,2.549999999999997,34.48916666666667,0.372569417712312,0.07799999999999585,203.91666666666666,12,2,0
2025-04-09 13:00:00,Hive_07,35.0,29.6,58.45,50.79,39.011,185.1,101,Healthy,5.399999999999999,7.660000000000004,34.50833333333333,0.3868565251026437,0.08200000000000074,199.29999999999998,13,2,0
2025-04-09 14:00:00,Hive_07,33.88,26.19,56.09,48.23,38.975,214.9,102,Healthy,7.690000000000001,7.8600000000000065,34.503750000000004,0.3938529023577856,0.011000000000002785,203.8166666666667,14,2,0
2025-04-09 15:00:00,Hive_07,33.94,30.32,54.04,47.98,39.003,218.1,84,Healthy,3.6199999999999974,6.060000000000002,34.45333333333333,0.38487340286369526,0.03499999999999659,208.51666666666665,15,2,0
2025-04-09 16:00:00,Hive_07,34.36,27.72,53.83,56.73,38.989,206.5,68,Healthy,6.640000000000001,-2.8999999999999986,34.46,0.3816668248844638,0.0519999999999996,207.81666666666663,16,2,0
2025-04-09 17:00:00,Hive_07,34.69,26.89,54.42,53.49,38.996,199.0,43,Healthy,7.799999999999997,0.9299999999999997,34.47083333333334,0.3844580224348167,0.054000000000002046,206.6,17,2,0
2025-04-09 18:00:00,Hive_07,34.2,23.79,57.87,58.62,39.006,190.6,43,Healthy,10.410000000000004,-0.75,34.47291666666666,0.3827756655600311,0.046999999999997044,202.36666666666667,18,2,0
2025-04-09 19:00:00,Hive_07,34.59,24.13,56.32,59.47,39.027,191.6,48,Healthy,10.460000000000004,-3.1499999999999986,34.48916666666667,0.3789449503058687,0.06700000000000017,203.45000000000002,19,2,0
2025-04-09 20:00:00,Hive_07,34.87,20.23,54.08,61.56,39.033,204.6,24,Healthy,14.639999999999997,-7.480000000000004,34.499583333333334,0.38606689177853026,0.08200000000000074,201.73333333333332,20,2,0
2025-04-09 21:00:00,Hive_07,34.33,19.06,56.84,66.67,39.044,184.1,2,Healthy,15.27,-9.829999999999998,34.51083333333333,0.37651625828591156,0.0799999999999983,196.0666666666667,21,2,0
2025-04-09 22:00:00,Hive_07,35.0,16.6,57.68,69.33,39.056,197.0,2,Healthy,18.4,-11.649999999999999,34.52458333333333,0.3884190830249875,0.10199999999999676,194.48333333333335,22,2,0
2025-04-09 23:00:00,Hive_07,34.57,15.68,57.07,76.51,39.089,185.6,2,Healthy,18.89,-19.440000000000005,34.55375,0.36254909712491373,0.13400000000000034,192.25,23,2,0
2025-04-10 00:00:00,Hive_07,34.68,14.8,54.54,78.55,39.075,228.3,0,Healthy,19.88,-24.009999999999998,34.566250000000004,0.361468171669981,0.08600000000000563,198.53333333333333,0,3,0
2025-04-10 01:00:00,Hive_07,34.87,14.79,55.03,79.36,39.103,206.7,1,Healthy,20.08,-24.33,34.56125,0.3561425276486979,0.11299999999999955,201.04999999999998,1,3,0
2025-04-10 02:00:00,Hive_07,34.69,12.2,55.21,79.71,39.119,184.6,0,Healthy,22.49,-24.499999999999993,34.58,0.35029180382374286,0.11200000000000188,197.71666666666667,2,3,0
2025-04-10 03:00:00,Hive_07,34.18,12.38,55.86,79.85,39.141,202.3,2,Healthy,21.799999999999997,-23.989999999999995,34.55375,0.35586773923199394,0.14399999999999835,200.75,3,3,0
2025-04-10 04:00:00,Hive_07,34.62,11.17,53.76,75.42,39.136,204.2,4,Healthy,23.449999999999996,-21.660000000000004,34.544583333333335,0.35097354250176016,0.1700000000000017,201.95000000000002,4,3,0
2025-04-10 05:00:00,Hive_07,34.48,13.75,55.85,79.71,39.165,215.5,2,Healthy,20.729999999999997,-23.859999999999992,34.555,0.34488813561350584,0.2010000000000005,206.9333333333333,5,3,0
2025-04-10 06:00:00,Hive_07,34.63,15.66,54.35,74.16,39.204,206.9,42,Healthy,18.970000000000002,-19.809999999999995,34.5725,0.3371910824546833,0.23100000000000165,203.36666666666667,6,3,0
2025-04-10 07:00:00,Hive_07,34.35,16.63,56.13,72.8,39.221,210.8,79,Healthy,17.720000000000002,-16.669999999999995,34.55958333333333,0.33962228593167015,0.25099999999999767,204.04999999999998,7,3,0
2025-04-10 08:00:00,Hive_07,34.44,21.5,54.0,66.67,39.28,199.4,68,Healthy,12.939999999999998,-12.670000000000002,34.56791666666667,0.3338442642215493,0.3049999999999997,206.51666666666665,8,3,0
2025-04-10 09:00:00,Hive_07,34.98,22.5,55.81,61.5,39.263,190.1,78,Healthy,12.479999999999997,-5.689999999999998,34.55916666666667,0.31926432645212877,0.2749999999999986,204.48333333333332,9,3,0
2025-04-10 10:00:00,Hive_07,34.65,25.54,56.1,54.46,39.291,198.8,95,Healthy,9.11,1.6400000000000006,34.5475,0.31010867660281793,0.3009999999999948,203.58333333333334,10,3,0
2025-04-10 11:00:00,Hive_07,34.48,24.43,55.06,56.28,39.302,209.8,77,Healthy,10.049999999999997,-1.2199999999999989,34.533750000000005,0.3052413514068794,0.3089999999999975,202.63333333333333,11,3,0
2025-04-10 12:00:00,Hive_07,34.41,28.26,55.0,53.75,39.294,182.6,91,Healthy,6.149999999999995,1.25,34.537083333333335,0.30335055294331853,0.2959999999999994,198.58333333333334,12,3,0
2025-04-10 13:00:00,Hive_07,34.13,28.03,55.69,49.84,39.297,188.8,101,Healthy,6.100000000000001,5.849999999999994,34.50083333333333,0.2975540384486514,0.28599999999999426,194.91666666666666,13,3,0
2025-04-10 14:00:00,Hive_07,34.05,26.54,52.85,51.12,39.317,195.0,72,Healthy,7.509999999999998,1.730000000000004,34.50791666666667,0.28383980734189634,0.34199999999999875,194.1833333333333,14,3,0
2025-04-10 15:00:00,Hive_07,33.86,29.15,56.44,51.25,39.306,174.4,70,Healthy,4.710000000000001,5.189999999999998,34.504583333333336,0.2911742219638137,0.30299999999999727,191.5666666666667,15,3,0
2025-04-10 16:00:00,Hive_07,34.01,26.87,52.88,52.16,39.3,189.5,77,Healthy,7.139999999999997,0.720000000000006,34.49,0.3070618122165935,0.31099999999999994,190.01666666666668,16,3,0
2025-04-10 17:00:00,Hive_07,34.83,25.04,55.83,55.88,39.249,195.4,58,Healthy,9.79,-0.05000000000000426,34.49583333333333,0.3123113923588143,0.2530000000000001,187.61666666666667,17,3,0
2025-04-10 18:00:00,Hive_07,34.27,23.92,52.96,53.34,39.24,196.1,42,Healthy,10.350000000000001,-0.38000000000000256,34.49875,0.30974481081381644,0.23400000000000176,189.86666666666667,18,3,0
2025-04-10 19:00:00,Hive_07,34.35,20.79,55.3,60.72,39.242,176.5,29,Healthy,13.560000000000002,-5.420000000000002,34.48875,0.31054387773710695,0.2149999999999963,187.8166666666667,19,3,0
2025-04-10 20:00:00,Hive_07,34.08,19.51,56.01,64.1,39.258,191.0,28,Healthy,14.569999999999997,-8.089999999999996,34.45583333333333,0.3102441768597104,0.22500000000000142,187.15,20,3,0
2025-04-10 21:00:00,Hive_07,35.12,16.32,54.03,70.59,39.293,187.1,1,Healthy,18.799999999999997,-16.560000000000002,34.488749999999996,0.3370629214901535,0.24900000000000233,189.26666666666665,21,3,0
2025-04-10 22:00:00,Hive_07,34.71,18.15,54.6,72.26,39.267,235.1,1,Healthy,16.560000000000002,-17.660000000000004,34.47666666666667,0.3228361634107856,0.21100000000000563,196.86666666666667,22,3,0
2025-04-10 23:00:00,Hive_07,34.73,14.58,56.06,74.14,39.246,202.6,2,Healthy,20.15,-18.08,34.483333333333334,0.32647879838834915,0.15700000000000358,198.06666666666663,23,3,0
2025-04-11 00:00:00,Hive_07,34.72,14.87,54.19,79.28,39.231,195.3,0,Healthy,19.85,-25.090000000000003,34.485,0.327626510579931,0.1559999999999988,197.9333333333333,0,4,0
2025-04-11 01:00:00,Hive_07,34.22,11.16,55.8,77.98,39.221,227.5,2,Healthy,23.06,-22.180000000000007,34.45791666666666,0.3212202165745931,0.117999999999995,206.4333333333333,1,4,0
2025-04-11 02:00:00,Hive_07,34.56,13.78,53.44,78.62,39.235,173.5,3,Healthy,20.78,-25.180000000000007,34.4525,0.3182185467226211,0.11599999999999966,203.51666666666665,2,4,0
2025-04-11 03:00:00,Hive_07,34.65,11.31,54.17,80.09,39.229,198.2,2,Healthy,23.339999999999996,-25.92,34.47208333333333,0.31516702496166404,0.08800000000000097,205.36666666666667,3,4,0
2025-04-11 04:00:00,Hive_07,34.74,12.85,54.71,79.2,39.237,202.1,3,Healthy,21.89,-24.490000000000002,34.47708333333333,0.3185494182761229,0.10099999999999909,199.86666666666667,4,4,0
2025-04-11 05:00:00,Hive_07,34.58,13.83,53.9,77.88,39.246,183.2,0,Healthy,20.75,-23.979999999999997,34.48125,0.31924247973846454,0.08100000000000307,196.63333333333333,5,4,0
2025-04-11 06:00:00,Hive_07,34.49,16.91,55.07,74.1,39.244,202.5,69,Healthy,17.580000000000002,-19.029999999999994,34.47541666666667,0.31768153545809463,0.03999999999999915,197.83333333333334,6,4,0
2025-04-11 07:00:00,Hive_07,34.45,19.44,54.44,68.73,39.226,192.8,67,Healthy,15.010000000000002,-14.290000000000006,34.47958333333333,0.3166190849072979,0.005000000000002558,192.04999999999998,7,4,0
2025-04-11 08:00:00,Hive_07,34.16,18.6,56.18,64.44,39.211,208.9,80,Healthy,15.559999999999995,-8.259999999999998,34.46791666666666,0.32323069116366787,-0.06900000000000261,197.95000000000002,8,4,0
2025-04-11 09:00:00,Hive_07,34.64,21.59,57.4,59.74,39.248,198.9,69,Healthy,13.05,-2.3400000000000034,34.45375,0.30684669022875943,-0.015000000000000568,198.06666666666663,9,4,0
2025-04-11 10:00:00,Hive_07,34.33,23.65,55.68,54.12,39.25,191.0,84,Healthy,10.68,1.5600000000000023,34.440416666666664,0.3048945529290288,-0.04099999999999682,196.21666666666667,10,4,0
2025-04-11 11:00:00,Hive_07,34.1,25.25,55.79,55.9,39.259,206.5,74,Healthy,8.850000000000001,-0.10999999999999943,34.42458333333333,0.3125210137862168,-0.04299999999999926,200.1,11,4,0
2025-04-11 12:00:00,Hive_07,35.0,28.25,53.75,53.1,39.258,173.2,81,Healthy,6.75,0.6499999999999986,34.44916666666666,0.33380437732126367,-0.03599999999999426,195.21666666666667,12,4,0
2025-04-11 13:00:00,Hive_07,34.28,29.88,55.2,51.1,39.266,171.4,71,Healthy,4.400000000000002,4.100000000000001,34.455416666666665,0.3289374086974243,-0.030999999999998806,191.65,13,4,0
2025-04-11 14:00:00,Hive_07,34.05,29.66,54.81,51.47,39.262,216.3,89,Healthy,4.389999999999997,3.3400000000000034,34.45541666666667,0.3289374086974243,-0.054999999999999716,192.88333333333333,14,4,0
2025-04-11 15:00:00,Hive_07,34.49,26.07,54.94,50.75,39.262,200.4,69,Healthy,8.420000000000002,4.189999999999998,34.48166666666667,0.3035108574329908,-0.04399999999999693,193.13333333333333,15,4,0
2025-04-11 16:00:00,Hive_07,34.19,25.15,55.63,49.52,39.281,221.9,67,Healthy,9.04,6.109999999999999,34.48916666666667,0.29340455327765075,-0.01899999999999835,198.28333333333333,16,4,0
2025-04-11 17:00:00,Hive_07,34.59,26.71,56.21,54.49,39.302,201.6,54,Healthy,7.880000000000003,1.7199999999999989,34.479166666666664,0.2852598611894005,0.05299999999999727,197.46666666666667,17,4,0
2025-04-11 18:00:00,Hive_07,34.55,24.41,54.41,60.23,39.329,179.2,46,Healthy,10.139999999999997,-5.82,34.490833333333335,0.2820409570421921,0.08899999999999864,198.46666666666667,18,4,0
2025-04-11 19:00:00,Hive_07,34.87,20.6,55.96,60.87,39.302,190.7,24,Healthy,14.269999999999996,-4.909999999999997,34.512499999999996,0.2905953409363539,0.060000000000002274,201.6833333333333,19,4,0
2025-04-11 20:00:00,Hive_07,34.52,21.59,55.19,63.84,39.316,156.6,33,Healthy,12.930000000000003,-8.650000000000006,34.530833333333334,0.27561656835834075,0.05799999999999983,191.73333333333335,20,4,0
2025-04-11 21:00:00,Hive_07,34.56,17.11,55.95,70.57,39.311,183.1,2,Healthy,17.450000000000003,-14.61999999999999,34.5075,0.24564467091273992,0.018000000000000682,188.85,21,4,0
2025-04-11 22:00:00,Hive_07,34.57,16.85,55.63,72.94,39.295,216.1,1,Healthy,17.72,-17.309999999999995,34.501666666666665,0.2422658738311896,0.027999999999998693,187.88333333333333,22,4,0
2025-04-11 23:00:00,Hive_07,33.76,14.15,55.86,74.77,39.285,201.6,1,Healthy,19.61,-18.909999999999997,34.46125,0.28042378643759314,0.03899999999999437,187.88333333333333,23,4,0
2025-04-12 00:00:00,Hive_07,34.25,12.56,54.66,77.19,39.286,184.4,3,Healthy,21.689999999999998,-22.53,34.44166666666666,0.2779688231918485,0.054999999999999716,188.75,0,5,0
2025-04-12 01:00:00,Hive_07,34.7,11.07,56.39,80.61,39.285,197.0,1,Healthy,23.630000000000003,-24.22,34.461666666666666,0.27859377730599116,0.06400000000000006,189.79999999999998,1,5,0
2025-04-12 02:00:00,Hive_07,34.64,12.79,54.62,79.52,39.317,199.8,1,Healthy,21.85,-24.9,34.464999999999996,0.2802948757849522,0.08200000000000074,197.0,2,5,0
2025-04-12 03:00:00,Hive_07,34.32,12.78,56.56,82.76,39.311,200.7,1,Healthy,21.54,-26.200000000000003,34.45125,0.2789157968619313,0.08200000000000074,199.9333333333333,3,5,0
2025-04-12 04:00:00,Hive_07,34.71,12.51,54.25,76.63,39.331,192.1,1,Healthy,22.200000000000003,-22.379999999999995,34.449999999999996,0.27762971899557276,0.0940000000000012,195.93333333333337,4,5,0
2025-04-12 05:00:00,Hive_07,34.28,16.53,54.63,74.12,39.341,209.3,2,Healthy,17.75,-19.490000000000002,34.4375,0.27827496567555793,0.09499999999999886,197.21666666666667,5,5,0
2025-04-12 06:00:00,Hive_07,34.59,16.37,55.49,70.19,39.364,195.1,49,Healthy,18.220000000000002,-14.699999999999996,34.44166666666666,0.27983949851214834,0.11999999999999744,199.0,6,5,0
2025-04-12 07:00:00,Hive_07,33.96,18.99,53.34,66.77,39.362,216.1,80,Healthy,14.970000000000002,-13.429999999999993,34.42125,0.29657922909473355,0.13600000000000279,202.1833333333333,7,5,0
2025-04-12 08:00:00,Hive_07,34.34,18.64,55.72,64.83,39.377,186.9,63,Healthy,15.700000000000003,-9.11,34.42875,0.29192483398238794,0.16600000000000392,200.03333333333333,8,5,0
2025-04-12 09:00:00,Hive_07,34.3,21.86,52.67,63.58,39.413,207.5,66,Healthy,12.439999999999998,-10.909999999999997,34.41458333333333,0.28946696389812177,0.16499999999999915,201.16666666666666,9,5,0
2025-04-12 10:00:00,Hive_07,34.53,24.46,57.04,59.12,39.434,204.6,86,Healthy,10.07,-2.0799999999999983,34.42291666666667,0.28980471935824414,0.1839999999999975,203.25,10,5,0
2025-04-12 11:00:00,Hive_07,34.46,25.86,56.42,56.15,39.451,201.6,85,Healthy,8.600000000000001,0.2700000000000031,34.437916666666666,0.2815636335007396,0.19200000000000017,201.96666666666667,11,5,0
2025-04-12 12:00:00,Hive_07,34.8,26.48,55.76,52.65,39.446,176.0,97,Healthy,8.319999999999997,3.1099999999999994,34.42958333333333,0.2667759060671778,0.18799999999999528,198.78333333333333,12,5,0
2025-04-12 13:00:00,Hive_07,34.36,31.75,56.23,49.96,39.439,222.4,92,Healthy,2.6099999999999994,6.269999999999996,34.432916666666664,0.2653214484629651,0.17300000000000182,199.83333333333334,13,5,0
2025-04-12 14:00:00,Hive_07,34.76,27.96,54.33,48.45,39.463,206.0,97,Healthy,6.799999999999997,5.8799999999999955,34.4625,0.26030500504633247,0.2010000000000005,203.01666666666665,14,5,0
2025-04-12 15:00:00,Hive_07,34.67,27.97,55.22,56.74,39.466,213.2,74,Healthy,6.700000000000003,-1.5200000000000031,34.47,0.26370273118566867,0.20400000000000063,203.96666666666667,15,5,0
2025-04-12 16:00:00,Hive_07,34.44,25.77,58.37,51.07,39.481,190.1,80,Healthy,8.669999999999998,7.299999999999997,34.48041666666666,0.25701428088670497,0.20000000000000284,201.54999999999998,16,5,0
2025-04-12 17:00:00,Hive_07,35.07,25.94,52.76,56.98,39.444,229.9,53,Healthy,9.129999999999999,-4.219999999999999,34.500416666666666,0.2832494547623907,0.142000000000003,206.26666666666665,17,5,0
2025-04-12 18:00:00,Hive_07,34.21,21.45,53.84,56.45,39.471,194.6,33,Healthy,12.760000000000002,-2.6099999999999994,34.486250000000005,0.28910374999447935,0.1419999999999959,209.36666666666667,18,5,0
2025-04-12 19:00:00,Hive_07,34.43,22.12,54.71,59.42,39.498,192.4,46,Healthy,12.309999999999999,-4.710000000000001,34.46791666666667,0.2774257310198208,0.19599999999999795,204.36666666666665,19,5,0
2025-04-12 20:00:00,Hive_07,34.89,17.61,54.65,66.8,39.492,183.8,29,Healthy,17.28,-12.149999999999999,34.483333333333334,0.290421981840618,0.17599999999999483,200.66666666666666,20,5,0
2025-04-12 21:00:00,Hive_07,34.83,19.75,53.27,68.03,39.495,199.3,2,Healthy,15.079999999999998,-14.759999999999998,34.49458333333333,0.2986342705320909,0.1839999999999975,198.35,21,5,0
2025-04-12 22:00:00,Hive_07,34.88,15.5,54.74,74.99,39.494,191.0,3,Healthy,19.380000000000003,-20.249999999999993,34.5075,0.3085766763989069,0.19899999999999807,198.5,22,5,0
2025-04-12 23:00:00,Hive_07,34.11,13.35,56.0,72.68,39.477,194.0,2,Healthy,20.759999999999998,-16.680000000000007,34.522083333333335,0.27852061303261666,0.19200000000000017,192.51666666666665,23,5,0
2025-04-13 00:00:00,Hive_07,34.4,10.55,52.14,78.35,39.491,205.9,2,Healthy,23.849999999999998,-26.209999999999994,34.528333333333336,0.2737924740393486,0.2049999999999983,194.4,0,6,0
2025-04-13 01:00:00,Hive_07,34.72,13.03,53.58,80.01,39.473,182.6,1,Healthy,21.689999999999998,-26.430000000000007,34.52916666666667,0.2743675203661902,0.1880000000000024,192.76666666666665,1,6,0
2025-04-13 02:00:00,Hive_07,34.34,15.03,54.65,78.39,39.476,227.2,0,Healthy,19.310000000000002,-23.740000000000002,34.516666666666666,0.27592794690654954,0.15899999999999892,200.0,2,6,0
2025-04-13 03:00:00,Hive_07,34.79,15.55,55.03,79.78,39.502,185.8,0,Healthy,19.24,-24.75,34.53625,0.2780336623348208,0.1910000000000025,197.75,3,6,0
2025-04-13 04:00:00,Hive_07,34.18,16.96,56.07,81.82,39.535,209.9,1,Healthy,17.22,-25.749999999999993,34.51416666666667,0.28460371635367715,0.20399999999999352,200.9,4,6,0
2025-04-13 05:00:00,Hive_07,34.22,17.38,54.42,76.98,39.524,198.4,1,Healthy,16.84,-22.560000000000002,34.51166666666666,0.287003509547808,0.18299999999999983,201.63333333333333,5,6,0
2025-04-13 06:00:00,Hive_07,34.62,17.13,55.54,73.98,39.555,196.6,26,Healthy,17.49,-18.440000000000005,34.51291666666667,0.2874245332584639,0.1910000000000025,200.08333333333334,6,6,0
2025-04-13 07:00:00,Hive_07,34.71,21.1,54.49,67.06,39.593,185.6,53,Healthy,13.61,-12.57,34.54416666666667,0.26455732783303354,0.23100000000000165,200.58333333333334,7,6,0
2025-04-13 08:00:00,Hive_07,34.57,19.25,55.85,66.11,39.605,214.0,79,Healthy,15.32,-10.259999999999998,34.55375,0.260981633536711,0.22799999999999443,198.38333333333333,8,6,0
2025-04-13 09:00:00,Hive_07,34.6,24.34,57.65,61.81,39.639,207.8,64,Healthy,10.260000000000002,-4.160000000000004,34.566250000000004,0.25542483791930015,0.2260000000000062,202.04999999999998,9,6,0
2025-04-13 10:00:00,Hive_07,34.7,21.47,53.92,58.73,39.656,186.3,90,Healthy,13.230000000000004,-4.809999999999995,34.57333333333333,0.2567297118129321,0.2220000000000013,198.11666666666667,10,6,0
2025-04-13 11:00:00,Hive_07,34.6,26.55,54.56,55.58,39.662,217.4,92,Healthy,8.05,-1.019999999999996,34.579166666666666,0.2556307912777551,0.21099999999999852,201.28333333333333,11,6,0
2025-04-13 12:00:00,Hive_07,34.7,27.66,56.44,52.18,39.659,208.9,87,Healthy,7.040000000000003,4.259999999999998,34.574999999999996,0.25267267018988193,0.21300000000000097,203.33333333333334,12,6,0
2025-04-13 13:00:00,Hive_07,34.06,28.2,53.37,52.18,39.656,189.0,87,Healthy,5.860000000000003,1.1899999999999977,34.5625,0.27055900264647775,0.21699999999999875,203.9,13,6,0
2025-04-13 14:00:00,Hive_07,34.33,30.54,56.3,52.36,39.665,205.2,74,Healthy,3.789999999999999,3.9399999999999977,34.544583333333335,0.2711485902065974,0.20199999999999818,202.4333333333333,14,6,0
2025-04-13 15:00:00,Hive_07,34.51,25.75,55.78,51.98,39.707,196.4,75,Healthy,8.759999999999998,3.8000000000000043,34.53791666666667,0.2698949742056326,0.24099999999999966,200.53333333333333,15,6,0
2025-04-13 16:00:00,Hive_07,34.26,29.58,56.1,52.04,39.712,187.7,70,Healthy,4.68,4.060000000000002,34.53041666666667,0.2751834039274719,0.23100000000000165,200.76666666666665,16,6,0
2025-04-13 17:00:00,Hive_07,34.15,26.9,54.88,52.08,39.7,180.9,60,Healthy,7.25,2.8000000000000043,34.49208333333333,0.2604340718821263,0.2560000000000002,194.6833333333333,17,6,0
2025-04-13 18:00:00,Hive_07,34.47,25.66,56.92,59.08,39.745,207.4,46,Healthy,8.809999999999999,-2.1599999999999966,34.502916666666664,0.25350549546684137,0.2740000000000009,194.4333333333333,18,6,0
2025-04-13 19:00:00,Hive_07,34.58,24.41,56.83,64.15,39.739,169.0,29,Healthy,10.169999999999998,-7.320000000000007,34.509166666666665,0.25347869590040073,0.24099999999999966,191.1,19,6,0
2025-04-13 20:00:00,Hive_07,34.79,20.31,52.77,64.85,39.72,211.4,15,Healthy,14.48,-12.079999999999991,34.505,0.24770248634023703,0.22800000000000153,192.13333333333333,20,6,0
2025-04-13 21:00:00,Hive_07,34.3,17.52,55.87,68.93,39.689,227.5,1,Healthy,16.779999999999998,-13.06000000000001,34.48291666666666,0.2410029616752337,0.19400000000000261,197.3166666666667,21,6,0
2025-04-13 22:00:00,Hive_07,34.09,15.74,53.43,77.89,39.727,176.7,2,Healthy,18.35,-24.46,34.449999999999996,0.23834574813109674,0.232999999999997,195.48333333333332,22,6,0
2025-04-13 23:00:00,Hive_07,34.66,13.43,55.83,72.37,39.737,231.0,1,Healthy,21.229999999999997,-16.540000000000006,34.47291666666666,0.23054715950022905,0.2600000000000051,203.83333333333334,23,6,0
2025-04-14 00:00:00,Hive_07,34.79,14.37,54.24,78.65,39.719,189.8,1,Healthy,20.42,-24.410000000000004,34.48916666666667,0.23878162966750463,0.22800000000000153,200.9,0,0,0
2025-04-14 01:00:00,Hive_07,34.56,13.29,57.59,79.52,39.729,192.0,2,Healthy,21.270000000000003,-21.929999999999993,34.482499999999995,0.2342471752880635,0.2560000000000002,204.73333333333335,1,0,0
2025-04-14 02:00:00,Hive_07,34.46,9.43,53.6,76.56,39.727,214.0,2,Healthy,25.03,-22.96,34.487500000000004,0.23234625585254914,0.25099999999999767,205.16666666666666,2,0,0
2025-04-14 03:00:00,Hive_07,34.37,12.16,56.27,79.65,39.753,214.9,2,Healthy,22.209999999999997,-23.380000000000003,34.47,0.22424753403714276,0.25099999999999767,203.0666666666667,3,0,0
2025-04-14 04:00:00,Hive_07,34.45,13.15,55.17,76.59,39.749,224.4,3,Healthy,21.300000000000004,-21.42,34.48125,0.21567512807360778,0.21400000000000574,211.01666666666665,4,0,0
2025-04-14 05:00:00,Hive_07,34.67,14.16,54.26,77.67,39.767,188.4,1,Healthy,20.51,-23.410000000000004,34.5,0.21149570866240597,0.2430000000000021,203.91666666666666,5,0,0
2025-04-14 06:00:00,Hive_07,35.31,16.72,54.77,73.48,39.767,213.8,49,Healthy,18.590000000000003,-18.71,34.528749999999995,0.26789538029353477,0.2120000000000033,207.91666666666666,6,0,0
2025-04-14 07:00:00,Hive_07,34.45,16.96,56.58,67.71,39.785,187.5,78,Healthy,17.490000000000002,-11.129999999999995,34.517916666666665,0.2654934563455871,0.19199999999999307,207.16666666666666,7,0,0
2025-04-14 08:00:00,Hive_07,34.85,18.64,57.25,63.53,39.802,180.6,70,Healthy,16.21,-6.280000000000001,34.529583333333335,0.27390063521471353,0.19700000000000273,201.60000000000002,8,0,0
2025-04-14 09:00:00,Hive_07,34.59,20.02,56.2,66.09,39.805,227.1,73,Healthy,14.570000000000004,-9.89,34.52916666666667,0.2737964440120291,0.16599999999999682,203.63333333333333,9,0,0
2025-04-14 10:00:00,Hive_07,34.76,22.71,58.19,58.11,39.847,217.9,77,Healthy,12.049999999999997,0.0799999999999983,34.531666666666666,0.27569148898988266,0.1910000000000025,202.54999999999998,10,0,0
2025-04-14 11:00:00,Hive_07,34.45,24.6,52.13,52.64,39.885,184.6,77,Healthy,9.850000000000001,-0.509999999999998,34.525416666666665,0.27577525768935746,0.22299999999999898,201.91666666666666,11,0,0
2025-04-14 12:00:00,Hive_07,34.69,26.32,53.55,49.32,39.905,213.9,84,Healthy,8.369999999999997,4.229999999999997,34.525,0.2755074369705746,0.24600000000000222,201.9333333333333,12,0,0
2025-04-14 13:00:00,Hive_07,34.18,26.65,54.37,48.91,39.916,179.3,82,Healthy,7.530000000000001,5.460000000000001,34.529999999999994,0.26767923698533747,0.259999999999998,200.56666666666663,13,0,0
2025-04-14 14:00:00,Hive_07,33.7,28.24,55.95,50.07,39.951,191.4,67,Healthy,5.460000000000004,5.880000000000003,34.503750000000004,0.31487488888791787,0.28600000000000136,202.36666666666667,14,0,0
2025-04-14 15:00:00,Hive_07,34.86,26.58,53.36,48.92,39.954,225.2,79,Healthy,8.280000000000001,4.439999999999998,34.51833333333334,0.3231726778521846,0.2469999999999999,202.04999999999998,15,0,0
2025-04-14 16:00:00,Hive_07,34.79,27.22,55.61,51.81,40.001,229.4,73,Healthy,7.57,3.799999999999997,34.540416666666665,0.32286057250053396,0.2889999999999944,203.96666666666667,16,0,0
2025-04-14 17:00:00,Hive_07,34.33,25.6,55.2,54.72,39.982,189.3,68,Healthy,8.729999999999997,0.480000000000004,34.54791666666667,0.31540145800258473,0.2819999999999965,204.75,17,0,0
2025-04-14 18:00:00,Hive_07,34.63,24.81,57.26,57.25,39.984,178.5,56,Healthy,9.820000000000004,0.00999999999999801,34.55458333333333,0.31537388668976607,0.23900000000000432,198.85000000000002,18,0,0
2025-04-14 19:00:00,Hive_07,34.14,22.87,52.75,62.64,39.999,202.9,36,Healthy,11.27,-9.89,34.53625,0.32642746714141146,0.2600000000000051,202.78333333333333,19,0,0
2025-04-14 20:00:00,Hive_07,34.87,22.17,56.32,64.98,39.988,186.7,17,Healthy,12.699999999999996,-8.660000000000004,34.53958333333333,0.32952507546820897,0.2680000000000007,202.0,20,0,0
2025-04-14 21:00:00,Hive_07,34.91,18.58,55.89,69.08,39.972,193.1,0,Healthy,16.33,-13.189999999999998,34.565000000000005,0.3337403312392228,0.28300000000000125,196.65,21,0,0
2025-04-14 22:00:00,Hive_07,34.54,16.44,55.3,78.08,39.981,205.3,1,Healthy,18.099999999999998,-22.78,34.58375,0.3181715766279733,0.2540000000000049,192.63333333333333,22,0,0
2025-04-14 23:00:00,Hive_07,34.28,15.27,53.06,74.06,39.991,183.4,3,Healthy,19.01,-21.0,34.56791666666667,0.3236205395570607,0.2539999999999978,191.65,23,0,0
2025-04-15 00:00:00,Hive_07,34.16,12.43,55.2,74.05,40.014,205.3,1,Healthy,21.729999999999997,-18.849999999999994,34.541666666666664,0.3303050851491285,0.2950000000000017,196.11666666666667,0,1,0
2025-04-15 01:00:00,Hive_07,34.67,11.42,55.17,78.11,40.015,190.1,1,Healthy,23.25,-22.939999999999998,34.54625,0.3313321268167049,0.28600000000000136,193.98333333333332,1,1,0
2025-04-15 02:00:00,Hive_07,34.56,12.01,54.5,82.68,40.016,225.5,2,Healthy,22.550000000000004,-28.180000000000007,34.55041666666667,0.3308287244595734,0.2890000000000015,200.45000000000002,2,1,0
2025-04-15 03:00:00,Hive_07,34.49,13.74,56.8,80.98,39.997,223.3,2,Healthy,20.75,-24.180000000000007,34.555416666666666,0.3288845332816624,0.24399999999999977,205.48333333333335,3,1,0
2025-04-15 04:00:00,Hive_07,34.78,13.8,56.72,76.48,39.993,189.9,0,Healthy,20.98,-19.760000000000005,34.56916666666667,0.3311759898179504,0.24399999999999977,202.91666666666666,4,1,0
2025-04-15 05:00:00,Hive_07,35.14,15.17,52.7,75.41,39.986,200.2,2,Healthy,19.97,-22.709999999999994,34.58875,0.3507174324029567,0.2189999999999941,205.71666666666667,5,1,0
2025-04-15 06:00:00,Hive_07,34.61,16.93,55.18,72.67,40.017,191.7,45,Healthy,17.68,-17.490000000000002,34.559583333333336,0.3154634846459111,0.25,203.45000000000002,6,1,0
2025-04-15 07:00:00,Hive_07,34.31,18.96,55.36,72.03,40.019,208.3,43,Healthy,15.350000000000001,-16.67,34.55375,0.3188540963867663,0.23400000000000176,206.48333333333335,7,1,0
2025-04-15 08:00:00,Hive_07,34.4,19.48,51.19,63.85,40.069,162.6,74,Healthy,14.919999999999998,-12.660000000000004,34.535000000000004,0.31386787583037346,0.267000000000003,196.0,8,1,0
2025-04-15 09:00:00,Hive_07,34.54,20.13,56.04,58.63,40.058,183.4,65,Healthy,14.41,-2.5900000000000034,34.532916666666665,0.31365280121522027,0.2530000000000001,189.35,9,1,0
2025-04-15 10:00:00,Hive_07,34.89,24.32,53.27,55.41,40.079,223.2,85,Healthy,10.57,-2.1399999999999935,34.538333333333334,0.3188248349208845,0.23199999999999932,194.89999999999998,10,1,0
2025-04-15 11:00:00,Hive_07,34.43,22.97,54.94,55.19,40.121,200.8,93,Healthy,11.46,-0.25,34.5375,0.3190917818079958,0.2360000000000042,195.0,11,1,0
2025-04-15 12:00:00,Hive_07,34.84,25.94,55.2,51.45,40.136,215.0,106,Healthy,8.900000000000002,3.75,34.543749999999996,0.32364516936327864,0.23100000000000165,198.88333333333333,12,1,0
2025-04-15 13:00:00,Hive_07,34.94,25.99,57.99,49.53,40.141,204.1,92,Healthy,8.95,8.46,34.57541666666667,0.3236877073416201,0.22500000000000142,198.1833333333333,13,1,0
2025-04-15 14:00:00,Hive_07,34.91,28.35,52.3,50.5,40.138,209.6,79,Healthy,6.559999999999995,1.7999999999999972,34.62583333333333,0.27142004454301955,0.1869999999999976,206.01666666666668,14,1,0
2025-04-15 15:00:00,Hive_07,34.98,28.16,55.42,52.68,40.178,202.1,75,Healthy,6.819999999999997,2.740000000000002,34.630833333333335,0.2769698879672752,0.22399999999999665,209.13333333333333,15,1,0
2025-04-15 16:00:00,Hive_07,34.5,24.61,55.04,50.0,40.192,227.5,77,Healthy,9.89,5.039999999999999,34.61875,0.276048396828034,0.1910000000000025,209.85,16,1,0
2025-04-15 17:00:00,Hive_07,34.39,26.86,54.24,58.05,40.227,207.3,59,Healthy,7.530000000000001,-3.809999999999995,34.621249999999996,0.273580327604522,0.24499999999999744,210.9333333333333,17,1,0
2025-04-15 18:00:00,Hive_07,34.47,23.91,55.0,57.16,40.231,208.3,57,Healthy,10.559999999999999,-2.1599999999999966,34.614583333333336,0.275301876470954,0.2469999999999999,209.8166666666667,18,1,0
2025-04-15 19:00:00,Hive_07,34.12,21.22,55.76,62.92,40.252,198.7,40,Healthy,12.899999999999999,-7.160000000000004,34.61375,0.2768269354198317,0.2530000000000001,208.91666666666666,19,1,0
2025-04-15 20:00:00,Hive_07,34.5,19.65,54.18,63.98,40.285,168.5,28,Healthy,14.850000000000001,-9.799999999999997,34.598333333333336,0.2721998413357522,0.29699999999999704,202.06666666666663,20,1,0
2025-04-15 21:00:00,Hive_07,34.33,15.08,57.01,66.75,40.318,201.1,2,Healthy,19.25,-9.740000000000002,34.57416666666666,0.26905497525628774,0.34599999999999653,201.9,21,1,0
2025-04-15 22:00:00,Hive_07,34.33,17.56,56.01,74.76,40.309,194.2,2,Healthy,16.77,-18.750000000000007,34.56541666666667,0.27359092227930104,0.32799999999999585,196.35,22,1,0
2025-04-15 23:00:00,Hive_07,34.0,13.36,55.68,74.9,40.301,187.7,3,Healthy,20.64,-19.220000000000006,34.55375,0.2916640786634894,0.3100000000000023,193.08333333333334,23,1,0
2025-04-16 00:00:00,Hive_07,34.83,12.04,56.38,79.5,40.306,193.6,1,Healthy,22.79,-23.119999999999997,34.58166666666667,0.2843094864016833,0.2919999999999945,190.63333333333333,0,2,0
2025-04-16 01:00:00,Hive_07,34.7,9.63,55.72,81.03,40.259,197.3,2,Healthy,25.07,-25.310000000000002,34.58291666666667,0.28478029924943526,0.24399999999999977,190.39999999999998,1,2,0
2025-04-16 02:00:00,Hive_07,34.56,13.93,53.98,80.6,40.277,196.4,1,Healthy,20.630000000000003,-26.619999999999997,34.58291666666667,0.28478029924943526,0.2610000000000028,195.04999999999998,2,2,0
2025-04-16 03:00:00,Hive_07,34.6,10.54,52.92,77.6,40.281,219.6,0,Healthy,24.060000000000002,-24.679999999999993,34.5875,0.2841042368415566,0.2839999999999989,198.13333333333333,3,2,0
2025-04-16 04:00:00,Hive_07,34.41,13.75,55.93,79.08,40.287,211.9,0,Healthy,20.659999999999997,-23.15,34.57208333333333,0.2832417797520661,0.29399999999999693,201.08333333333334,4,2,0
2025-04-16 05:00:00,Hive_07,33.83,17.18,56.76,78.48,40.286,221.5,3,Healthy,16.65,-21.720000000000006,34.5175,0.2950202645950723,0.30000000000000426,206.71666666666667,5,2,0
2025-04-16 06:00:00,Hive_07,34.29,14.37,55.81,73.65,40.297,189.1,36,Healthy,19.92,-17.840000000000003,34.50416666666667,0.29787532651250714,0.27999999999999403,205.96666666666667,6,2,0
2025-04-16 07:00:00,Hive_07,34.45,18.27,53.84,69.81,40.297,183.6,67,Healthy,16.180000000000003,-15.969999999999999,34.51,0.29526701254230603,0.2779999999999987,203.68333333333337,7,2,0
2025-04-16 08:00:00,Hive_07,34.48,16.76,55.78,66.9,40.319,201.8,66,Healthy,17.719999999999995,-11.120000000000005,34.51333333333333,0.2944215650576926,0.25,204.58333333333334,8,2,0
2025-04-16 09:00:00,Hive_07,34.89,23.73,53.32,57.69,40.323,221.5,100,Healthy,11.16,-4.369999999999997,34.52791666666666,0.3043021834305312,0.26500000000000057,204.9,9,2,0
2025-04-16 10:00:00,Hive_07,34.76,24.27,54.94,54.79,40.311,203.3,71,Healthy,10.489999999999998,0.14999999999999858,34.5225,0.2986818869051578,0.23199999999999932,203.46666666666667,10,2,0
2025-04-16 11:00:00,Hive_07,33.91,25.95,52.51,52.55,40.309,207.5,101,Healthy,7.959999999999997,-0.03999999999999915,34.50083333333333,0.3235122021308329,0.18799999999999528,201.13333333333333,11,2,0
2025-04-16 12:00:00,Hive_07,34.43,29.07,54.08,48.99,40.317,221.2,91,Healthy,5.359999999999999,5.089999999999996,34.48375,0.3155507607480884,0.18099999999999739,206.48333333333335,12,2,0
2025-04-16 13:00:00,Hive_07,34.03,29.03,54.29,54.93,40.339,204.0,99,Healthy,5.0,-0.6400000000000006,34.44583333333333,0.3130066906725671,0.1980000000000004,209.88333333333335,13,2,0
2025-04-16 14:00:00,Hive_07,34.27,27.42,56.6,50.41,40.349,221.1,98,Healthy,6.850000000000001,6.190000000000005,34.41916666666666,0.2986770346285147,0.21099999999999852,213.1,14,2,0
2025-04-16 15:00:00,Hive_07,34.78,25.8,54.77,53.64,40.376,192.4,91,Healthy,8.98,1.1300000000000026,34.410833333333336,0.2848175108604498,0.1980000000000004,208.25,15,2,0
2025-04-16 16:00:00,Hive_07,34.31,27.08,55.42,53.79,40.404,204.6,75,Healthy,7.230000000000004,1.6300000000000026,34.40291666666666,0.2848718883175568,0.2120000000000033,208.46666666666667,16,2,0
2025-04-16 17:00:00,Hive_07,34.27,24.52,54.97,55.0,40.404,196.9,42,Healthy,9.750000000000004,-0.030000000000001137,34.39791666666667,0.28615865418034314,0.1770000000000067,206.69999999999996,17,2,0
2025-04-16 18:00:00,Hive_07,34.05,24.04,55.51,57.28,40.431,204.7,57,Healthy,10.009999999999998,-1.7700000000000031,34.38041666666667,0.294285858760916,0.19999999999999574,203.95000000000002,18,2,0
2025-04-16 19:00:00,Hive_07,34.52,21.28,55.22,60.69,40.394,186.2,49,Healthy,13.240000000000002,-5.469999999999999,34.397083333333335,0.2901945249635611,0.1419999999999959,200.98333333333335,19,2,0
2025-04-16 20:00:00,Hive_07,31.94,18.83,63.98,64.51,40.296,329.2,8,At Risk,13.110000000000003,-0.5300000000000082,34.290416666666665,0.5782468193236661,0.011000000000002785,219.0,20,2,1
2025-04-16 21:00:00,Hive_07,32.07,18.9,72.23,68.29,40.263,358.6,0,At Risk,13.170000000000002,3.9399999999999977,34.19625,0.7344433710078254,-0.054999999999999716,246.69999999999996,21,2,1
2025-04-16 22:00:00,Hive_07,32.36,15.49,66.97,72.64,40.243,341.3,0,At Risk,16.869999999999997,-5.670000000000002,34.11416666666667,0.8235285516375553,-0.0659999999999954,269.48333333333335,22,2,1
2025-04-16 23:00:00,Hive_07,32.72,16.03,66.63,76.86,40.172,339.0,0,At Risk,16.689999999999998,-10.230000000000004,34.060833333333335,0.8713054506920733,-0.1290000000000049,293.1666666666667,23,2,1
2025-04-17 00:00:00,Hive_07,32.72,14.37,66.55,78.19,40.102,298.5,0,At Risk,18.35,-11.64,33.97291666666667,0.8964106161539618,-0.20400000000000063,308.8,0,3,1
2025-04-17 01:00:00,Hive_07,36.21,11.77,69.96,78.09,40.084,295.8,0,At Risk,24.44,-8.13000000000001,34.035833333333336,0.9970082057429395,-0.17499999999999716,327.06666666666666,1,3,1
2025-04-17 02:00:00,Hive_07,30.98,9.38,65.07,77.72,40.048,350.9,0,At Risk,21.6,-12.650000000000006,33.88666666666666,1.1682750817622327,-0.2289999999999992,330.68333333333334,2,3,1
2025-04-17 03:00:00,Hive_07,30.72,11.97,66.85,80.91,40.026,341.1,0,At Risk,18.75,-14.060000000000002,33.725,1.3234276971429417,-0.25499999999999545,327.7666666666667,3,3,1
2025-04-17 04:00:00,Hive_07,31.2,12.8,64.88,81.54,39.967,325.6,0,At Risk,18.4,-16.66000000000001,33.591249999999995,1.4105296954474076,-0.3200000000000003,325.15000000000003,4,3,1
2025-04-17 05:00:00,Hive_07,31.83,15.1,66.0,75.48,39.925,291.8,0,At Risk,16.729999999999997,-9.480000000000004,33.50791666666667,1.4542142033672938,-0.3610000000000042,317.28333333333336,5,3,1
2025-04-17 06:00:00,Hive_07,33.13,17.8,66.63,75.04,39.894,342.5,15,At Risk,15.330000000000002,-8.41000000000001,33.459583333333335,1.4463461584782282,-0.4029999999999987,324.61666666666673,6,3,1
2025-04-17 07:00:00,Hive_07,31.46,19.63,64.81,64.12,39.807,356.8,26,At Risk,11.830000000000002,0.6899999999999977,33.335,1.4855682560818395,-0.4899999999999949,334.78333333333336,7,3,1
2025-04-17 08:00:00,Hive_07,32.76,22.87,63.21,65.02,39.766,332.8,22,At Risk,9.889999999999997,-1.8099999999999952,33.263333333333335,1.4693289407861152,-0.5530000000000044,331.7666666666667,8,3,1
2025-04-17 09:00:00,Hive_07,32.6,22.45,66.7,57.18,39.74,348.6,37,At Risk,10.150000000000002,9.520000000000003,33.16791666666666,1.4330083259767143,-0.5829999999999984,333.01666666666665,9,3,1
2025-04-17 10:00:00,Hive_07,32.8,25.34,67.23,55.88,39.656,335.5,25,At Risk,7.459999999999997,11.350000000000001,33.08625,1.393640252064227,-0.6550000000000011,334.6666666666667,10,3,1
2025-04-17 11:00:00,Hive_07,31.07,25.29,67.03,52.74,39.598,352.7,31,At Risk,5.780000000000001,14.29,32.96791666666667,1.4404406909198577,-0.7109999999999985,344.81666666666666,11,3,1
2025-04-17 12:00:00,Hive_07,30.99,28.75,74.14,48.6,39.582,361.3,34,At Risk,2.2399999999999984,25.54,32.82458333333333,1.4596514746801414,-0.7349999999999994,347.95,12,3,1
2025-04-17 13:00:00,Hive_07,32.95,27.62,72.0,52.38,39.54,333.6,33,At Risk,5.330000000000002,19.619999999999997,32.779583333333335,1.4373510634879065,-0.7989999999999995,344.0833333333333,13,3,1
2025-04-17 14:00:00,Hive_07,31.8,26.33,62.39,50.34,39.456,333.7,29,At Risk,5.470000000000002,12.049999999999997,32.67666666666667,1.414237132402596,-0.8929999999999936,344.23333333333335,14,3,1
2025-04-17 15:00:00,Hive_07,32.24,28.23,72.16,49.46,39.394,317.8,25,At Risk,4.010000000000002,22.699999999999996,32.57083333333333,1.3432501682458056,-0.9819999999999993,339.1,15,3,1
2025-04-17 16:00:00,Hive_07,31.93,25.86,69.68,53.63,39.353,306.7,30,At Risk,6.07,16.050000000000004,32.47166666666667,1.2963046698600844,-1.051000000000002,334.3,16,3,1
2025-04-17 17:00:00,Hive_07,30.53,24.44,65.19,53.58,39.276,356.2,29,At Risk,6.09,11.61,32.31583333333334,1.2955204314889754,-1.1280000000000001,334.8833333333334,17,3,1
2025-04-17 18:00:00,Hive_07,32.8,25.64,71.16,56.79,39.252,334.8,19,At Risk,7.159999999999997,14.369999999999997,32.263749999999995,1.2469887642879722,-1.178999999999995,330.46666666666664,18,3,1
2025-04-17 19:00:00,Hive_07,31.14,19.26,71.15,61.77,39.225,338.2,16,At Risk,11.879999999999999,9.380000000000003,32.12291666666667,1.1695539066581144,-1.168999999999997,331.23333333333335,19,3,1
2025-04-17 20:00:00,Hive_07,32.43,17.42,71.07,64.36,39.174,352.7,15,At Risk,15.009999999999998,6.709999999999994,32.14333333333334,1.1704984693139149,-1.1219999999999999,334.4,20,3,1
2025-04-17 21:00:00,Hive_07,31.67,18.79,65.03,70.11,39.077,349.2,0,At Risk,12.880000000000003,-5.079999999999998,32.126666666666665,1.1744292477499707,-1.186,339.6333333333333,21,3,1
2025-04-17 22:00:00,Hive_07,32.48,15.9,65.44,73.73,39.037,363.2,0,At Risk,16.58,-8.290000000000006,32.13166666666667,1.1757205622847884,-1.206000000000003,349.04999999999995,22,3,1
2025-04-17 23:00:00,Hive_07,33.51,14.34,67.98,76.36,39.015,332.8,0,At Risk,19.169999999999998,-8.379999999999995,32.16458333333333,1.2036357211693736,-1.1569999999999965,345.15000000000003,23,3,1
2025-04-18 00:00:00,Hive_07,32.96,12.23,67.23,75.21,39.055,336.3,0,At Risk,20.73,-7.97999999999999,32.17458333333334,1.209433856654735,-1.046999999999997,345.40000000000003,0,4,1
2025-04-18 01:00:00,Hive_07,32.0,12.67,71.2,83.39,38.986,315.3,0,At Risk,19.33,-12.189999999999998,31.999166666666667,0.850835480273523,-1.098000000000006,341.5833333333333,1,4,1
2025-04-18 02:00:00,Hive_07,31.17,12.52,66.45,79.67,38.955,329.8,0,At Risk,18.650000000000002,-13.219999999999999,32.007083333333334,0.8417759650654342,-1.0930000000000035,337.7666666666667,2,4,1
2025-04-18 03:00:00,Hive_07,31.75,12.27,62.37,78.39,38.935,322.7,0,At Risk,19.48,-16.020000000000003,32.05,0.7984441392344196,-1.091000000000001,333.34999999999997,3,4,1
2025-04-18 04:00:00,Hive_07,30.83,15.58,72.84,79.26,38.885,301.6,0,At Risk,15.249999999999998,-6.420000000000002,32.03458333333334,0.8188803552604089,-1.0820000000000007,323.0833333333333,4,4,1
2025-04-18 05:00:00,Hive_07,30.64,14.22,64.89,77.58,38.781,337.4,0,At Risk,16.42,-12.689999999999998,31.985,0.8664520358532848,-1.1439999999999984,323.84999999999997,5,4,1
2025-04-18 06:00:00,Hive_07,32.34,15.29,67.42,72.29,38.691,332.5,23,At Risk,17.050000000000004,-4.8700000000000045,31.952083333333334,0.8355158737940479,-1.2029999999999959,323.2166666666667,6,4,1
2025-04-18 07:00:00,Hive_07,33.07,18.05,70.74,68.81,38.69,329.5,34,At Risk,15.02,1.9299999999999926,32.01916666666666,0.8586030953600418,-1.1170000000000044,325.5833333333333,7,4,1
2025-04-18 08:00:00,Hive_07,33.5,19.33,64.68,65.91,38.651,290.7,28,At Risk,14.170000000000002,-1.2299999999999898,32.05,0.8987140571512563,-1.1149999999999949,319.06666666666666,8,4,1
2025-04-18 09:00:00,Hive_07,33.89,22.65,68.19,62.4,38.635,308.0,26,At Risk,11.240000000000002,5.789999999999999,32.10375,0.9688756931078389,-1.105000000000004,316.6166666666666,9,4,1
2025-04-18 10:00:00,Hive_07,31.91,24.31,72.12,62.2,38.589,301.0,28,At Risk,7.600000000000001,9.920000000000002,32.06666666666667,0.9580399676995115,-1.0670000000000002,316.51666666666665,10,4,1
2025-04-18 11:00:00,Hive_07,32.49,24.56,66.02,54.15,38.515,356.2,33,At Risk,7.930000000000003,11.869999999999997,32.12583333333334,0.9374383071486321,-1.0829999999999984,319.65,11,4,1
2025-04-18 12:00:00,Hive_07,29.17,28.31,70.5,48.13,38.478,385.1,34,At Risk,0.860000000000003,22.369999999999997,32.050000000000004,1.0938762349511195,-1.1039999999999992,328.4166666666667,12,4,1
2025-04-18 13:00:00,Hive_07,32.79,26.23,72.65,53.88,38.445,339.1,30,At Risk,6.559999999999999,18.770000000000003,32.04333333333333,1.0886276429188573,-1.0949999999999989,330.0166666666667,13,4,1
2025-04-18 14:00:00,Hive_07,31.45,25.38,65.01,51.48,38.437,334.6,33,At Risk,6.07,13.530000000000008,32.02875,1.094358309099529,-1.0190000000000055,337.3333333333333,14,4,1
2025-04-18 15:00:00,Hive_07,32.92,27.0,60.55,49.16,38.368,341.6,24,At Risk,5.920000000000002,11.39,32.05708333333333,1.1087732318692036,-1.0259999999999962,342.9333333333334,15,4,1
2025-04-18 16:00:00,Hive_07,30.59,24.03,72.72,53.19,38.255,340.7,26,At Risk,6.559999999999999,19.53,32.00125,1.1484784357535092,-1.097999999999999,349.55,16,4,1
2025-04-18 17:00:00,Hive_07,31.66,25.33,66.62,50.98,38.224,339.8,24,At Risk,6.330000000000002,15.640000000000008,32.04833333333333,1.1079894312265244,-1.0520000000000067,346.81666666666666,17,4,1
2025-04-18 18:00:00,Hive_07,32.72,25.18,68.02,56.61,38.156,328.1,28,At Risk,7.539999999999999,11.409999999999997,32.045,1.1057478287878737,-1.0960000000000036,337.31666666666666,18,4,1
2025-04-18 19:00:00,Hive_07,33.03,18.41,64.2,62.37,38.051,330.6,15,At Risk,14.620000000000001,1.8300000000000054,32.123749999999994,1.1057942748361542,-1.1739999999999995,335.90000000000003,19,4,1
2025-04-18 20:00:00,Hive_07,32.16,20.56,68.3,66.78,37.976,354.2,14,At Risk,11.599999999999998,1.519999999999996,32.112500000000004,1.1039149699451989,-1.1980000000000004,339.1666666666667,20,4,1
2025-04-18 21:00:00,Hive_07,33.3,15.61,67.17,66.85,37.944,341.0,0,At Risk,17.689999999999998,0.3200000000000074,32.180416666666666,1.125438964279449,-1.1329999999999956,339.06666666666666,21,4,1
2025-04-18 22:00:00,Hive_07,32.89,16.47,64.2,72.06,37.946,367.6,0,At Risk,16.42,-7.859999999999999,32.1975,1.133268646917631,-1.091000000000001,343.55,22,4,1
2025-04-18 23:00:00,Hive_07,31.61,12.66,67.91,72.66,37.91,324.3,0,At Risk,18.95,-4.75,32.11833333333333,1.1035699645542245,-1.105000000000004,340.9666666666667,23,4,1
2025-04-19 00:00:00,Hive_07,30.16,10.94,68.07,79.42,37.853,346.2,0,At Risk,19.22,-11.350000000000009,32.001666666666665,1.1574134080357676,-1.2019999999999982,343.98333333333335,0,5,1
2025-04-19 01:00:00,Hive_07,31.51,12.61,65.89,77.31,37.85,340.9,0,At Risk,18.900000000000002,-11.420000000000002,31.98125,1.1617577106524346,-1.1359999999999957,345.7,1,5,1
2025-04-19 02:00:00,Hive_07,31.87,10.87,64.59,80.3,37.836,321.6,0,At Risk,21.0,-15.709999999999994,32.010416666666664,1.1492246125733865,-1.1189999999999998,340.26666666666665,2,5,1
2025-04-19 03:00:00,Hive_07,33.61,10.3,70.35,81.47,37.776,331.5,0,At Risk,23.31,-11.120000000000005,32.087916666666665,1.1927898578236966,-1.158999999999999,338.68333333333334,3,5,1
2025-04-19 04:00:00,Hive_07,33.65,11.5,66.98,79.65,37.727,309.8,0,At Risk,22.15,-12.670000000000002,32.205416666666665,1.2023454584472948,-1.1580000000000013,329.05,4,5,1
2025-04-19 05:00:00,Hive_07,31.65,13.85,69.3,73.09,37.667,336.3,0,At Risk,17.799999999999997,-3.7900000000000063,32.2475,1.162176556219258,-1.1139999999999972,331.05,5,5,1
2025-04-19 06:00:00,Hive_07,32.74,12.34,67.97,72.6,37.583,327.5,21,At Risk,20.400000000000002,-4.6299999999999955,32.26416666666667,1.1664211957079107,-1.108000000000004,327.93333333333334,6,5,1
2025-04-19 07:00:00,Hive_07,32.94,16.43,65.86,70.05,37.576,318.7,18,At Risk,16.509999999999998,-4.189999999999998,32.25875,1.1628126040654543,-1.1139999999999972,324.23333333333335,7,5,1
2025-04-19 08:00:00,Hive_07,29.3,20.9,72.18,64.02,37.418,437.9,1,Critical,8.400000000000002,8.16000000000001,32.08375,1.2782046257219246,-1.233000000000004,343.6166666666666,8,5,2
2025-04-19 09:00:00,Hive_07,27.16,23.23,79.5,60.45,37.202,40.0,3,Critical,3.9299999999999997,19.049999999999997,31.80333333333333,1.5697013470211647,-1.4329999999999998,295.03333333333336,9,5,2
2025-04-19 10:00:00,Hive_07,24.33,20.61,73.96,55.96,37.039,472.7,0,Critical,3.719999999999999,17.999999999999993,31.487499999999997,2.188074893400556,-1.5499999999999972,322.18333333333334,10,5,2
2025-04-19 11:00:00,Hive_07,26.11,24.6,82.0,56.17,36.869,40.0,2,Critical,1.509999999999998,25.83,31.221666666666664,2.434649634049852,-1.6460000000000008,272.8,11,5,2
2025-04-19 12:00:00,Hive_07,24.35,28.4,70.23,52.54,36.616,452.2,3,Critical,-4.049999999999997,17.690000000000005,31.020833333333332,2.7848611184895185,-1.8620000000000019,293.5833333333333,12,5,2
2025-04-19 13:00:00,Hive_07,28.02,27.67,78.42,51.39,36.476,421.6,2,Critical,0.34999999999999787,27.03,30.822083333333335,2.8230602870036736,-1.9690000000000012,310.73333333333335,13,5,2
2025-04-19 14:00:00,Hive_07,23.6,29.69,83.65,48.26,36.325,472.6,2,Critical,-6.09,35.39000000000001,30.495,3.1794106645591214,-2.1119999999999948,316.51666666666665,14,5,2
2025-04-19 15:00:00,Hive_07,25.77,28.37,82.37,50.04,36.141,443.0,4,Critical,-2.6000000000000014,32.330000000000005,30.197083333333335,3.2758264528626264,-2.227000000000004,383.68333333333334,15,5,2
2025-04-19 16:00:00,Hive_07,24.74,27.95,76.74,52.87,35.927,40.0,2,Critical,-3.210000000000001,23.869999999999997,29.953333333333333,3.4579041989729116,-2.328000000000003,311.56666666666666,16,5,2
2025-04-19 17:00:00,Hive_07,29.93,28.78,74.84,52.59,35.702,444.8,3,Critical,1.1499999999999986,22.25,29.881250000000005,3.4387590184477363,-2.5219999999999985,379.0333333333333,17,5,2
2025-04-19 18:00:00,Hive_07,22.88,24.73,81.46,55.96,35.523,422.8,2,Critical,-1.8500000000000014,25.499999999999993,29.47125,3.66476206298034,-2.6329999999999956,374.1333333333334,18,5,2
2025-04-19 19:00:00,Hive_07,26.01,23.68,71.29,55.48,35.383,409.9,7,Critical,2.330000000000002,15.81000000000001,29.178750000000004,3.6484854660051984,-2.6679999999999993,372.18333333333334,19,5,2
2025-04-19 20:00:00,Hive_07,23.22,19.54,83.35,66.34,35.203,40.0,3,Critical,3.6799999999999997,17.00999999999999,28.806249999999995,3.784705849807109,-2.772999999999996,300.0833333333333,20,5,2
2025-04-19 21:00:00,Hive_07,28.29,17.13,80.42,69.89,35.071,444.0,2,Critical,11.16,10.530000000000001,28.5975,3.6622566694652043,-2.8730000000000047,300.25,21,5,2
2025-04-19 22:00:00,Hive_07,29.33,17.59,87.54,74.31,34.871,519.0,3,Critical,11.739999999999998,13.230000000000004,28.449166666666667,3.551250749251148,-3.0749999999999957,380.0833333333333,22,5,2
2025-04-19 23:00:00,Hive_07,30.76,13.55,86.38,74.06,34.599,438.7,3,Critical,17.21,12.319999999999993,28.413749999999997,3.522479132532838,-3.311,379.06666666666666,23,5,2
2025-04-20 00:00:00,Hive_07,23.48,13.91,83.61,76.17,34.383,40.0,0,Critical,9.57,7.439999999999998,28.135416666666668,3.6404371203929675,-3.469999999999999,315.26666666666665,0,6,2
2025-04-20 01:00:00,Hive_07,24.67,12.33,81.14,81.4,34.213,447.8,3,Critical,12.340000000000002,-0.2600000000000051,27.85041666666667,3.6324976186191944,-3.6370000000000005,321.5833333333333,1,6,2
2025-04-20 02:00:00,Hive_07,27.62,11.74,83.74,78.34,34.019,403.2,3,Critical,15.88,5.3999999999999915,27.673333333333336,3.530176330940843,-3.817,382.1166666666666,2,6,2
2025-04-20 03:00:00,Hive_07,21.65,9.61,86.64,74.35,33.822,447.0,3,Critical,12.04,12.290000000000006,27.175,3.499725455070468,-3.9540000000000006,382.6166666666666,3,6,2
2025-04-20 04:00:00,Hive_07,25.21,13.56,80.29,76.74,33.649,447.4,2,Critical,11.65,3.5500000000000114,26.823333333333334,3.23481961954806,-4.077999999999996,370.68333333333334,4,6,2
2025-04-20 05:00:00,Hive_07,24.48,10.9,83.15,76.17,33.454,518.1,4,Critical,13.58,6.980000000000004,26.52458333333333,3.097865996437316,-4.213000000000001,383.9166666666667,5,6,2
2025-04-20 06:00:00,Hive_07,28.24,15.45,82.98,71.53,33.239,387.6,0,Critical,12.79,11.450000000000003,26.33708333333333,2.8299123955813785,-4.344000000000001,441.84999999999997,6,6,2
2025-04-20 07:00:00,Hive_07,29.22,17.14,72.08,68.76,33.067,427.6,5,Critical,12.079999999999998,3.319999999999993,26.182083333333335,2.5395086467002055,-4.509,438.4833333333333,7,6,2
2025-04-20 08:00:00,Hive_07,26.73,19.92,78.62,64.05,32.909,431.1,2,Critical,6.809999999999999,14.570000000000007,26.075000000000003,2.4551011667808837,-4.509,443.1333333333334,8,6,2
2025-04-20 09:00:00,Hive_07,25.29,21.26,80.45,62.11,32.749,444.1,3,Critical,4.029999999999998,18.340000000000003,25.997083333333332,2.448835533679814,-4.452999999999996,442.65000000000003,9,6,2
2025-04-20 10:00:00,Hive_07,28.52,22.71,79.78,58.9,32.532,453.1,5,Critical,5.809999999999999,20.880000000000003,26.171666666666667,2.474045563297855,-4.507000000000005,443.59999999999997,10,6,2
2025-04-20 11:00:00,Hive_07,23.51,26.69,77.02,55.7,32.348,481.2,0,Critical,-3.1799999999999997,21.319999999999993,26.063333333333333,2.533083130283322,-4.521000000000001,437.45000000000005,11,6,2
2025-04-20 12:00:00,Hive_07,27.09,29.37,74.86,56.52,32.177,479.0,5,Critical,-2.280000000000001,18.339999999999996,26.1775,2.5141810837204166,-4.439,452.6833333333334,12,6,2
2025-04-20 13:00:00,Hive_07,28.21,27.7,80.77,49.05,31.969,504.2,2,Critical,0.5100000000000016,31.72,26.18541666666667,2.5205261341140788,-4.506999999999998,465.45,13,6,2
2025-04-20 14:00:00,Hive_07,30.32,30.58,79.29,49.69,31.667,40.0,4,Critical,-0.259999999999998,29.60000000000001,26.465416666666666,2.5930424956133016,-4.658000000000001,400.26666666666665,14,6,2
2025-04-20 15:00:00,Hive_07,30.14,26.37,81.52,50.39,31.503,496.4,5,Critical,3.7699999999999996,31.129999999999995,26.647499999999997,2.6935692338215156,-4.637999999999998,408.98333333333335,15,6,2
2025-04-20 16:00:00,Hive_07,30.81,27.73,87.2,52.17,31.356,381.4,5,Critical,3.0799999999999983,35.03,26.90041666666667,2.789926723623216,-4.570999999999998,397.0333333333333,16,6,2
2025-04-20 17:00:00,Hive_07,28.7,28.12,83.09,50.36,31.172,40.0,2,Critical,0.5799999999999983,32.730000000000004,26.849166666666665,2.742753165622964,-4.529999999999998,323.5,17,6,2
2025-04-20 18:00:00,Hive_07,27.82,25.78,80.29,53.44,30.897,473.1,2,Critical,2.039999999999999,26.85000000000001,27.054999999999996,2.61428683433408,-4.626000000000005,322.51666666666665,18,6,2
2025-04-20 19:00:00,Hive_07,25.88,23.8,82.1,60.46,30.701,492.5,2,Critical,2.0799999999999983,21.639999999999993,27.04958333333333,2.616679740112923,-4.682000000000002,320.56666666666666,19,6,2
2025-04-20 20:00:00,Hive_07,24.69,18.44,88.04,63.19,30.468,482.8,2,Critical,6.25,24.85000000000001,27.110833333333336,2.5391986354248712,-4.735000000000003,394.3666666666666,20,6,2
2025-04-20 21:00:00,Hive_07,28.16,19.26,80.2,69.91,30.206,511.5,0,Critical,8.899999999999999,10.290000000000006,27.105416666666667,2.5367112895765787,-4.864999999999998,396.88333333333327,21,6,2
2025-04-20 22:00:00,Hive_07,30.11,15.35,81.27,69.29,29.906,40.0,2,Critical,14.76,11.97999999999999,27.13791666666667,2.5712135168581334,-4.965000000000003,339.98333333333335,22,6,2
2025-04-20 23:00:00,Hive_07,30.81,14.39,73.9,74.23,29.724,419.8,0,Critical,16.419999999999998,-0.3299999999999983,27.14,2.5742943313355666,-4.8749999999999964,403.2833333333333,23,6,2
2025-04-21 00:00:00,Hive_07,28.06,12.6,73.49,80.31,29.612,499.2,4,Critical,15.459999999999999,-6.820000000000007,27.330833333333334,2.458327315148339,-4.771000000000004,407.6333333333334,0,0,2
2025-04-21 01:00:00,Hive_07,28.62,11.78,81.16,81.98,29.401,458.6,0,Critical,16.840000000000003,-0.8200000000000074,27.495416666666667,2.404067168211828,-4.812000000000001,401.98333333333335,1,0,2
2025-04-21 02:00:00,Hive_07,24.84,12.2,81.32,79.92,29.26,418.3,3,Critical,12.64,1.3999999999999915,27.37958333333333,2.4640290073929765,-4.758999999999997,391.23333333333335,2,0,2
2025-04-21 03:00:00,Hive_07,27.87,10.33,77.53,77.55,29.112,459.6,1,Critical,17.54,-0.01999999999999602,27.638749999999998,2.141144172998147,-4.710000000000004,382.5833333333333,3,0,2
2025-04-21 04:00:00,Hive_07,24.99,14.1,85.35,72.09,28.937,40.0,0,Critical,10.889999999999999,13.259999999999991,27.62958333333333,2.152435383399197,-4.712,382.5833333333333,4,0,2
2025-04-21 05:00:00,Hive_07,27.26,11.54,78.67,77.86,28.747,382.8,2,Critical,15.720000000000002,0.8100000000000023,27.745416666666667,2.0478323198308135,-4.707000000000001,376.4166666666667,5,0,2
2025-04-21 06:00:00,Hive_07,27.82,14.01,75.64,70.96,28.482,398.2,4,Critical,13.81,4.680000000000007,27.72791666666667,2.045214943878855,-4.756999999999998,359.5833333333333,6,0,2
2025-04-21 07:00:00,Hive_07,29.13,16.66,83.36,67.87,28.316,40.0,4,Critical,12.469999999999999,15.489999999999995,27.724166666666665,2.042440817441804,-4.751000000000001,289.81666666666666,7,0,2
2025-04-21 08:00:00,Hive_07,28.94,20.66,79.62,64.94,28.096,40.0,7,Critical,8.280000000000001,14.680000000000007,27.81625,2.0454866806870933,-4.812999999999999,226.76666666666665,8,0,2
2025-04-21 09:00:00,Hive_07,23.89,22.37,83.75,65.72,28.023,372.8,2,Critical,1.5199999999999996,18.03,27.75791666666667,2.1385102070824513,-4.726000000000003,212.29999999999998,9,0,2
2025-04-21 10:00:00,Hive_07,31.2,22.88,67.17,59.88,27.965,313.9,37,At Risk,8.32,7.289999999999999,27.869583333333335,2.2472407799760026,-4.566999999999997,257.95,10,0,1
2025-04-21 11:00:00,Hive_07,32.18,25.21,70.42,50.63,27.872,343.8,40,At Risk,6.969999999999999,19.79,28.230833333333337,2.2125509901597264,-4.475999999999999,251.45000000000002,11,0,1
2025-04-21 12:00:00,Hive_07,31.06,27.66,61.1,50.09,27.829,346.3,27,At Risk,3.3999999999999986,11.009999999999998,28.39625,2.2711782280299153,-4.347999999999999,242.79999999999998,12,0,1
2025-04-21 13:00:00,Hive_07,30.92,29.67,63.25,50.31,27.729,359.6,32,At Risk,1.25,12.939999999999998,28.50916666666667,2.3281676255700514,-4.240000000000002,296.06666666666666,13,0,1
2025-04-21 14:00:00,Hive_07,31.27,29.39,66.04,49.58,27.686,320.0,33,At Risk,1.879999999999999,16.460000000000008,28.548750000000002,2.3680285553872253,-3.9810000000000016,342.73333333333335,14,0,1
2025-04-21 15:00:00,Hive_07,30.56,30.14,69.38,55.07,27.63,343.3,28,At Risk,0.41999999999999815,14.309999999999995,28.566249999999997,2.3818111714660795,-3.873000000000001,337.81666666666666,15,0,1
2025-04-21 16:00:00,Hive_07,36.06,27.74,68.87,49.25,27.558,302.0,24,At Risk,8.320000000000004,19.620000000000005,28.785,2.801032418358376,-3.798000000000002,335.8333333333333,16,0,1
2025-04-21 17:00:00,Hive_07,30.67,23.45,67.43,57.31,27.512,341.8,17,At Risk,7.220000000000002,10.120000000000005,28.86708333333333,2.8271763131782284,-3.66,335.5,17,0,1
2025-04-21 18:00:00,Hive_07,31.21,25.29,67.89,59.99,27.443,336.4,15,At Risk,5.920000000000002,7.899999999999999,29.008333333333336,2.85711418205054,-3.453999999999997,333.85,18,0,1
2025-04-21 19:00:00,Hive_07,33.81,23.12,69.73,64.14,27.37,320.3,11,At Risk,10.690000000000001,5.590000000000003,29.33875,2.937024984719843,-3.3309999999999995,327.3,19,0,1
2025-04-21 20:00:00,Hive_07,31.36,19.9,69.3,69.53,27.309,320.6,19,At Risk,11.46,-0.23000000000000398,29.616666666666664,2.789900522874483,-3.158999999999999,327.40000000000003,20,0,1
2025-04-21 21:00:00,Hive_07,31.04,20.31,69.22,74.22,27.256,312.8,0,At Risk,10.73,-5.0,29.736666666666668,2.7864574153457538,-2.9499999999999993,322.31666666666666,21,0,1
2025-04-21 22:00:00,Hive_07,31.44,15.0,65.06,72.83,27.203,302.3,0,At Risk,16.44,-7.769999999999996,29.792083333333334,2.807352116460673,-2.7029999999999994,322.3666666666667,22,0,1
2025-04-21 23:00:00,Hive_07,31.84,13.64,67.23,76.33,27.098,365.1,0,At Risk,18.2,-9.099999999999994,29.835000000000004,2.8313600971969506,-2.6260000000000012,326.25,23,0,1
2025-04-22 00:00:00,Hive_07,32.97,13.2,75.58,75.96,27.007,297.5,0,At Risk,19.77,-0.37999999999999545,30.039583333333336,2.8745880297146713,-2.604999999999997,319.76666666666665,0,1,1
2025-04-22 01:00:00,Hive_07,30.89,11.98,71.41,78.02,26.924,374.4,0,At Risk,18.91,-6.609999999999999,30.13416666666667,2.8631708124819344,-2.4770000000000003,328.78333333333336,1,1,1
2025-04-22 02:00:00,Hive_07,32.23,13.02,65.28,79.91,26.833,311.5,0,At Risk,19.209999999999997,-14.629999999999995,30.442083333333333,2.659167864555245,-2.427000000000003,327.26666666666665,2,1,1
2025-04-22 03:00:00,Hive_07,28.31,11.66,70.6,78.88,26.811,347.2,0,At Risk,16.65,-8.280000000000001,30.46041666666667,2.642126085867674,-2.3009999999999984,333.0,3,1,1
2025-04-22 04:00:00,Hive_07,30.67,12.4,72.17,77.08,26.713,355.0,0,At Risk,18.270000000000003,-4.909999999999997,30.697083333333335,2.3713259529979447,-2.224,341.7833333333333,4,1,1
2025-04-22 05:00:00,Hive_07,33.3,14.74,67.62,75.88,26.623,305.9,0,At Risk,18.559999999999995,-8.259999999999991,30.948750000000004,2.310419334233363,-2.1239999999999988,331.9166666666667,5,1,1
2025-04-22 06:00:00,Hive_07,34.17,17.47,53.74,75.07,26.633,206.3,43,Healthy,16.700000000000003,-21.32999999999999,31.213333333333335,2.300114678930438,-1.8490000000000002,316.7166666666667,6,1,0
2025-04-22 07:00:00,Hive_07,34.73,18.07,56.22,64.75,26.673,208.6,56,Healthy,16.659999999999997,-8.530000000000001,31.44666666666667,2.362774100347893,-1.6430000000000007,289.0833333333333,7,1,0
2025-04-22 08:00:00,Hive_07,34.47,18.48,53.73,63.37,26.668,199.4,53,Healthy,15.989999999999998,-9.64,31.677083333333332,2.377293819828878,-1.4280000000000008,270.40000000000003,8,1,0
2025-04-22 09:00:00,Hive_07,34.58,20.58,56.3,61.55,26.681,200.5,84,Healthy,14.0,-5.25,32.122499999999995,1.7816925270284794,-1.3419999999999987,245.94999999999996,9,1,0
2025-04-22 10:00:00,Hive_07,34.26,24.29,57.51,55.56,26.755,211.0,74,Healthy,9.969999999999999,1.9499999999999957,32.25,1.8218433092551747,-1.2100000000000009,221.94999999999996,10,1,0
2025-04-22 11:00:00,Hive_07,34.63,28.51,54.97,53.53,26.769,193.4,101,Healthy,6.120000000000001,1.4399999999999977,32.35208333333333,1.8852862293737447,-1.1030000000000015,203.20000000000002,11,1,0
2025-04-22 12:00:00,Hive_07,34.68,26.65,54.83,53.24,26.749,187.6,97,Healthy,8.030000000000001,1.5899999999999963,32.50291666666667,1.921872907091966,-1.0800000000000018,200.08333333333334,12,1,0
2025-04-22 13:00:00,Hive_07,34.51,28.19,55.31,48.88,26.77,227.3,65,Healthy,6.319999999999997,6.43,32.652499999999996,1.9329910366646157,-0.9589999999999996,203.20000000000002,13,1,0
2025-04-22 14:00:00,Hive_07,34.19,29.82,55.25,50.43,26.809,226.2,74,Healthy,4.369999999999997,4.82,32.774166666666666,1.9340853734733996,-0.8769999999999989,207.66666666666666,14,1,0
2025-04-22 15:00:00,Hive_07,34.57,26.45,55.42,47.93,26.839,206.6,87,Healthy,8.120000000000001,7.490000000000002,32.941250000000004,1.907516738772,-0.7910000000000004,208.6833333333333,15,1,0
2025-04-01 00:00:00,Hive_08,34.62,10.99,53.56,75.78,42.668,205.4,2,Healthy,23.629999999999995,-22.22,34.62,0.0,0.0,205.4,0,1,0
2025-04-01 01:00:00,Hive_08,34.46,13.99,55.32,78.8,42.661,189.2,3,Healthy,20.47,-23.479999999999997,34.54,0.11313708498984519,0.0,197.3,1,1,0
2025-04-01 02:00:00,Hive_08,34.68,11.18,52.68,82.36,42.681,207.8,2,Healthy,23.5,-29.68,34.586666666666666,0.11372481406154557,0.0,200.79999999999998,2,1,0
2025-04-01 03:00:00,Hive_08,34.9,12.06,54.85,77.61,42.673,206.9,1,Healthy,22.839999999999996,-22.759999999999998,34.665,0.1821171783953024,0.0,202.325,3,1,0
2025-04-01 04:00:00,Hive_08,34.3,11.65,53.63,77.24,42.7,198.3,3,Healthy,22.65,-23.609999999999992,34.592,0.2269801753457779,0.0,201.52,4,1,0
2025-04-01 05:00:00,Hive_08,34.54,13.06,57.78,72.15,42.72,248.2,2,Healthy,21.479999999999997,-14.370000000000005,34.583333333333336,0.2041241452319316,0.0,209.29999999999998,5,1,0
2025-04-01 06:00:00,Hive_08,34.63,16.35,55.25,68.19,42.722,197.9,49,Healthy,18.28,-12.939999999999998,34.589999999999996,0.18717193521821976,0.0,208.04999999999998,6,1,0
2025-04-01 07:00:00,Hive_08,34.39,17.66,55.25,73.06,42.724,211.8,62,Healthy,16.73,-17.810000000000002,34.565,0.18715921411614056,0.0,211.8166666666667,7,1,0
2025-04-01 08:00:00,Hive_08,34.57,19.58,54.54,61.15,42.733,182.3,84,Healthy,14.990000000000002,-6.609999999999999,34.565555555555555,0.17507934709090534,0.0,207.56666666666663,8,1,0
2025-04-01 09:00:00,Hive_08,34.84,23.36,55.89,63.98,42.72,227.7,69,Healthy,11.480000000000004,-8.089999999999996,34.593,0.1864909887605536,0.0,211.03333333333333,9,1,0
2025-04-01 10:00:00,Hive_08,34.73,23.6,55.86,58.91,42.722,190.9,109,Healthy,11.129999999999995,-3.049999999999997,34.60545454545454,0.1816790376660791,0.0,209.80000000000004,10,1,0
2025-04-01 11:00:00,Hive_08,34.29,25.6,55.37,54.07,42.736,199.8,92,Healthy,8.689999999999998,1.2999999999999972,34.579166666666666,0.1957019223825934,0.0,201.73333333333335,11,1,0
2025-04-01 12:00:00,Hive_08,34.51,29.57,54.03,50.82,42.752,191.5,84,Healthy,4.939999999999998,3.210000000000001,34.573846153846155,0.1883497837154089,0.0,200.66666666666666,12,1,0
2025-04-01 13:00:00,Hive_08,34.63,25.54,57.79,50.71,42.771,193.3,75,Healthy,9.090000000000003,7.079999999999998,34.57785714285714,0.18158187690950392,0.0,197.58333333333334,13,1,0
2025-04-01 14:00:00,Hive_08,35.06,26.17,55.43,47.41,42.77,185.6,76,Healthy,8.89,8.020000000000003,34.61,0.21474237056129764,0.0,198.13333333333333,14,1,0
2025-04-01 15:00:00,Hive_08,34.49,26.81,52.83,53.14,42.826,182.9,72,Healthy,7.680000000000003,-0.3100000000000023,34.6025,0.20961870145576236,0.0,190.66666666666666,15,1,0
2025-04-01 16:00:00,Hive_08,34.36,28.89,53.15,52.84,42.816,186.4,70,Healthy,5.469999999999999,0.30999999999999517,34.588235294117645,0.2113124255136711,0.0,189.91666666666666,16,1,0
2025-04-01 17:00:00,Hive_08,34.49,25.94,53.42,54.1,42.832,219.2,58,Healthy,8.55,-0.6799999999999997,34.58277777777778,0.20630661235320075,0.0,193.15,17,1,0
2025-04-01 18:00:00,Hive_08,34.84,23.73,53.66,57.67,42.871,206.3,50,Healthy,11.110000000000003,-4.010000000000005,34.596315789473685,0.20899788745119993,0.0,195.61666666666667,18,1,0
2025-04-01 19:00:00,Hive_08,34.66,23.89,55.65,58.75,42.863,206.9,42,Healthy,10.769999999999996,-3.1000000000000014,34.5995,0.20392142449586087,0.0,197.88333333333335,19,1,0
2025-04-01 20:00:00,Hive_08,34.33,19.73,55.41,66.73,42.87,190.8,35,Healthy,14.599999999999998,-11.320000000000007,34.586666666666666,0.2072759834938278,0.0,198.75,20,1,0
2025-04-01 21:00:00,Hive_08,33.96,17.62,56.18,65.94,42.856,204.2,2,Healthy,16.34,-9.759999999999998,34.558181818181815,0.24242104976252754,0.0,202.29999999999998,21,1,0
2025-04-01 22:00:00,Hive_08,34.55,15.45,56.13,76.41,42.871,196.5,1,Healthy,19.099999999999998,-20.279999999999994,34.557826086956524,0.23685355125706573,0.0,203.98333333333335,22,1,0
2025-04-01 23:00:00,Hive_08,35.09,16.53,55.33,77.78,42.864,193.4,0,Healthy,18.560000000000002,-22.450000000000003,34.58,0.25585321879002776,0.0,199.68333333333337,23,1,0
2025-04-02 00:00:00,Hive_08,33.58,14.22,58.7,76.82,42.862,191.4,3,Healthy,19.36,-18.11999999999999,34.53666666666667,0.32697116834292445,0.19400000000000261,197.20000000000002,0,2,0
2025-04-02 01:00:00,Hive_08,34.32,10.46,53.01,81.76,42.906,213.8,2,Healthy,23.86,-28.750000000000007,34.530833333333334,0.3296363828941475,0.24499999999999744,198.35,1,2,0
2025-04-02 02:00:00,Hive_08,34.13,12.55,55.17,81.2,42.898,179.2,2,Healthy,21.580000000000002,-26.03,34.50791666666667,0.33783169422537784,0.21700000000000585,196.41666666666666,2,2,0
2025-04-02 03:00:00,Hive_08,34.44,14.01,53.29,78.72,42.908,211.4,2,Healthy,20.43,-25.43,34.48875,0.3275112012687851,0.23499999999999943,197.61666666666667,3,2,0
2025-04-02 04:00:00,Hive_08,34.3,13.89,56.19,76.75,42.934,197.4,1,Healthy,20.409999999999997,-20.560000000000002,34.48875,0.3275112012687851,0.23399999999999466,197.76666666666665,4,2,0
2025-04-02 05:00:00,Hive_08,34.72,16.09,54.79,74.89,42.923,224.2,2,Healthy,18.63,-20.1,34.496249999999996,0.3307805327850568,0.20300000000000296,202.9,5,2,0
2025-04-02 06:00:00,Hive_08,34.11,14.93,54.44,69.72,42.972,191.2,64,Healthy,19.18,-15.280000000000001,34.474583333333335,0.3385773197502699,0.25,202.86666666666665,6,2,0
2025-04-02 07:00:00,Hive_08,34.36,17.73,53.08,66.52,42.965,186.7,41,Healthy,16.63,-13.439999999999998,34.473333333333336,0.338958336116977,0.24100000000000676,198.35,7,2,0
2025-04-02 08:00:00,Hive_08,34.29,22.27,55.33,65.42,42.958,159.9,99,Healthy,12.02,-10.090000000000003,34.461666666666666,0.34030250822092206,0.22500000000000142,195.13333333333333,8,2,0
2025-04-02 09:00:00,Hive_08,33.92,22.35,52.76,59.94,43.001,222.5,85,Healthy,11.57,-7.18,34.42333333333334,0.3475712834821823,0.2809999999999988,196.98333333333332,9,2,0
2025-04-02 10:00:00,Hive_08,34.63,22.33,55.98,60.52,43.02,177.4,72,Healthy,12.300000000000004,-4.540000000000006,34.41916666666667,0.3443193243218449,0.2980000000000018,193.65,10,2,0
2025-04-02 11:00:00,Hive_08,34.09,24.89,54.74,55.68,43.026,211.9,95,Healthy,9.200000000000003,-0.9399999999999977,34.41083333333333,0.3499554837114469,0.29000000000000625,191.6,11,2,0
2025-04-02 12:00:00,Hive_08,34.15,25.41,56.64,54.9,43.025,202.5,92,Healthy,8.739999999999998,1.740000000000002,34.395833333333336,0.3532201760285307,0.27299999999999613,193.48333333333335,12,2,0
2025-04-02 13:00:00,Hive_08,34.62,28.02,56.18,51.86,43.045,181.0,91,Healthy,6.599999999999998,4.32,34.39541666666667,0.352937722880237,0.2740000000000009,192.53333333333333,13,2,0
2025-04-02 14:00:00,Hive_08,34.41,27.15,55.27,47.78,43.06,215.8,97,Healthy,7.259999999999998,7.490000000000002,34.36833333333333,0.3234281946606583,0.28999999999999915,201.85,14,2,0
2025-04-02 15:00:00,Hive_08,34.53,28.23,56.15,51.55,43.079,199.2,99,Healthy,6.300000000000001,4.600000000000001,34.37,0.32418459583070325,0.2530000000000001,197.96666666666667,15,2,0
2025-04-02 16:00:00,Hive_08,34.09,26.11,56.22,54.92,43.118,171.4,71,Healthy,7.980000000000004,1.2999999999999972,34.35875,0.32919285348046695,0.3019999999999996,196.96666666666667,16,2,0
2025-04-02 17:00:00,Hive_08,34.61,26.73,55.2,54.9,43.106,235.5,55,Healthy,7.879999999999999,0.30000000000000426,34.36375,0.3321708897540592,0.2740000000000009,200.9,17,2,0
2025-04-02 18:00:00,Hive_08,33.82,24.65,53.61,56.21,43.087,216.4,43,Healthy,9.170000000000002,-2.6000000000000014,34.32125,0.33383558176470357,0.21600000000000108,203.21666666666667,18,2,0
2025-04-02 19:00:00,Hive_08,34.53,21.3,53.93,58.99,43.117,204.5,33,Healthy,13.23,-5.060000000000002,34.31583333333334,0.3291215801079566,0.2539999999999978,207.13333333333333,19,2,0
2025-04-02 20:00:00,Hive_08,34.51,21.28,52.81,65.02,43.126,204.8,43,Healthy,13.229999999999997,-12.209999999999994,34.32333333333333,0.3315007596117883,0.2560000000000002,205.30000000000004,20,2,0
2025-04-02 21:00:00,Hive_08,34.67,16.8,52.72,73.44,43.119,221.3,3,Healthy,17.87,-20.72,34.352916666666665,0.32934030459676183,0.2629999999999981,208.98333333333335,21,2,0
2025-04-02 22:00:00,Hive_08,34.15,16.03,56.98,72.8,43.109,212.7,3,Healthy,18.119999999999997,-15.82,34.33625,0.3290541451414745,0.23799999999999955,215.86666666666667,22,2,0
2025-04-02 23:00:00,Hive_08,35.05,14.42,55.4,77.54,43.116,199.0,1,Healthy,20.629999999999995,-22.140000000000008,34.334583333333335,0.3251485167904323,0.25200000000000244,209.78333333333333,23,2,0
2025-04-03 00:00:00,Hive_08,34.45,11.92,55.49,78.88,43.096,198.6,3,Healthy,22.53,-23.389999999999993,34.37083333333333,0.28314870369789874,0.23399999999999466,206.8166666666667,0,3,0
2025-04-03 01:00:00,Hive_08,33.94,10.59,53.04,79.52,43.122,195.4,3,Healthy,23.349999999999998,-26.479999999999997,34.355,0.2964280101768301,0.21600000000000108,205.30000000000004,1,3,0
2025-04-03 02:00:00,Hive_08,34.18,12.65,54.42,81.06,43.117,184.0,2,Healthy,21.53,-26.64,34.35708333333333,0.2949499466256883,0.2189999999999941,201.83333333333334,2,3,0
2025-04-03 03:00:00,Hive_08,34.25,13.57,55.5,80.29,43.089,219.8,0,Healthy,20.68,-24.790000000000006,34.34916666666667,0.295177421468735,0.18099999999999739,201.58333333333334,3,3,0
2025-04-03 04:00:00,Hive_08,34.56,11.39,54.89,78.22,43.077,217.0,0,Healthy,23.17,-23.33,34.36,0.29805164419727553,0.14300000000000068,202.29999999999998,4,3,0
2025-04-03 05:00:00,Hive_08,34.12,12.12,56.83,75.39,43.063,223.4,3,Healthy,22.0,-18.560000000000002,34.335,0.2916370585386005,0.14000000000000057,206.36666666666667,5,3,0
2025-04-03 06:00:00,Hive_08,34.52,17.85,53.48,76.27,43.071,191.5,42,Healthy,16.67,-22.79,34.35208333333333,0.28988722194894906,0.09899999999999665,205.1833333333333,6,3,0
2025-04-03 07:00:00,Hive_08,34.27,18.16,54.63,68.26,43.092,214.3,44,Healthy,16.110000000000003,-13.630000000000003,34.348333333333336,0.29036209278681685,0.12699999999999534,208.33333333333334,7,3,0
2025-04-03 08:00:00,Hive_08,34.15,19.55,54.82,64.72,43.105,207.8,70,Healthy,14.599999999999998,-9.899999999999999,34.3425,0.29297944726847786,0.14699999999999847,212.30000000000004,8,3,0
2025-04-03 09:00:00,Hive_08,34.75,20.75,55.83,65.14,43.135,203.7,91,Healthy,14.0,-9.310000000000002,34.37708333333333,0.28990971858070047,0.13400000000000034,209.61666666666667,9,3,0
2025-04-03 10:00:00,Hive_08,34.69,24.09,57.36,57.5,43.175,208.9,89,Healthy,10.599999999999998,-0.14000000000000057,34.379583333333336,0.29243325759039834,0.15499999999999403,208.26666666666668,10,3,0
2025-04-03 11:00:00,Hive_08,34.89,26.7,54.65,56.36,43.212,205.1,95,Healthy,8.190000000000001,-1.7100000000000009,34.41291666666667,0.30337921694698955,0.18599999999999994,205.21666666666667,11,3,0
2025-04-03 12:00:00,Hive_08,34.77,29.0,54.42,53.5,43.252,210.4,91,Healthy,5.770000000000003,0.9200000000000017,34.43875,0.3064000297990796,0.22700000000000387,208.36666666666667,12,3,0
2025-04-03 13:00:00,Hive_08,34.15,29.38,53.79,55.69,43.315,206.4,90,Healthy,4.77,-1.8999999999999986,34.41916666666666,0.309317856309478,0.269999999999996,207.05000000000004,13,3,0
2025-04-03 14:00:00,Hive_08,35.28,27.83,54.0,52.42,43.324,194.7,91,Healthy,7.450000000000003,1.5799999999999983,34.455416666666665,0.35569868986407877,0.2639999999999958,204.86666666666665,14,3,0
2025-04-03 15:00:00,Hive_08,34.73,29.56,58.78,53.75,43.322,187.5,92,Healthy,5.169999999999998,5.030000000000001,34.46375,0.3598406954291916,0.2430000000000021,202.16666666666666,15,3,0
2025-04-03 16:00:00,Hive_08,34.41,27.11,55.38,49.26,43.319,184.8,67,Healthy,7.299999999999997,6.1200000000000045,34.47708333333333,0.35121502353064465,0.2010000000000005,198.15,16,3,0
2025-04-03 17:00:00,Hive_08,33.92,24.06,55.14,55.66,43.34,198.6,71,Healthy,9.860000000000003,-0.519999999999996,34.44833333333333,0.3677152332357617,0.23400000000000176,197.0666666666667,17,3,0
2025-04-03 18:00:00,Hive_08,34.4,21.94,56.07,56.1,43.354,232.2,41,Healthy,12.459999999999997,-0.030000000000001137,34.472500000000004,0.34284297330969765,0.2669999999999959,200.70000000000002,18,3,0
2025-04-03 19:00:00,Hive_08,34.07,19.98,56.02,64.7,43.344,169.0,35,Healthy,14.09,-8.68,34.45333333333333,0.352218640924214,0.22700000000000387,194.46666666666667,19,3,0
2025-04-03 20:00:00,Hive_08,34.67,21.35,56.14,62.56,43.329,196.6,45,Healthy,13.32,-6.420000000000002,34.46,0.35484227972194726,0.20300000000000296,194.7833333333333,20,3,0
2025-04-03 21:00:00,Hive_08,34.62,18.91,53.97,68.36,43.361,216.7,2,Healthy,15.709999999999997,-14.39,34.45791666666667,0.3537006738284144,0.24199999999999733,199.64999999999998,21,3,0
2025-04-03 22:00:00,Hive_08,34.09,16.35,54.44,70.5,43.369,215.9,2,Healthy,17.740000000000002,-16.060000000000002,34.45541666666667,0.3561750811129334,0.259999999999998,204.83333333333334,22,3,0
2025-04-03 23:00:00,Hive_08,34.22,14.62,56.62,77.99,43.364,218.6,1,Healthy,19.6,-21.369999999999997,34.42083333333333,0.335635887943124,0.24799999999999756,208.16666666666666,23,3,0
2025-04-04 00:00:00,Hive_08,34.74,10.07,54.32,79.45,43.366,197.6,0,Healthy,24.67,-25.130000000000003,34.432916666666664,0.34189343835238084,0.2700000000000031,202.4,0,4,0
2025-04-04 01:00:00,Hive_08,34.25,8.73,57.78,82.09,43.404,223.5,1,Healthy,25.52,-24.310000000000002,34.44583333333333,0.3280365391454138,0.2820000000000036,211.48333333333335,1,4,0
2025-04-04 02:00:00,Hive_08,34.37,9.59,51.44,77.83,43.404,197.0,0,Healthy,24.779999999999998,-26.39,34.45375,0.3236048650679719,0.28700000000000614,211.55000000000004,2,4,0
2025-04-04 03:00:00,Hive_08,34.61,10.71,53.66,79.05,43.42,202.1,2,Healthy,23.9,-25.39,34.46875,0.3220898132914103,0.33100000000000307,209.11666666666667,3,4,0
2025-04-04 04:00:00,Hive_08,35.01,12.09,55.95,75.32,43.45,198.7,1,Healthy,22.919999999999998,-19.36999999999999,34.4875,0.3402205167240934,0.37300000000000466,206.25,4,4,0
2025-04-04 05:00:00,Hive_08,34.17,15.08,53.8,71.94,43.451,186.8,2,Healthy,19.090000000000003,-18.14,34.489583333333336,0.33801825480248743,0.3879999999999981,200.95000000000002,5,4,0
2025-04-04 06:00:00,Hive_08,35.24,16.12,53.11,75.29,43.464,202.2,49,Healthy,19.12,-22.180000000000007,34.51958333333334,0.3711612700778563,0.3930000000000007,201.71666666666667,6,4,0
2025-04-04 07:00:00,Hive_08,34.57,16.3,53.58,67.05,43.477,196.3,61,Healthy,18.27,-13.469999999999999,34.53208333333333,0.36742321489066326,0.384999999999998,197.1833333333333,7,4,0
2025-04-04 08:00:00,Hive_08,34.24,18.57,55.24,65.31,43.514,203.9,73,Healthy,15.670000000000002,-10.07,34.535833333333336,0.36379541152863115,0.409000000000006,198.33333333333334,8,4,0
2025-04-04 09:00:00,Hive_08,35.02,23.3,53.42,58.31,43.541,211.2,69,Healthy,11.720000000000002,-4.890000000000001,34.54708333333333,0.37471704300558817,0.4059999999999988,199.85,9,4,0
2025-04-04 10:00:00,Hive_08,35.07,25.51,55.29,58.5,43.549,192.3,67,Healthy,9.559999999999999,-3.210000000000001,34.562916666666666,0.3887827063458905,0.37400000000000233,198.78333333333333,10,4,0
2025-04-04 11:00:00,Hive_08,34.58,25.18,52.87,53.84,43.555,208.6,95,Healthy,9.399999999999999,-0.970000000000006,34.55,0.3825429785459327,0.3429999999999964,202.41666666666666,11,4,0
2025-04-04 12:00:00,Hive_08,34.43,24.14,54.72,53.42,43.517,222.4,91,Healthy,10.29,1.2999999999999972,34.535833333333336,0.3803307104026351,0.26500000000000057,205.78333333333333,12,4,0
2025-04-04 13:00:00,Hive_08,34.6,25.43,56.83,51.26,43.521,200.2,82,Healthy,9.170000000000002,5.57,34.55458333333333,0.3714715644412332,0.20600000000000307,206.4333333333333,13,4,0
2025-04-04 14:00:00,Hive_08,34.23,28.9,54.9,48.43,43.507,224.0,103,Healthy,5.329999999999998,6.469999999999999,34.51083333333333,0.3430669432286376,0.18299999999999983,209.7833333333333,14,4,0
2025-04-04 15:00:00,Hive_08,34.6,27.05,54.28,47.74,43.54,188.2,83,Healthy,7.550000000000001,6.539999999999999,34.50541666666667,0.34047255098028634,0.21799999999999642,205.95000000000002,15,4,0
2025-04-04 16:00:00,Hive_08,34.57,27.1,56.32,50.66,43.552,201.5,61,Healthy,7.469999999999999,5.660000000000004,34.51208333333334,0.3400892359452244,0.232999999999997,207.48333333333332,16,4,0
2025-04-04 17:00:00,Hive_08,34.38,27.37,54.81,56.48,43.59,183.0,66,Healthy,7.010000000000002,-1.6699999999999946,34.53125,0.3174807423122553,0.25,203.21666666666667,17,4,0
2025-04-04 18:00:00,Hive_08,34.52,23.16,56.89,61.06,43.585,181.3,47,Healthy,11.360000000000003,-4.170000000000002,34.53625,0.31626643280903133,0.23100000000000165,196.36666666666667,18,4,0
2025-04-04 19:00:00,Hive_08,34.73,22.46,54.69,60.1,43.553,208.3,30,Healthy,12.269999999999996,-5.410000000000004,34.56375,0.3023503941945117,0.20899999999999608,197.71666666666667,19,4,0
2025-04-04 20:00:00,Hive_08,35.03,19.46,54.14,68.11,43.575,191.7,27,Healthy,15.57,-13.969999999999999,34.57875,0.31645196764453654,0.24600000000000222,192.33333333333334,20,4,0
2025-04-04 21:00:00,Hive_08,34.53,17.02,55.43,65.43,43.571,216.3,1,Healthy,17.51,-10.000000000000007,34.574999999999996,0.31647515185104524,0.21000000000000085,197.01666666666668,21,4,0
2025-04-04 22:00:00,Hive_08,34.04,15.04,56.36,73.55,43.573,214.8,3,Healthy,19.0,-17.189999999999998,34.572916666666664,0.31995215901441065,0.20400000000000063,199.23333333333335,22,4,0
2025-04-04 23:00:00,Hive_08,34.12,15.3,52.85,73.98,43.605,198.0,1,Healthy,18.819999999999997,-21.130000000000003,34.56875,0.32535348669464004,0.24099999999999966,201.73333333333335,23,4,0
2025-04-05 00:00:00,Hive_08,34.73,12.87,55.66,80.15,43.628,202.7,2,Healthy,21.86,-24.49000000000001,34.568333333333335,0.3251309658084687,0.26200000000000045,205.30000000000004,0,5,0
2025-04-05 01:00:00,Hive_08,34.73,12.6,55.54,79.49,43.62,207.9,2,Healthy,22.129999999999995,-23.949999999999996,34.58833333333333,0.31941068924788607,0.21599999999999397,205.23333333333335,1,5,0
2025-04-05 02:00:00,Hive_08,34.74,12.92,54.91,79.79,43.645,193.2,1,Healthy,21.82,-24.88000000000001,34.60375,0.3173369146369799,0.24099999999999966,205.48333333333335,2,5,0
2025-04-05 03:00:00,Hive_08,35.16,13.18,55.85,78.83,43.655,212.3,1,Healthy,21.979999999999997,-22.979999999999997,34.626666666666665,0.3370545906844528,0.23499999999999943,204.8166666666667,3,5,0
2025-04-05 04:00:00,Hive_08,34.88,14.46,54.34,79.78,43.641,190.8,1,Healthy,20.42,-25.439999999999998,34.62125,0.33162724621899975,0.1909999999999954,200.8166666666667,4,5,0
2025-04-05 05:00:00,Hive_08,34.6,16.84,55.01,80.0,43.644,212.4,4,Healthy,17.76,-24.990000000000002,34.63916666666666,0.3175027102475005,0.19299999999999784,203.21666666666667,5,5,0
2025-04-05 06:00:00,Hive_08,34.84,18.68,56.25,74.78,43.653,189.0,49,Healthy,16.160000000000004,-18.53,34.622499999999995,0.29423814667125714,0.18900000000000006,200.93333333333337,6,5,0
2025-04-05 07:00:00,Hive_08,34.45,18.56,53.76,65.98,43.683,191.8,63,Healthy,15.890000000000004,-12.220000000000006,34.6175,0.296182229452566,0.20600000000000307,198.25,7,5,0
2025-04-05 08:00:00,Hive_08,33.99,18.95,55.71,68.2,43.668,192.4,72,Healthy,15.040000000000003,-12.490000000000002,34.607083333333335,0.3139022163816129,0.15399999999999636,198.11666666666667,8,5,0
2025-04-05 09:00:00,Hive_08,34.55,22.45,54.04,61.58,43.674,200.5,80,Healthy,12.099999999999998,-7.539999999999999,34.5875,0.30143497388039314,0.13300000000000267,196.15,9,5,0
2025-04-05 10:00:00,Hive_08,34.53,23.9,55.3,58.96,43.677,184.2,86,Healthy,10.630000000000003,-3.6600000000000037,34.565,0.2834722592056262,0.1280000000000001,195.04999999999998,10,5,0
2025-04-05 11:00:00,Hive_08,34.25,27.47,56.22,55.28,43.68,210.7,84,Healthy,6.780000000000001,0.9399999999999977,34.55125,0.29062619798726386,0.125,194.76666666666665,11,5,0
2025-04-05 12:00:00,Hive_08,34.35,27.46,52.65,50.97,43.7,205.6,94,Healthy,6.890000000000001,1.6799999999999997,34.547916666666666,0.29252988203612357,0.18299999999999983,197.53333333333333,12,5,0
2025-04-05 13:00:00,Hive_08,34.79,28.14,56.49,48.99,43.695,208.0,97,Healthy,6.649999999999999,7.5,34.55583333333333,0.2965441043034108,0.1739999999999995,200.23333333333332,13,5,0
2025-04-05 14:00:00,Hive_08,34.66,27.29,52.73,49.41,43.683,185.2,66,Healthy,7.369999999999997,3.3200000000000003,34.573750000000004,0.288893127523737,0.17600000000000193,199.03333333333333,14,5,0
2025-04-05 15:00:00,Hive_08,34.6,29.35,56.22,46.53,43.687,190.0,80,Healthy,5.25,9.689999999999998,34.57375,0.288893127523737,0.14699999999999847,197.28333333333333,15,5,0
2025-04-05 16:00:00,Hive_08,33.71,26.93,53.62,54.02,43.708,200.8,77,Healthy,6.780000000000001,-0.4000000000000057,34.53791666666667,0.33846172690530324,0.1559999999999988,200.04999999999998,16,5,0
2025-04-05 17:00:00,Hive_08,34.41,26.05,58.49,54.12,43.749,207.4,61,Healthy,8.359999999999996,4.3700000000000045,34.53916666666667,0.3379081000183054,0.15899999999999892,199.5,17,5,0
2025-04-05 18:00:00,Hive_08,34.63,24.81,53.87,59.15,43.795,203.7,70,Healthy,9.820000000000004,-5.280000000000001,34.543749999999996,0.3383825016033107,0.21000000000000085,199.1833333333333,18,5,0
2025-04-05 19:00:00,Hive_08,34.92,22.35,55.45,60.63,43.807,182.0,46,Healthy,12.57,-5.18,34.55166666666667,0.3450855806477938,0.2540000000000049,194.85,19,5,0
2025-04-05 20:00:00,Hive_08,34.35,19.26,55.66,64.1,43.787,196.8,39,Healthy,15.09,-8.439999999999998,34.52333333333333,0.3317629675938477,0.2119999999999962,196.78333333333333,20,5,0
2025-04-05 21:00:00,Hive_08,34.31,16.06,54.39,69.23,43.83,175.2,2,Healthy,18.250000000000004,-14.840000000000003,34.51416666666667,0.334597963385103,0.25900000000000034,194.3166666666667,21,5,0
2025-04-05 22:00:00,Hive_08,34.17,15.28,56.13,71.44,43.836,195.2,2,Healthy,18.89,-15.309999999999995,34.51958333333334,0.3275665105602054,0.2629999999999981,193.38333333333333,22,5,0
2025-04-05 23:00:00,Hive_08,34.35,14.09,56.34,71.61,43.816,183.7,1,Healthy,20.26,-15.269999999999996,34.52916666666666,0.31860997919178463,0.21100000000000563,189.4333333333333,23,5,0
2025-04-06 00:00:00,Hive_08,34.17,11.98,54.42,77.93,43.825,209.7,3,Healthy,22.19,-23.510000000000005,34.505833333333335,0.323727161916216,0.19700000000000273,190.4333333333333,0,6,0
2025-04-06 01:00:00,Hive_08,34.44,11.88,56.24,83.27,43.873,202.1,0,Healthy,22.559999999999995,-27.029999999999994,34.49375,0.32039123502098144,0.2530000000000001,193.7833333333333,1,6,0
2025-04-06 02:00:00,Hive_08,34.42,12.14,57.98,78.78,43.859,204.5,1,Healthy,22.28,-20.800000000000004,34.48041666666667,0.31633058061447783,0.21399999999999864,195.06666666666663,2,6,0
2025-04-06 03:00:00,Hive_08,34.6,11.81,54.66,80.98,43.856,204.7,3,Healthy,22.79,-26.320000000000007,34.45708333333334,0.2829115573379261,0.2010000000000005,199.98333333333332,3,6,0
2025-04-06 04:00:00,Hive_08,34.86,11.72,57.05,81.81,43.872,217.6,0,Healthy,23.14,-24.760000000000005,34.45625,0.2816382585794415,0.23100000000000165,203.71666666666667,4,6,0
2025-04-06 05:00:00,Hive_08,34.59,13.34,54.78,77.14,43.832,193.5,0,Healthy,21.250000000000004,-22.36,34.45583333333334,0.2814236581425361,0.1880000000000024,205.35,5,6,0
2025-04-06 06:00:00,Hive_08,34.31,16.74,58.96,72.12,43.863,215.8,72,Healthy,17.570000000000004,-13.160000000000004,34.43375,0.2705519720224286,0.21000000000000085,206.36666666666667,6,6,0
2025-04-06 07:00:00,Hive_08,34.23,19.13,56.45,67.34,43.832,198.8,38,Healthy,15.099999999999998,-10.89,34.42458333333333,0.27368625589655415,0.1490000000000009,205.8166666666667,7,6,0
2025-04-06 08:00:00,Hive_08,34.58,20.15,56.41,66.71,43.881,197.8,98,Healthy,14.43,-10.299999999999997,34.44916666666666,0.2590604540268308,0.21300000000000097,204.70000000000002,8,6,0
2025-04-06 09:00:00,Hive_08,34.32,22.39,57.43,63.02,43.912,222.1,78,Healthy,11.93,-5.590000000000003,34.43958333333333,0.25942208626211366,0.23799999999999955,207.60000000000002,9,6,0
2025-04-06 10:00:00,Hive_08,33.99,22.12,54.5,58.42,43.926,235.7,87,Healthy,11.870000000000001,-3.9200000000000017,34.41708333333333,0.2742337810457967,0.24900000000000233,210.61666666666665,10,6,0
2025-04-06 11:00:00,Hive_08,34.1,25.87,55.13,54.27,43.938,185.5,76,Healthy,8.23,0.8599999999999994,34.410833333333336,0.2798589189087258,0.25800000000000267,209.2833333333333,11,6,0
2025-04-06 12:00:00,Hive_08,34.36,26.21,53.42,52.14,43.953,208.1,91,Healthy,8.149999999999999,1.2800000000000011,34.41125,0.2797718402711445,0.2530000000000001,208.0,12,6,0
2025-04-06 13:00:00,Hive_08,34.44,26.88,53.22,51.7,43.984,205.3,87,Healthy,7.559999999999999,1.519999999999996,34.39666666666667,0.2680471513788678,0.2890000000000015,209.08333333333334,13,6,0
2025-04-06 14:00:00,Hive_08,35.11,25.64,52.74,48.51,43.989,199.8,87,Healthy,9.469999999999999,4.230000000000004,34.415416666666665,0.30098359288906923,0.3059999999999974,209.41666666666666,14,6,0
2025-04-06 15:00:00,Hive_08,33.99,25.48,55.15,50.86,43.986,187.0,86,Healthy,8.510000000000002,4.289999999999999,34.39,0.31032941824147714,0.2989999999999995,203.56666666666663,15,6,0
2025-04-06 16:00:00,Hive_08,34.65,26.57,56.9,52.96,43.972,213.8,70,Healthy,8.079999999999998,3.9399999999999977,34.42916666666667,0.2784571884457444,0.2640000000000029,199.91666666666666,16,6,0
2025-04-06 17:00:00,Hive_08,34.68,25.09,53.62,52.09,43.992,228.9,70,Healthy,9.59,1.529999999999994,34.44041666666667,0.28306519707853345,0.242999999999995,207.15,17,6,0
2025-04-06 18:00:00,Hive_08,34.73,26.09,53.28,56.06,43.998,226.1,43,Healthy,8.639999999999997,-2.780000000000001,34.444583333333334,0.2866899426007359,0.20299999999999585,210.15,18,6,0
2025-04-06 19:00:00,Hive_08,34.82,23.74,53.1,63.15,44.018,197.7,50,Healthy,11.080000000000002,-10.049999999999997,34.440416666666664,0.2801316331371117,0.21099999999999852,208.88333333333333,19,6,0
2025-04-06 20:00:00,Hive_08,34.57,17.52,52.01,65.74,44.01,172.5,22,Healthy,17.05,-13.729999999999997,34.44958333333333,0.2806433473392959,0.22299999999999898,204.33333333333334,20,6,0
2025-04-06 21:00:00,Hive_08,34.55,18.75,53.44,69.27,44.043,199.7,2,Healthy,15.799999999999997,-15.829999999999998,34.459583333333335,0.27972780506689726,0.21300000000000097,206.44999999999996,21,6,0
2025-04-06 22:00:00,Hive_08,34.57,17.41,55.64,70.52,44.042,209.8,2,Healthy,17.16,-14.879999999999995,34.47625,0.273572381329138,0.20600000000000307,205.78333333333333,22,6,0
2025-04-06 23:00:00,Hive_08,34.66,14.19,56.18,75.34,44.053,216.8,2,Healthy,20.47,-19.160000000000004,34.48916666666667,0.2746684430785544,0.23699999999999477,203.76666666666665,23,6,0
2025-04-07 00:00:00,Hive_08,34.85,10.39,54.63,75.18,44.066,217.1,1,Healthy,24.46,-20.550000000000004,34.5175,0.2753851058458839,0.24099999999999966,202.26666666666665,0,0,0
2025-04-07 01:00:00,Hive_08,34.61,12.33,55.88,77.75,44.065,186.2,4,Healthy,22.28,-21.869999999999997,34.52458333333333,0.2754913265685555,0.19200000000000017,200.35,1,0,0
2025-04-07 02:00:00,Hive_08,34.71,11.86,54.92,78.63,44.053,207.2,1,Healthy,22.85,-23.709999999999994,34.53666666666667,0.2770601357838941,0.1939999999999955,206.13333333333333,2,0,0
2025-04-07 03:00:00,Hive_08,34.42,14.64,55.16,80.48,44.081,202.8,4,Healthy,19.78,-25.320000000000007,34.52916666666667,0.27770670588367785,0.22500000000000142,206.64999999999998,3,0,0
2025-04-07 04:00:00,Hive_08,34.22,14.78,54.78,78.97,44.101,187.7,3,Healthy,19.439999999999998,-24.189999999999998,34.502500000000005,0.27527456649049703,0.2289999999999992,202.96666666666667,4,0,0
2025-04-07 05:00:00,Hive_08,34.33,12.88,56.12,74.33,44.095,173.0,3,Healthy,21.449999999999996,-18.21,34.49166666666667,0.27679323104735104,0.2629999999999981,195.66666666666666,5,0,0
2025-04-07 06:00:00,Hive_08,34.27,15.33,57.58,70.36,44.092,198.1,45,Healthy,18.940000000000005,-12.780000000000001,34.49,0.2780522315649883,0.2289999999999992,192.5,6,0,0
2025-04-07 07:00:00,Hive_08,34.11,16.08,56.43,67.4,44.104,237.2,53,Healthy,18.03,-10.970000000000006,34.485,0.28394733130728755,0.27199999999999847,201.0,7,0,0
2025-04-07 08:00:00,Hive_08,34.82,18.71,55.58,68.07,44.091,226.2,69,Healthy,16.11,-12.489999999999995,34.495,0.29156250728134275,0.21000000000000085,204.16666666666666,8,0,0
2025-04-07 09:00:00,Hive_08,34.49,21.42,53.25,63.4,44.102,188.3,48,Healthy,13.07,-10.149999999999999,34.50208333333333,0.289181440962436,0.18999999999999773,201.75,9,0,0
2025-04-07 10:00:00,Hive_08,34.15,22.68,55.86,56.44,44.097,207.2,72,Healthy,11.469999999999999,-0.5799999999999983,34.50875,0.2785102058859217,0.17099999999999937,205.0,10,0,0
2025-04-07 11:00:00,Hive_08,33.8,27.02,56.86,51.84,44.089,226.4,94,Healthy,6.779999999999998,5.019999999999996,34.496249999999996,0.3032836597327312,0.15099999999999625,213.89999999999998,11,0,0
2025-04-07 12:00:00,Hive_08,34.53,28.11,55.19,54.1,44.125,201.7,82,Healthy,6.420000000000002,1.0899999999999963,34.50333333333334,0.3019453832943359,0.17199999999999704,214.5,12,0,0
2025-04-07 13:00:00,Hive_08,34.9,28.61,57.01,46.28,44.159,217.4,87,Healthy,6.289999999999999,10.729999999999997,34.5225,0.3121767893775856,0.17499999999999716,211.20000000000002,13,0,0
2025-04-07 14:00:00,Hive_08,35.02,27.84,54.27,47.54,44.176,203.8,71,Healthy,7.180000000000003,6.730000000000004,34.518750000000004,0.30527695907018765,0.18700000000000472,207.46666666666667,14,0,0
2025-04-07 15:00:00,Hive_08,34.36,25.11,54.87,50.52,44.207,203.4,85,Healthy,9.25,4.349999999999994,34.53416666666667,0.2861577045687735,0.22100000000000364,209.98333333333335,15,0,0
2025-04-07 16:00:00,Hive_08,34.2,27.6,55.4,51.38,44.219,213.7,68,Healthy,6.600000000000001,4.019999999999996,34.51541666666667,0.29290121745806447,0.2469999999999999,211.06666666666663,16,0,0
2025-04-07 17:00:00,Hive_08,34.22,25.21,57.17,53.93,44.252,181.8,68,Healthy,9.009999999999998,3.240000000000002,34.496249999999996,0.29668915807920754,0.2600000000000051,203.63333333333335,17,0,0
2025-04-07 18:00:00,Hive_08,34.29,21.23,55.54,59.47,44.223,182.0,54,Healthy,13.059999999999999,-3.9299999999999997,34.477916666666665,0.2952077995709893,0.22500000000000142,200.35000000000002,18,0,0
2025-04-07 19:00:00,Hive_08,34.92,21.02,58.32,59.44,44.252,183.6,57,Healthy,13.900000000000002,-1.1199999999999974,34.482083333333335,0.3008969080521962,0.23400000000000176,194.71666666666667,19,0,0
2025-04-07 20:00:00,Hive_08,34.52,17.66,57.89,64.39,44.28,193.0,20,Healthy,16.860000000000003,-6.5,34.48,0.30043446800463286,0.2700000000000031,192.91666666666666,20,0,0
2025-04-07 21:00:00,Hive_08,34.57,19.43,52.95,67.82,44.301,207.3,0,Healthy,15.14,-14.86999999999999,34.48083333333334,0.30066472251052045,0.25800000000000267,193.5666666666667,21,0,0
2025-04-07 22:00:00,Hive_08,34.72,17.55,54.43,73.61,44.315,201.0,1,Healthy,17.169999999999998,-19.18,34.48708333333334,0.3041378286905288,0.27299999999999613,191.45000000000002,22,0,0
2025-04-07 23:00:00,Hive_08,34.82,14.6,53.23,78.12,44.345,217.9,1,Healthy,20.22,-24.890000000000008,34.49375,0.30979393571970665,0.2920000000000016,197.46666666666667,23,0,0
2025-04-08 00:00:00,Hive_08,34.25,13.83,54.43,78.98,44.37,192.6,2,Healthy,20.42,-24.550000000000004,34.46875,0.30394954529817153,0.30399999999999494,199.23333333333335,0,1,0
2025-04-08 01:00:00,Hive_08,35.09,14.23,54.86,81.78,44.383,204.8,1,Healthy,20.860000000000003,-26.92,34.48875,0.32845239877473836,0.31800000000000495,202.76666666666665,1,1,0
2025-04-08 02:00:00,Hive_08,34.56,12.81,52.93,76.58,44.374,211.0,1,Healthy,21.75,-23.65,34.482499999999995,0.3254729000940969,0.32100000000000506,205.76666666666665,2,1,0
2025-04-08 03:00:00,Hive_08,34.83,13.32,54.64,79.05,44.345,203.4,0,Healthy,21.509999999999998,-24.409999999999997,34.499583333333334,0.33272889037888587,0.2639999999999958,205.11666666666667,3,1,0
2025-04-08 04:00:00,Hive_08,34.2,10.89,54.18,76.22,44.334,178.9,3,Healthy,23.310000000000002,-22.04,34.49875,0.3334837522931052,0.2330000000000041,201.43333333333337,4,1,0
2025-04-08 05:00:00,Hive_08,34.39,13.33,53.31,71.15,44.326,210.7,1,Healthy,21.060000000000002,-17.840000000000003,34.501250000000006,0.3323867901419679,0.23100000000000165,200.23333333333335,5,1,0
2025-04-08 06:00:00,Hive_08,34.84,14.27,55.81,73.39,44.287,183.3,50,Healthy,20.570000000000004,-17.58,34.525,0.33549444367849546,0.19500000000000028,198.68333333333337,6,1,0
2025-04-08 07:00:00,Hive_08,34.21,17.56,52.89,68.23,44.337,200.4,66,Healthy,16.650000000000002,-15.340000000000003,34.52916666666667,0.3307030280382025,0.2330000000000041,197.95000000000002,7,1,0
2025-04-08 08:00:00,Hive_08,34.48,20.01,53.32,65.09,44.317,205.8,71,Healthy,14.469999999999995,-11.770000000000003,34.515,0.3249347760638499,0.2259999999999991,197.08333333333334,8,1,0
2025-04-08 09:00:00,Hive_08,34.26,23.48,56.7,62.59,44.342,210.4,100,Healthy,10.779999999999998,-5.890000000000001,34.50541666666667,0.3290695600664554,0.240000000000002,198.25,9,1,0
2025-04-08 10:00:00,Hive_08,34.67,27.07,56.62,58.88,44.341,191.5,91,Healthy,7.600000000000001,-2.260000000000005,34.52708333333333,0.3216868470053518,0.24399999999999977,200.35,10,1,0
2025-04-08 11:00:00,Hive_08,34.55,24.37,53.72,55.58,44.351,219.6,89,Healthy,10.179999999999996,-1.8599999999999994,34.55833333333334,0.28196001361075373,0.26200000000000045,201.83333333333334,11,1,0
2025-04-08 12:00:00,Hive_08,34.64,27.06,54.5,52.67,44.368,184.3,82,Healthy,7.580000000000002,1.8299999999999983,34.562916666666666,0.2823731599307726,0.2430000000000021,202.0,12,1,0
2025-04-08 13:00:00,Hive_08,34.55,26.72,54.8,51.45,44.392,205.7,85,Healthy,7.829999999999998,3.3499999999999943,34.54833333333333,0.2730928599303565,0.2330000000000041,202.88333333333333,13,1,0
2025-04-08 14:00:00,Hive_08,34.06,26.45,55.21,48.36,44.385,192.6,83,Healthy,7.610000000000003,6.850000000000001,34.50833333333333,0.27130388331437805,0.20899999999999608,200.6833333333333,14,1,0
2025-04-08 15:00:00,Hive_08,34.48,29.29,56.9,52.37,44.355,228.2,85,Healthy,5.189999999999998,4.530000000000001,34.513333333333335,0.26955142554715844,0.14799999999999613,203.64999999999998,15,1,0
2025-04-08 16:00:00,Hive_08,34.37,27.08,55.91,50.23,44.377,210.0,62,Healthy,7.289999999999999,5.68,34.52041666666667,0.26311642598515445,0.15800000000000125,206.73333333333332,16,1,0
2025-04-08 17:00:00,Hive_08,34.73,24.26,55.0,54.78,44.417,200.5,60,Healthy,10.469999999999995,0.21999999999999886,34.541666666666664,0.2583503968184397,0.16499999999999915,203.54999999999998,17,1,0
2025-04-08 18:00:00,Hive_08,34.1,25.01,53.32,59.94,44.421,247.4,47,Healthy,9.09,-6.619999999999997,34.53375,0.269085609458039,0.1980000000000004,214.0666666666667,18,1,0
2025-04-08 19:00:00,Hive_08,34.79,21.89,55.25,62.35,44.454,182.1,31,Healthy,12.899999999999999,-7.100000000000001,34.52833333333333,0.26219253905526113,0.20199999999999818,210.13333333333333,19,1,0
2025-04-08 20:00:00,Hive_08,34.12,21.74,53.02,65.02,44.448,200.0,34,Healthy,12.379999999999999,-11.999999999999993,34.51166666666666,0.2751389635718186,0.16799999999999926,211.36666666666665,20,1,0
2025-04-08 21:00:00,Hive_08,34.37,17.44,56.84,69.65,44.509,194.1,2,Healthy,16.929999999999996,-12.810000000000002,34.50333333333333,0.27632159377873045,0.2079999999999984,205.68333333333337,21,1,0
2025-04-08 22:00:00,Hive_08,34.7,16.6,55.72,72.78,44.509,219.7,2,Healthy,18.1,-17.060000000000002,34.5025,0.2756691463709378,0.19400000000000261,207.29999999999998,22,1,0
2025-04-08 23:00:00,Hive_08,34.47,13.77,55.38,80.49,44.523,198.1,2,Healthy,20.7,-25.109999999999992,34.48791666666667,0.2672725228101213,0.17800000000000438,206.9,23,1,0
2025-04-09 00:00:00,Hive_08,33.97,11.8,53.05,79.18,44.569,181.2,0,Healthy,22.169999999999998,-26.13000000000001,34.47625,0.2837146836861667,0.19900000000000517,195.86666666666665,0,2,0
2025-04-09 01:00:00,Hive_08,33.96,10.43,53.57,82.97,44.55,195.9,1,Healthy,23.53,-29.4,34.42916666666667,0.2709069576628745,0.1669999999999945,198.16666666666666,1,2,0
2025-04-09 02:00:00,Hive_08,34.14,11.28,54.85,83.71,44.567,185.3,2,Healthy,22.86,-28.859999999999992,34.41166666666667,0.2756126246030627,0.19299999999999784,195.71666666666667,2,2,0
2025-04-09 03:00:00,Hive_08,34.47,11.67,51.92,80.24,44.603,231.1,1,Healthy,22.799999999999997,-28.319999999999993,34.39666666666667,0.26127890589688896,0.25800000000000267,201.88333333333333,3,2,0
2025-04-09 04:00:00,Hive_08,35.07,11.72,54.75,81.0,44.609,198.8,0,Healthy,23.35,-26.25,34.432916666666664,0.2914204965288326,0.2749999999999986,198.4,4,2,0
2025-04-09 05:00:00,Hive_08,34.45,13.91,53.44,79.04,44.629,190.0,1,Healthy,20.540000000000003,-25.60000000000001,34.43541666666666,0.29129365381627037,0.30299999999999727,197.05000000000004,5,2,0
2025-04-09 06:00:00,Hive_08,34.72,14.1,55.17,70.43,44.623,201.8,43,Healthy,20.619999999999997,-15.260000000000005,34.430416666666666,0.2850092167337717,0.3359999999999985,200.48333333333335,6,2,0
2025-04-09 07:00:00,Hive_08,34.73,16.75,54.97,71.21,44.636,199.9,65,Healthy,17.979999999999997,-16.239999999999995,34.452083333333334,0.28728079229770825,0.2989999999999995,201.15,7,2,0
2025-04-09 08:00:00,Hive_08,34.61,18.8,54.61,66.73,44.636,212.6,68,Healthy,15.809999999999999,-12.120000000000005,34.4575,0.2890501686559115,0.3190000000000026,205.70000000000002,8,2,0
2025-04-09 09:00:00,Hive_08,34.73,21.02,52.58,60.35,44.639,216.1,76,Healthy,13.709999999999997,-7.770000000000003,34.47708333333333,0.29100245280107795,0.29700000000000415,203.20000000000002,9,2,0
2025-04-09 10:00:00,Hive_08,34.77,24.41,54.34,59.67,44.646,213.6,94,Healthy,10.360000000000003,-5.329999999999998,34.48125,0.29457873384681815,0.3049999999999997,205.66666666666666,10,2,0
2025-04-09 11:00:00,Hive_08,34.58,25.52,57.05,54.29,44.678,210.4,77,Healthy,9.059999999999999,2.759999999999998,34.482499999999995,0.294946568484669,0.3269999999999982,209.0666666666667,11,2,0
2025-04-09 12:00:00,Hive_08,34.93,26.52,54.64,51.57,44.713,191.4,85,Healthy,8.41,3.0700000000000003,34.49458333333333,0.30735872211144966,0.34499999999999886,207.33333333333334,12,2,0
2025-04-09 13:00:00,Hive_08,34.44,28.45,51.16,53.65,44.692,204.5,73,Healthy,5.989999999999998,-2.490000000000002,34.49,0.30731657661258976,0.29999999999999716,208.1,13,2,0
2025-04-09 14:00:00,Hive_08,33.77,26.7,54.43,50.02,44.678,177.5,76,Healthy,7.070000000000004,4.409999999999997,34.477916666666665,0.329834993880906,0.29299999999999926,202.25,14,2,0
2025-04-09 15:00:00,Hive_08,34.86,26.12,54.45,51.45,44.676,193.8,67,Healthy,8.739999999999998,3.0,34.49375,0.3389345518456252,0.32100000000000506,198.53333333333333,15,2,0
2025-04-09 16:00:00,Hive_08,34.1,25.0,57.45,48.72,44.673,155.9,64,Healthy,9.100000000000001,8.730000000000004,34.4825,0.3475910890937841,0.2959999999999994,188.91666666666666,16,2,0
2025-04-09 17:00:00,Hive_08,34.49,23.27,55.08,54.51,44.682,194.4,45,Healthy,11.220000000000002,0.5700000000000003,34.472500000000004,0.3435903779591307,0.26500000000000057,186.25,17,2,0
2025-04-09 18:00:00,Hive_08,35.04,23.89,54.64,59.54,44.689,207.5,64,Healthy,11.149999999999999,-4.899999999999999,34.51166666666666,0.35273671258576117,0.2680000000000007,188.9333333333333,18,2,0
2025-04-09 19:00:00,Hive_08,34.25,21.34,55.49,62.5,44.719,180.6,34,Healthy,12.91,-7.009999999999998,34.48916666666667,0.35143082276376636,0.26500000000000057,184.95000000000002,19,2,0
2025-04-09 20:00:00,Hive_08,34.81,21.43,56.27,66.23,44.722,233.0,31,Healthy,13.380000000000003,-9.96,34.51791666666667,0.34812515448961573,0.2740000000000009,194.20000000000002,20,2,0
2025-04-09 21:00:00,Hive_08,34.36,13.35,56.19,68.32,44.723,216.5,2,Healthy,21.009999999999998,-12.129999999999995,34.517500000000005,0.34831582370528513,0.21399999999999864,197.98333333333335,21,2,0
2025-04-09 22:00:00,Hive_08,34.27,14.5,55.28,72.22,44.717,201.1,1,Healthy,19.770000000000003,-16.939999999999998,34.499583333333334,0.3495771254911841,0.2079999999999984,205.51666666666665,22,2,0
2025-04-09 23:00:00,Hive_08,34.39,14.11,52.1,79.71,44.747,215.1,0,Healthy,20.28,-27.609999999999992,34.496249999999996,0.35025223830090635,0.22399999999999665,208.96666666666667,23,2,0
2025-04-10 00:00:00,Hive_08,34.66,12.02,54.99,78.86,44.758,185.9,0,Healthy,22.639999999999997,-23.869999999999997,34.525,0.3330752624179638,0.18900000000000006,205.36666666666667,0,3,0
2025-04-10 01:00:00,Hive_08,34.55,15.35,54.76,77.55,44.786,201.7,2,Healthy,19.199999999999996,-22.79,34.54958333333334,0.3105742110667327,0.2360000000000042,208.88333333333333,1,3,0
2025-04-10 02:00:00,Hive_08,34.72,8.05,55.98,78.33,44.777,176.3,2,Healthy,26.669999999999998,-22.35,34.57375,0.2996927774731634,0.21000000000000085,199.4333333333333,2,3,0
2025-04-10 03:00:00,Hive_08,35.03,7.91,57.17,77.19,44.796,204.6,0,Healthy,27.12,-20.019999999999996,34.59708333333334,0.3127782818918263,0.19299999999999784,197.45000000000002,3,3,0
2025-04-10 04:00:00,Hive_08,34.28,11.96,54.47,77.4,44.832,191.9,1,Healthy,22.32,-22.930000000000007,34.564166666666665,0.3022368300675633,0.22299999999999898,195.91666666666666,4,3,0
2025-04-10 05:00:00,Hive_08,34.25,15.45,53.89,72.77,44.844,194.8,1,Healthy,18.8,-18.879999999999995,34.55583333333333,0.3082195246286849,0.2150000000000034,192.53333333333333,5,3,0
2025-04-10 06:00:00,Hive_08,34.68,15.0,54.49,70.36,44.866,183.3,43,Healthy,19.68,-15.869999999999997,34.55416666666667,0.30740027250515817,0.2430000000000021,192.1,6,3,0
2025-04-10 07:00:00,Hive_08,34.73,17.6,54.35,68.63,44.891,205.6,59,Healthy,17.129999999999995,-14.279999999999994,34.55416666666667,0.30740027250515817,0.25499999999999545,192.75,7,3,0
2025-04-10 08:00:00,Hive_08,34.22,18.57,54.97,66.51,44.9,196.9,66,Healthy,15.649999999999999,-11.540000000000006,34.53791666666667,0.3145456235196665,0.2639999999999958,196.1833333333333,8,3,0
2025-04-10 09:00:00,Hive_08,34.92,20.84,54.26,57.88,44.907,198.0,89,Healthy,14.080000000000002,-3.6200000000000045,34.545833333333334,0.3218954281543624,0.2679999999999936,195.08333333333334,9,3,0
2025-04-10 10:00:00,Hive_08,34.45,26.9,53.31,57.82,44.888,173.4,76,Healthy,7.550000000000004,-4.509999999999998,34.5325,0.3188191527714834,0.24199999999999733,192.0,10,3,0
2025-04-10 11:00:00,Hive_08,34.63,22.52,54.62,56.55,44.921,183.9,80,Healthy,12.110000000000003,-1.9299999999999997,34.53458333333334,0.31930602966390037,0.2430000000000021,190.18333333333337,11,3,0
2025-04-10 12:00:00,Hive_08,34.26,24.03,55.02,53.56,44.951,220.6,89,Healthy,10.229999999999997,1.4600000000000009,34.50666666666667,0.3124470969713282,0.23799999999999955,196.4,12,3,0
2025-04-10 13:00:00,Hive_08,35.01,28.3,54.75,48.7,44.962,193.9,100,Healthy,6.709999999999997,6.049999999999997,34.53041666666667,0.32841489092263076,0.2700000000000031,194.45000000000002,13,3,0
2025-04-10 14:00:00,Hive_08,34.61,28.3,54.67,51.52,44.991,205.2,75,Healthy,6.309999999999999,3.1499999999999986,34.56541666666667,0.2858546174523932,0.3130000000000024,195.83333333333334,14,3,0
2025-04-10 15:00:00,Hive_08,34.77,26.24,57.46,50.81,44.965,200.4,83,Healthy,8.530000000000005,6.649999999999999,34.56166666666667,0.2823914438084933,0.2890000000000015,196.23333333333335,15,3,0
2025-04-10 16:00:00,Hive_08,34.7,27.37,53.52,54.03,44.955,204.7,79,Healthy,7.330000000000002,-0.509999999999998,34.586666666666666,0.2658156711228793,0.2819999999999965,201.45000000000002,16,3,0
2025-04-10 17:00:00,Hive_08,34.19,25.87,56.04,51.24,44.958,201.8,71,Healthy,8.319999999999997,4.799999999999997,34.57416666666666,0.2773620560656077,0.27599999999999625,204.4333333333333,17,3,0
2025-04-10 18:00:00,Hive_08,34.34,22.2,55.53,56.67,44.983,177.8,49,Healthy,12.140000000000004,-1.1400000000000006,34.545,0.2626619583187468,0.29399999999999693,197.29999999999998,18,3,0
2025-04-10 19:00:00,Hive_08,34.48,23.37,53.18,57.41,44.981,162.4,53,Healthy,11.109999999999996,-4.229999999999997,34.55458333333333,0.25552978498505025,0.26200000000000045,192.04999999999998,19,3,0
2025-04-10 20:00:00,Hive_08,34.6,19.47,53.44,63.39,44.968,222.7,48,Healthy,15.130000000000003,-9.950000000000003,34.545833333333334,0.2499376733902336,0.24600000000000222,194.96666666666667,20,3,0
2025-04-10 21:00:00,Hive_08,34.61,17.04,52.88,71.02,44.959,223.3,0,Healthy,17.57,-18.139999999999993,34.55625,0.24704888620256166,0.2360000000000042,198.78333333333333,21,3,0
2025-04-10 22:00:00,Hive_08,34.97,19.42,54.54,71.36,44.985,220.9,3,Healthy,15.549999999999997,-16.82,34.58541666666667,0.25303340846045574,0.2680000000000007,201.48333333333335,22,3,0
2025-04-10 23:00:00,Hive_08,34.48,13.47,53.05,73.89,45.0,187.7,3,Healthy,21.009999999999998,-20.840000000000003,34.589166666666664,0.25066722556215654,0.2530000000000001,199.13333333333333,23,3,0
2025-04-11 00:00:00,Hive_08,34.92,12.22,55.28,74.51,45.011,216.4,2,Healthy,22.700000000000003,-19.230000000000004,34.6,0.25933024103073427,0.2530000000000001,205.5666666666667,0,4,0
2025-04-11 01:00:00,Hive_08,34.17,11.13,52.8,78.59,45.032,205.9,2,Healthy,23.04,-25.790000000000006,34.58416666666667,0.27371703361823857,0.2459999999999951,212.81666666666663,1,4,0
2025-04-11 02:00:00,Hive_08,34.76,13.92,51.88,81.55,45.036,214.5,0,Healthy,20.839999999999996,-29.669999999999995,34.58583333333333,0.27470009997732175,0.25900000000000034,211.45000000000002,2,4,0
2025-04-11 03:00:00,Hive_08,34.63,12.41,55.55,80.53,45.058,202.7,0,Healthy,22.220000000000002,-24.980000000000004,34.56916666666667,0.25821993771182283,0.26200000000000045,208.01666666666668,3,4,0
2025-04-11 04:00:00,Hive_08,34.07,13.83,57.07,78.56,45.079,179.3,1,Healthy,20.240000000000002,-21.490000000000002,34.56041666666667,0.27165321830323685,0.2469999999999999,201.08333333333334,4,4,0
2025-04-11 05:00:00,Hive_08,34.59,13.5,53.54,74.48,45.111,215.7,2,Healthy,21.090000000000003,-20.940000000000005,34.57458333333333,0.26350446191533305,0.2669999999999959,205.75,5,4,0
2025-04-11 06:00:00,Hive_08,34.42,16.07,53.91,74.37,45.145,204.8,43,Healthy,18.35,-20.460000000000008,34.563750000000006,0.26432543347665594,0.27900000000000347,203.8166666666667,6,4,0
2025-04-11 07:00:00,Hive_08,35.11,17.3,55.01,67.41,45.158,210.8,48,Healthy,17.81,-12.399999999999999,34.57958333333334,0.2852684344791044,0.267000000000003,204.63333333333333,7,4,0
2025-04-11 08:00:00,Hive_08,35.05,21.64,54.53,63.78,45.189,162.5,58,Healthy,13.409999999999997,-9.25,34.61416666666667,0.2900512198646012,0.2890000000000015,195.96666666666667,8,4,0
2025-04-11 09:00:00,Hive_08,34.68,21.63,55.47,57.06,45.179,199.8,86,Healthy,13.05,-1.5900000000000034,34.604166666666664,0.2831026341263721,0.27200000000000557,195.48333333333335,9,4,0
2025-04-11 10:00:00,Hive_08,34.4,20.85,55.04,54.95,45.188,213.3,89,Healthy,13.549999999999997,0.0899999999999963,34.60208333333333,0.2844671474371505,0.30000000000000426,201.15,10,4,0
2025-04-11 11:00:00,Hive_08,34.54,26.7,54.54,51.61,45.227,202.6,81,Healthy,7.84,2.9299999999999997,34.598333333333336,0.2846762717722707,0.3059999999999974,198.96666666666667,11,4,0
2025-04-11 12:00:00,Hive_08,34.25,28.21,54.48,53.14,45.231,218.4,92,Healthy,6.039999999999999,1.3399999999999963,34.59791666666667,0.28519984094556755,0.28000000000000114,201.23333333333335,12,4,0
2025-04-11 13:00:00,Hive_08,34.6,28.82,56.96,49.52,45.233,201.7,75,Healthy,5.780000000000001,7.439999999999998,34.58083333333334,0.27138800503223426,0.2709999999999937,199.71666666666667,13,4,0
2025-04-11 14:00:00,Hive_08,34.18,26.85,56.98,49.33,45.227,211.8,86,Healthy,7.329999999999998,7.649999999999999,34.562916666666666,0.28331084736009754,0.2359999999999971,207.9333333333333,14,4,0
2025-04-11 15:00:00,Hive_08,33.82,27.77,54.71,53.48,45.215,170.6,66,Healthy,6.050000000000001,1.230000000000004,34.52333333333333,0.31743080953270614,0.25,203.0666666666667,15,4,0
2025-04-11 16:00:00,Hive_08,34.77,26.95,54.68,50.56,45.219,195.2,69,Healthy,7.820000000000004,4.119999999999997,34.52625,0.31943989704809367,0.2640000000000029,200.04999999999998,16,4,0
2025-04-11 17:00:00,Hive_08,34.8,25.03,54.06,52.69,45.221,206.4,63,Healthy,9.769999999999996,1.3700000000000045,34.55166666666667,0.31576913232225207,0.2629999999999981,200.68333333333337,17,4,0
2025-04-11 18:00:00,Hive_08,34.66,22.66,55.27,59.01,45.222,193.9,47,Healthy,11.999999999999996,-3.739999999999995,34.565,0.3131883722646036,0.23900000000000432,196.6,18,4,0
2025-04-11 19:00:00,Hive_08,34.77,20.22,56.31,61.04,45.225,216.0,58,Healthy,14.550000000000004,-4.729999999999997,34.577083333333334,0.3153532066232244,0.24399999999999977,198.98333333333335,19,4,0
2025-04-11 20:00:00,Hive_08,33.82,19.53,53.11,66.38,45.236,184.9,50,Healthy,14.29,-13.269999999999996,34.54458333333333,0.35106024711074874,0.2679999999999936,194.5,20,4,0
2025-04-11 21:00:00,Hive_08,34.49,18.83,53.5,70.81,45.236,203.8,1,Healthy,15.660000000000004,-17.310000000000002,34.53958333333333,0.35094257137857654,0.2769999999999939,200.03333333333333,21,4,0
2025-04-11 22:00:00,Hive_08,34.5,17.01,52.26,73.92,45.28,196.8,4,Healthy,17.49,-21.660000000000004,34.52,0.3387829881258602,0.2950000000000017,200.29999999999998,22,4,0
2025-04-11 23:00:00,Hive_08,34.63,15.32,51.97,75.19,45.311,238.5,0,Healthy,19.310000000000002,-23.22,34.52625,0.3393960428659306,0.31099999999999994,205.65,23,4,0
2025-04-12 00:00:00,Hive_08,34.76,12.64,58.16,77.78,45.329,232.1,2,Healthy,22.119999999999997,-19.620000000000005,34.51958333333334,0.3328334113489108,0.31799999999999784,212.01666666666665,0,5,0
2025-04-12 01:00:00,Hive_08,34.87,12.95,54.37,80.15,45.355,181.5,1,Healthy,21.919999999999998,-25.78000000000001,34.54875,0.3315354594452559,0.3230000000000004,206.26666666666665,1,5,0
2025-04-12 02:00:00,Hive_08,34.41,11.04,56.7,80.18,45.347,174.0,0,Healthy,23.369999999999997,-23.480000000000004,34.534166666666664,0.3295308478885625,0.31099999999999994,204.45000000000002,2,5,0
2025-04-12 03:00:00,Hive_08,34.62,13.76,54.56,77.55,45.374,196.5,4,Healthy,20.86,-22.989999999999995,34.53375,0.3294107057208192,0.3160000000000025,203.23333333333335,3,5,0
2025-04-12 04:00:00,Hive_08,34.36,15.92,59.7,77.36,45.362,199.2,2,Healthy,18.439999999999998,-17.659999999999997,34.545833333333334,0.31673492780677825,0.28300000000000125,203.63333333333333,4,5,0
2025-04-12 05:00:00,Hive_08,34.65,14.34,53.54,72.13,45.401,178.2,2,Healthy,20.31,-18.589999999999996,34.54833333333333,0.31733491657139473,0.29000000000000625,193.58333333333334,5,5,0
2025-04-12 06:00:00,Hive_08,34.25,12.68,53.95,68.19,45.44,199.4,62,Healthy,21.57,-14.239999999999995,34.54125,0.3221842910374668,0.2949999999999946,188.13333333333333,6,5,0
2025-04-12 07:00:00,Hive_08,34.28,17.36,53.81,70.09,45.414,205.0,62,Healthy,16.92,-16.28,34.50666666666667,0.30242018949550786,0.2560000000000002,192.04999999999998,7,5,0
2025-04-12 08:00:00,Hive_08,35.11,21.17,55.26,65.43,45.444,195.1,60,Healthy,13.939999999999998,-10.170000000000009,34.509166666666665,0.30731539763440924,0.25500000000000256,195.5666666666667,8,5,0
2025-04-12 09:00:00,Hive_08,34.75,23.15,55.53,60.94,45.438,216.1,69,Healthy,11.600000000000001,-5.409999999999997,34.51208333333334,0.3093327906354674,0.25900000000000034,198.83333333333334,9,5,0
2025-04-12 10:00:00,Hive_08,34.38,24.94,56.73,60.06,45.456,212.8,76,Healthy,9.440000000000001,-3.3300000000000054,34.511250000000004,0.30967461885860825,0.2680000000000007,201.1,10,5,0
2025-04-12 11:00:00,Hive_08,35.01,25.98,51.98,51.58,45.459,186.0,95,Healthy,9.029999999999998,0.3999999999999986,34.530833333333334,0.3260023561753715,0.23200000000000642,202.39999999999998,11,5,0
2025-04-12 12:00:00,Hive_08,35.39,29.81,52.93,53.32,45.443,186.6,91,Healthy,5.580000000000002,-0.39000000000000057,34.57833333333333,0.3641269089165453,0.2119999999999962,200.26666666666665,12,5,0
2025-04-12 13:00:00,Hive_08,34.69,26.19,53.14,49.01,45.43,194.0,85,Healthy,8.499999999999996,4.130000000000003,34.58208333333333,0.3648225198839978,0.19700000000000273,198.4333333333333,13,5,0
2025-04-12 14:00:00,Hive_08,34.28,29.52,55.87,48.2,45.456,221.4,89,Healthy,4.760000000000002,7.669999999999995,34.58625,0.36057698327761156,0.2290000000000063,202.8166666666667,14,5,0
2025-04-12 15:00:00,Hive_08,34.42,27.92,54.59,51.66,45.431,213.4,80,Healthy,6.5,2.930000000000007,34.61125,0.32409489351117815,0.21599999999999397,202.36666666666667,15,5,0
2025-04-12 16:00:00,Hive_08,34.49,28.09,53.72,46.38,45.471,209.2,72,Healthy,6.400000000000002,7.339999999999996,34.599583333333335,0.3231701552980754,0.25199999999999534,201.76666666666665,16,5,0
2025-04-12 17:00:00,Hive_08,34.22,25.01,54.85,55.19,45.469,234.0,75,Healthy,9.209999999999997,-0.3399999999999963,34.57541666666667,0.32916203445651504,0.24800000000000466,209.76666666666665,17,5,0
2025-04-12 18:00:00,Hive_08,34.76,25.59,55.28,54.52,45.504,204.8,49,Healthy,9.169999999999998,0.759999999999998,34.57958333333334,0.3309075684244714,0.2819999999999965,212.80000000000004,18,5,0
2025-04-12 19:00:00,Hive_08,34.27,22.42,55.56,57.51,45.536,191.7,39,Healthy,11.850000000000001,-1.9499999999999957,34.558749999999996,0.33412198371255447,0.31099999999999994,212.41666666666666,19,5,0
2025-04-12 20:00:00,Hive_08,34.83,17.6,55.98,67.92,45.554,223.3,21,Healthy,17.229999999999997,-11.940000000000005,34.600833333333334,0.2987643635502009,0.31800000000000495,212.73333333333335,20,5,0
2025-04-12 21:00:00,Hive_08,34.8,16.56,53.21,71.01,45.554,225.3,2,Healthy,18.24,-17.800000000000004,34.61375,0.30046069698848366,0.31800000000000495,214.71666666666667,21,5,0
2025-04-12 22:00:00,Hive_08,34.7,17.18,52.87,70.18,45.524,210.9,3,Healthy,17.520000000000003,-17.31000000000001,34.622083333333336,0.29994172139252057,0.24399999999999977,215.0,22,5,0
2025-04-12 23:00:00,Hive_08,35.01,13.96,54.71,74.51,45.533,225.4,1,Healthy,21.049999999999997,-19.800000000000004,34.63791666666667,0.310231038262577,0.2220000000000013,213.5666666666667,23,5,0
2025-04-13 00:00:00,Hive_08,34.29,12.09,54.78,79.62,45.517,202.8,2,Healthy,22.2,-24.840000000000003,34.61833333333333,0.31695105460388745,0.1880000000000024,213.23333333333332,0,6,0
2025-04-13 01:00:00,Hive_08,34.67,13.72,55.59,81.2,45.525,209.1,0,Healthy,20.950000000000003,-25.61,34.61,0.3126464874054701,0.1700000000000017,216.13333333333335,1,6,0
2025-04-13 02:00:00,Hive_08,34.7,8.48,54.81,82.32,45.557,189.0,1,Healthy,26.220000000000002,-27.50999999999999,34.622083333333336,0.3101749739949662,0.21000000000000085,210.41666666666666,2,6,0
2025-04-13 03:00:00,Hive_08,34.03,11.01,53.85,80.62,45.572,181.9,1,Healthy,23.020000000000003,-26.770000000000003,34.597500000000004,0.3328957272441497,0.1980000000000004,203.1833333333333,3,6,0
2025-04-13 04:00:00,Hive_08,34.29,9.75,53.35,79.2,45.556,193.7,0,Healthy,24.54,-25.85,34.59458333333333,0.33536455396775394,0.1939999999999955,200.3166666666667,4,6,0
2025-04-13 05:00:00,Hive_08,34.36,17.26,55.16,70.84,45.551,203.2,1,Healthy,17.099999999999998,-15.680000000000007,34.5825,0.33849089641604746,0.14999999999999858,196.61666666666667,5,6,0
2025-04-13 06:00:00,Hive_08,33.79,18.3,53.05,70.26,45.569,198.2,57,Healthy,15.489999999999998,-17.210000000000008,34.56333333333334,0.3697198312549696,0.1290000000000049,195.85,6,6,0
2025-04-13 07:00:00,Hive_08,34.35,18.68,54.42,67.61,45.616,210.4,79,Healthy,15.670000000000002,-13.189999999999998,34.56625,0.3676578336017212,0.20199999999999818,196.0666666666667,7,6,0
2025-04-13 08:00:00,Hive_08,34.19,21.26,55.3,64.87,45.625,198.6,67,Healthy,12.929999999999996,-9.570000000000007,34.52791666666666,0.356284927095397,0.18099999999999739,197.66666666666666,8,6,0
2025-04-13 09:00:00,Hive_08,34.48,18.99,52.88,63.64,45.645,187.2,83,Healthy,15.489999999999998,-10.759999999999998,34.516666666666666,0.3532170987375727,0.20700000000000074,198.54999999999998,9,6,0
2025-04-13 10:00:00,Hive_08,34.45,25.32,54.38,59.54,45.642,189.2,84,Healthy,9.130000000000003,-5.159999999999997,34.51958333333333,0.3523274066110728,0.18599999999999994,197.79999999999998,10,6,0
2025-04-13 11:00:00,Hive_08,34.16,25.34,54.84,52.74,45.644,182.9,96,Healthy,8.819999999999997,2.1000000000000014,34.48416666666667,0.3434975687106807,0.18499999999999517,194.41666666666666,11,6,0
2025-04-13 12:00:00,Hive_08,34.28,29.59,54.92,53.93,45.684,182.4,97,Healthy,4.690000000000001,0.990000000000002,34.437916666666666,0.2861738475376281,0.24099999999999966,191.78333333333333,12,6,0
2025-04-13 13:00:00,Hive_08,34.37,25.56,58.34,53.88,45.729,198.4,81,Healthy,8.809999999999999,4.460000000000001,34.42458333333334,0.28133191238736355,0.2989999999999995,189.78333333333333,13,6,0
2025-04-13 14:00:00,Hive_08,34.38,28.29,52.51,49.64,45.729,183.3,90,Healthy,6.090000000000003,2.8699999999999974,34.42875,0.27983399582142776,0.27299999999999613,187.23333333333335,14,6,0
2025-04-13 15:00:00,Hive_08,34.6,29.21,53.72,51.99,45.743,211.9,72,Healthy,5.390000000000001,1.7299999999999969,34.43625,0.2819931004397959,0.3120000000000047,191.35,15,6,0
2025-04-13 16:00:00,Hive_08,35.0,27.11,56.28,51.72,45.765,174.2,71,Healthy,7.890000000000001,4.560000000000002,34.4575,0.3045345700373375,0.29400000000000404,188.85,16,6,0
2025-04-13 17:00:00,Hive_08,34.03,25.42,53.37,54.07,45.774,216.7,54,Healthy,8.61,-0.7000000000000028,34.44958333333333,0.31331993881329934,0.3049999999999997,194.48333333333335,17,6,0
2025-04-13 18:00:00,Hive_08,34.41,23.4,54.81,61.06,45.781,179.8,55,Healthy,11.009999999999998,-6.25,34.434999999999995,0.30631044212778347,0.277000000000001,194.04999999999998,18,6,0
2025-04-13 19:00:00,Hive_08,34.63,21.09,57.91,61.06,45.765,213.0,48,Healthy,13.540000000000003,-3.1500000000000057,34.449999999999996,0.3066934455856798,0.2289999999999992,196.48333333333335,19,6,0
2025-04-13 20:00:00,Hive_08,34.99,19.04,53.85,66.2,45.78,206.1,35,Healthy,15.950000000000003,-12.350000000000001,34.45666666666667,0.3168824588922891,0.2259999999999991,200.28333333333333,20,6,0
2025-04-13 21:00:00,Hive_08,34.65,19.08,53.63,69.21,45.793,192.9,0,Healthy,15.57,-15.579999999999991,34.45041666666666,0.3112454527925785,0.23899999999999721,197.11666666666665,21,6,0
2025-04-13 22:00:00,Hive_08,34.63,15.24,53.1,73.04,45.784,210.9,2,Healthy,19.39,-19.940000000000005,34.4475,0.3091256955546928,0.259999999999998,203.23333333333335,22,6,0
2025-04-13 23:00:00,Hive_08,34.66,15.67,54.38,78.34,45.797,224.9,4,Healthy,18.989999999999995,-23.96,34.432916666666664,0.2890385737258019,0.2639999999999958,204.6,23,6,0
2025-04-14 00:00:00,Hive_08,34.72,13.77,55.04,79.06,45.83,215.1,2,Healthy,20.95,-24.020000000000003,34.45083333333333,0.2930931988095339,0.3129999999999953,210.48333333333335,0,0,0
2025-04-14 01:00:00,Hive_08,34.72,11.8,55.32,76.45,45.825,183.1,2,Healthy,22.919999999999998,-21.130000000000003,34.45291666666667,0.2948909771522292,0.30000000000000426,205.5,1,0,0
2025-04-14 02:00:00,Hive_08,34.75,9.6,55.82,80.6,45.827,181.3,2,Healthy,25.15,-24.779999999999994,34.455,0.29688235116756656,0.269999999999996,201.36666666666667,2,0,0
2025-04-14 03:00:00,Hive_08,34.65,14.07,57.37,78.34,45.844,194.0,3,Healthy,20.58,-20.970000000000006,34.48083333333333,0.28503114500558,0.27199999999999847,201.54999999999998,3,0,0
2025-04-14 04:00:00,Hive_08,34.74,11.97,54.39,75.39,45.848,190.6,1,Healthy,22.770000000000003,-21.0,34.499583333333334,0.2867278541035852,0.2920000000000016,198.16666666666666,4,0,0
2025-04-14 05:00:00,Hive_08,35.04,16.45,56.64,78.93,45.867,178.5,1,Healthy,18.59,-22.290000000000006,34.52791666666667,0.3053291761314529,0.3159999999999954,190.4333333333333,5,0,0
2025-04-14 06:00:00,Hive_08,34.95,19.24,55.08,71.63,45.823,209.6,62,Healthy,15.710000000000004,-16.549999999999997,34.576249999999995,0.27360416504587776,0.2539999999999978,189.51666666666665,6,0,0
2025-04-14 07:00:00,Hive_08,34.0,17.86,52.92,71.35,45.838,207.2,73,Healthy,16.14,-18.429999999999993,34.56166666666667,0.2947020111270602,0.2220000000000013,193.53333333333333,7,0,0
2025-04-14 08:00:00,Hive_08,34.56,20.96,55.9,62.61,45.81,199.3,66,Healthy,13.600000000000001,-6.710000000000001,34.577083333333334,0.28389341488401937,0.18500000000000227,196.53333333333333,8,0,0
2025-04-14 09:00:00,Hive_08,34.16,21.09,55.63,62.12,45.831,216.3,67,Healthy,13.069999999999997,-6.489999999999995,34.56375,0.2959114512088659,0.18599999999999994,200.25,9,0,0
2025-04-14 10:00:00,Hive_08,34.41,21.74,59.35,58.06,45.85,200.9,82,Healthy,12.669999999999998,1.2899999999999991,34.562083333333334,0.29669160048292,0.2079999999999984,201.96666666666667,10,0,0
2025-04-14 11:00:00,Hive_08,34.48,23.83,54.88,55.52,45.862,203.3,71,Healthy,10.649999999999999,-0.6400000000000006,34.57541666666666,0.28478793279681586,0.21800000000000352,206.10000000000002,11,0,0
2025-04-14 12:00:00,Hive_08,34.46,28.18,56.93,50.32,45.908,174.5,90,Healthy,6.280000000000001,6.609999999999999,34.58291666666667,0.27898074059548744,0.22400000000000375,200.25,12,0,0
2025-04-14 13:00:00,Hive_08,34.74,28.14,55.17,47.5,45.922,186.2,92,Healthy,6.600000000000001,7.670000000000002,34.598333333333336,0.2769188653216591,0.19299999999999784,196.75,13,0,0
2025-04-14 14:00:00,Hive_08,34.35,29.26,54.35,50.25,45.936,200.7,93,Healthy,5.09,4.100000000000001,34.59708333333333,0.2780128111947835,0.20700000000000074,196.98333333333335,14,0,0
2025-04-14 15:00:00,Hive_08,34.61,27.01,54.28,48.07,45.962,200.1,84,Healthy,7.599999999999998,6.210000000000001,34.5975,0.27802486595083026,0.2190000000000012,194.28333333333333,15,0,0
2025-04-14 16:00:00,Hive_08,34.29,25.41,53.17,52.3,45.955,191.8,82,Healthy,8.879999999999999,0.8700000000000045,34.56791666666667,0.2710202810743859,0.18999999999999773,192.76666666666665,16,0,0
2025-04-14 17:00:00,Hive_08,34.54,24.8,55.04,51.85,45.955,197.6,70,Healthy,9.739999999999998,3.1899999999999977,34.589166666666664,0.2458333947433379,0.18099999999999739,191.8166666666667,17,0,0
2025-04-14 18:00:00,Hive_08,34.14,25.01,59.33,58.67,45.986,207.8,38,Healthy,9.129999999999999,0.6599999999999966,34.57791666666667,0.2601501099560835,0.2049999999999983,197.36666666666667,18,0,0
2025-04-14 19:00:00,Hive_08,34.44,23.49,52.48,60.12,45.971,206.6,49,Healthy,10.95,-7.640000000000001,34.57,0.2613842748339137,0.20599999999999596,200.76666666666665,19,0,0
2025-04-14 20:00:00,Hive_08,34.48,21.03,54.39,66.3,45.987,212.3,30,Healthy,13.449999999999996,-11.909999999999997,34.54875,0.24603485967221345,0.20700000000000074,202.70000000000002,20,0,0
2025-04-14 21:00:00,Hive_08,34.21,19.74,54.98,68.45,45.999,198.8,3,Healthy,14.470000000000002,-13.470000000000006,34.53041666666667,0.25441286484199505,0.20600000000000307,202.48333333333335,21,0,0
2025-04-14 22:00:00,Hive_08,34.96,17.21,50.89,69.64,46.052,195.7,1,Healthy,17.75,-18.75,34.54416666666667,0.26855355982143597,0.2680000000000007,203.13333333333335,22,0,0
2025-04-14 23:00:00,Hive_08,34.5,14.25,54.8,76.38,46.088,208.5,1,Healthy,20.25,-21.58,34.5375,0.26753707585404435,0.2910000000000039,204.95000000000002,23,0,0
2025-04-15 00:00:00,Hive_08,34.34,14.18,56.19,79.04,46.095,196.7,1,Healthy,20.160000000000004,-22.85000000000001,34.52166666666667,0.2675113433867582,0.26500000000000057,203.1,0,1,0
2025-04-15 01:00:00,Hive_08,34.71,8.63,54.97,78.44,46.079,214.5,1,Healthy,26.08,-23.47,34.52125,0.26719659754409064,0.2539999999999978,204.41666666666666,1,1,0
2025-04-15 02:00:00,Hive_08,34.18,10.17,56.32,84.41,46.074,202.0,1,Healthy,24.009999999999998,-28.089999999999996,34.4975,0.271281179334052,0.2469999999999999,202.70000000000002,2,1,0
2025-04-15 03:00:00,Hive_08,34.62,10.41,56.72,80.53,46.083,233.3,2,Healthy,24.209999999999997,-23.810000000000002,34.49625,0.2706162452143577,0.23899999999999721,208.45000000000002,3,1,0
2025-04-15 04:00:00,Hive_08,34.32,13.92,55.78,75.27,46.092,202.8,1,Healthy,20.4,-19.489999999999995,34.47875,0.2677330354305776,0.24399999999999977,209.63333333333333,4,1,0
2025-04-15 05:00:00,Hive_08,34.15,14.53,55.96,75.84,46.068,202.8,3,Healthy,19.619999999999997,-19.880000000000003,34.44166666666666,0.24748590942175694,0.2010000000000005,208.6833333333333,5,1,0
2025-04-15 06:00:00,Hive_08,34.23,17.02,57.65,73.85,46.105,187.3,45,Healthy,17.209999999999997,-16.199999999999996,34.41166666666667,0.22588312997164497,0.2819999999999965,207.11666666666667,6,1,0
2025-04-15 07:00:00,Hive_08,34.12,19.81,53.49,72.47,46.112,167.4,60,Healthy,14.309999999999999,-18.979999999999997,34.416666666666664,0.217548928362966,0.2740000000000009,199.26666666666665,7,1,0
2025-04-15 08:00:00,Hive_08,34.54,21.78,54.13,62.12,46.155,191.5,85,Healthy,12.759999999999998,-7.989999999999995,34.41583333333333,0.2170136574877778,0.34499999999999886,197.51666666666665,8,1,0
2025-04-15 09:00:00,Hive_08,34.58,21.17,54.79,62.66,46.149,204.8,73,Healthy,13.409999999999997,-7.869999999999997,34.43333333333333,0.2123710179741014,0.31799999999999784,192.76666666666668,9,1,0
2025-04-15 10:00:00,Hive_08,34.66,22.97,55.97,60.45,46.151,197.2,82,Healthy,11.689999999999998,-4.480000000000004,34.44375,0.2172518574493969,0.30100000000000193,191.83333333333334,10,1,0
2025-04-15 11:00:00,Hive_08,34.49,26.16,53.81,55.68,46.177,200.5,74,Healthy,8.330000000000002,-1.8699999999999974,34.44416666666667,0.2173339779487098,0.3149999999999977,191.45000000000002,11,1,0
2025-04-15 12:00:00,Hive_08,34.25,23.73,55.65,52.61,46.171,202.0,86,Healthy,10.52,3.039999999999999,34.43541666666666,0.220867443359645,0.2629999999999981,193.9,12,1,0
2025-04-15 13:00:00,Hive_08,34.9,30.36,55.04,52.41,46.197,201.4,103,Healthy,4.539999999999999,2.6300000000000026,34.44208333333333,0.2325656366755722,0.2750000000000057,199.5666666666667,13,1,0
2025-04-15 14:00:00,Hive_08,33.9,27.89,57.5,47.21,46.217,208.2,99,Healthy,6.009999999999998,10.29,34.42333333333334,0.25715274883204314,0.2809999999999988,202.35,14,1,0
2025-04-15 15:00:00,Hive_08,34.43,25.25,56.11,49.79,46.213,182.0,66,Healthy,9.18,6.32,34.41583333333333,0.2540783286733437,0.25099999999999767,198.54999999999998,15,1,0
2025-04-15 16:00:00,Hive_08,34.33,28.65,55.95,50.52,46.209,174.4,54,Healthy,5.68,5.43,34.4175,0.2533471582802664,0.2540000000000049,194.75,16,1,0
2025-04-15 17:00:00,Hive_08,34.44,25.57,55.65,55.39,46.187,176.8,82,Healthy,8.869999999999997,0.259999999999998,34.413333333333334,0.2520639440381107,0.23199999999999932,190.79999999999998,17,1,0
2025-04-15 18:00:00,Hive_08,34.3,25.85,54.64,59.04,46.197,219.7,54,Healthy,8.449999999999996,-4.399999999999999,34.42,0.24657656011874138,0.21100000000000563,193.75,18,1,0
2025-04-15 19:00:00,Hive_08,34.74,22.86,55.45,60.78,46.208,188.9,38,Healthy,11.880000000000003,-5.329999999999998,34.4325,0.2550916288913233,0.23700000000000188,191.66666666666666,19,1,0
2025-04-15 20:00:00,Hive_08,34.53,18.38,51.39,64.92,46.213,182.4,34,Healthy,16.150000000000002,-13.530000000000001,34.434583333333336,0.2556998778572765,0.2259999999999991,187.36666666666667,20,1,0
2025-04-15 21:00:00,Hive_08,34.66,18.89,55.89,68.03,46.219,223.0,1,Healthy,15.769999999999996,-12.14,34.45333333333333,0.2550134977956437,0.21999999999999886,194.20000000000002,21,1,0
2025-04-15 22:00:00,Hive_08,34.25,18.21,54.47,72.05,46.207,211.8,0,Healthy,16.04,-17.58,34.42375,0.23399763098018736,0.15500000000000114,200.4333333333333,22,1,0
2025-04-15 23:00:00,Hive_08,34.75,16.43,55.04,73.73,46.222,191.1,2,Healthy,18.32,-18.690000000000005,34.43416666666666,0.24293346139768546,0.13400000000000034,202.8166666666667,23,1,0
2025-04-16 00:00:00,Hive_08,34.21,13.27,54.19,75.07,46.217,218.8,2,Healthy,20.94,-20.879999999999995,34.42875,0.2465468030353459,0.12199999999999989,202.66666666666666,0,2,0
2025-04-16 01:00:00,Hive_08,34.35,11.1,54.57,78.51,46.205,187.8,2,Healthy,23.25,-23.940000000000005,34.41375,0.2395432701222474,0.12599999999999767,202.48333333333332,1,2,0
2025-04-16 02:00:00,Hive_08,34.5,12.28,54.93,79.7,46.211,207.8,2,Healthy,22.22,-24.770000000000003,34.427083333333336,0.23482609970240115,0.13700000000000045,206.7166666666667,2,2,0
2025-04-16 03:00:00,Hive_08,34.05,9.91,55.95,79.23,46.237,190.8,1,Healthy,24.139999999999997,-23.28,34.40333333333333,0.2431436624296403,0.15400000000000347,201.35000000000002,3,2,0
2025-04-16 04:00:00,Hive_08,34.71,9.9,56.73,79.94,46.276,181.6,2,Healthy,24.810000000000002,-23.21,34.419583333333335,0.2502603716595575,0.1840000000000046,196.3166666666667,4,2,0
2025-04-16 05:00:00,Hive_08,34.45,16.56,54.45,72.62,46.303,164.1,3,Healthy,17.890000000000004,-18.17,34.43208333333333,0.2436137207292102,0.23499999999999943,191.8166666666667,5,2,0
2025-04-16 06:00:00,Hive_08,34.48,15.83,55.74,74.33,46.267,194.2,58,Healthy,18.65,-18.589999999999996,34.4425,0.2399139338433032,0.16200000000000614,187.71666666666667,6,2,0
2025-04-16 07:00:00,Hive_08,34.52,18.36,53.77,65.61,46.259,177.2,66,Healthy,16.160000000000004,-11.839999999999996,34.45916666666667,0.23023459995076806,0.14699999999999847,185.95000000000002,7,2,0
2025-04-16 08:00:00,Hive_08,34.06,21.67,56.15,69.24,46.286,191.3,60,Healthy,12.39,-13.089999999999996,34.43916666666667,0.24338047984793088,0.13100000000000023,183.20000000000002,8,2,0
2025-04-16 09:00:00,Hive_08,34.56,20.44,57.04,60.06,46.318,175.8,70,Healthy,14.120000000000001,-3.020000000000003,34.43833333333333,0.24291108888118673,0.16899999999999693,180.70000000000002,9,2,0
2025-04-16 10:00:00,Hive_08,34.48,25.95,52.44,56.04,46.351,171.3,68,Healthy,8.529999999999998,-3.6000000000000014,34.43083333333333,0.23850834761922177,0.19999999999999574,178.98333333333335,10,2,0
2025-04-16 11:00:00,Hive_08,34.41,27.23,54.93,58.23,46.379,204.3,84,Healthy,7.179999999999996,-3.299999999999997,34.4275,0.23820433318438855,0.20199999999999818,185.6833333333333,11,2,0
2025-04-16 12:00:00,Hive_08,34.57,26.2,54.86,48.88,46.38,185.0,80,Healthy,8.370000000000001,5.979999999999997,34.44083333333334,0.23678859892255147,0.20900000000000318,184.15,12,2,0
2025-04-16 13:00:00,Hive_08,34.4,28.65,54.35,52.27,46.373,214.1,88,Healthy,5.75,2.0799999999999983,34.42,0.21568898704019887,0.17599999999999483,190.29999999999998,13,2,0
2025-04-16 14:00:00,Hive_08,34.41,28.55,53.25,50.72,46.363,216.9,77,Healthy,5.859999999999996,2.530000000000001,34.44125,0.18519818996202964,0.1460000000000008,194.5666666666667,14,2,0
2025-04-16 15:00:00,Hive_08,34.14,27.11,53.85,48.24,46.407,209.9,73,Healthy,7.030000000000001,5.609999999999999,34.42916666666667,0.19515694167528655,0.1939999999999955,200.25,15,2,0
2025-04-16 16:00:00,Hive_08,34.91,28.55,58.32,51.71,46.437,201.4,76,Healthy,6.359999999999996,6.609999999999999,34.45333333333333,0.2170286830705984,0.22799999999999443,205.26666666666668,16,2,0
2025-04-16 17:00:00,Hive_08,34.3,25.68,53.57,50.72,46.434,226.9,71,Healthy,8.619999999999997,2.8500000000000014,34.4475,0.21927251260156608,0.2469999999999999,209.03333333333333,17,2,0
2025-04-16 18:00:00,Hive_08,33.93,24.66,56.09,59.12,46.463,166.4,57,Healthy,9.27,-3.029999999999994,34.43208333333333,0.24193026603379286,0.26599999999999824,205.9333333333333,18,2,0
2025-04-16 19:00:00,Hive_08,34.9,19.93,53.49,57.18,46.458,214.8,36,Healthy,14.969999999999999,-3.6899999999999977,34.43875,0.25274686597634327,0.25,206.04999999999998,19,2,0
2025-04-16 20:00:00,Hive_08,32.42,19.73,67.32,64.6,46.405,317.4,14,At Risk,12.690000000000001,2.719999999999999,34.350833333333334,0.4823305439459248,0.19200000000000017,222.79999999999998,20,2,1
2025-04-16 21:00:00,Hive_08,31.54,18.4,67.45,72.68,46.348,354.1,0,At Risk,13.14,-5.230000000000004,34.22083333333333,0.7445565745822081,0.12899999999999778,246.83333333333334,21,2,1
2025-04-16 22:00:00,Hive_08,28.99,14.36,67.19,72.71,46.266,311.8,0,At Risk,14.629999999999999,-5.519999999999996,34.001666666666665,1.3014763077790108,0.0589999999999975,265.23333333333335,22,2,1
2025-04-16 23:00:00,Hive_08,30.97,14.61,70.91,74.55,46.247,337.3,0,At Risk,16.36,-3.6400000000000006,33.844166666666666,1.4294113007341833,0.02499999999999858,283.6333333333333,23,2,1
2025-04-17 00:00:00,Hive_08,32.19,13.53,65.2,76.29,46.181,297.1,0,At Risk,18.659999999999997,-11.090000000000003,33.76,1.4659378953568911,-0.036000000000001364,305.4166666666667,0,3,1
2025-04-17 01:00:00,Hive_08,33.34,11.76,68.42,78.98,46.103,343.9,0,At Risk,21.580000000000005,-10.560000000000002,33.71791666666667,1.4627579049199169,-0.10199999999999676,326.93333333333334,1,3,1
2025-04-17 02:00:00,Hive_08,33.23,12.82,66.93,79.34,46.105,324.6,0,At Risk,20.409999999999997,-12.409999999999997,33.665,1.4561921755639997,-0.10600000000000165,328.1333333333334,2,3,1
2025-04-17 03:00:00,Hive_08,30.94,12.95,64.31,76.28,46.031,371.8,0,At Risk,17.990000000000002,-11.969999999999999,33.53541666666667,1.555436410637258,-0.20600000000000307,331.0833333333333,3,3,1
2025-04-17 04:00:00,Hive_08,32.61,12.76,72.66,79.05,46.001,324.5,0,At Risk,19.85,-6.390000000000001,33.447916666666664,1.5455236320099812,-0.2750000000000057,333.2,4,3,1
2025-04-17 05:00:00,Hive_08,35.01,13.83,68.09,75.76,45.976,301.1,0,At Risk,21.18,-7.670000000000002,33.471250000000005,1.5654095519119806,-0.3269999999999982,327.1666666666667,5,3,1
2025-04-17 06:00:00,Hive_08,32.8,17.88,65.96,70.78,45.964,345.1,16,At Risk,14.919999999999998,-4.820000000000007,33.40125,1.5558733392618935,-0.3030000000000044,335.1666666666667,6,3,1
2025-04-17 07:00:00,Hive_08,32.66,18.57,67.2,69.88,45.894,306.9,11,At Risk,14.089999999999996,-2.6799999999999926,33.32375,1.5440033016972574,-0.365000000000002,329.0,7,3,1
2025-04-17 08:00:00,Hive_08,31.27,21.06,63.59,65.33,45.905,331.3,35,At Risk,10.21,-1.7399999999999949,33.207499999999996,1.59049144715654,-0.3810000000000002,330.1166666666667,8,3,1
2025-04-17 09:00:00,Hive_08,31.97,21.86,74.54,60.4,45.832,306.7,30,At Risk,10.11,14.140000000000008,33.099583333333335,1.5825803892395567,-0.4859999999999971,319.26666666666665,9,3,1
2025-04-17 10:00:00,Hive_08,32.91,24.5,65.55,55.39,45.827,331.9,32,At Risk,8.409999999999997,10.159999999999997,33.034166666666664,1.5552517387916063,-0.5240000000000009,320.5,10,3,1
2025-04-17 11:00:00,Hive_08,31.25,25.66,71.39,52.86,45.764,306.1,24,At Risk,5.59,18.53,32.902499999999996,1.5674245006433951,-0.6149999999999949,321.3333333333333,11,3,1
2025-04-17 12:00:00,Hive_08,31.24,25.56,65.87,52.32,45.732,328.2,38,At Risk,5.68,13.550000000000004,32.763749999999995,1.5607713045853895,-0.6480000000000032,318.51666666666665,12,3,1
2025-04-17 13:00:00,Hive_08,31.73,27.73,66.5,50.63,45.655,348.6,44,At Risk,4.0,15.869999999999997,32.652499999999996,1.5339980443272323,-0.7179999999999964,325.46666666666664,13,3,1
2025-04-17 14:00:00,Hive_08,30.91,28.92,70.86,49.0,45.63,350.2,29,At Risk,1.9899999999999984,21.86,32.50666666666667,1.525999791061125,-0.732999999999997,328.6166666666666,14,3,1
2025-04-17 15:00:00,Hive_08,32.94,28.25,64.3,48.39,45.571,325.1,31,At Risk,4.689999999999998,15.909999999999997,32.45666666666667,1.489375902755881,-0.8359999999999985,331.68333333333334,15,3,1
2025-04-17 16:00:00,Hive_08,32.19,26.33,64.99,51.17,45.552,321.0,25,At Risk,5.859999999999999,13.819999999999993,32.34333333333333,1.3950772665733902,-0.884999999999998,329.8666666666667,16,3,1
2025-04-17 17:00:00,Hive_08,31.6,24.15,67.32,56.24,45.541,381.8,36,At Risk,7.450000000000003,11.079999999999991,32.23083333333333,1.3381327570021004,-0.8930000000000007,342.48333333333335,17,3,1
2025-04-17 18:00:00,Hive_08,31.89,22.83,72.81,59.95,45.481,332.5,7,At Risk,9.060000000000002,12.86,32.145833333333336,1.2894114487073876,-0.9819999999999993,343.20000000000005,18,3,1
2025-04-17 19:00:00,Hive_08,32.24,20.75,64.36,61.16,45.453,343.8,9,At Risk,11.490000000000002,3.200000000000003,32.035,1.1490638912117357,-1.0049999999999955,342.40000000000003,19,3,1
2025-04-17 20:00:00,Hive_08,32.46,20.2,69.01,67.48,45.464,309.5,22,At Risk,12.260000000000002,1.5300000000000011,32.03666666666667,1.1496754425437228,-0.9410000000000025,335.61666666666673,20,3,1
2025-04-17 21:00:00,Hive_08,31.27,17.03,67.17,71.41,45.398,332.5,0,At Risk,14.239999999999998,-4.239999999999995,32.025416666666665,1.156050168787376,-0.9499999999999957,336.84999999999997,21,3,1
2025-04-17 22:00:00,Hive_08,30.64,16.57,65.34,70.86,45.364,324.3,0,At Risk,14.07,-5.519999999999996,32.094166666666666,1.007160954567592,-0.902000000000001,337.40000000000003,22,3,1
2025-04-17 23:00:00,Hive_08,32.58,15.9,68.42,75.78,45.348,330.4,0,At Risk,16.68,-7.359999999999999,32.16125,0.9823410923599017,-0.8990000000000009,328.8333333333333,23,3,1
2025-04-18 00:00:00,Hive_08,30.72,13.27,61.88,79.51,45.292,338.8,0,At Risk,17.45,-17.630000000000003,32.1,1.0253567777797328,-0.8889999999999958,329.8833333333334,0,4,1
2025-04-18 01:00:00,Hive_08,33.05,12.0,66.62,79.54,45.251,332.0,0,At Risk,21.049999999999997,-12.920000000000002,32.087916666666665,1.0117268026439297,-0.8520000000000039,327.9166666666667,1,4,1
2025-04-18 02:00:00,Hive_08,31.92,10.17,72.91,79.7,45.21,335.0,0,At Risk,21.75,-6.790000000000006,32.03333333333333,0.9823426598946884,-0.894999999999996,332.1666666666667,2,4,1
2025-04-18 03:00:00,Hive_08,33.65,13.65,73.29,77.81,45.161,316.5,0,At Risk,20.0,-4.519999999999996,32.14625,1.006655299148651,-0.8699999999999974,329.5,3,4,1
2025-04-18 04:00:00,Hive_08,32.1,15.51,72.28,79.58,45.071,321.6,0,At Risk,16.590000000000003,-7.299999999999997,32.125,1.0018114028879042,-0.9299999999999997,329.05,4,4,1
2025-04-18 05:00:00,Hive_08,32.03,14.72,63.83,76.76,45.049,296.0,0,At Risk,17.310000000000002,-12.930000000000007,32.00083333333333,0.7912341305043996,-0.9269999999999996,323.31666666666666,5,4,1
2025-04-18 06:00:00,Hive_08,32.23,16.74,73.5,70.13,44.956,284.1,13,At Risk,15.489999999999998,3.3700000000000045,31.97708333333333,0.7745825196257868,-1.0079999999999956,314.2,6,4,1
2025-04-18 07:00:00,Hive_08,30.02,16.76,67.97,66.54,44.885,353.9,21,At Risk,13.259999999999998,1.4299999999999926,31.867083333333337,0.8565069565779008,-1.0090000000000003,317.84999999999997,7,4,1
2025-04-18 08:00:00,Hive_08,31.87,19.59,70.43,65.71,44.822,320.6,18,At Risk,12.280000000000001,4.720000000000013,31.892083333333336,0.8470253790491157,-1.0829999999999984,315.45,8,4,1
2025-04-18 09:00:00,Hive_08,32.43,24.32,62.25,59.75,44.773,332.5,31,At Risk,8.11,2.5,31.91125,0.8540405880791816,-1.0589999999999975,318.1166666666666,9,4,1
2025-04-18 10:00:00,Hive_08,32.98,28.52,69.57,56.24,44.743,350.1,32,At Risk,4.459999999999997,13.329999999999991,31.91416666666667,0.8577113970208093,-1.083999999999996,322.8666666666667,10,4,1
2025-04-18 11:00:00,Hive_08,32.18,26.97,67.16,58.32,44.661,364.9,30,At Risk,5.210000000000001,8.839999999999996,31.952916666666667,0.8473461341235803,-1.1030000000000015,334.34999999999997,11,4,1
2025-04-18 12:00:00,Hive_08,31.84,26.25,65.14,53.36,44.595,346.8,33,At Risk,5.59,11.780000000000001,31.97791666666667,0.8341461615569943,-1.1370000000000005,344.8,12,4,1
2025-04-18 13:00:00,Hive_08,30.69,27.82,66.51,49.36,44.543,293.1,32,At Risk,2.870000000000001,17.150000000000006,31.934583333333336,0.873662849938121,-1.1120000000000019,334.6666666666667,13,4,1
2025-04-18 14:00:00,Hive_08,31.62,28.13,64.26,52.39,44.499,315.8,35,At Risk,3.490000000000002,11.870000000000005,31.964166666666667,0.8491372433068167,-1.1310000000000002,333.86666666666673,14,4,1
2025-04-18 15:00:00,Hive_08,36.43,27.22,68.43,45.09,44.447,291.5,23,At Risk,9.21,23.340000000000003,32.10958333333333,1.234780315495813,-1.1239999999999952,327.03333333333336,15,4,1
2025-04-18 16:00:00,Hive_08,32.84,26.79,68.71,52.68,44.432,267.4,26,At Risk,6.050000000000004,16.029999999999994,32.13666666666667,1.2437169630015035,-1.1199999999999974,313.25,16,4,1
2025-04-18 17:00:00,Hive_08,32.99,24.86,63.27,51.87,44.364,294.7,24,At Risk,8.130000000000003,11.400000000000006,32.194583333333334,1.2499877535630863,-1.1769999999999996,301.55,17,4,1
2025-04-18 18:00:00,Hive_08,34.03,25.4,73.75,56.82,44.307,343.5,25,At Risk,8.630000000000003,16.93,32.283750000000005,1.3025387000842326,-1.1739999999999995,301.0,18,4,1
2025-04-18 19:00:00,Hive_08,31.37,22.89,62.94,61.99,44.298,389.6,17,At Risk,8.48,0.9499999999999957,32.2475,1.3158473877413799,-1.1550000000000011,317.0833333333333,19,4,1
2025-04-18 20:00:00,Hive_08,31.1,19.63,69.75,67.53,44.246,341.5,10,At Risk,11.470000000000002,2.219999999999999,32.19083333333334,1.3354364753554786,-1.2179999999999964,321.3666666666666,20,4,1
2025-04-18 21:00:00,Hive_08,31.06,16.48,67.99,67.24,44.243,298.8,0,At Risk,14.579999999999998,0.75,32.18208333333333,1.3424020623871102,-1.1550000000000011,322.5833333333333,21,4,1
2025-04-18 22:00:00,Hive_08,32.23,16.2,67.86,72.24,44.117,333.2,0,At Risk,16.029999999999998,-4.3799999999999955,32.248333333333335,1.3016032477266182,-1.2469999999999999,333.55,22,4,1
2025-04-18 23:00:00,Hive_08,33.22,13.77,67.85,75.81,44.047,339.9,0,At Risk,19.45,-7.960000000000008,32.275,1.3151789430239686,-1.301000000000002,341.0833333333333,23,4,1
2025-04-19 00:00:00,Hive_08,33.92,12.64,68.73,78.21,44.026,322.0,0,At Risk,21.28,-9.47999999999999,32.40833333333333,1.3128848642079836,-1.2659999999999982,337.5,0,5,1
2025-04-19 01:00:00,Hive_08,33.57,9.1,63.98,79.76,43.972,354.6,0,At Risk,24.47,-15.780000000000008,32.43,1.3281369756492396,-1.2789999999999964,331.6666666666667,1,5,1
2025-04-19 02:00:00,Hive_08,29.76,13.64,69.51,82.56,43.967,305.0,0,At Risk,16.12,-13.049999999999997,32.34,1.4332268244888946,-1.243000000000002,325.5833333333333,2,5,1
2025-04-19 03:00:00,Hive_08,32.87,13.5,65.21,79.8,43.873,347.2,0,At Risk,19.369999999999997,-14.590000000000003,32.3075,1.410899343157219,-1.2880000000000038,333.65,3,5,1
2025-04-19 04:00:00,Hive_08,33.41,14.41,67.05,75.83,43.841,345.6,0,At Risk,18.999999999999996,-8.780000000000001,32.36208333333334,1.4277619432757016,-1.2299999999999969,335.7166666666667,4,5,1
2025-04-19 05:00:00,Hive_08,34.47,15.22,73.44,73.91,43.773,340.8,0,At Risk,19.25,-0.46999999999999886,32.46375,1.4886609463014855,-1.2759999999999962,335.8666666666667,5,5,1
2025-04-19 06:00:00,Hive_08,32.14,16.49,68.3,69.4,43.74,322.3,8,At Risk,15.650000000000002,-1.1000000000000085,32.46,1.4893885526850679,-1.216000000000001,335.9166666666667,6,5,1
2025-04-19 07:00:00,Hive_08,34.08,16.28,65.17,70.73,43.685,357.5,21,At Risk,17.799999999999997,-5.560000000000002,32.62916666666666,1.4295694598652737,-1.1999999999999957,336.40000000000003,7,5,1
2025-04-19 08:00:00,Hive_08,30.48,21.01,73.59,64.93,43.54,40.0,3,Critical,9.469999999999999,8.659999999999997,32.57125,1.4886010722062797,-1.2820000000000036,292.23333333333335,8,5,2
2025-04-19 09:00:00,Hive_08,25.75,21.69,76.53,59.23,43.323,406.7,4,Critical,4.059999999999999,17.300000000000004,32.29291666666666,2.0389329672471503,-1.4500000000000028,302.15000000000003,9,5,2
2025-04-19 10:00:00,Hive_08,25.37,24.33,74.01,56.63,43.158,40.0,5,Critical,1.0400000000000027,17.380000000000003,31.97583333333333,2.4729702553928257,-1.5850000000000009,251.2166666666667,10,5,2
2025-04-19 11:00:00,Hive_08,28.54,25.58,75.6,55.23,42.971,341.6,2,Critical,2.960000000000001,20.369999999999997,31.824166666666667,2.5696352586152194,-1.6900000000000048,251.35,11,5,2
2025-04-19 12:00:00,Hive_08,29.41,23.4,73.24,52.49,42.832,40.0,0,Critical,6.010000000000002,20.749999999999993,31.722916666666666,2.6164321527883305,-1.7629999999999981,204.29999999999998,12,5,2
2025-04-19 13:00:00,Hive_08,29.24,26.26,75.42,50.97,42.677,420.2,1,Critical,2.979999999999997,24.450000000000003,31.662500000000005,2.6577356331380697,-1.8659999999999997,214.75,13,5,2
2025-04-19 14:00:00,Hive_08,29.28,26.69,79.37,52.81,42.391,415.7,4,Critical,2.59,26.560000000000002,31.565,2.701917193723516,-2.108000000000004,277.3666666666667,14,5,2
2025-04-19 15:00:00,Hive_08,31.56,28.38,76.5,48.66,42.233,393.6,6,Critical,3.1799999999999997,27.840000000000003,31.36208333333333,2.4956640297273514,-2.2140000000000057,275.18333333333334,15,5,2
2025-04-19 16:00:00,Hive_08,26.28,24.59,84.8,51.85,42.015,396.0,2,Critical,1.6900000000000013,32.949999999999996,31.08875,2.6792443978625426,-2.4170000000000016,334.51666666666665,16,5,2
2025-04-19 17:00:00,Hive_08,30.55,24.01,78.45,55.49,41.801,40.0,0,Critical,6.539999999999999,22.96,30.98708333333333,2.6500984053371597,-2.5629999999999953,284.25,17,5,2
2025-04-19 18:00:00,Hive_08,23.0,21.11,80.25,57.56,41.601,456.1,2,Critical,1.8900000000000006,22.689999999999998,30.5275,3.0288069828118647,-2.706000000000003,353.59999999999997,18,5,2
2025-04-19 19:00:00,Hive_08,23.48,24.93,77.85,61.25,41.304,40.0,2,Critical,-1.4499999999999993,16.599999999999994,30.19875,3.345068157491009,-2.9939999999999998,290.23333333333335,19,5,2
2025-04-19 20:00:00,Hive_08,28.96,18.24,73.33,66.74,41.109,40.0,0,Critical,10.720000000000002,6.590000000000003,30.109583333333333,3.3485200873463086,-3.1370000000000005,227.61666666666667,20,5,2
2025-04-19 21:00:00,Hive_08,26.59,16.28,81.79,67.12,40.911,401.6,2,Critical,10.309999999999999,14.670000000000002,29.923333333333332,3.4169725561196342,-3.3320000000000007,228.95000000000002,21,5,2
2025-04-19 22:00:00,Hive_08,30.0,17.12,78.86,73.21,40.631,453.9,2,Critical,12.879999999999999,5.650000000000006,29.830416666666665,3.381658300644554,-3.485999999999997,238.60000000000002,22,5,2
2025-04-19 23:00:00,Hive_08,26.81,13.94,82.27,76.22,40.354,433.1,0,Critical,12.87,6.049999999999997,29.563333333333333,3.3553379492418527,-3.692999999999998,304.1166666666667,23,5,2
2025-04-20 00:00:00,Hive_08,28.08,14.89,77.68,79.2,40.134,40.0,6,Critical,13.189999999999998,-1.519999999999996,29.319999999999997,3.235263580418434,-3.892000000000003,234.76666666666665,0,6,2
2025-04-20 01:00:00,Hive_08,20.94,12.6,71.9,85.85,39.945,40.0,2,Critical,8.340000000000002,-13.949999999999989,28.79375,3.527868937351507,-4.027000000000001,234.76666666666665,1,6,2
2025-04-20 02:00:00,Hive_08,29.44,10.85,82.87,78.65,39.806,397.1,0,Critical,18.590000000000003,4.219999999999999,28.780416666666664,3.5246615368393286,-4.161000000000001,294.28333333333336,2,6,2
2025-04-20 03:00:00,Hive_08,30.73,13.59,82.1,77.61,39.615,356.8,7,Critical,17.14,4.489999999999995,28.691249999999997,3.4428240588213628,-4.257999999999996,286.81666666666666,3,6,2
2025-04-20 04:00:00,Hive_08,25.09,15.06,79.66,79.28,39.376,395.1,6,Critical,10.03,0.37999999999999545,28.344583333333333,3.365024683889786,-4.465000000000003,277.01666666666665,4,6,2
2025-04-20 05:00:00,Hive_08,23.94,11.32,86.16,74.69,39.24,419.8,4,Critical,12.620000000000001,11.469999999999999,27.905833333333334,3.2147593278861426,-4.533000000000001,274.8,5,6,2
2025-04-20 06:00:00,Hive_08,25.78,14.95,77.35,72.75,38.978,394.0,0,Critical,10.830000000000002,4.599999999999994,27.640833333333333,3.111012580392654,-4.7620000000000005,333.8,6,6,2
2025-04-20 07:00:00,Hive_08,27.12,16.22,73.64,70.08,38.801,40.0,2,Critical,10.900000000000002,3.5600000000000023,27.350833333333338,2.792794948288793,-4.884,333.8,7,6,2
2025-04-20 08:00:00,Hive_08,24.03,20.72,78.59,66.29,38.54,444.3,0,Critical,3.3100000000000023,12.299999999999997,27.082083333333333,2.7889221529761765,-5.0,341.6666666666667,8,6,2
2025-04-20 09:00:00,Hive_08,26.63,22.08,81.28,64.3,38.303,40.0,4,Critical,4.550000000000001,16.980000000000004,27.118750000000002,2.7764041688296413,-5.020000000000003,288.8666666666667,9,6,2
2025-04-20 10:00:00,Hive_08,28.44,24.64,73.32,58.7,38.144,474.0,0,Critical,3.8000000000000007,14.61999999999999,27.24666666666667,2.7630208211249503,-5.014000000000003,302.01666666666665,10,6,2
2025-04-20 11:00:00,Hive_08,27.09,24.58,75.36,52.2,37.9,40.0,4,Critical,2.5100000000000016,23.159999999999997,27.18625,2.7493300567353742,-5.070999999999998,238.71666666666667,11,6,2
2025-04-20 12:00:00,Hive_08,25.29,23.47,80.95,52.32,37.683,474.3,1,Critical,1.8200000000000003,28.630000000000003,27.014583333333334,2.7330202741362024,-5.149000000000001,252.1,12,6,2
2025-04-20 13:00:00,Hive_08,24.66,24.81,71.36,49.79,37.451,439.6,0,Critical,-0.14999999999999858,21.57,26.82375,2.7307728042981836,-5.225999999999999,318.7,13,6,2
2025-04-20 14:00:00,Hive_08,26.45,27.2,75.5,46.86,37.232,455.5,3,Critical,-0.75,28.64,26.705833333333334,2.680741164007576,-5.158999999999999,320.56666666666666,14,6,2
2025-04-20 15:00:00,Hive_08,30.67,25.74,75.88,49.85,36.974,40.0,4,Critical,4.930000000000003,26.029999999999994,26.668750000000003,2.616047986030891,-5.259,320.56666666666666,15,6,2
2025-04-20 16:00:00,Hive_08,25.06,27.99,85.71,52.27,36.745,521.0,3,Critical,-2.9299999999999997,33.43999999999999,26.617916666666662,2.635709588750393,-5.270000000000003,328.40000000000003,16,6,2
2025-04-20 17:00:00,Hive_08,25.28,26.73,81.08,52.62,36.497,402.5,2,Critical,-1.4499999999999993,28.46,26.398333333333337,2.5104281059933116,-5.304000000000002,388.81666666666666,17,6,2
2025-04-20 18:00:00,Hive_08,29.26,22.58,84.95,56.56,36.286,410.0,3,Critical,6.680000000000003,28.39,26.659166666666668,2.4668179056649144,-5.314999999999998,378.1000000000001,18,6,2
2025-04-20 19:00:00,Hive_08,26.65,24.96,85.51,62.51,36.098,420.7,3,Critical,1.6899999999999977,23.000000000000007,26.79125,2.3722458859648534,-5.206000000000003,374.95,19,6,2
2025-04-20 20:00:00,Hive_08,27.94,21.42,72.32,64.87,35.901,359.5,4,Critical,6.52,7.449999999999989,26.748749999999998,2.3406285155541005,-5.207999999999998,358.95,20,6,2
2025-04-20 21:00:00,Hive_08,28.74,19.04,75.8,65.6,35.711,451.6,0,Critical,9.7,10.200000000000003,26.838333333333335,2.3751771863727527,-5.200000000000003,427.55,21,6,2
2025-04-20 22:00:00,Hive_08,32.19,14.77,75.0,74.35,35.548,422.4,0,Critical,17.419999999999998,0.6500000000000057,26.929583333333337,2.538384421440816,-5.082999999999998,411.1166666666666,22,6,2
2025-04-20 23:00:00,Hive_08,24.84,13.91,75.25,76.08,35.299,418.8,0,Critical,10.93,-0.8299999999999983,26.8475,2.5740211309559244,-5.055,413.8333333333333,23,6,2
2025-04-21 00:00:00,Hive_08,26.0,14.27,78.18,80.44,35.115,378.1,3,Critical,11.73,-2.259999999999991,26.760833333333338,2.5657220640871907,-5.018999999999998,408.51666666666665,0,0,2
2025-04-21 01:00:00,Hive_08,25.3,9.86,77.47,79.34,34.943,471.6,4,Critical,15.440000000000001,-1.8700000000000045,26.9425,2.2733546367310935,-5.0020000000000024,417.0,1,0,2
2025-04-21 02:00:00,Hive_08,27.61,10.55,70.93,79.57,34.813,491.5,5,Critical,17.06,-8.639999999999986,26.866250000000004,2.2159085142390658,-4.992999999999995,439.0,2,0,2
2025-04-21 03:00:00,Hive_08,25.26,10.03,79.29,77.86,34.65,463.8,4,Critical,15.230000000000002,1.4300000000000068,26.638333333333335,2.0782573524920562,-4.965000000000003,441.03333333333336,3,0,2
2025-04-21 04:00:00,Hive_08,25.94,18.1,84.08,75.84,34.46,421.5,2,Critical,7.84,8.239999999999995,26.67375,2.0578667986214403,-4.915999999999997,440.8833333333334,4,0,2
2025-04-21 05:00:00,Hive_08,25.19,15.61,76.74,77.87,34.29,425.6,1,Critical,9.580000000000002,-1.1300000000000097,26.72583333333333,2.0006931769775935,-4.950000000000003,442.01666666666665,5,0,2
2025-04-21 06:00:00,Hive_08,25.58,17.09,73.57,71.78,34.071,40.0,1,Critical,8.489999999999998,1.789999999999992,26.7175,2.005215482294529,-4.907000000000004,385.6666666666667,6,0,2
2025-04-21 07:00:00,Hive_08,24.56,17.77,78.02,67.42,33.884,40.0,4,Critical,6.789999999999999,10.599999999999994,26.610833333333332,2.0504525834801277,-4.917000000000002,313.73333333333335,7,0,2
2025-04-21 08:00:00,Hive_08,28.94,21.78,82.45,67.07,33.639,40.0,0,Critical,7.16,15.38000000000001,26.815416666666668,2.0265626910062826,-4.900999999999996,238.48333333333335,8,0,2
2025-04-21 09:00:00,Hive_08,26.65,25.71,73.43,61.58,33.435,479.9,1,Critical,0.9399999999999977,11.850000000000009,26.81625,2.0264872423672387,-4.867999999999995,241.16666666666666,9,0,2
2025-04-21 10:00:00,Hive_08,32.15,22.37,70.03,59.54,33.464,336.1,30,At Risk,9.779999999999998,10.490000000000002,26.97083333333333,2.2812256748750404,-4.68,226.93333333333337,10,0,1
2025-04-21 11:00:00,Hive_08,33.31,23.57,74.8,54.27,33.407,312.3,30,At Risk,9.740000000000002,20.529999999999994,27.23,2.623063260686672,-4.493000000000002,208.04999999999998,11,0,1
2025-04-21 12:00:00,Hive_08,32.75,28.37,68.88,50.02,33.352,290.8,33,At Risk,4.379999999999999,18.859999999999992,27.540833333333335,2.8179439261655856,-4.331000000000003,249.85,12,0,1
2025-04-21 13:00:00,Hive_08,33.1,25.54,71.69,49.33,33.295,315.7,42,At Risk,7.560000000000002,22.36,27.8925,2.965567985776071,-4.155999999999999,295.8,13,0,1
2025-04-21 14:00:00,Hive_08,32.84,27.12,69.37,47.73,33.261,332.5,35,At Risk,5.720000000000002,21.640000000000008,28.15875,3.1135835812437116,-3.9709999999999965,344.55,14,0,1
2025-04-21 15:00:00,Hive_08,31.39,28.03,69.58,51.43,33.211,318.2,29,At Risk,3.3599999999999994,18.15,28.18875,3.1421694423354927,-3.762999999999998,317.6,15,0,1
2025-04-21 16:00:00,Hive_08,31.24,26.78,68.19,49.12,33.201,314.5,39,At Risk,4.459999999999997,19.07,28.446250000000003,3.127813255434013,-3.543999999999997,314.0,16,0,1
2025-04-21 17:00:00,Hive_08,31.0,23.96,67.65,53.63,33.176,323.9,20,At Risk,7.039999999999999,14.020000000000003,28.684583333333332,3.0938030335081304,-3.320999999999998,315.93333333333334,17,0,1
2025-04-21 18:00:00,Hive_08,30.8,25.58,70.52,57.66,33.155,290.9,19,At Risk,5.220000000000002,12.86,28.74875,3.1220969994399974,-3.1310000000000002,315.95,18,0,1
2025-04-21 19:00:00,Hive_08,30.4,24.93,70.26,57.46,33.124,345.3,11,At Risk,5.469999999999999,12.800000000000004,28.905,3.106292351648868,-2.9739999999999966,320.8833333333333,19,0,1
2025-04-21 20:00:00,Hive_08,30.57,20.21,71.07,68.49,33.053,292.8,15,At Risk,10.36,2.5799999999999983,29.014583333333334,3.1171405223748114,-2.848000000000006,314.26666666666665,20,0,1
2025-04-21 21:00:00,Hive_08,32.4,18.04,66.95,69.06,33.001,336.0,0,At Risk,14.36,-2.1099999999999994,29.167083333333334,3.1917590613635527,-2.710000000000001,317.2333333333333,21,0,1
2025-04-21 22:00:00,Hive_08,33.55,17.12,64.53,69.45,32.929,332.0,0,At Risk,16.429999999999996,-4.920000000000002,29.22375,3.259123398413477,-2.6189999999999998,320.15,22,0,1
2025-04-21 23:00:00,Hive_08,30.87,12.42,71.21,76.66,32.9,292.6,0,At Risk,18.450000000000003,-5.450000000000003,29.474999999999998,3.1366085256973895,-2.399000000000001,314.93333333333334,23,0,1
2025-04-22 00:00:00,Hive_08,33.04,15.37,65.45,78.35,32.907,371.9,0,At Risk,17.67,-12.899999999999991,29.76833333333333,3.1266716108856345,-2.2080000000000055,328.43333333333334,0,1,1
2025-04-22 01:00:00,Hive_08,32.79,12.26,66.99,80.47,32.85,369.8,0,At Risk,20.53,-13.480000000000004,30.080416666666665,3.0336998205901398,-2.0929999999999964,332.51666666666665,1,1,1
2025-04-22 02:00:00,Hive_08,29.61,11.95,71.37,81.88,32.845,355.2,0,At Risk,17.66,-10.509999999999991,30.163749999999997,2.9900440777613806,-1.9680000000000035,342.9166666666667,2,1,1
2025-04-22 03:00:00,Hive_08,31.88,12.86,67.24,79.3,32.82,324.9,0,At Risk,19.02,-12.060000000000002,30.43958333333333,2.8184261398511974,-1.8299999999999983,341.06666666666666,3,1,1
2025-04-22 04:00:00,Hive_08,30.95,16.38,68.8,80.59,32.767,326.4,0,At Risk,14.57,-11.790000000000006,30.648333333333337,2.6512469038033757,-1.6929999999999978,340.1333333333333,4,1,1
2025-04-22 05:00:00,Hive_08,33.02,12.84,65.5,76.5,32.659,368.1,0,At Risk,20.180000000000003,-11.0,30.97458333333333,2.422237519618745,-1.6310000000000002,352.71666666666664,5,1,1
2025-04-22 06:00:00,Hive_08,34.62,16.82,55.42,70.04,32.679,223.9,48,Healthy,17.799999999999997,-14.620000000000005,31.351249999999997,2.243142811751535,-1.391999999999996,328.05,6,1,0
2025-04-22 07:00:00,Hive_08,34.41,21.0,58.6,69.7,32.705,193.2,61,Healthy,13.409999999999997,-11.100000000000001,31.761666666666667,1.8048381034623961,-1.179000000000002,298.6166666666667,7,1,0
2025-04-22 08:00:00,Hive_08,34.54,20.95,53.77,64.7,32.682,201.6,71,Healthy,13.59,-10.93,31.995,1.7860790186520836,-0.9570000000000007,273.01666666666665,8,1,0
2025-04-22 09:00:00,Hive_08,34.1,22.86,53.55,59.97,32.713,190.0,73,Healthy,11.240000000000002,-6.420000000000002,32.305416666666666,1.4283038866968358,-0.7220000000000013,250.5333333333333,9,1,0
2025-04-22 10:00:00,Hive_08,34.29,23.53,53.69,56.26,32.751,210.2,97,Healthy,10.759999999999998,-2.5700000000000003,32.39458333333334,1.483896103144426,-0.713000000000001,231.16666666666666,10,1,0
2025-04-22 11:00:00,Hive_08,34.6,27.83,54.12,49.69,32.783,188.9,78,Healthy,6.770000000000003,4.43,32.44833333333334,1.5407696175912993,-0.6239999999999952,201.29999999999998,11,1,0
2025-04-22 12:00:00,Hive_08,34.77,24.78,55.38,51.4,32.769,232.3,96,Healthy,9.990000000000002,3.980000000000004,32.5325,1.6115136012321516,-0.5829999999999984,202.70000000000002,12,1,0
2025-04-22 13:00:00,Hive_08,34.01,28.89,53.63,53.08,32.796,187.8,85,Healthy,5.119999999999997,0.5500000000000043,32.57041666666667,1.6359666180463526,-0.49900000000000233,201.79999999999998,13,1,0
2025-04-22 14:00:00,Hive_08,34.39,27.88,56.37,47.45,32.82,216.7,94,Healthy,6.510000000000002,8.919999999999995,32.635,1.6771482006537861,-0.4410000000000025,204.3166666666667,14,1,0
2025-04-22 15:00:00,Hive_08,34.58,28.34,54.06,51.16,32.81,189.7,75,Healthy,6.239999999999998,2.9000000000000057,32.76791666666667,1.7004346737554705,-0.40099999999999625,204.26666666666665,15,1,0
2025-04-01 00:00:00,Hive_09,34.7,13.43,55.79,78.32,44.513,203.4,2,Healthy,21.270000000000003,-22.529999999999994,34.7,0.0,0.0,203.4,0,1,0
2025-04-01 01:00:00,Hive_09,35.05,12.27,56.12,81.59,44.533,196.7,2,Healthy,22.779999999999998,-25.470000000000006,34.875,0.24748737341528762,0.0,200.05,1,1,0
2025-04-01 02:00:00,Hive_09,34.44,11.41,57.68,78.77,44.541,224.4,1,Healthy,23.029999999999998,-21.089999999999996,34.73,0.30610455730027797,0.0,208.16666666666666,2,1,0
2025-04-01 03:00:00,Hive_09,34.73,12.48,53.38,80.93,44.527,209.3,1,Healthy,22.249999999999996,-27.550000000000004,34.73,0.24993332444207214,0.0,208.45,3,1,0
2025-04-01 04:00:00,Hive_09,34.3,14.02,54.22,80.86,44.496,212.0,4,Healthy,20.279999999999998,-26.64,34.644,0.2895341085260935,0.0,209.16,4,1,0
2025-04-01 05:00:00,Hive_09,34.9,12.47,56.18,78.09,44.494,196.3,2,Healthy,22.43,-21.910000000000004,34.68666666666667,0.279260929359383,0.0,207.01666666666665,5,1,0
2025-04-01 06:00:00,Hive_09,34.64,16.78,54.46,72.0,44.502,197.0,60,Healthy,17.86,-17.54,34.68,0.25553864678361216,0.0,205.94999999999996,6,1,0
2025-04-01 07:00:00,Hive_09,34.61,15.79,51.6,70.18,44.529,214.9,56,Healthy,18.82,-18.580000000000005,34.67125,0.23787376604289162,0.0,208.98333333333335,7,1,0
2025-04-01 08:00:00,Hive_09,35.17,20.73,55.75,65.54,44.542,216.4,86,Healthy,14.440000000000001,-9.790000000000006,34.72666666666666,0.2777588882466229,0.0,207.65,8,1,0
2025-04-01 09:00:00,Hive_09,34.63,25.18,54.07,59.92,44.598,200.7,87,Healthy,9.450000000000003,-5.850000000000001,34.717,0.2636517062759544,0.0,206.2166666666667,9,1,0
2025-04-01 10:00:00,Hive_09,33.96,23.75,56.56,58.5,44.634,191.1,66,Healthy,10.21,-1.9399999999999977,34.64818181818182,0.3386094559169359,0.0,202.73333333333335,10,1,0
2025-04-01 11:00:00,Hive_09,34.74,27.88,54.72,57.11,44.638,220.0,85,Healthy,6.860000000000003,-2.3900000000000006,34.655833333333334,0.32393765767598837,0.0,206.6833333333333,11,1,0
2025-04-01 12:00:00,Hive_09,34.6,27.16,54.84,52.0,44.649,226.9,95,Healthy,7.440000000000001,2.8400000000000034,34.651538461538465,0.31053304048163544,0.0,211.66666666666666,12,1,0
2025-04-01 13:00:00,Hive_09,34.16,28.3,56.53,52.15,44.665,190.7,87,Healthy,5.859999999999996,4.380000000000003,34.61642857142857,0.32599214579630487,0.0,207.63333333333333,13,1,0
2025-04-01 14:00:00,Hive_09,34.83,28.8,53.87,50.17,44.652,188.6,80,Healthy,6.029999999999998,3.6999999999999957,34.63066666666667,0.3189372232602406,0.0,203.0,14,1,0
2025-04-01 15:00:00,Hive_09,34.14,27.93,52.97,49.85,44.637,195.7,70,Healthy,6.210000000000001,3.1199999999999974,34.6,0.33164237767008375,0.0,202.16666666666666,15,1,0
2025-04-01 16:00:00,Hive_09,34.15,26.35,55.45,54.66,44.623,180.0,73,Healthy,7.799999999999997,0.7900000000000063,34.5735294117647,0.33915227362629025,0.0,200.31666666666663,16,1,0
2025-04-01 17:00:00,Hive_09,34.83,26.67,54.73,55.97,44.638,194.2,73,Healthy,8.159999999999997,-1.240000000000002,34.58777777777778,0.3345331348321917,0.0,196.01666666666665,17,1,0
2025-04-01 18:00:00,Hive_09,34.18,22.63,55.16,58.5,44.616,203.4,69,Healthy,11.55,-3.3400000000000034,34.566315789473684,0.33829984278112,0.0,192.1,18,1,0
2025-04-01 19:00:00,Hive_09,34.76,21.23,55.07,60.63,44.651,205.9,48,Healthy,13.529999999999998,-5.560000000000002,34.576,0.33211285336225804,0.0,194.63333333333333,19,1,0
2025-04-01 20:00:00,Hive_09,34.17,17.03,54.41,65.18,44.669,196.6,22,Healthy,17.14,-10.77000000000001,34.556666666666665,0.33560889936551536,0.0,195.96666666666667,20,1,0
2025-04-01 21:00:00,Hive_09,34.09,19.81,56.14,70.9,44.683,203.5,3,Healthy,14.280000000000005,-14.760000000000005,34.53545454545454,0.34229932978145006,0.0,197.26666666666665,21,1,0
2025-04-01 22:00:00,Hive_09,34.56,16.23,55.33,73.93,44.674,236.8,0,Healthy,18.330000000000002,-18.60000000000001,34.536521739130436,0.33446848874067814,0.0,206.73333333333335,22,1,0
2025-04-01 23:00:00,Hive_09,34.77,13.25,52.88,74.63,44.681,211.8,0,Healthy,21.520000000000003,-21.749999999999993,34.54625,0.33057015962542935,0.0,209.66666666666666,23,1,0
2025-04-02 00:00:00,Hive_09,34.32,12.87,55.06,77.65,44.682,214.5,2,Healthy,21.450000000000003,-22.590000000000003,34.53041666666666,0.3319832259600466,0.16900000000000404,211.51666666666668,0,2,0
2025-04-02 01:00:00,Hive_09,34.38,12.0,57.01,79.62,44.701,197.9,2,Healthy,22.380000000000003,-22.610000000000007,34.5025,0.3140790540197023,0.16799999999999926,210.1833333333333,1,2,0
2025-04-02 02:00:00,Hive_09,34.77,14.83,55.62,78.63,44.707,189.1,2,Healthy,19.940000000000005,-23.009999999999998,34.51625,0.3184174522745921,0.16600000000000392,208.93333333333337,2,2,0
2025-04-02 03:00:00,Hive_09,34.85,12.71,55.45,82.38,44.703,230.8,1,Healthy,22.14,-26.929999999999993,34.52125,0.322831393602994,0.17600000000000193,213.48333333333335,3,2,0
2025-04-02 04:00:00,Hive_09,34.97,14.32,51.95,74.45,44.706,184.1,3,Healthy,20.65,-22.5,34.549166666666665,0.331713819385046,0.21000000000000085,204.69999999999996,4,2,0
2025-04-02 05:00:00,Hive_09,34.58,13.23,52.83,76.66,44.737,199.8,3,Healthy,21.349999999999998,-23.83,34.535833333333336,0.32332399508403525,0.2430000000000021,202.70000000000002,5,2,0
2025-04-02 06:00:00,Hive_09,34.44,16.92,54.66,70.98,44.762,211.2,43,Healthy,17.519999999999996,-16.320000000000007,34.527499999999996,0.3230997961325091,0.259999999999998,202.14999999999998,6,2,0
2025-04-02 07:00:00,Hive_09,34.7,19.35,55.78,69.7,44.789,186.0,62,Healthy,15.350000000000001,-13.920000000000002,34.53125,0.3246176680878325,0.259999999999998,200.16666666666666,7,2,0
2025-04-02 08:00:00,Hive_09,34.83,21.51,53.67,67.23,44.841,226.5,61,Healthy,13.319999999999997,-13.560000000000002,34.51708333333334,0.30217298769538026,0.2989999999999995,206.4,8,2,0
2025-04-02 09:00:00,Hive_09,34.28,21.62,55.87,62.49,44.855,219.3,82,Healthy,12.66,-6.6200000000000045,34.502500000000005,0.30491980413958,0.2569999999999979,204.48333333333335,9,2,0
2025-04-02 10:00:00,Hive_09,34.87,20.95,54.91,59.23,44.868,202.3,78,Healthy,13.919999999999998,-4.32,34.540416666666665,0.2907782535775724,0.23400000000000176,207.51666666666668,10,2,0
2025-04-02 11:00:00,Hive_09,34.78,29.36,56.39,52.83,44.869,186.0,87,Healthy,5.420000000000002,3.5600000000000023,34.54208333333333,0.29208365637063727,0.23100000000000165,205.21666666666667,11,2,0
2025-04-02 12:00:00,Hive_09,35.04,27.97,54.12,52.62,44.867,213.2,73,Healthy,7.07,1.5,34.56041666666666,0.3091851726950916,0.21799999999999642,205.54999999999998,12,2,0
2025-04-02 13:00:00,Hive_09,34.5,26.88,54.24,50.25,44.841,221.2,102,Healthy,7.620000000000001,3.990000000000002,34.57458333333333,0.29761339332103237,0.17600000000000193,211.41666666666666,13,2,0
2025-04-02 14:00:00,Hive_09,34.46,25.5,55.84,51.35,44.856,178.1,92,Healthy,8.96,4.490000000000002,34.55916666666666,0.2933600942997138,0.20400000000000063,203.35,14,2,0
2025-04-02 15:00:00,Hive_09,34.56,26.9,52.66,45.32,44.889,195.6,79,Healthy,7.660000000000004,7.339999999999996,34.57666666666667,0.2794663651951054,0.25200000000000244,199.4,15,2,0
2025-04-02 16:00:00,Hive_09,34.32,27.71,56.69,52.22,44.897,183.1,73,Healthy,6.609999999999999,4.469999999999999,34.58375,0.27018210445034935,0.2740000000000009,196.19999999999996,16,2,0
2025-04-02 17:00:00,Hive_09,34.54,25.54,55.08,54.35,44.936,188.0,39,Healthy,9.0,0.7299999999999969,34.571666666666665,0.2651278062052147,0.2980000000000018,196.5333333333333,17,2,0
2025-04-02 18:00:00,Hive_09,34.03,24.0,55.55,59.16,44.918,212.7,50,Healthy,10.030000000000001,-3.6099999999999994,34.56541666666667,0.27629504026558893,0.3019999999999996,196.45000000000002,18,2,0
2025-04-02 19:00:00,Hive_09,35.15,20.75,58.46,57.91,44.907,183.5,40,Healthy,14.399999999999999,0.5500000000000043,34.58166666666667,0.2987898296777226,0.2559999999999931,190.16666666666666,19,2,0
2025-04-02 20:00:00,Hive_09,34.59,19.42,57.88,64.35,44.944,195.2,37,Healthy,15.170000000000002,-6.469999999999992,34.59916666666667,0.2856406478604678,0.2750000000000057,193.01666666666665,20,2,0
2025-04-02 21:00:00,Hive_09,34.43,15.16,56.45,69.15,44.966,204.6,2,Healthy,19.27,-12.700000000000003,34.61333333333334,0.2671209897937815,0.28300000000000125,194.51666666666665,21,2,0
2025-04-02 22:00:00,Hive_09,34.64,15.35,54.76,74.44,44.978,212.7,2,Healthy,19.29,-19.68,34.61666666666667,0.26692559892659745,0.30400000000000205,199.45000000000002,22,2,0
2025-04-02 23:00:00,Hive_09,34.36,13.83,54.39,73.82,44.991,218.0,1,Healthy,20.53,-19.429999999999993,34.599583333333335,0.26979024326747253,0.3100000000000023,204.45000000000002,23,2,0
2025-04-03 00:00:00,Hive_09,34.51,13.65,55.45,77.62,45.025,203.7,0,Healthy,20.86,-22.17,34.6075,0.2639540473840821,0.3429999999999964,202.94999999999996,0,3,0
2025-04-03 01:00:00,Hive_09,34.84,11.97,56.19,82.63,45.058,212.4,3,Healthy,22.870000000000005,-26.439999999999998,34.62666666666667,0.263416791031069,0.3569999999999993,207.76666666666665,1,3,0
2025-04-03 02:00:00,Hive_09,34.54,10.32,55.08,79.88,45.057,202.2,0,Healthy,24.22,-24.799999999999997,34.61708333333333,0.26215626217411886,0.3500000000000014,208.93333333333337,2,3,0
2025-04-03 03:00:00,Hive_09,33.85,12.95,55.02,78.14,45.098,171.5,1,Healthy,20.900000000000002,-23.119999999999997,34.57541666666667,0.30023149281073713,0.394999999999996,203.41666666666666,3,3,0
2025-04-03 04:00:00,Hive_09,34.76,10.64,53.79,78.5,45.099,197.8,3,Healthy,24.119999999999997,-24.71,34.56666666666667,0.29115462299739375,0.3929999999999936,200.9333333333333,4,3,0
2025-04-03 05:00:00,Hive_09,34.97,12.25,53.91,74.7,45.101,202.7,4,Healthy,22.72,-20.790000000000006,34.58291666666667,0.3025899674572816,0.3639999999999972,198.38333333333333,5,3,0
2025-04-03 06:00:00,Hive_09,34.14,14.32,53.49,74.01,45.101,207.0,44,Healthy,19.82,-20.520000000000003,34.57041666666667,0.31470454282606597,0.33899999999999864,198.9333333333333,6,3,0
2025-04-03 07:00:00,Hive_09,34.52,18.13,53.05,67.45,45.086,192.3,66,Healthy,16.390000000000004,-14.400000000000006,34.562916666666666,0.3136250761750366,0.29699999999999704,195.58333333333334,7,3,0
2025-04-03 08:00:00,Hive_09,34.16,20.29,56.55,63.45,45.123,207.6,73,Healthy,13.869999999999997,-6.900000000000006,34.535,0.3185974698990651,0.2819999999999965,196.48333333333332,8,3,0
2025-04-03 09:00:00,Hive_09,34.98,18.86,56.61,62.3,45.153,175.2,71,Healthy,16.119999999999997,-5.689999999999998,34.564166666666665,0.3261890178444385,0.2980000000000018,197.1,9,3,0
2025-04-03 10:00:00,Hive_09,34.15,23.78,55.63,56.08,45.183,179.1,95,Healthy,10.369999999999997,-0.44999999999999574,34.534166666666664,0.32992643009519734,0.3149999999999977,193.98333333333335,10,3,0
2025-04-03 11:00:00,Hive_09,34.74,25.99,55.19,57.64,45.196,200.0,106,Healthy,8.750000000000004,-2.450000000000003,34.5325,0.32872943810717586,0.3269999999999982,193.5333333333333,11,3,0
2025-04-03 12:00:00,Hive_09,34.67,27.85,55.7,51.27,45.198,187.7,101,Healthy,6.82,4.43,34.51708333333334,0.3121521252135889,0.33100000000000307,190.31666666666663,12,3,0
2025-04-03 13:00:00,Hive_09,34.67,27.33,54.22,49.87,45.212,194.3,62,Healthy,7.340000000000003,4.350000000000001,34.524166666666666,0.3136727270741643,0.3710000000000022,190.65,13,3,0
2025-04-03 14:00:00,Hive_09,34.61,28.58,51.89,50.52,45.195,217.4,85,Healthy,6.030000000000001,1.3699999999999974,34.53041666666667,0.31383295427409214,0.33899999999999864,192.28333333333333,14,3,0
2025-04-03 15:00:00,Hive_09,34.03,24.89,54.14,50.68,45.21,203.8,88,Healthy,9.14,3.460000000000001,34.50833333333333,0.3298967778835803,0.32099999999999795,197.04999999999998,15,3,0
2025-04-03 16:00:00,Hive_09,34.39,27.63,53.72,53.07,45.221,215.3,78,Healthy,6.760000000000002,0.6499999999999986,34.51125,0.3284656358175706,0.32399999999999807,203.08333333333334,16,3,0
2025-04-03 17:00:00,Hive_09,34.23,25.36,56.73,54.27,45.263,206.6,43,Healthy,8.869999999999997,2.4599999999999937,34.498333333333335,0.3333449273345957,0.3269999999999982,204.1833333333333,17,3,0
2025-04-03 18:00:00,Hive_09,34.16,25.01,56.27,60.81,45.27,218.7,38,Healthy,9.149999999999995,-4.539999999999999,34.50375,0.3263875064211607,0.35200000000000387,209.35,18,3,0
2025-04-03 19:00:00,Hive_09,34.6,21.42,55.83,57.98,45.287,192.3,35,Healthy,13.18,-2.1499999999999986,34.48083333333333,0.2970275447140152,0.38000000000000256,209.01666666666665,19,3,0
2025-04-03 20:00:00,Hive_09,34.06,19.51,54.49,66.77,45.267,193.9,29,Healthy,14.55,-12.279999999999994,34.45875,0.3080557896959762,0.3230000000000004,205.1,20,3,0
2025-04-03 21:00:00,Hive_09,34.81,21.08,52.43,67.55,45.278,200.6,2,Healthy,13.730000000000004,-15.119999999999997,34.474583333333335,0.31617247861235387,0.3119999999999976,204.5666666666667,21,3,0
2025-04-03 22:00:00,Hive_09,33.88,15.18,55.5,70.93,45.275,215.4,2,Healthy,18.700000000000003,-15.430000000000007,34.44291666666667,0.3363031650766503,0.29699999999999704,204.58333333333334,22,3,0
2025-04-03 23:00:00,Hive_09,34.56,16.12,55.28,73.86,45.275,218.5,2,Healthy,18.44,-18.58,34.45125,0.3366369803241063,0.2839999999999989,206.5666666666667,23,3,0
2025-04-04 00:00:00,Hive_09,35.06,16.12,57.77,79.38,45.275,178.0,3,Healthy,18.94,-21.609999999999992,34.47416666666667,0.35880134586856954,0.25,199.78333333333333,0,4,0
2025-04-04 01:00:00,Hive_09,34.37,13.31,55.6,80.53,45.306,209.9,1,Healthy,21.059999999999995,-24.93,34.45458333333333,0.3507009027481961,0.24799999999999756,202.71666666666667,1,4,0
2025-04-04 02:00:00,Hive_09,34.7,14.31,56.26,80.25,45.358,206.2,1,Healthy,20.39,-23.990000000000002,34.46125,0.35390139255471764,0.3009999999999948,204.76666666666665,2,4,0
2025-04-04 03:00:00,Hive_09,34.59,15.14,55.36,81.7,45.329,198.7,0,Healthy,19.450000000000003,-26.340000000000003,34.49208333333333,0.32974270821837043,0.23100000000000165,204.45000000000002,3,4,0
2025-04-04 04:00:00,Hive_09,34.09,9.07,54.47,76.8,45.345,207.6,1,Healthy,25.020000000000003,-22.33,34.464166666666664,0.3344029938843783,0.24600000000000222,203.15,4,4,0
2025-04-04 05:00:00,Hive_09,34.18,12.41,57.11,75.36,45.352,182.9,0,Healthy,21.77,-18.25,34.43125,0.32106226539545646,0.25099999999999767,197.21666666666667,5,4,0
2025-04-04 06:00:00,Hive_09,34.44,16.01,56.49,72.62,45.343,215.1,49,Healthy,18.429999999999996,-16.130000000000003,34.44375,0.3150129396928113,0.24200000000000443,203.4,6,4,0
2025-04-04 07:00:00,Hive_09,34.73,19.22,53.79,67.63,45.386,198.8,56,Healthy,15.509999999999998,-13.839999999999996,34.4525,0.3200984902780002,0.30000000000000426,201.54999999999998,7,4,0
2025-04-04 08:00:00,Hive_09,34.46,18.24,52.99,65.34,45.381,170.7,58,Healthy,16.220000000000002,-12.350000000000001,34.465,0.31397867554285736,0.25800000000000267,195.63333333333333,8,4,0
2025-04-04 09:00:00,Hive_09,34.4,21.89,55.71,61.82,45.372,206.7,77,Healthy,12.509999999999998,-6.109999999999999,34.44083333333334,0.2943218685705059,0.2190000000000012,196.96666666666667,9,4,0
2025-04-04 10:00:00,Hive_09,34.32,23.69,52.7,57.49,45.361,178.8,82,Healthy,10.629999999999999,-4.789999999999999,34.447916666666664,0.2890160092852683,0.17799999999999727,192.16666666666666,10,4,0
2025-04-04 11:00:00,Hive_09,34.36,26.68,54.76,57.36,45.409,194.0,82,Healthy,7.68,-2.6000000000000014,34.43208333333333,0.2826578691890353,0.21300000000000097,194.01666666666665,11,4,0
2025-04-04 12:00:00,Hive_09,34.3,26.73,52.89,51.16,45.451,208.3,106,Healthy,7.569999999999997,1.730000000000004,34.416666666666664,0.2791861879395615,0.2530000000000001,192.88333333333333,12,4,0
2025-04-04 13:00:00,Hive_09,34.0,29.16,53.64,50.54,45.454,185.5,70,Healthy,4.84,3.1000000000000014,34.38875,0.2861637187224025,0.24199999999999733,190.66666666666666,13,4,0
2025-04-04 14:00:00,Hive_09,34.98,26.66,53.99,49.61,45.477,185.3,82,Healthy,8.319999999999997,4.380000000000003,34.40416666666667,0.307753665844245,0.2819999999999965,193.10000000000002,14,4,0
2025-04-04 15:00:00,Hive_09,33.7,27.68,53.78,53.71,45.492,206.3,66,Healthy,6.020000000000003,0.07000000000000028,34.39041666666667,0.3316425415448226,0.2819999999999965,193.03333333333333,15,4,0
2025-04-04 16:00:00,Hive_09,34.94,26.87,55.31,52.04,45.499,189.4,76,Healthy,8.069999999999997,3.270000000000003,34.413333333333334,0.3501014345768172,0.2780000000000058,194.80000000000004,16,4,0
2025-04-04 17:00:00,Hive_09,34.21,25.27,54.55,53.26,45.523,192.3,60,Healthy,8.940000000000001,1.2899999999999991,34.4125,0.3505802643320387,0.2600000000000051,194.51666666666668,17,4,0
2025-04-04 18:00:00,Hive_09,34.52,23.16,53.82,57.84,45.55,178.2,61,Healthy,11.360000000000003,-4.020000000000003,34.4275,0.34699016400041655,0.27999999999999403,189.5,18,4,0
2025-04-04 19:00:00,Hive_09,34.0,22.56,54.92,62.29,45.59,197.8,40,Healthy,11.440000000000001,-7.369999999999997,34.4025,0.3555308339835444,0.3030000000000044,191.54999999999998,19,4,0
2025-04-04 20:00:00,Hive_09,34.57,18.28,53.98,62.12,45.589,200.9,36,Healthy,16.29,-8.14,34.42375,0.3493573292178842,0.3219999999999956,194.15,20,4,0
2025-04-04 21:00:00,Hive_09,34.77,18.72,56.57,69.08,45.596,225.0,0,Healthy,16.050000000000004,-12.509999999999998,34.42208333333333,0.3475251528796875,0.31799999999999784,197.26666666666665,21,4,0
2025-04-04 22:00:00,Hive_09,34.29,13.7,50.99,75.27,45.6,218.4,1,Healthy,20.59,-24.279999999999994,34.43916666666667,0.329319676416936,0.32500000000000284,202.1,22,4,0
2025-04-04 23:00:00,Hive_09,34.44,11.68,54.5,75.03,45.596,189.9,2,Healthy,22.759999999999998,-20.53,34.43416666666666,0.32831475707031166,0.32099999999999795,201.70000000000002,23,4,0
2025-04-05 00:00:00,Hive_09,34.55,12.2,54.08,78.31,45.591,201.0,0,Healthy,22.349999999999998,-24.230000000000004,34.41291666666667,0.30145270256550954,0.3160000000000025,205.5,0,5,0
2025-04-05 01:00:00,Hive_09,34.38,15.26,56.1,78.34,45.597,193.7,0,Healthy,19.120000000000005,-22.240000000000002,34.413333333333334,0.3013977101939172,0.2910000000000039,204.8166666666667,1,5,0
2025-04-05 02:00:00,Hive_09,35.12,12.15,54.69,78.91,45.562,214.3,0,Healthy,22.97,-24.22,34.43083333333333,0.32963638289413477,0.20400000000000063,207.04999999999998,2,5,0
2025-04-05 03:00:00,Hive_09,34.41,12.43,54.69,82.3,45.591,221.4,1,Healthy,21.979999999999997,-27.61,34.42333333333333,0.32790065657101397,0.26200000000000045,206.45000000000002,3,5,0
2025-04-05 04:00:00,Hive_09,34.23,16.11,54.28,74.51,45.622,203.5,1,Healthy,18.119999999999997,-20.230000000000004,34.42916666666667,0.32292032489745287,0.277000000000001,203.96666666666667,4,5,0
2025-04-05 05:00:00,Hive_09,34.65,12.65,54.42,72.62,45.652,178.5,2,Healthy,22.0,-18.200000000000003,34.44875,0.32140063715744405,0.30000000000000426,202.06666666666663,5,5,0
2025-04-05 06:00:00,Hive_09,34.34,15.94,55.15,71.27,45.661,186.6,55,Healthy,18.400000000000006,-16.119999999999997,34.444583333333334,0.32216629741237535,0.31799999999999784,199.66666666666666,6,5,0
2025-04-05 07:00:00,Hive_09,34.67,19.74,54.76,68.39,45.72,200.2,67,Healthy,14.930000000000003,-13.630000000000003,34.442083333333336,0.32008122836807595,0.3339999999999961,200.75,7,5,0
2025-04-05 08:00:00,Hive_09,34.71,21.75,56.29,63.72,45.738,211.4,63,Healthy,12.96,-7.43,34.4525,0.3247239630423152,0.3569999999999993,200.26666666666665,8,5,0
2025-04-05 09:00:00,Hive_09,34.25,25.29,52.99,56.32,45.783,198.0,68,Healthy,8.96,-3.3299999999999983,34.44625,0.3272123695440045,0.41100000000000136,196.36666666666665,9,5,0
2025-04-05 10:00:00,Hive_09,34.69,23.09,56.09,54.45,45.799,189.3,99,Healthy,11.599999999999998,1.6400000000000006,34.461666666666666,0.329712215314402,0.4380000000000024,194.0,10,5,0
2025-04-05 11:00:00,Hive_09,34.44,26.83,53.26,50.9,45.838,193.3,74,Healthy,7.609999999999999,2.3599999999999994,34.465,0.32904340932069415,0.42900000000000205,196.46666666666667,11,5,0
2025-04-05 12:00:00,Hive_09,34.76,26.71,54.22,55.19,45.845,214.9,103,Healthy,8.049999999999997,-0.9699999999999989,34.48416666666667,0.3323946929240204,0.39399999999999835,201.18333333333337,12,5,0
2025-04-05 13:00:00,Hive_09,34.39,25.4,54.27,50.82,45.881,179.7,96,Healthy,8.990000000000002,3.450000000000003,34.500416666666666,0.31686616522857675,0.4269999999999996,197.76666666666665,13,5,0
2025-04-05 14:00:00,Hive_09,34.51,24.58,53.03,48.55,45.936,189.2,76,Healthy,9.93,4.480000000000004,34.48083333333333,0.3000132847300073,0.4590000000000032,194.0666666666667,14,5,0
2025-04-05 15:00:00,Hive_09,34.77,26.69,54.34,51.68,45.952,205.9,63,Healthy,8.080000000000002,2.6600000000000037,34.525416666666665,0.2550699676672972,0.46000000000000085,195.38333333333333,15,5,0
2025-04-05 16:00:00,Hive_09,34.03,26.75,55.32,50.75,45.982,200.7,44,Healthy,7.280000000000001,4.57,34.4875,0.2583770416507054,0.482999999999997,197.28333333333333,16,5,0
2025-04-05 17:00:00,Hive_09,35.03,24.97,54.49,52.61,45.96,199.3,66,Healthy,10.060000000000002,1.8800000000000026,34.52166666666667,0.27384010991288377,0.4369999999999976,198.28333333333333,17,5,0
2025-04-05 18:00:00,Hive_09,34.36,24.15,56.15,55.89,45.972,230.4,50,Healthy,10.21,0.259999999999998,34.51499999999999,0.27582287952518286,0.42200000000000415,200.86666666666667,18,5,0
2025-04-05 19:00:00,Hive_09,34.33,19.78,52.67,60.72,45.984,193.7,41,Healthy,14.549999999999997,-8.049999999999997,34.528749999999995,0.2565881914664027,0.39399999999999835,203.20000000000002,19,5,0
2025-04-05 20:00:00,Hive_09,34.81,22.75,54.71,64.74,46.003,201.8,32,Healthy,12.060000000000002,-10.029999999999994,34.53875,0.2628656873104923,0.4140000000000015,205.29999999999998,20,5,0
2025-04-05 21:00:00,Hive_09,34.69,17.73,55.17,71.78,46.031,201.9,3,Healthy,16.959999999999997,-16.61,34.53541666666667,0.2603004813282333,0.4350000000000023,204.63333333333335,21,5,0
2025-04-05 22:00:00,Hive_09,34.55,14.23,53.29,76.76,46.056,219.4,0,Healthy,20.319999999999997,-23.470000000000006,34.54624999999999,0.25499893435412585,0.45599999999999596,207.75,22,5,0
2025-04-05 23:00:00,Hive_09,34.67,13.64,54.34,77.64,46.061,181.2,1,Healthy,21.03,-23.299999999999997,34.55583333333333,0.2551541165421544,0.4650000000000034,204.73333333333335,23,5,0
2025-04-06 00:00:00,Hive_09,34.7,10.56,54.6,77.29,46.093,190.3,0,Healthy,24.14,-22.690000000000005,34.56208333333333,0.2568365944173185,0.5020000000000024,198.04999999999998,0,6,0
2025-04-06 01:00:00,Hive_09,34.87,14.0,54.5,80.22,46.135,183.8,1,Healthy,20.869999999999997,-25.72,34.582499999999996,0.26117210717306927,0.5379999999999967,196.4,1,6,0
2025-04-06 02:00:00,Hive_09,34.57,12.61,56.87,79.06,46.153,197.3,3,Healthy,21.96,-22.190000000000005,34.55958333333333,0.23475202766484393,0.5910000000000011,195.65,2,6,0
2025-04-06 03:00:00,Hive_09,34.48,13.04,54.45,79.47,46.18,213.2,3,Healthy,21.439999999999998,-25.019999999999996,34.5625,0.2332427360348993,0.5889999999999986,197.53333333333333,3,6,0
2025-04-06 04:00:00,Hive_09,34.6,13.72,54.16,76.9,46.193,221.1,3,Healthy,20.880000000000003,-22.74000000000001,34.57791666666666,0.22228026114065358,0.570999999999998,197.8166666666667,4,6,0
2025-04-06 05:00:00,Hive_09,34.77,15.7,54.04,75.56,46.174,204.1,1,Healthy,19.070000000000004,-21.520000000000003,34.58291666666667,0.22530132801606204,0.5219999999999985,201.63333333333333,5,6,0
2025-04-06 06:00:00,Hive_09,34.29,18.68,56.04,75.76,46.144,205.1,53,Healthy,15.61,-19.720000000000006,34.58083333333334,0.22786183202273613,0.482999999999997,204.1,6,6,0
2025-04-06 07:00:00,Hive_09,34.22,16.44,56.28,69.21,46.158,222.4,45,Healthy,17.779999999999998,-12.929999999999993,34.562083333333334,0.2384730258498293,0.4380000000000024,210.53333333333333,7,6,0
2025-04-06 08:00:00,Hive_09,34.65,18.7,55.41,64.03,46.176,190.3,50,Healthy,15.95,-8.620000000000005,34.55958333333333,0.23716585953197042,0.4380000000000024,209.36666666666665,8,6,0
2025-04-06 09:00:00,Hive_09,34.31,20.93,55.27,63.93,46.187,202.8,64,Healthy,13.380000000000003,-8.659999999999997,34.56208333333333,0.23405646228257435,0.40399999999999636,207.63333333333335,9,6,0
2025-04-06 10:00:00,Hive_09,35.19,25.23,54.44,57.3,46.217,194.2,103,Healthy,9.959999999999997,-2.8599999999999994,34.58291666666667,0.2660088126468775,0.41799999999999926,203.14999999999998,10,6,0
2025-04-06 11:00:00,Hive_09,34.92,26.75,56.16,51.82,46.218,175.8,100,Healthy,8.170000000000002,4.339999999999996,34.602916666666665,0.2727553317801495,0.38000000000000256,198.43333333333337,11,6,0
2025-04-06 12:00:00,Hive_09,34.76,29.52,55.84,54.25,46.249,196.1,71,Healthy,5.239999999999998,1.5900000000000034,34.602916666666665,0.2727553317801495,0.40400000000000347,196.9333333333333,12,6,0
2025-04-06 13:00:00,Hive_09,34.08,28.87,51.71,51.3,46.26,197.7,86,Healthy,5.209999999999997,0.4100000000000037,34.589999999999996,0.29006745842094755,0.3789999999999978,192.8166666666667,13,6,0
2025-04-06 14:00:00,Hive_09,34.71,28.87,56.04,48.51,46.217,199.0,86,Healthy,5.84,7.530000000000001,34.598333333333336,0.29054172291364544,0.2809999999999988,194.26666666666665,14,6,0
2025-04-06 15:00:00,Hive_09,33.97,28.85,55.14,51.61,46.222,216.1,66,Healthy,5.119999999999997,3.530000000000001,34.565,0.31486366960128226,0.2700000000000031,196.48333333333335,15,6,0
2025-04-06 16:00:00,Hive_09,34.73,26.92,54.77,53.75,46.256,189.0,77,Healthy,7.809999999999995,1.0200000000000031,34.594166666666666,0.2949416547559043,0.2740000000000009,195.61666666666667,16,6,0
2025-04-06 17:00:00,Hive_09,34.89,27.0,52.53,51.66,46.273,193.0,70,Healthy,7.890000000000001,0.8700000000000045,34.58833333333333,0.2872306551804102,0.3130000000000024,198.48333333333335,17,6,0
2025-04-06 18:00:00,Hive_09,34.84,24.49,55.2,61.08,46.307,198.5,39,Healthy,10.350000000000005,-5.8799999999999955,34.608333333333334,0.2873517261001949,0.33500000000000085,198.88333333333333,18,6,0
2025-04-06 19:00:00,Hive_09,33.57,21.38,57.08,60.89,46.315,214.5,41,Healthy,12.190000000000001,-3.8100000000000023,34.57666666666667,0.35359847858549276,0.33099999999999596,201.6833333333333,19,6,0
2025-04-06 20:00:00,Hive_09,34.46,17.69,53.97,65.16,46.317,200.4,5,Healthy,16.77,-11.189999999999998,34.56208333333333,0.35076288493692975,0.31400000000000006,201.91666666666666,20,6,0
2025-04-06 21:00:00,Hive_09,34.65,18.47,54.58,70.09,46.367,207.7,1,Healthy,16.18,-15.510000000000005,34.56041666666667,0.35022327247016644,0.3359999999999985,200.51666666666665,21,6,0
2025-04-06 22:00:00,Hive_09,34.62,14.14,56.08,69.77,46.379,199.2,1,Healthy,20.479999999999997,-13.689999999999998,34.56333333333333,0.350424173608611,0.3230000000000004,202.21666666666667,22,6,0
2025-04-06 23:00:00,Hive_09,34.49,15.08,55.14,74.05,46.401,187.7,0,Healthy,19.410000000000004,-18.909999999999997,34.55583333333333,0.3499679074313612,0.3400000000000034,201.33333333333334,23,6,0
2025-04-07 00:00:00,Hive_09,34.5,13.15,50.93,78.4,46.417,238.5,2,Healthy,21.35,-27.470000000000006,34.5475,0.34876490150492495,0.32399999999999807,208.0,0,0,0
2025-04-07 01:00:00,Hive_09,34.44,9.34,54.52,78.68,46.403,186.6,2,Healthy,25.099999999999998,-24.160000000000004,34.529583333333335,0.342465220914812,0.2680000000000007,203.35,1,0,0
2025-04-07 02:00:00,Hive_09,34.78,13.12,54.01,79.78,46.406,194.5,0,Healthy,21.660000000000004,-25.770000000000003,34.538333333333334,0.3462050996367511,0.2530000000000001,202.36666666666665,2,0,0
2025-04-07 03:00:00,Hive_09,34.96,11.89,55.18,82.76,46.411,226.5,1,Healthy,23.07,-27.580000000000005,34.55833333333333,0.3564031262570505,0.23100000000000165,205.5,3,0,0
2025-04-07 04:00:00,Hive_09,33.99,12.29,54.83,79.9,46.42,207.7,1,Healthy,21.700000000000003,-25.070000000000007,34.532916666666665,0.37458938872440994,0.22700000000000387,206.91666666666666,4,0,0
2025-04-07 05:00:00,Hive_09,34.42,14.09,54.72,75.79,46.447,208.7,2,Healthy,20.330000000000002,-21.070000000000007,34.51833333333333,0.37176040281537165,0.27300000000000324,210.41666666666666,5,0,0
2025-04-07 06:00:00,Hive_09,34.25,13.53,57.99,73.36,46.457,197.1,65,Healthy,20.72,-15.369999999999997,34.516666666666666,0.37291643389191714,0.3130000000000024,203.51666666666665,6,0,0
2025-04-07 07:00:00,Hive_09,34.15,19.74,52.35,68.41,46.446,204.8,58,Healthy,14.41,-16.059999999999995,34.513749999999995,0.3756016912033016,0.2879999999999967,206.55000000000004,7,0,0
2025-04-07 08:00:00,Hive_09,35.02,18.59,56.68,64.22,46.491,189.7,78,Healthy,16.430000000000003,-7.539999999999999,34.52916666666667,0.3887987818314538,0.3149999999999977,205.75,8,0,0
2025-04-07 09:00:00,Hive_09,34.5,23.13,53.83,64.05,46.483,199.8,79,Healthy,11.370000000000001,-10.219999999999999,34.537083333333335,0.38606689177853126,0.2959999999999994,201.29999999999998,9,0,0
2025-04-07 10:00:00,Hive_09,34.89,24.41,52.97,54.71,46.518,195.2,103,Healthy,10.48,-1.740000000000002,34.52458333333333,0.36846307309129783,0.30100000000000193,199.21666666666667,10,0,0
2025-04-07 11:00:00,Hive_09,34.19,23.04,53.35,56.74,46.562,211.3,73,Healthy,11.149999999999999,-3.3900000000000006,34.494166666666665,0.36451178386947425,0.3439999999999941,199.65,11,0,0
2025-04-07 12:00:00,Hive_09,34.67,27.23,55.05,54.82,46.595,205.5,73,Healthy,7.440000000000001,0.22999999999999687,34.49041666666667,0.36211311188231965,0.34599999999999653,201.05000000000004,12,0,0
2025-04-07 13:00:00,Hive_09,34.57,27.87,54.39,51.48,46.614,202.8,68,Healthy,6.699999999999999,2.9100000000000037,34.51083333333333,0.3516287155839043,0.3539999999999992,200.71666666666667,13,0,0
2025-04-07 14:00:00,Hive_09,34.72,26.01,53.83,50.62,46.639,207.5,82,Healthy,8.709999999999997,3.210000000000001,34.51125,0.35188081603811544,0.42200000000000415,203.6833333333333,14,0,0
2025-04-07 15:00:00,Hive_09,34.76,28.37,56.39,51.32,46.628,189.0,93,Healthy,6.389999999999997,5.07,34.54416666666667,0.33562293369671437,0.4059999999999988,201.88333333333333,15,0,0
2025-04-07 16:00:00,Hive_09,34.74,28.25,56.71,53.29,46.64,194.3,75,Healthy,6.490000000000002,3.4200000000000017,34.544583333333335,0.3358697880023663,0.38400000000000034,201.73333333333335,16,0,0
2025-04-07 17:00:00,Hive_09,34.96,25.62,56.34,57.49,46.625,183.6,47,Healthy,9.34,-1.1499999999999986,34.54750000000001,0.3392863354031599,0.35199999999999676,197.11666666666667,17,0,0
2025-04-07 18:00:00,Hive_09,34.41,24.28,54.03,59.35,46.637,188.2,52,Healthy,10.129999999999995,-5.32,34.529583333333335,0.33448830702467225,0.3299999999999983,194.23333333333335,18,0,0
2025-04-07 19:00:00,Hive_09,34.53,21.71,56.33,59.8,46.617,202.5,18,Healthy,12.82,-3.469999999999999,34.569583333333334,0.26491145635881425,0.3019999999999996,194.18333333333337,19,0,0
2025-04-07 20:00:00,Hive_09,34.81,19.62,54.21,66.39,46.616,196.6,18,Healthy,15.190000000000001,-12.18,34.58416666666667,0.268229568558874,0.2989999999999995,192.36666666666667,20,0,0
2025-04-07 21:00:00,Hive_09,34.67,18.17,53.92,66.88,46.619,207.5,2,Healthy,16.5,-12.959999999999994,34.585,0.2684739482139182,0.25200000000000244,195.45000000000002,21,0,0
2025-04-07 22:00:00,Hive_09,34.17,16.88,54.95,73.03,46.626,193.7,2,Healthy,17.290000000000003,-18.08,34.566250000000004,0.2813293366362216,0.2469999999999999,195.35,22,0,0
2025-04-07 23:00:00,Hive_09,34.41,13.05,54.31,75.54,46.614,182.9,3,Healthy,21.359999999999996,-21.230000000000004,34.56291666666667,0.28274245719638863,0.21299999999999386,195.23333333333332,23,0,0
2025-04-08 00:00:00,Hive_09,35.06,13.24,56.84,81.61,46.598,221.2,1,Healthy,21.82,-24.769999999999996,34.58625,0.29991031268060525,0.18099999999999739,200.73333333333335,0,1,0
2025-04-08 01:00:00,Hive_09,34.39,11.86,55.6,78.65,46.654,175.4,3,Healthy,22.53,-23.050000000000004,34.58416666666667,0.3011415479206784,0.2510000000000048,196.21666666666667,1,1,0
2025-04-08 02:00:00,Hive_09,34.35,14.26,52.98,79.64,46.646,190.9,1,Healthy,20.090000000000003,-26.660000000000004,34.566250000000004,0.3017746423784003,0.240000000000002,195.26666666666665,2,1,0
2025-04-08 03:00:00,Hive_09,34.7,12.23,55.36,81.01,46.655,217.1,2,Healthy,22.470000000000002,-25.650000000000006,34.555416666666666,0.2915174566578024,0.24399999999999977,196.86666666666667,3,1,0
2025-04-08 04:00:00,Hive_09,34.83,13.74,56.25,77.18,46.66,171.2,2,Healthy,21.089999999999996,-20.930000000000007,34.59041666666666,0.27033761768617465,0.23999999999999488,193.11666666666665,4,1,0
2025-04-08 05:00:00,Hive_09,34.56,13.3,52.49,77.04,46.676,225.7,1,Healthy,21.26,-24.550000000000004,34.596250000000005,0.2680008517183182,0.2289999999999992,200.25,5,1,0
2025-04-08 06:00:00,Hive_09,34.52,15.99,57.31,71.81,46.707,191.4,49,Healthy,18.53,-14.5,34.6075,0.2583265543757702,0.25,195.28333333333333,6,1,0
2025-04-08 07:00:00,Hive_09,34.63,17.92,54.86,69.71,46.692,198.3,56,Healthy,16.71,-14.849999999999994,34.627500000000005,0.23924246387659903,0.24600000000000222,199.1,7,1,0
2025-04-08 08:00:00,Hive_09,34.51,18.65,53.45,66.58,46.742,206.2,77,Healthy,15.86,-13.129999999999995,34.606249999999996,0.225095390407298,0.25099999999999767,201.64999999999998,8,1,0
2025-04-08 09:00:00,Hive_09,34.66,23.64,52.11,60.25,46.771,199.0,83,Healthy,11.019999999999996,-8.14,34.61291666666666,0.22417925992320475,0.2880000000000038,198.63333333333333,9,1,0
2025-04-08 10:00:00,Hive_09,34.87,23.89,51.08,61.14,46.792,195.8,90,Healthy,10.979999999999997,-10.060000000000002,34.61208333333333,0.22313924618589917,0.2740000000000009,202.73333333333335,10,1,0
2025-04-08 11:00:00,Hive_09,34.47,26.52,53.47,52.91,46.832,204.9,92,Healthy,7.949999999999999,0.5600000000000023,34.62375,0.20683563102346694,0.2700000000000031,199.26666666666665,11,1,0
2025-04-08 12:00:00,Hive_09,34.69,27.38,57.68,49.89,46.811,201.2,97,Healthy,7.309999999999999,7.789999999999999,34.624583333333334,0.20707022893248356,0.21600000000000108,200.9,12,1,0
2025-04-08 13:00:00,Hive_09,34.51,26.6,53.93,51.98,46.77,198.5,87,Healthy,7.909999999999997,1.9500000000000028,34.622083333333336,0.20811742435184685,0.1560000000000059,200.9333333333333,13,1,0
2025-04-08 14:00:00,Hive_09,34.34,29.97,52.64,50.68,46.798,201.8,80,Healthy,4.3700000000000045,1.9600000000000009,34.606249999999996,0.21469518331610443,0.15899999999999892,200.20000000000002,14,1,0
2025-04-08 15:00:00,Hive_09,34.92,26.92,54.06,53.0,46.762,196.8,80,Healthy,8.0,1.0600000000000023,34.61291666666667,0.22203562516088574,0.13400000000000034,199.83333333333334,15,1,0
2025-04-08 16:00:00,Hive_09,34.96,27.04,52.21,48.86,46.757,184.7,59,Healthy,7.920000000000002,3.3500000000000014,34.62208333333333,0.231835383251872,0.11699999999999733,197.98333333333335,16,1,0
2025-04-08 17:00:00,Hive_09,34.92,22.38,54.75,54.51,46.747,221.1,68,Healthy,12.540000000000003,0.240000000000002,34.620416666666664,0.2294317965657079,0.12199999999999989,200.6833333333333,17,1,0
2025-04-08 18:00:00,Hive_09,34.82,22.73,53.64,58.14,46.759,194.2,38,Healthy,12.09,-4.5,34.637499999999996,0.22834470510137284,0.12199999999999989,199.51666666666665,18,1,0
2025-04-08 19:00:00,Hive_09,34.51,22.32,53.78,61.98,46.811,192.7,45,Healthy,12.189999999999998,-8.199999999999996,34.63666666666666,0.2287901386341612,0.19400000000000261,198.54999999999998,19,1,0
2025-04-08 20:00:00,Hive_09,34.75,21.21,55.01,60.02,46.816,198.2,35,Healthy,13.54,-5.010000000000005,34.634166666666665,0.2271355976287107,0.20000000000000284,197.95000000000002,20,1,0
2025-04-08 21:00:00,Hive_09,34.63,14.51,58.24,68.95,46.799,206.7,1,Healthy,20.120000000000005,-10.71,34.6325,0.22700794852969078,0.17999999999999972,199.6,21,1,0
2025-04-08 22:00:00,Hive_09,34.28,16.73,57.93,74.23,46.835,211.8,1,Healthy,17.55,-16.300000000000004,34.63708333333334,0.218203717472566,0.20900000000000318,204.11666666666665,22,1,0
2025-04-08 23:00:00,Hive_09,34.38,13.51,54.21,76.49,46.884,208.2,2,Healthy,20.870000000000005,-22.279999999999994,34.63583333333333,0.21964233112766554,0.2700000000000031,201.96666666666667,23,1,0
2025-04-09 00:00:00,Hive_09,34.31,15.89,53.39,78.16,46.921,194.4,0,Healthy,18.42,-24.769999999999996,34.60458333333333,0.20980278869674934,0.3230000000000004,202.0,0,2,0
2025-04-09 01:00:00,Hive_09,34.39,8.28,54.66,76.54,46.941,182.9,2,Healthy,26.11,-21.88000000000001,34.60458333333333,0.20980278869674934,0.28699999999999903,200.36666666666667,1,2,0
2025-04-09 02:00:00,Hive_09,34.36,13.33,53.7,79.71,46.974,179.5,3,Healthy,21.03,-26.00999999999999,34.605,0.20928449536457633,0.32799999999999585,197.25,2,2,0
2025-04-09 03:00:00,Hive_09,34.75,12.24,55.76,77.41,46.993,210.6,2,Healthy,22.509999999999998,-21.65,34.60708333333333,0.21051653176160054,0.33800000000000097,197.9,3,2,0
2025-04-09 04:00:00,Hive_09,34.56,13.76,56.23,80.71,46.959,204.9,4,Healthy,20.800000000000004,-24.479999999999997,34.59583333333334,0.20523404808354453,0.2990000000000066,196.75,4,2,0
2025-04-09 05:00:00,Hive_09,34.72,11.66,52.45,79.61,46.969,206.0,2,Healthy,23.06,-27.159999999999997,34.6025,0.2066134807673204,0.29299999999999926,196.38333333333333,5,2,0
2025-04-09 06:00:00,Hive_09,34.92,15.35,56.33,73.89,47.003,193.3,56,Healthy,19.57,-17.560000000000002,34.619166666666665,0.21560666011063728,0.2959999999999994,196.20000000000002,6,2,0
2025-04-09 07:00:00,Hive_09,34.63,21.38,53.33,66.72,47.038,170.3,54,Healthy,13.250000000000004,-13.39,34.619166666666665,0.21560666011063728,0.34599999999999653,194.1,7,2,0
2025-04-09 08:00:00,Hive_09,34.48,23.46,56.87,64.01,47.046,169.5,59,Healthy,11.019999999999996,-7.140000000000008,34.617916666666666,0.21635275476119897,0.30400000000000205,192.4333333333333,8,2,0
2025-04-09 09:00:00,Hive_09,33.9,24.05,53.58,64.06,47.042,194.3,68,Healthy,9.849999999999998,-10.480000000000004,34.58625,0.2609483123898975,0.2710000000000008,189.7166666666667,9,2,0
2025-04-09 10:00:00,Hive_09,34.37,24.16,53.3,56.35,47.068,179.2,88,Healthy,10.209999999999997,-3.0500000000000043,34.56541666666667,0.25724255457459305,0.27599999999999625,185.4333333333333,10,2,0
2025-04-09 11:00:00,Hive_09,34.65,27.16,55.34,58.38,47.044,222.1,90,Healthy,7.489999999999998,-3.039999999999999,34.572916666666664,0.2569635258615377,0.2119999999999962,188.11666666666667,11,2,0
2025-04-09 12:00:00,Hive_09,34.53,27.39,55.01,52.8,47.047,210.9,74,Healthy,7.140000000000001,2.210000000000001,34.56625,0.2558670255867553,0.2359999999999971,191.04999999999998,12,2,0
2025-04-09 13:00:00,Hive_09,34.87,25.44,55.67,48.82,47.044,188.0,87,Healthy,9.429999999999996,6.850000000000001,34.58125,0.26288222689523183,0.2739999999999938,194.0,13,2,0
2025-04-09 14:00:00,Hive_09,35.12,28.6,54.81,52.72,47.098,201.2,87,Healthy,6.519999999999996,2.0900000000000034,34.61375,0.27945307609531844,0.29999999999999716,199.28333333333333,14,2,0
2025-04-09 15:00:00,Hive_09,34.97,29.2,53.07,52.76,47.111,218.8,67,Healthy,5.77,0.3100000000000023,34.615833333333335,0.28201012418871213,0.34899999999999665,203.36666666666667,15,2,0
2025-04-09 16:00:00,Hive_09,34.46,24.12,58.03,49.04,47.09,182.5,64,Healthy,10.34,8.990000000000002,34.595000000000006,0.2738295248793622,0.3330000000000055,203.91666666666666,16,2,0
2025-04-09 17:00:00,Hive_09,33.89,24.17,54.21,52.04,47.14,208.3,72,Healthy,9.719999999999999,2.1700000000000017,34.552083333333336,0.30013010463822176,0.3930000000000007,201.61666666666667,17,2,0
2025-04-09 18:00:00,Hive_09,34.66,23.09,55.13,55.81,47.148,225.2,41,Healthy,11.569999999999997,-0.6799999999999997,34.54541666666667,0.29566401564095107,0.3890000000000029,204.0,18,2,0
2025-04-09 19:00:00,Hive_09,34.72,20.66,53.43,62.82,47.16,173.1,42,Healthy,14.059999999999999,-9.39,34.55416666666667,0.2976709105950693,0.34899999999999665,201.51666666666665,19,2,0
2025-04-09 20:00:00,Hive_09,34.16,19.3,56.79,64.51,47.175,214.9,28,Healthy,14.859999999999996,-7.720000000000006,34.529583333333335,0.3050656261067264,0.35899999999999466,203.79999999999998,20,2,0
2025-04-09 21:00:00,Hive_09,34.5,19.71,56.79,65.15,47.146,201.9,2,Healthy,14.79,-8.360000000000007,34.524166666666666,0.3043584366680499,0.3470000000000013,200.98333333333335,21,2,0
2025-04-09 22:00:00,Hive_09,34.8,15.42,54.07,74.49,47.148,182.6,2,Healthy,19.379999999999995,-20.419999999999995,34.54583333333333,0.30472962594329595,0.3130000000000024,201.0,22,2,0
2025-04-09 23:00:00,Hive_09,34.53,14.65,53.71,75.61,47.129,206.7,1,Healthy,19.880000000000003,-21.9,34.552083333333336,0.3027120768143885,0.24499999999999744,200.73333333333335,23,2,0
2025-04-10 00:00:00,Hive_09,34.78,11.53,56.29,76.54,47.153,199.4,1,Healthy,23.25,-20.250000000000007,34.571666666666665,0.30157076704521135,0.23199999999999932,196.4333333333333,0,3,0
2025-04-10 01:00:00,Hive_09,34.58,14.26,53.72,78.84,47.158,160.0,1,Healthy,20.32,-25.120000000000005,34.57958333333334,0.2990779913794086,0.21699999999999875,194.25,1,3,0
2025-04-10 02:00:00,Hive_09,34.32,9.71,54.55,80.43,47.21,184.7,2,Healthy,24.61,-25.88000000000001,34.57791666666667,0.3004631087340843,0.2360000000000042,189.21666666666667,2,3,0
2025-04-10 03:00:00,Hive_09,34.83,12.6,57.47,77.59,47.244,185.7,1,Healthy,22.229999999999997,-20.120000000000005,34.581250000000004,0.3028891675614899,0.25099999999999767,186.51666666666665,3,3,0
2025-04-10 04:00:00,Hive_09,34.47,10.03,56.17,77.63,47.29,181.1,2,Healthy,24.439999999999998,-21.459999999999994,34.57749999999999,0.3037196934245758,0.33099999999999596,186.26666666666665,4,3,0
2025-04-10 05:00:00,Hive_09,34.97,14.0,55.14,75.3,47.311,207.1,2,Healthy,20.97,-20.159999999999997,34.587916666666665,0.31296588460652036,0.34199999999999875,186.33333333333334,5,3,0
2025-04-10 06:00:00,Hive_09,34.49,14.85,55.8,76.24,47.326,168.3,39,Healthy,19.64,-20.439999999999998,34.57,0.305343712246872,0.3230000000000004,181.14999999999998,6,3,0
2025-04-10 07:00:00,Hive_09,34.62,18.1,53.63,67.18,47.336,174.4,68,Healthy,16.519999999999996,-13.550000000000004,34.569583333333334,0.3052650903105754,0.2980000000000018,183.54999999999998,7,3,0
2025-04-10 08:00:00,Hive_09,34.47,20.68,53.95,66.0,47.378,225.0,69,Healthy,13.79,-12.049999999999997,34.56916666666667,0.3053994770455821,0.33200000000000074,190.26666666666665,8,3,0
2025-04-10 09:00:00,Hive_09,34.57,21.21,54.0,57.66,47.378,214.5,68,Healthy,13.36,-3.6599999999999966,34.59708333333333,0.2701606473236338,0.3359999999999985,195.06666666666663,9,3,0
2025-04-10 10:00:00,Hive_09,33.89,26.88,54.01,55.47,47.395,202.0,86,Healthy,7.010000000000002,-1.4600000000000009,34.57708333333333,0.3034222078752462,0.3270000000000053,198.54999999999998,10,3,0
2025-04-10 11:00:00,Hive_09,34.13,25.24,55.19,53.39,47.426,200.2,81,Healthy,8.890000000000004,1.7999999999999972,34.555416666666666,0.3162824709801028,0.382000000000005,197.4,11,3,0
2025-04-10 12:00:00,Hive_09,34.44,27.15,53.15,54.94,47.441,208.8,98,Healthy,7.289999999999999,-1.7899999999999991,34.55166666666667,0.3171293340149374,0.39400000000000546,204.15,12,3,0
2025-04-10 13:00:00,Hive_09,34.25,28.77,53.53,50.84,47.444,209.2,82,Healthy,5.48,2.6899999999999977,34.52583333333333,0.315317875038577,0.4000000000000057,209.95000000000002,13,3,0
2025-04-10 14:00:00,Hive_09,34.97,27.26,54.67,48.23,47.467,223.7,75,Healthy,7.709999999999997,6.440000000000005,34.51958333333334,0.30432361446138767,0.3689999999999998,209.73333333333332,14,3,0
2025-04-10 15:00:00,Hive_09,34.92,28.87,53.81,50.32,47.482,209.5,71,Healthy,6.050000000000001,3.490000000000002,34.5175,0.3012618390240901,0.3710000000000022,208.89999999999998,15,3,0
2025-04-10 16:00:00,Hive_09,34.83,26.62,58.33,51.73,47.523,221.6,28,Healthy,8.209999999999997,6.600000000000001,34.532916666666665,0.30759203877676056,0.43299999999999983,212.16666666666666,16,3,0
2025-04-10 17:00:00,Hive_09,34.74,25.86,52.84,54.52,47.548,168.7,70,Healthy,8.880000000000003,-1.6799999999999997,34.568333333333335,0.2778436636838795,0.40800000000000125,206.91666666666666,17,3,0
2025-04-10 18:00:00,Hive_09,34.85,21.53,54.5,59.95,47.566,200.0,35,Healthy,13.32,-5.450000000000003,34.57625,0.28322387058574544,0.41799999999999926,205.44999999999996,18,3,0
2025-04-10 19:00:00,Hive_09,34.4,22.91,55.96,63.49,47.559,213.8,39,Healthy,11.489999999999998,-7.530000000000001,34.562916666666666,0.283694250093718,0.3990000000000009,206.21666666666667,19,3,0
2025-04-10 20:00:00,Hive_09,34.96,19.98,55.79,65.94,47.547,189.2,29,Healthy,14.98,-10.149999999999999,34.59625,0.2812829690821316,0.3719999999999999,200.46666666666667,20,3,0
2025-04-10 21:00:00,Hive_09,34.6,18.67,56.33,66.56,47.547,229.6,1,Healthy,15.93,-10.230000000000004,34.60041666666667,0.28053487990014214,0.40099999999999625,203.81666666666663,21,3,0
2025-04-10 22:00:00,Hive_09,34.4,16.3,54.78,68.32,47.549,188.9,1,Healthy,18.099999999999998,-13.539999999999992,34.58375,0.280043668954943,0.40099999999999625,198.36666666666667,22,3,0
2025-04-10 23:00:00,Hive_09,33.94,15.29,54.26,71.77,47.556,188.3,2,Healthy,18.65,-17.509999999999998,34.55916666666666,0.30933191216565964,0.4269999999999996,201.63333333333333,23,3,0
2025-04-11 00:00:00,Hive_09,34.9,14.0,53.01,79.95,47.551,186.8,3,Healthy,20.9,-26.940000000000005,34.564166666666665,0.31399136884658246,0.39800000000000324,199.4333333333333,0,4,0
2025-04-11 01:00:00,Hive_09,34.08,11.32,54.03,80.1,47.543,210.3,0,Healthy,22.759999999999998,-26.069999999999993,34.54333333333334,0.3291182774926284,0.384999999999998,198.85000000000002,1,4,0
2025-04-11 02:00:00,Hive_09,34.28,14.68,55.51,80.43,47.537,184.1,2,Healthy,19.6,-24.92000000000001,34.541666666666664,0.33039721373005587,0.3269999999999982,198.0,2,4,0
2025-04-11 03:00:00,Hive_09,34.13,14.33,53.78,80.25,47.577,211.9,0,Healthy,19.800000000000004,-26.47,34.512499999999996,0.33470623070024924,0.3329999999999984,195.04999999999998,3,4,0
2025-04-11 04:00:00,Hive_09,34.46,12.0,58.13,78.37,47.573,209.0,2,Healthy,22.46,-20.240000000000002,34.51208333333334,0.33476765682779785,0.28300000000000125,198.4,4,4,0
2025-04-11 05:00:00,Hive_09,34.38,11.85,55.63,70.82,47.614,188.3,2,Healthy,22.53,-15.18999999999999,34.487500000000004,0.32106141901918234,0.30299999999999727,198.4,5,4,0
2025-04-11 06:00:00,Hive_09,34.49,15.56,54.34,75.95,47.628,202.9,63,Healthy,18.93,-21.61,34.487500000000004,0.32106141901918234,0.3019999999999996,201.08333333333334,6,4,0
2025-04-11 07:00:00,Hive_09,34.0,17.94,53.27,69.74,47.63,201.6,52,Healthy,16.06,-16.46999999999999,34.461666666666666,0.33459471482437875,0.29400000000000404,199.63333333333335,7,4,0
2025-04-11 08:00:00,Hive_09,35.01,20.43,54.69,63.95,47.649,196.7,69,Healthy,14.579999999999998,-9.260000000000005,34.48416666666667,0.3528383872769996,0.2710000000000008,201.73333333333335,8,4,0
2025-04-11 09:00:00,Hive_09,34.34,22.89,55.5,61.39,47.656,208.7,89,Healthy,11.450000000000003,-5.890000000000001,34.474583333333335,0.3535285385032355,0.2779999999999987,201.19999999999996,9,4,0
2025-04-11 10:00:00,Hive_09,33.59,25.49,58.39,55.38,47.676,205.7,77,Healthy,8.100000000000005,3.009999999999998,34.46208333333333,0.3794501647597916,0.2809999999999988,200.64999999999998,10,4,0
2025-04-11 11:00:00,Hive_09,34.4,22.58,55.23,50.39,47.72,203.6,95,Healthy,11.82,4.839999999999996,34.47333333333333,0.37312623655513505,0.29399999999999693,203.20000000000002,11,4,0
2025-04-11 12:00:00,Hive_09,34.06,26.13,53.16,51.09,47.705,194.5,73,Healthy,7.930000000000003,2.069999999999993,34.4575,0.3825458199324977,0.2639999999999958,201.79999999999998,12,4,0
2025-04-11 13:00:00,Hive_09,33.78,26.51,57.22,50.43,47.751,215.5,92,Healthy,7.27,6.789999999999999,34.437916666666666,0.4050011182664825,0.30699999999999505,204.11666666666667,13,4,0
2025-04-11 14:00:00,Hive_09,34.53,28.49,55.27,51.06,47.728,201.7,89,Healthy,6.040000000000003,4.210000000000001,34.41958333333333,0.3895312586292331,0.2610000000000028,204.94999999999996,14,4,0
2025-04-11 15:00:00,Hive_09,34.94,28.23,54.21,52.81,47.715,218.8,84,Healthy,6.709999999999997,1.3999999999999986,34.42041666666667,0.3906680918260583,0.2330000000000041,206.63333333333333,15,4,0
2025-04-11 16:00:00,Hive_09,34.41,26.07,55.41,51.56,47.754,186.6,72,Healthy,8.339999999999996,3.8499999999999943,34.40291666666666,0.3808055439707239,0.23099999999999454,203.44999999999996,16,4,0
2025-04-11 17:00:00,Hive_09,35.25,26.04,55.31,50.42,47.787,175.7,79,Healthy,9.21,4.890000000000001,34.424166666666665,0.4132786897026241,0.23899999999999721,198.79999999999998,17,4,0
2025-04-11 18:00:00,Hive_09,34.07,23.47,53.16,52.89,47.781,180.7,58,Healthy,10.600000000000001,0.269999999999996,34.391666666666666,0.408982477212245,0.2149999999999963,196.5,18,4,0
2025-04-11 19:00:00,Hive_09,34.63,22.34,54.63,62.14,47.76,177.3,24,Healthy,12.290000000000003,-7.509999999999998,34.40125,0.41187073214784053,0.2010000000000005,190.13333333333333,19,4,0
2025-04-11 20:00:00,Hive_09,34.05,18.36,57.22,68.39,47.749,179.7,34,Healthy,15.689999999999998,-11.170000000000002,34.36333333333334,0.39990941003167313,0.2020000000000053,186.46666666666667,20,4,0
2025-04-11 21:00:00,Hive_09,34.47,19.83,56.78,65.63,47.777,176.8,1,Healthy,14.64,-8.849999999999994,34.35791666666667,0.3974372158966831,0.23000000000000398,179.46666666666667,21,4,0
2025-04-11 22:00:00,Hive_09,34.55,13.59,55.85,73.25,47.768,189.5,2,Healthy,20.959999999999997,-17.4,34.36416666666667,0.39930283447927734,0.2190000000000012,179.95000000000002,22,4,0
2025-04-11 23:00:00,Hive_09,34.93,15.89,52.53,78.95,47.803,199.5,2,Healthy,19.04,-26.42,34.40541666666667,0.40467892980964854,0.2469999999999999,183.91666666666666,23,4,0
2025-04-12 00:00:00,Hive_09,34.41,12.56,55.1,76.16,47.818,214.6,0,Healthy,21.849999999999994,-21.059999999999995,34.385,0.3907629104379158,0.2669999999999959,189.5666666666667,0,5,0
2025-04-12 01:00:00,Hive_09,34.43,10.59,53.69,76.23,47.822,200.4,0,Healthy,23.84,-22.540000000000006,34.39958333333333,0.3853793068457695,0.27900000000000347,193.41666666666666,1,5,0
2025-04-12 02:00:00,Hive_09,34.52,11.17,54.44,80.73,47.831,195.9,1,Healthy,23.35,-26.290000000000006,34.40958333333334,0.38525518552125065,0.29400000000000404,196.11666666666667,2,5,0
2025-04-12 03:00:00,Hive_09,34.69,10.52,56.62,84.86,47.853,220.9,2,Healthy,24.169999999999998,-28.240000000000002,34.432916666666664,0.3845435370462724,0.27600000000000335,203.4666666666667,3,5,0
2025-04-12 04:00:00,Hive_09,34.57,9.91,55.31,76.31,47.866,183.3,1,Healthy,24.66,-21.0,34.4375,0.3855346372529183,0.29299999999999926,202.43333333333337,4,5,0
2025-04-12 05:00:00,Hive_09,34.73,14.71,53.39,75.68,47.886,191.4,1,Healthy,20.019999999999996,-22.290000000000006,34.452083333333334,0.3898603893554804,0.27200000000000557,201.08333333333334,5,5,0
2025-04-12 06:00:00,Hive_09,34.54,15.92,56.89,69.04,47.871,227.9,43,Healthy,18.619999999999997,-12.150000000000006,34.454166666666666,0.39020525999470757,0.2430000000000021,203.30000000000004,6,5,0
2025-04-12 07:00:00,Hive_09,35.15,18.81,53.41,66.24,47.885,192.0,59,Healthy,16.34,-12.829999999999998,34.50208333333333,0.40242719208266775,0.25499999999999545,201.9,7,5,0
2025-04-12 08:00:00,Hive_09,34.3,20.17,54.93,64.35,47.894,204.9,74,Healthy,14.129999999999995,-9.419999999999995,34.4725,0.3893500716076368,0.24499999999999744,203.4,8,5,0
2025-04-12 09:00:00,Hive_09,34.54,23.29,54.62,62.24,47.873,202.3,89,Healthy,11.25,-7.6200000000000045,34.48083333333333,0.38853030396798166,0.21699999999999875,200.29999999999998,9,5,0
2025-04-12 10:00:00,Hive_09,34.89,22.85,57.45,56.16,47.867,238.3,88,Healthy,12.04,1.2900000000000063,34.535000000000004,0.34737525130238966,0.1909999999999954,209.4666666666667,10,5,0
2025-04-12 11:00:00,Hive_09,34.58,27.04,55.64,53.69,47.859,224.8,88,Healthy,7.539999999999999,1.9500000000000028,34.5425,0.3462752109798476,0.1390000000000029,215.03333333333333,11,5,0
2025-04-12 12:00:00,Hive_09,34.67,26.18,55.38,49.69,47.849,202.1,94,Healthy,8.490000000000002,5.690000000000005,34.56791666666667,0.3313867983866239,0.14399999999999835,210.73333333333335,12,5,0
2025-04-12 13:00:00,Hive_09,34.5,27.13,54.67,51.26,47.84,203.0,67,Healthy,7.370000000000001,3.4100000000000037,34.59791666666667,0.28650789755664746,0.08900000000000574,212.5666666666667,13,5,0
2025-04-12 14:00:00,Hive_09,34.19,30.16,52.84,52.37,47.873,197.5,85,Healthy,4.029999999999998,0.47000000000000597,34.583749999999995,0.2981801687629292,0.14499999999999602,211.33333333333334,14,5,0
2025-04-12 15:00:00,Hive_09,34.74,27.76,55.67,47.88,47.884,166.0,83,Healthy,6.98,7.789999999999999,34.57541666666666,0.29048653589493967,0.16899999999999693,205.28333333333333,15,5,0
2025-04-12 16:00:00,Hive_09,34.79,27.5,56.69,51.82,47.9,177.3,57,Healthy,7.289999999999999,4.869999999999997,34.59125,0.2914329291173601,0.1460000000000008,195.11666666666667,16,5,0
2025-04-12 17:00:00,Hive_09,34.75,24.61,55.49,53.9,47.907,209.4,52,Healthy,10.14,1.5900000000000034,34.57041666666667,0.2582799150006894,0.11999999999999744,192.54999999999998,17,5,0
2025-04-12 18:00:00,Hive_09,34.66,24.94,56.27,57.96,47.916,170.1,43,Healthy,9.719999999999995,-1.6899999999999977,34.595,0.23566741487697063,0.134999999999998,187.2166666666667,18,5,0
2025-04-12 19:00:00,Hive_09,34.3,23.24,55.09,59.99,47.948,206.9,57,Healthy,11.059999999999999,-4.899999999999999,34.58125,0.24304790188089714,0.1880000000000024,187.86666666666667,19,5,0
2025-04-12 20:00:00,Hive_09,34.43,20.6,52.67,65.73,47.961,200.6,36,Healthy,13.829999999999998,-13.060000000000002,34.59708333333334,0.2180243138947743,0.2119999999999962,188.38333333333335,20,5,0
2025-04-12 21:00:00,Hive_09,34.84,18.39,54.61,69.42,47.988,219.3,1,Healthy,16.450000000000003,-14.810000000000002,34.6125,0.22169799277398286,0.21099999999999852,197.26666666666668,21,5,0
2025-04-12 22:00:00,Hive_09,34.09,15.39,57.77,70.96,48.061,203.2,1,Healthy,18.700000000000003,-13.18999999999999,34.593333333333334,0.2458997085534625,0.29299999999999926,201.58333333333334,22,5,0
2025-04-12 23:00:00,Hive_09,34.27,16.95,53.68,76.81,48.088,205.7,3,Healthy,17.320000000000004,-23.130000000000003,34.56583333333333,0.243505497958959,0.2850000000000037,200.96666666666667,23,5,0
2025-04-13 00:00:00,Hive_09,34.27,14.13,53.68,75.55,48.102,198.2,1,Healthy,20.14,-21.869999999999997,34.56,0.2490154526373456,0.2839999999999989,205.64999999999998,0,6,0
2025-04-13 01:00:00,Hive_09,34.45,11.81,53.98,80.84,48.086,186.5,3,Healthy,22.64,-26.860000000000007,34.56083333333333,0.24859460042874434,0.2639999999999958,202.25,1,6,0
2025-04-13 02:00:00,Hive_09,34.69,11.0,53.78,83.63,48.084,168.4,1,Healthy,23.689999999999998,-29.849999999999994,34.56791666666667,0.24979955732664622,0.2530000000000001,196.88333333333333,2,6,0
2025-04-13 03:00:00,Hive_09,34.98,15.2,55.91,82.76,48.09,201.5,2,Healthy,19.779999999999998,-26.85000000000001,34.580000000000005,0.26264540486302385,0.23700000000000188,193.91666666666666,3,6,0
2025-04-13 04:00:00,Hive_09,34.48,13.05,52.97,76.42,48.112,186.4,2,Healthy,21.429999999999996,-23.450000000000003,34.576249999999995,0.2634357029053326,0.24600000000000222,191.11666666666667,4,6,0
2025-04-13 05:00:00,Hive_09,34.58,12.72,54.75,75.27,48.135,206.7,1,Healthy,21.86,-20.519999999999996,34.57,0.2614009081518606,0.24899999999999523,191.2833333333333,5,6,0
2025-04-13 06:00:00,Hive_09,34.26,15.12,58.15,71.18,48.132,216.4,51,Healthy,19.14,-13.030000000000008,34.55833333333333,0.2689377924946436,0.2609999999999957,194.3166666666667,6,6,0
2025-04-13 07:00:00,Hive_09,34.58,17.4,52.36,69.27,48.141,200.1,57,Healthy,17.18,-16.909999999999997,34.53458333333334,0.2377792027814217,0.2560000000000002,196.58333333333334,7,6,0
2025-04-13 08:00:00,Hive_09,34.98,16.82,55.83,64.34,48.13,213.4,58,Healthy,18.159999999999997,-8.510000000000005,34.562916666666666,0.2488666338609568,0.2360000000000042,204.08333333333334,8,6,0
2025-04-13 09:00:00,Hive_09,34.39,22.47,56.56,61.67,48.155,188.4,75,Healthy,11.920000000000002,-5.109999999999999,34.556666666666665,0.2513384461095463,0.2820000000000036,201.9,9,6,0
2025-04-13 10:00:00,Hive_09,34.7,22.71,54.98,56.35,48.185,176.3,87,Healthy,11.990000000000002,-1.3700000000000045,34.54875,0.2432445986709999,0.31800000000000495,200.21666666666667,10,6,0
2025-04-13 11:00:00,Hive_09,34.09,26.9,53.43,54.6,48.213,192.0,80,Healthy,7.190000000000005,-1.1700000000000017,34.52833333333333,0.2604622423887011,0.3539999999999992,197.76666666666665,11,6,0
2025-04-13 12:00:00,Hive_09,34.86,26.42,52.38,51.5,48.235,221.9,99,Healthy,8.439999999999998,0.8800000000000026,34.53625,0.26774115501163165,0.3860000000000028,198.68333333333337,12,6,0
2025-04-13 13:00:00,Hive_09,34.77,31.21,54.87,49.6,48.235,166.7,83,Healthy,3.5600000000000023,5.269999999999996,34.5475,0.27179355976630815,0.394999999999996,193.11666666666667,13,6,0
2025-04-13 14:00:00,Hive_09,35.13,29.6,55.61,46.57,48.223,203.4,91,Healthy,5.530000000000001,9.04,34.586666666666666,0.2854236617147861,0.3500000000000014,191.45000000000002,14,6,0
2025-04-13 15:00:00,Hive_09,35.09,26.99,54.49,49.26,48.23,219.9,77,Healthy,8.100000000000005,5.230000000000004,34.60125,0.3020554584840525,0.34599999999999653,196.70000000000002,15,6,0
2025-04-13 16:00:00,Hive_09,34.29,28.07,55.57,51.07,48.22,206.1,60,Healthy,6.219999999999999,4.5,34.580416666666665,0.30569207534305803,0.3200000000000003,201.66666666666666,16,6,0
2025-04-13 17:00:00,Hive_09,33.9,26.25,54.38,56.86,48.191,195.6,63,Healthy,7.649999999999999,-2.479999999999997,34.544999999999995,0.33319272396670757,0.284000000000006,202.26666666666665,17,6,0
2025-04-13 18:00:00,Hive_09,34.77,23.49,52.81,53.22,48.218,188.8,41,Healthy,11.280000000000005,-0.4099999999999966,34.54958333333334,0.3355913556261868,0.3020000000000067,196.75,18,6,0
2025-04-13 19:00:00,Hive_09,35.09,22.09,54.38,63.25,48.202,205.2,26,Healthy,13.000000000000004,-8.869999999999997,34.5825,0.34854043493204534,0.2539999999999978,203.16666666666666,19,6,0
2025-04-13 20:00:00,Hive_09,34.91,21.12,56.58,65.89,48.214,200.5,21,Healthy,13.789999999999996,-9.310000000000002,34.6025,0.3531504175154218,0.2530000000000001,202.6833333333333,20,6,0
2025-04-13 21:00:00,Hive_09,34.18,16.57,54.6,68.8,48.215,208.9,1,Healthy,17.61,-14.199999999999996,34.575,0.3594923957592224,0.22700000000000387,200.85,21,6,0
2025-04-13 22:00:00,Hive_09,34.15,17.49,55.82,71.9,48.222,195.9,1,Healthy,16.66,-16.080000000000005,34.5775,0.3561661800706197,0.16100000000000136,199.15,22,6,0
2025-04-13 23:00:00,Hive_09,34.66,14.33,56.11,75.07,48.225,230.0,1,Healthy,20.33,-18.959999999999994,34.59375,0.350376350452672,0.13700000000000045,204.88333333333333,23,6,0
2025-04-14 00:00:00,Hive_09,34.47,13.1,54.69,74.75,48.234,214.7,3,Healthy,21.369999999999997,-20.060000000000002,34.60208333333333,0.34467349599380653,0.132000000000005,209.20000000000002,0,0,0
2025-04-14 01:00:00,Hive_09,34.56,13.93,57.28,79.28,48.224,211.8,1,Healthy,20.630000000000003,-22.0,34.60666666666667,0.34329182245187867,0.13799999999999812,210.29999999999998,1,0,0
2025-04-14 02:00:00,Hive_09,34.24,13.71,54.01,79.73,48.224,214.3,3,Healthy,20.53,-25.720000000000006,34.587916666666665,0.35075048937544295,0.13999999999999346,212.6,2,0,0
2025-04-14 03:00:00,Hive_09,35.11,11.67,56.23,77.74,48.218,205.4,1,Healthy,23.439999999999998,-21.509999999999998,34.593333333333334,0.3579976520042999,0.1280000000000001,212.01666666666665,3,0,0
2025-04-14 04:00:00,Hive_09,34.09,11.14,54.28,77.37,48.221,191.9,2,Healthy,22.950000000000003,-23.090000000000003,34.577083333333334,0.37194528777961317,0.10899999999999466,211.35000000000002,4,0,0
2025-04-14 05:00:00,Hive_09,34.6,14.95,56.96,74.33,48.214,180.3,0,Healthy,19.650000000000002,-17.369999999999997,34.57791666666667,0.37197451019108035,0.07900000000000063,203.0666666666667,5,0,0
2025-04-14 06:00:00,Hive_09,34.75,16.56,56.93,75.48,48.18,187.5,38,Healthy,18.19,-18.550000000000004,34.598333333333336,0.3671827724796052,0.04800000000000182,198.53333333333333,6,0,0
2025-04-14 07:00:00,Hive_09,33.6,18.77,56.14,68.48,48.214,230.1,62,Healthy,14.830000000000002,-12.340000000000003,34.5575,0.4200025879837543,0.0730000000000004,201.58333333333334,7,0,0
2025-04-14 08:00:00,Hive_09,34.01,20.93,56.87,62.72,48.234,218.7,67,Healthy,13.079999999999998,-5.850000000000001,34.51708333333334,0.4242279859438492,0.1039999999999992,202.3166666666667,8,0,0
2025-04-14 09:00:00,Hive_09,34.27,25.63,54.52,61.74,48.212,185.9,74,Healthy,8.640000000000004,-7.219999999999999,34.51208333333333,0.4264920526979322,0.05700000000000216,199.0666666666667,9,0,0
2025-04-14 10:00:00,Hive_09,34.83,26.32,54.85,57.37,48.202,208.2,76,Healthy,8.509999999999998,-2.519999999999996,34.517500000000005,0.4297951989535036,0.016999999999995907,201.78333333333333,10,0,0
2025-04-14 11:00:00,Hive_09,34.68,25.06,53.77,58.46,48.227,185.9,71,Healthy,9.620000000000001,-4.689999999999998,34.54208333333333,0.4210646874465953,0.013999999999995794,202.7166666666667,11,0,0
2025-04-14 12:00:00,Hive_09,34.44,28.57,52.5,52.6,48.23,202.9,78,Healthy,5.869999999999997,-0.10000000000000142,34.52458333333333,0.41597427979296964,-0.005000000000002558,205.28333333333333,12,0,0
2025-04-14 13:00:00,Hive_09,34.57,27.79,55.88,53.61,48.231,184.2,83,Healthy,6.780000000000001,2.270000000000003,34.51625,0.41283550255993795,-0.003999999999997783,197.63333333333333,13,0,0
2025-04-14 14:00:00,Hive_09,34.44,29.58,54.24,49.81,48.216,220.5,82,Healthy,4.859999999999999,4.43,34.487500000000004,0.39172139611452544,-0.006999999999997897,197.9333333333333,14,0,0
2025-04-14 15:00:00,Hive_09,34.34,26.93,55.47,50.67,48.212,201.9,77,Healthy,7.410000000000004,4.799999999999997,34.45625,0.37093082092627355,-0.017999999999993577,200.6,15,0,0
2025-04-14 16:00:00,Hive_09,34.74,29.71,54.87,55.83,48.238,211.6,65,Healthy,5.030000000000001,-0.9600000000000009,34.475,0.3735260889555547,0.018000000000000682,201.16666666666666,16,0,0
2025-04-14 17:00:00,Hive_09,34.46,23.18,54.24,50.59,48.237,187.9,51,Healthy,11.280000000000001,3.6499999999999986,34.498333333333335,0.3529708285355924,0.045999999999999375,201.5,17,0,0
2025-04-14 18:00:00,Hive_09,34.68,24.98,54.59,51.44,48.276,204.0,32,Healthy,9.7,3.1500000000000057,34.49458333333334,0.35042805087575435,0.05799999999999983,201.6833333333333,18,0,0
2025-04-14 19:00:00,Hive_09,34.58,19.26,52.43,58.83,48.288,210.5,34,Healthy,15.319999999999997,-6.399999999999999,34.473333333333336,0.3274627979755387,0.08599999999999852,206.0666666666667,19,0,0
2025-04-14 20:00:00,Hive_09,34.95,18.67,57.74,60.7,48.323,195.9,29,Healthy,16.28,-2.960000000000001,34.475,0.32987481156394105,0.10900000000000176,201.96666666666667,20,0,0
2025-04-14 21:00:00,Hive_09,33.57,18.96,56.38,69.18,48.357,216.1,2,Healthy,14.61,-12.800000000000004,34.44958333333333,0.37412482416696924,0.1419999999999959,204.33333333333334,21,0,0
2025-04-14 22:00:00,Hive_09,34.47,17.44,54.0,69.67,48.396,202.8,1,Healthy,17.029999999999998,-15.670000000000002,34.462916666666665,0.36864592611417263,0.1739999999999995,202.86666666666667,22,0,0
2025-04-14 23:00:00,Hive_09,34.16,12.82,56.12,73.49,48.418,203.8,2,Healthy,21.339999999999996,-17.369999999999997,34.442083333333336,0.37114369848824025,0.19299999999999784,205.51666666666668,23,0,0
2025-04-15 00:00:00,Hive_09,34.7,11.86,54.92,74.3,48.445,206.4,1,Healthy,22.840000000000003,-19.379999999999995,34.45166666666667,0.3748468286214134,0.21099999999999852,205.91666666666666,0,1,0
2025-04-15 01:00:00,Hive_09,34.41,12.58,56.11,82.31,48.461,174.9,0,Healthy,21.83,-26.200000000000003,34.44541666666667,0.3742119739522901,0.23700000000000188,199.98333333333332,1,1,0
2025-04-15 02:00:00,Hive_09,34.21,11.94,56.61,79.0,48.441,197.0,1,Healthy,22.270000000000003,-22.39,34.44416666666667,0.3749772939985656,0.21700000000000585,200.16666666666666,2,1,0
2025-04-15 03:00:00,Hive_09,34.41,14.5,56.27,84.52,48.477,213.5,2,Healthy,19.909999999999997,-28.249999999999993,34.415,0.34712483658462584,0.25899999999999324,199.73333333333335,3,1,0
2025-04-15 04:00:00,Hive_09,34.61,10.41,54.66,80.34,48.485,203.9,1,Healthy,24.2,-25.680000000000007,34.43666666666667,0.3421500645428257,0.2640000000000029,199.91666666666666,4,1,0
2025-04-15 05:00:00,Hive_09,34.65,13.81,54.76,73.65,48.479,201.5,2,Healthy,20.839999999999996,-18.890000000000008,34.43875,0.34333799419939376,0.26500000000000057,199.53333333333333,5,1,0
2025-04-15 06:00:00,Hive_09,34.69,16.76,54.59,72.44,48.485,204.2,53,Healthy,17.929999999999996,-17.849999999999994,34.43625,0.3411847962869745,0.3049999999999997,199.16666666666666,6,1,0
2025-04-15 07:00:00,Hive_09,34.49,19.75,52.88,70.98,48.509,207.9,62,Healthy,14.740000000000002,-18.1,34.473333333333336,0.29102019452812283,0.2950000000000017,204.66666666666666,7,1,0
2025-04-15 08:00:00,Hive_09,34.02,21.16,53.69,64.26,48.461,206.7,69,Healthy,12.860000000000003,-10.570000000000007,34.47375,0.2903343275245425,0.22699999999999676,206.2833333333333,8,1,0
2025-04-15 09:00:00,Hive_09,34.35,23.36,53.76,62.62,48.455,228.7,76,Healthy,10.990000000000002,-8.86,34.47708333333333,0.28834579431898727,0.242999999999995,208.81666666666663,9,1,0
2025-04-15 10:00:00,Hive_09,34.02,23.59,54.4,58.08,48.448,184.0,82,Healthy,10.430000000000003,-3.6799999999999997,34.443333333333335,0.292614402252847,0.24600000000000222,205.5,10,1,0
2025-04-15 11:00:00,Hive_09,34.39,25.73,55.12,51.88,48.467,195.9,91,Healthy,8.66,3.239999999999995,34.43125,0.28837343693625306,0.240000000000002,204.5666666666667,11,1,0
2025-04-15 12:00:00,Hive_09,34.66,26.4,53.99,54.57,48.467,205.9,84,Healthy,8.259999999999998,-0.5799999999999983,34.440416666666664,0.29213575115251245,0.23700000000000188,204.85,12,1,0
2025-04-15 13:00:00,Hive_09,34.39,24.83,56.02,51.1,48.478,209.7,113,Healthy,9.560000000000002,4.920000000000002,34.432916666666664,0.2909725695523146,0.2469999999999999,205.14999999999998,13,1,0
2025-04-15 14:00:00,Hive_09,34.63,29.92,55.18,49.3,48.493,176.5,95,Healthy,4.710000000000001,5.880000000000003,34.44083333333333,0.29374518189078686,0.277000000000001,200.11666666666665,14,1,0
2025-04-15 15:00:00,Hive_09,33.97,24.27,53.94,50.48,48.507,213.0,88,Healthy,9.7,3.460000000000001,34.42541666666667,0.3086010392874058,0.2949999999999946,197.5,15,1,0
2025-04-15 16:00:00,Hive_09,34.48,26.64,53.93,53.99,48.525,186.2,68,Healthy,7.839999999999996,-0.060000000000002274,34.41458333333333,0.30156085501164187,0.28699999999999903,197.86666666666667,16,1,0
2025-04-15 17:00:00,Hive_09,34.6,24.94,55.22,51.29,48.558,172.0,53,Healthy,9.66,3.9299999999999997,34.42041666666667,0.30382316319323754,0.32099999999999795,193.88333333333333,17,1,0
2025-04-15 18:00:00,Hive_09,34.72,25.69,57.18,58.56,48.553,187.0,58,Healthy,9.029999999999998,-1.3800000000000026,34.42208333333334,0.305414602974606,0.2769999999999939,190.73333333333335,18,1,0
2025-04-15 19:00:00,Hive_09,34.45,23.02,53.54,60.87,48.594,230.4,50,Healthy,11.430000000000003,-7.329999999999998,34.416666666666664,0.3036397560420339,0.3060000000000045,194.1833333333333,19,1,0
2025-04-15 20:00:00,Hive_09,34.6,20.98,52.36,66.18,48.595,212.3,21,Healthy,13.620000000000001,-13.820000000000007,34.40208333333333,0.28472685868733766,0.27199999999999847,200.14999999999998,20,1,0
2025-04-15 21:00:00,Hive_09,34.85,18.16,56.41,71.2,48.61,212.0,1,Healthy,16.69,-14.790000000000006,34.45541666666667,0.23816288117800996,0.2530000000000001,199.98333333333332,21,1,0
2025-04-15 22:00:00,Hive_09,34.52,18.55,54.29,69.32,48.634,194.9,4,Healthy,15.970000000000002,-15.029999999999994,34.4575,0.23851442395540645,0.23799999999999955,201.4333333333333,22,1,0
2025-04-15 23:00:00,Hive_09,33.7,15.72,53.29,73.61,48.655,196.1,1,Healthy,17.980000000000004,-20.32,34.43833333333334,0.2785781705400531,0.23700000000000188,205.45000000000002,23,1,0
2025-04-16 00:00:00,Hive_09,34.4,11.99,54.35,79.65,48.685,223.4,0,Healthy,22.409999999999997,-25.300000000000004,34.42583333333334,0.27300130062862205,0.240000000000002,211.51666666666665,0,2,0
2025-04-16 01:00:00,Hive_09,34.78,14.04,55.98,79.27,48.696,200.9,2,Healthy,20.740000000000002,-23.29,34.441250000000004,0.2823551956698036,0.23499999999999943,206.6,1,2,0
2025-04-16 02:00:00,Hive_09,35.12,10.36,56.75,77.71,48.725,197.7,0,Healthy,24.759999999999998,-20.959999999999994,34.479166666666664,0.30972521716018964,0.2839999999999989,204.16666666666666,2,2,0
2025-04-16 03:00:00,Hive_09,34.85,11.48,55.64,80.31,48.745,197.4,2,Healthy,23.37,-24.67,34.4975,0.3183551475946345,0.2680000000000007,201.73333333333335,3,2,0
2025-04-16 04:00:00,Hive_09,34.43,11.71,57.17,78.24,48.697,197.7,2,Healthy,22.72,-21.069999999999993,34.49,0.31770919161205136,0.2120000000000033,202.20000000000002,4,2,0
2025-04-16 05:00:00,Hive_09,34.46,11.56,53.57,77.09,48.728,188.8,2,Healthy,22.9,-23.520000000000003,34.482083333333335,0.31591109325343303,0.24900000000000233,200.98333333333335,5,2,0
2025-04-16 06:00:00,Hive_09,34.2,16.28,53.93,71.68,48.755,217.3,56,Healthy,17.92,-17.750000000000007,34.461666666666666,0.3177183147636106,0.2700000000000031,199.96666666666667,6,2,0
2025-04-16 07:00:00,Hive_09,34.59,17.89,54.1,70.27,48.747,195.3,54,Healthy,16.700000000000003,-16.169999999999995,34.46583333333333,0.3187600524132379,0.23799999999999955,199.03333333333333,7,2,0
2025-04-16 08:00:00,Hive_09,34.58,20.19,57.2,68.21,48.757,197.5,54,Healthy,14.389999999999997,-11.009999999999991,34.48916666666667,0.3049007916579158,0.2959999999999994,199.0,8,2,0
2025-04-16 09:00:00,Hive_09,34.24,23.03,53.48,59.81,48.774,191.3,94,Healthy,11.21,-6.330000000000005,34.48458333333333,0.3078957921774504,0.3190000000000026,197.98333333333335,9,2,0
2025-04-16 10:00:00,Hive_09,33.79,25.68,55.18,56.43,48.778,213.3,84,Healthy,8.11,-1.25,34.475,0.3260301399777514,0.3299999999999983,200.58333333333334,10,2,0
2025-04-16 11:00:00,Hive_09,34.12,27.38,53.88,55.38,48.779,197.5,85,Healthy,6.739999999999998,-1.5,34.46375,0.33365971340247824,0.3120000000000047,202.03333333333333,11,2,0
2025-04-16 12:00:00,Hive_09,34.37,28.01,55.99,53.02,48.765,210.5,98,Healthy,6.359999999999996,2.969999999999999,34.45166666666667,0.3314876437682269,0.2980000000000018,200.9,12,2,0
2025-04-16 13:00:00,Hive_09,34.7,28.14,56.57,51.56,48.79,218.1,72,Healthy,6.560000000000002,5.009999999999998,34.46458333333334,0.3350013519332415,0.3119999999999976,204.70000000000002,13,2,0
2025-04-16 14:00:00,Hive_09,34.55,28.2,56.35,49.91,48.803,201.3,89,Healthy,6.349999999999998,6.440000000000005,34.46125,0.3336792589090376,0.30999999999999517,205.33333333333334,14,2,0
2025-04-16 15:00:00,Hive_09,34.47,25.47,57.22,53.62,48.796,186.3,76,Healthy,9.0,3.6000000000000014,34.482083333333335,0.31685930448793803,0.2890000000000015,204.5,15,2,0
2025-04-16 16:00:00,Hive_09,34.26,26.98,55.56,50.99,48.835,224.9,67,Healthy,7.279999999999998,4.57,34.47291666666667,0.3200880200502809,0.3100000000000023,206.4333333333333,16,2,0
2025-04-16 17:00:00,Hive_09,35.01,24.04,56.54,53.87,48.852,193.0,69,Healthy,10.969999999999999,2.6700000000000017,34.49,0.3376259829275989,0.29399999999999693,205.6833333333333,17,2,0
2025-04-16 18:00:00,Hive_09,33.91,27.39,53.46,57.21,48.864,197.7,63,Healthy,6.519999999999996,-3.75,34.45625,0.353735500547828,0.31099999999999994,203.54999999999998,18,2,0
2025-04-16 19:00:00,Hive_09,34.31,21.18,56.17,60.77,48.857,196.5,24,Healthy,13.130000000000003,-4.600000000000001,34.45041666666667,0.3549951520387425,0.2629999999999981,199.95000000000002,19,2,0
2025-04-16 20:00:00,Hive_09,35.03,19.21,56.01,68.33,48.875,190.6,31,Healthy,15.82,-12.32,34.468333333333334,0.3732543912396858,0.28000000000000114,198.16666666666666,20,2,0
2025-04-16 21:00:00,Hive_09,34.74,18.18,53.58,68.92,48.937,224.4,1,Healthy,16.560000000000002,-15.340000000000003,34.46375,0.3690152877709718,0.3269999999999982,204.51666666666665,21,2,0
2025-04-16 22:00:00,Hive_09,34.69,16.16,54.87,71.3,48.909,186.2,3,Healthy,18.529999999999998,-16.43,34.47083333333333,0.371763326613171,0.2749999999999986,198.0666666666667,22,2,0
2025-04-16 23:00:00,Hive_09,34.7,14.01,56.41,75.15,48.917,167.5,1,Healthy,20.690000000000005,-18.74000000000001,34.512499999999996,0.3359250692846818,0.26200000000000045,193.8166666666667,23,2,0
2025-04-17 00:00:00,Hive_09,34.52,9.86,55.07,75.19,48.953,199.5,1,Healthy,24.660000000000004,-20.119999999999997,34.5175,0.33506975263434446,0.2680000000000007,194.11666666666665,0,3,0
2025-04-17 01:00:00,Hive_09,34.77,14.08,54.9,82.99,48.957,182.1,1,Healthy,20.690000000000005,-28.089999999999996,34.51708333333333,0.3347351862704938,0.2610000000000028,191.71666666666667,1,3,0
2025-04-17 02:00:00,Hive_09,34.4,11.33,54.58,77.35,48.992,175.7,2,Healthy,23.07,-22.769999999999996,34.48708333333334,0.30967695884676555,0.2669999999999959,189.23333333333335,2,3,0
2025-04-17 03:00:00,Hive_09,34.35,10.23,55.03,75.58,49.027,196.0,1,Healthy,24.12,-20.549999999999997,34.466249999999995,0.3008944997835594,0.2820000000000036,184.5,3,3,0
2025-04-17 04:00:00,Hive_09,33.44,12.02,53.77,76.96,49.054,163.2,1,Healthy,21.419999999999998,-23.18999999999999,34.425000000000004,0.3667364887407658,0.3569999999999993,180.66666666666666,4,3,0
2025-04-17 05:00:00,Hive_09,34.54,13.91,55.63,77.04,49.049,173.6,1,Healthy,20.63,-21.410000000000004,34.428333333333335,0.36743135018863393,0.32099999999999795,181.6833333333333,5,3,0
2025-04-17 06:00:00,Hive_09,34.07,15.79,58.13,74.82,49.062,188.6,41,Healthy,18.28,-16.68999999999999,34.422916666666666,0.37187514462302834,0.30699999999999505,179.86666666666667,6,3,0
2025-04-17 07:00:00,Hive_09,34.5,17.69,55.96,68.75,49.059,201.6,57,Healthy,16.81,-12.79,34.41916666666667,0.3705685017547302,0.3119999999999976,183.11666666666665,7,3,0
2025-04-17 08:00:00,Hive_09,35.14,22.47,53.67,61.38,49.047,195.6,72,Healthy,12.670000000000002,-7.710000000000001,34.4425,0.39776823052801363,0.28999999999999915,186.4333333333333,8,3,0
2025-04-17 09:00:00,Hive_09,34.37,21.53,54.03,62.31,49.039,218.9,82,Healthy,12.839999999999996,-8.280000000000001,34.447916666666664,0.3957708951518188,0.26500000000000057,190.25,9,3,0
2025-04-17 10:00:00,Hive_09,34.1,22.26,59.09,56.6,49.052,170.2,71,Healthy,11.84,2.490000000000002,34.46083333333333,0.37802595570728237,0.2740000000000009,191.41666666666666,10,3,0
2025-04-17 11:00:00,Hive_09,33.99,23.78,52.95,54.98,49.057,198.8,83,Healthy,10.21,-2.029999999999994,34.45541666666667,0.38400610464652046,0.2779999999999987,195.61666666666667,11,3,0
2025-04-17 12:00:00,Hive_09,34.63,26.31,52.0,49.14,49.064,226.7,86,Healthy,8.320000000000004,2.8599999999999994,34.46625,0.3851573647902544,0.2989999999999995,201.96666666666667,12,3,0
2025-04-17 13:00:00,Hive_09,34.41,25.63,55.28,50.28,49.077,214.4,83,Healthy,8.779999999999998,5.0,34.454166666666666,0.38204161697575084,0.28699999999999903,204.1,13,3,0
2025-04-17 14:00:00,Hive_09,34.3,26.75,55.43,48.38,49.06,185.8,85,Healthy,7.549999999999997,7.049999999999997,34.44375,0.3827226547185022,0.257000000000005,202.4666666666667,14,3,0
2025-04-17 15:00:00,Hive_09,34.6,29.53,54.69,48.74,49.08,200.9,78,Healthy,5.07,5.949999999999996,34.44916666666666,0.3840280409447731,0.2839999999999989,199.46666666666667,15,3,0
2025-04-17 16:00:00,Hive_09,34.42,30.76,53.62,57.87,49.095,209.1,83,Healthy,3.66,-4.25,34.45583333333333,0.3819847102183243,0.259999999999998,205.95000000000002,16,3,0
2025-04-17 17:00:00,Hive_09,34.35,22.29,53.79,53.57,49.075,196.6,67,Healthy,12.060000000000002,0.21999999999999886,34.428333333333335,0.3636728901285947,0.22300000000000608,205.58333333333334,17,3,0
2025-04-17 18:00:00,Hive_09,34.63,22.13,57.47,57.68,49.097,198.7,53,Healthy,12.500000000000004,-0.21000000000000085,34.458333333333336,0.3484333467127494,0.2330000000000041,200.91666666666666,18,3,0
2025-04-17 19:00:00,Hive_09,34.74,23.21,54.5,61.36,49.131,192.4,32,Healthy,11.530000000000001,-6.859999999999999,34.47625,0.3515161261685202,0.2740000000000009,197.25,19,3,0
2025-04-17 20:00:00,Hive_09,34.73,19.3,52.64,63.06,49.133,204.9,30,Healthy,15.429999999999996,-10.420000000000002,34.46375,0.3359582336877717,0.25800000000000267,200.4333333333333,20,3,0
2025-04-17 21:00:00,Hive_09,34.55,17.87,53.5,68.6,49.133,196.1,2,Healthy,16.679999999999996,-15.099999999999994,34.45583333333333,0.3313728579930617,0.19600000000000506,199.63333333333333,21,3,0
2025-04-17 22:00:00,Hive_09,34.72,17.41,55.13,72.24,49.142,211.8,0,Healthy,17.31,-17.109999999999992,34.45708333333334,0.3323497263120694,0.2330000000000041,200.08333333333334,22,3,0
2025-04-17 23:00:00,Hive_09,34.81,15.01,54.01,74.24,49.145,176.5,2,Healthy,19.800000000000004,-20.229999999999997,34.461666666666666,0.3365769718370713,0.22800000000000153,196.73333333333335,23,3,0
2025-04-18 00:00:00,Hive_09,34.51,12.45,52.5,76.92,49.142,197.2,3,Healthy,22.06,-24.42,34.46125,0.33650780080110787,0.18900000000000006,196.48333333333332,0,4,0
2025-04-18 01:00:00,Hive_09,34.52,12.55,60.11,80.28,49.17,169.5,2,Healthy,21.970000000000002,-20.17,34.450833333333335,0.3303478623283697,0.21300000000000097,192.66666666666666,1,4,0
2025-04-18 02:00:00,Hive_09,34.53,13.64,54.19,77.1,49.162,220.0,1,Healthy,20.89,-22.909999999999997,34.456250000000004,0.330543853566258,0.1700000000000017,195.1833333333333,2,4,0
2025-04-18 03:00:00,Hive_09,34.17,11.29,54.18,77.69,49.161,182.2,1,Healthy,22.880000000000003,-23.509999999999998,34.44875,0.3350705636260686,0.13400000000000034,192.86666666666667,3,4,0
2025-04-18 04:00:00,Hive_09,34.79,9.28,54.2,78.19,49.178,196.2,4,Healthy,25.509999999999998,-23.989999999999995,34.505,0.2641804389954561,0.12399999999999523,190.26666666666665,4,4,0
2025-04-18 05:00:00,Hive_09,34.89,15.8,58.62,73.87,49.183,207.3,3,Healthy,19.09,-15.250000000000007,34.51958333333334,0.27560966674956394,0.13400000000000034,195.4,5,4,0
2025-04-18 06:00:00,Hive_09,34.55,14.32,53.77,68.83,49.189,215.4,55,Healthy,20.229999999999997,-15.059999999999995,34.53958333333333,0.2584481979324002,0.12700000000000244,198.4333333333333,6,4,0
2025-04-18 07:00:00,Hive_09,34.31,18.77,53.94,68.63,49.234,233.8,71,Healthy,15.540000000000003,-14.689999999999998,34.531666666666666,0.2625902191408061,0.17500000000000426,209.15,7,4,0
2025-04-18 08:00:00,Hive_09,35.32,19.58,55.68,62.77,49.252,191.0,76,Healthy,15.740000000000002,-7.090000000000003,34.53916666666667,0.2825338250879933,0.2050000000000054,204.3166666666667,8,4,0
2025-04-18 09:00:00,Hive_09,34.4,21.76,55.6,59.01,49.293,176.4,65,Healthy,12.639999999999997,-3.4099999999999966,34.540416666666665,0.2818183066641111,0.2539999999999978,203.35,9,4,0
2025-04-18 10:00:00,Hive_09,34.5,23.36,54.26,55.63,49.306,202.5,71,Healthy,11.14,-1.3700000000000045,34.55708333333333,0.26602515681413763,0.2539999999999978,204.4,10,4,0
2025-04-18 11:00:00,Hive_09,34.84,25.34,53.98,52.8,49.306,186.4,88,Healthy,9.500000000000004,1.1799999999999997,34.5925,0.24281411748948123,0.24899999999999523,200.91666666666666,11,4,0
2025-04-18 12:00:00,Hive_09,31.96,26.7,72.04,54.97,49.21,321.2,34,At Risk,5.260000000000002,17.070000000000007,34.481249999999996,0.5893128828670264,0.1460000000000008,218.54999999999998,12,4,1
2025-04-18 13:00:00,Hive_09,34.83,26.87,66.29,48.06,49.187,303.5,31,At Risk,7.959999999999997,18.230000000000004,34.49875,0.5933274812445528,0.10999999999999943,230.16666666666666,13,4,1
2025-04-18 14:00:00,Hive_09,34.18,27.54,61.76,52.49,49.089,371.9,29,At Risk,6.640000000000001,9.269999999999996,34.49375,0.5955765383588264,0.028999999999996362,260.31666666666666,14,4,1
2025-04-18 15:00:00,Hive_09,31.23,26.36,72.49,51.55,49.024,311.1,32,At Risk,4.870000000000001,20.939999999999998,34.35333333333333,0.8926251789776648,-0.055999999999997385,282.76666666666665,15,4,1
2025-04-18 16:00:00,Hive_09,30.82,27.03,66.03,48.17,48.963,344.2,33,At Risk,3.789999999999999,17.86,34.20333333333333,1.1471312675223748,-0.1319999999999979,306.3833333333333,16,4,1
2025-04-18 17:00:00,Hive_09,30.98,24.6,65.88,51.43,48.937,329.5,27,At Risk,6.379999999999999,14.449999999999996,34.062916666666666,1.3214138645591713,-0.13800000000000523,330.23333333333335,17,4,1
2025-04-18 18:00:00,Hive_09,33.16,23.38,67.97,58.5,48.921,323.0,25,At Risk,9.779999999999998,9.469999999999999,34.00166666666667,1.3280376718944882,-0.17600000000000193,330.53333333333336,18,4,1
2025-04-18 19:00:00,Hive_09,33.41,23.02,67.01,58.98,48.903,329.2,8,At Risk,10.389999999999997,8.030000000000008,33.94625,1.3236307527271816,-0.22800000000000153,334.81666666666666,19,4,1
2025-04-18 20:00:00,Hive_09,30.8,20.98,67.49,67.29,48.827,296.7,6,At Risk,9.82,0.19999999999998863,33.7825,1.4586630269143162,-0.3060000000000045,322.2833333333333,20,4,1
2025-04-18 21:00:00,Hive_09,32.06,17.57,67.68,68.32,48.817,289.6,0,At Risk,14.490000000000002,-0.6399999999999864,33.67875,1.4899177464894524,-0.3160000000000025,318.7,21,4,1
2025-04-18 22:00:00,Hive_09,33.14,14.02,67.73,73.51,48.746,314.8,0,At Risk,19.12,-5.780000000000001,33.61291666666667,1.476757550283285,-0.3960000000000008,313.8,22,4,1
2025-04-18 23:00:00,Hive_09,32.56,13.79,68.53,77.45,48.7,301.0,0,At Risk,18.770000000000003,-8.920000000000002,33.51916666666666,1.468856155583974,-0.4450000000000003,309.05,23,4,1
2025-04-19 00:00:00,Hive_09,34.65,13.2,67.76,78.61,48.661,337.0,0,At Risk,21.45,-10.849999999999994,33.525,1.473233651293704,-0.48100000000000165,311.3833333333333,0,5,1
2025-04-19 01:00:00,Hive_09,31.79,14.45,65.64,80.19,48.636,349.5,0,At Risk,17.34,-14.549999999999997,33.41125,1.4982491593450238,-0.5339999999999989,314.76666666666665,1,5,1
2025-04-19 02:00:00,Hive_09,32.1,11.57,69.46,84.01,48.603,309.4,0,At Risk,20.53,-14.550000000000011,33.31,1.5014630546062786,-0.5589999999999975,316.8833333333334,2,5,1
2025-04-19 03:00:00,Hive_09,30.81,13.42,65.8,81.88,48.573,346.9,0,At Risk,17.39,-16.08,33.169999999999995,1.5727433799352644,-0.588000000000001,326.43333333333334,3,5,1
2025-04-19 04:00:00,Hive_09,31.06,13.61,72.82,77.79,48.493,280.1,0,At Risk,17.45,-4.970000000000013,33.014583333333334,1.5899001313088716,-0.6849999999999952,320.65000000000003,4,5,1
2025-04-19 05:00:00,Hive_09,31.28,15.63,70.3,75.03,48.433,332.2,0,At Risk,15.65,-4.730000000000004,32.86416666666667,1.5754582954110259,-0.75,325.84999999999997,5,5,1
2025-04-19 06:00:00,Hive_09,30.52,14.65,70.32,74.53,48.38,329.1,17,At Risk,15.87,-4.210000000000008,32.69625,1.6024975412040077,-0.8089999999999975,324.53333333333336,6,5,1
2025-04-19 07:00:00,Hive_09,33.48,18.18,66.79,66.13,48.351,325.1,22,At Risk,15.299999999999997,0.6600000000000108,32.66166666666667,1.5748751963433916,-0.8830000000000027,320.46666666666664,7,5,1
2025-04-19 08:00:00,Hive_09,31.91,21.87,72.75,61.53,48.299,334.7,27,At Risk,10.04,11.219999999999999,32.51958333333334,1.475290624770546,-0.953000000000003,324.68333333333334,8,5,1
2025-04-19 09:00:00,Hive_09,31.77,21.1,68.42,62.2,48.232,341.0,31,At Risk,10.669999999999998,6.219999999999999,32.41,1.4264092954900713,-1.061,323.7,9,5,1
2025-04-19 10:00:00,Hive_09,32.94,25.35,71.17,59.52,48.141,299.8,46,At Risk,7.589999999999996,11.649999999999999,32.345,1.3610769393323094,-1.1649999999999991,326.9833333333333,10,5,1
2025-04-19 11:00:00,Hive_09,32.2,25.89,63.57,53.91,48.084,310.2,34,At Risk,6.310000000000002,9.660000000000004,32.235,1.2530623357961401,-1.2219999999999942,323.31666666666666,11,5,1
2025-04-19 12:00:00,Hive_09,29.84,27.15,68.82,50.82,48.034,334.8,32,At Risk,2.6900000000000013,17.999999999999993,32.14666666666667,1.344666328957277,-1.176000000000002,324.26666666666665,12,5,1
2025-04-19 13:00:00,Hive_09,32.17,26.74,70.02,50.08,48.009,349.8,37,At Risk,5.430000000000003,19.939999999999998,32.03583333333333,1.2174882078408051,-1.1779999999999973,328.3833333333334,13,5,1
2025-04-19 14:00:00,Hive_09,29.89,28.78,73.85,53.66,47.978,336.0,33,At Risk,1.1099999999999994,20.189999999999998,31.857083333333335,1.203847018905237,-1.110999999999997,328.59999999999997,14,5,1
2025-04-19 15:00:00,Hive_09,33.04,25.72,69.27,51.57,47.973,299.0,27,At Risk,7.32,17.699999999999996,31.9325,1.2194483784997192,-1.051000000000002,321.59999999999997,15,5,1
2025-04-19 16:00:00,Hive_09,29.6,28.84,74.19,52.2,47.878,302.8,25,At Risk,0.7600000000000016,21.989999999999995,31.88166666666667,1.2911594609585153,-1.0850000000000009,322.1,16,5,1
2025-04-19 17:00:00,Hive_09,32.24,25.23,65.96,55.44,47.788,373.6,23,At Risk,7.010000000000002,10.519999999999996,31.93416666666667,1.2784566669523334,-1.149000000000001,332.6666666666667,17,5,1
2025-04-19 18:00:00,Hive_09,29.37,23.14,65.32,60.69,47.709,364.8,18,At Risk,6.23,4.6299999999999955,31.77625,1.3523918023102595,-1.2119999999999962,337.6666666666667,18,5,1
2025-04-19 19:00:00,Hive_09,33.31,25.49,68.26,56.23,47.674,351.9,14,At Risk,7.820000000000004,12.030000000000008,31.77208333333333,1.3472838349373633,-1.2289999999999992,338.01666666666665,19,5,1
2025-04-19 20:00:00,Hive_09,31.93,18.37,65.66,65.23,47.641,319.7,4,At Risk,13.559999999999999,0.4299999999999926,31.81916666666667,1.3314879439660794,-1.186,335.3,20,5,1
2025-04-19 21:00:00,Hive_09,30.29,15.39,67.95,70.75,47.647,367.7,0,At Risk,14.899999999999999,-2.799999999999997,31.745416666666667,1.3661369820126577,-1.1700000000000017,346.75,21,5,1
2025-04-19 22:00:00,Hive_09,34.54,15.6,64.13,74.74,47.617,351.8,0,At Risk,18.939999999999998,-10.61,31.803749999999997,1.4552567754895263,-1.1290000000000049,354.9166666666667,22,5,1
2025-04-19 23:00:00,Hive_09,32.12,13.39,60.97,76.19,47.539,326.6,0,At Risk,18.729999999999997,-15.219999999999999,31.785416666666666,1.448069116674387,-1.1610000000000014,347.0833333333333,23,5,1
2025-04-20 00:00:00,Hive_09,31.16,11.28,65.73,81.08,47.543,344.9,0,At Risk,19.880000000000003,-15.349999999999994,31.639999999999997,1.3172203935624558,-1.118000000000002,343.76666666666665,0,6,1
2025-04-20 01:00:00,Hive_09,32.29,12.34,70.48,76.01,47.479,363.1,0,At Risk,19.95,-5.530000000000001,31.660833333333333,1.323634379658498,-1.1570000000000036,345.6333333333334,1,6,1
2025-04-20 02:00:00,Hive_09,32.0,11.09,70.4,83.54,47.391,396.2,0,At Risk,20.91,-13.14,31.656666666666666,1.3223485913710091,-1.2120000000000033,358.3833333333334,2,6,1
2025-04-20 03:00:00,Hive_09,32.23,10.65,66.89,78.01,47.365,291.9,0,At Risk,21.58,-11.120000000000005,31.715833333333336,1.3145636295863885,-1.2079999999999984,345.75,3,6,1
2025-04-20 04:00:00,Hive_09,32.42,13.26,63.11,79.58,47.363,331.5,0,At Risk,19.160000000000004,-16.47,31.772499999999997,1.3143761952379402,-1.1300000000000026,342.3666666666666,4,6,1
2025-04-20 05:00:00,Hive_09,31.67,13.98,66.51,74.97,47.309,357.5,0,At Risk,17.69,-8.459999999999994,31.788749999999997,1.310427452663872,-1.1240000000000023,347.51666666666665,5,6,1
2025-04-20 06:00:00,Hive_09,32.1,14.6,62.65,73.41,47.278,330.3,30,At Risk,17.5,-10.759999999999998,31.854583333333334,1.2833244164943254,-1.1020000000000039,345.0833333333333,6,6,1
2025-04-20 07:00:00,Hive_09,32.5,16.84,67.66,67.66,47.266,286.6,14,At Risk,15.66,0.0,31.81375,1.2443570454339932,-1.0850000000000009,332.3333333333333,7,6,1
2025-04-20 08:00:00,Hive_09,34.84,21.28,66.42,62.94,47.193,301.0,28,At Risk,13.560000000000002,3.480000000000004,31.935833333333335,1.3894788408877867,-1.1060000000000016,316.46666666666664,8,6,1
2025-04-20 09:00:00,Hive_09,30.7,24.19,66.88,60.42,47.149,305.4,38,At Risk,6.509999999999998,6.459999999999994,31.89125,1.4120146338074728,-1.0829999999999984,318.7166666666667,9,6,1
2025-04-20 10:00:00,Hive_09,33.29,24.03,73.1,60.06,47.137,346.1,30,At Risk,9.259999999999998,13.039999999999992,31.905833333333334,1.425064198909646,-1.0039999999999978,321.15000000000003,10,6,1
2025-04-20 11:00:00,Hive_09,34.79,25.44,65.79,52.23,47.068,297.9,33,At Risk,9.349999999999998,13.56000000000001,32.01375,1.541610711871205,-1.0160000000000053,311.2166666666667,11,6,1
2025-04-20 12:00:00,Hive_09,30.87,28.52,65.85,52.7,47.013,329.6,28,At Risk,2.3500000000000014,13.149999999999991,32.056666666666665,1.4920038077425846,-1.0210000000000008,311.09999999999997,12,6,1
2025-04-20 13:00:00,Hive_09,32.68,27.16,71.04,50.22,46.943,338.5,36,At Risk,5.52,20.820000000000007,32.077916666666674,1.4973105720841275,-1.0660000000000025,319.75,13,6,1
2025-04-20 14:00:00,Hive_09,31.73,28.72,75.14,51.91,46.765,40.0,5,Critical,3.0100000000000016,23.230000000000004,32.15458333333333,1.4258116808593324,-1.213000000000001,276.25,14,6,2
2025-04-20 15:00:00,Hive_09,28.35,28.71,73.34,46.5,46.608,383.6,3,Critical,-0.35999999999999943,26.840000000000003,31.959166666666665,1.6088340813921065,-1.365000000000002,289.28333333333336,15,6,2
2025-04-20 16:00:00,Hive_09,28.06,27.15,73.32,54.11,46.313,476.3,4,Critical,0.9100000000000001,19.209999999999994,31.895,1.7329417060366552,-1.5649999999999977,310.98333333333335,16,6,2
2025-04-20 17:00:00,Hive_09,28.11,25.11,81.63,50.44,46.135,40.0,3,Critical,3.0,31.189999999999998,31.722916666666663,1.8947008004399692,-1.6529999999999987,268.0,17,6,2
2025-04-20 18:00:00,Hive_09,29.21,24.34,80.28,55.44,45.99,40.0,5,Critical,4.870000000000001,24.840000000000003,31.71625,1.9036002788764723,-1.7190000000000012,219.73333333333335,18,6,2
2025-04-20 19:00:00,Hive_09,29.55,21.87,89.65,63.47,45.864,387.1,3,Critical,7.68,26.180000000000007,31.559583333333336,1.9213728768470408,-1.8100000000000023,227.83333333333334,19,6,2
2025-04-20 20:00:00,Hive_09,30.39,20.13,90.27,64.98,45.664,40.0,1,Critical,10.260000000000002,25.289999999999992,31.495416666666667,1.9341372173043254,-1.9769999999999968,227.83333333333334,20,6,2
2025-04-20 21:00:00,Hive_09,31.07,18.21,84.04,72.68,45.468,451.7,2,Critical,12.86,11.36,31.527916666666666,1.919499434672892,-2.178999999999995,239.1833333333333,21,6,2
2025-04-20 22:00:00,Hive_09,25.42,16.27,88.05,72.12,45.315,408.8,3,Critical,9.150000000000002,15.929999999999993,31.14791666666667,2.182055232167876,-2.3019999999999996,227.9333333333333,22,6,2
2025-04-20 23:00:00,Hive_09,28.9,14.96,83.14,76.55,45.146,400.1,1,Critical,13.939999999999998,6.590000000000003,31.01375,2.2183774181965763,-2.3930000000000007,287.95,23,6,2
2025-04-21 00:00:00,Hive_09,27.37,11.92,80.57,78.61,44.952,40.0,2,Critical,15.450000000000001,1.9599999999999937,30.855833333333337,2.3391245420429545,-2.591000000000001,287.95,0,0,2
2025-04-21 01:00:00,Hive_09,30.0,9.5,76.42,77.19,44.839,419.5,0,Critical,20.5,-0.769999999999996,30.760416666666668,2.3247411808565372,-2.6400000000000006,293.34999999999997,1,0,2
2025-04-21 02:00:00,Hive_09,24.26,12.75,79.86,79.57,44.668,415.8,3,Critical,11.510000000000002,0.29000000000000625,30.437916666666666,2.6582471818304074,-2.722999999999999,355.98333333333335,2,0,2
2025-04-21 03:00:00,Hive_09,27.61,12.58,76.24,78.15,44.512,40.0,4,Critical,15.03,-1.9100000000000108,30.245416666666667,2.689921575010926,-2.8530000000000015,287.3666666666667,3,0,2
2025-04-21 04:00:00,Hive_09,25.19,13.51,83.15,77.45,44.262,481.1,5,Critical,11.680000000000001,5.700000000000003,29.944166666666664,2.8366466986131122,-3.100999999999999,299.4166666666667,4,0,2
2025-04-21 05:00:00,Hive_09,27.19,13.9,81.57,77.47,44.045,372.7,5,Critical,13.290000000000001,4.099999999999994,29.757500000000004,2.8653981436683686,-3.263999999999996,294.84999999999997,5,0,2
2025-04-21 06:00:00,Hive_09,25.71,16.19,77.78,71.31,43.81,40.0,3,Critical,9.52,6.469999999999999,29.491250000000004,2.9343191381216136,-3.4679999999999964,294.84999999999997,6,0,2
2025-04-21 07:00:00,Hive_09,35.66,18.48,86.56,66.07,43.579,40.0,3,Critical,17.179999999999996,20.49000000000001,29.62291666666667,3.138956457953265,-3.6869999999999976,231.6,7,0,2
2025-04-21 08:00:00,Hive_09,25.64,18.84,78.86,66.51,43.31,40.0,2,Critical,6.800000000000001,12.349999999999994,29.239583333333332,3.0341469385852786,-3.8829999999999956,168.96666666666667,8,0,2
2025-04-21 09:00:00,Hive_09,28.12,20.87,78.12,58.28,43.084,458.3,0,Critical,7.25,19.840000000000003,29.132083333333338,3.025848036597107,-4.064999999999998,238.6833333333333,9,0,2
2025-04-21 10:00:00,Hive_09,32.46,24.08,78.72,56.08,42.846,458.1,4,Critical,8.380000000000003,22.64,29.097499999999997,2.9806655953500045,-4.291000000000004,234.85000000000002,10,0,2
2025-04-21 11:00:00,Hive_09,28.21,24.09,85.98,56.33,42.592,433.7,2,Critical,4.120000000000001,29.650000000000006,28.823333333333334,2.726038161502843,-4.475999999999999,245.01666666666665,11,0,2
2025-04-21 12:00:00,Hive_09,27.75,30.07,91.61,51.01,42.472,421.5,4,Critical,-2.3200000000000003,40.6,28.69333333333333,2.6984466814729506,-4.540999999999997,308.59999999999997,12,0,2
2025-04-21 13:00:00,Hive_09,26.14,27.37,81.28,52.38,42.24,40.0,1,Critical,-1.2300000000000004,28.9,28.420833333333334,2.607022150414591,-4.702999999999996,308.59999999999997,13,0,2
2025-04-21 14:00:00,Hive_09,25.45,28.06,80.64,51.87,42.092,423.9,6,Critical,-2.6099999999999994,28.770000000000003,28.159166666666668,2.57541033736291,-4.673000000000002,372.5833333333333,14,0,2
2025-04-21 15:00:00,Hive_09,30.11,28.37,76.39,50.34,41.949,454.4,0,Critical,1.7399999999999984,26.049999999999997,28.2325,2.605956805007303,-4.658999999999999,371.93333333333334,15,0,2
2025-04-21 16:00:00,Hive_09,32.82,25.3,79.57,56.57,41.788,402.3,2,Critical,7.52,22.999999999999993,28.43083333333333,2.76833479482352,-4.525000000000006,362.63333333333327,16,0,2
2025-04-21 17:00:00,Hive_09,31.32,25.7,80.77,56.55,41.601,451.2,0,Critical,5.620000000000001,24.22,28.564583333333335,2.829038827659409,-4.533999999999999,365.55,17,0,2
2025-04-21 18:00:00,Hive_09,25.33,25.13,85.3,57.84,41.417,40.0,3,Critical,0.1999999999999993,27.459999999999994,28.40291666666667,2.900511917585698,-4.573,301.9666666666667,18,0,2
2025-04-21 19:00:00,Hive_09,28.8,23.59,75.0,63.04,41.265,404.5,5,Critical,5.210000000000001,11.96,28.371666666666666,2.891642630313774,-4.598999999999997,362.7166666666667,19,0,2
2025-04-21 20:00:00,Hive_09,27.47,20.14,83.06,61.19,41.033,40.0,3,Critical,7.329999999999998,21.870000000000005,28.25,2.864329347106284,-4.631,298.73333333333335,20,0,2
2025-04-21 21:00:00,Hive_09,27.69,17.56,78.48,67.7,40.794,494.8,5,Critical,10.130000000000003,10.780000000000001,28.109166666666667,2.802064327018966,-4.674000000000007,305.46666666666664,21,0,2
2025-04-21 22:00:00,Hive_09,32.77,14.59,84.4,71.73,40.596,485.7,5,Critical,18.180000000000003,12.670000000000002,28.415416666666662,2.8954746988849265,-4.719000000000001,319.3666666666666,22,0,2
2025-04-21 23:00:00,Hive_09,29.86,12.17,88.02,78.4,40.341,40.0,0,Critical,17.689999999999998,9.61999999999999,28.455416666666665,2.9090592819321865,-4.805,250.83333333333334,23,0,2
2025-04-22 00:00:00,Hive_09,25.52,12.65,71.84,81.76,40.188,447.3,3,Critical,12.87,-9.920000000000002,28.37833333333333,2.963079577012544,-4.763999999999996,318.7166666666667,0,1,2
2025-04-22 01:00:00,Hive_09,31.36,10.79,85.8,78.42,40.062,40.0,2,Critical,20.57,7.3799999999999955,28.435,3.008103548171247,-4.777000000000001,257.9666666666667,1,1,2
2025-04-22 02:00:00,Hive_09,28.68,11.54,81.91,76.61,39.796,424.3,4,Critical,17.14,5.299999999999997,28.61916666666667,2.873682558890963,-4.872,322.0166666666667,2,1,2
2025-04-22 03:00:00,Hive_09,29.16,13.68,87.47,78.96,39.598,476.7,0,Critical,15.48,8.510000000000005,28.68375,2.867426982505181,-4.9140000000000015,319.0,3,1,2
2025-04-22 04:00:00,Hive_09,27.79,10.83,74.92,78.42,39.415,40.0,1,Critical,16.96,-3.5,28.792083333333334,2.7773931774809326,-4.847000000000001,244.7166666666667,4,1,2
2025-04-22 05:00:00,Hive_09,22.97,15.39,87.85,76.39,39.269,401.6,1,Critical,7.579999999999998,11.459999999999994,28.616249999999997,3.0072952060814533,-4.776000000000003,304.98333333333335,5,1,2
2025-04-22 06:00:00,Hive_09,23.25,14.69,88.03,72.58,39.132,459.5,2,Critical,8.56,15.450000000000003,28.513749999999998,3.1492315315214854,-4.678000000000004,307.01666666666665,6,1,2
2025-04-22 07:00:00,Hive_09,28.62,16.13,77.48,68.69,38.929,515.9,7,Critical,12.490000000000002,8.790000000000006,28.220416666666665,2.758256347714767,-4.649999999999999,386.3333333333333,7,1,2
2025-04-22 08:00:00,Hive_09,30.05,19.06,82.43,65.3,38.782,40.0,6,Critical,10.990000000000002,17.13000000000001,28.40416666666667,2.7255791832299927,-4.528000000000006,322.28333333333336,8,1,2
2025-04-22 09:00:00,Hive_09,24.43,21.81,72.4,63.28,38.481,399.4,5,Critical,2.620000000000001,9.120000000000005,28.250416666666666,2.8438178244815973,-4.6030000000000015,309.40000000000003,9,1,2
2025-04-22 10:00:00,Hive_09,28.93,24.94,85.93,59.1,38.357,391.4,3,Critical,3.9899999999999984,26.830000000000005,28.103333333333328,2.704504562306165,-4.488999999999997,367.9666666666667,10,1,2
2025-04-22 11:00:00,Hive_09,23.97,25.31,98.01,57.23,38.166,385.7,4,Critical,-1.3399999999999999,40.78000000000001,27.926666666666666,2.832681425428847,-4.426000000000002,365.31666666666666,11,1,2
2025-04-22 12:00:00,Hive_09,26.51,25.26,77.94,50.06,37.938,453.1,3,Critical,1.25,27.879999999999995,27.875,2.8473145242488718,-4.533999999999999,364.25,12,1,2
2025-04-22 13:00:00,Hive_09,28.59,26.15,84.95,50.46,37.776,40.0,1,Critical,2.4400000000000013,34.49,27.977083333333336,2.8262472878151796,-4.463999999999999,284.93333333333334,13,1,2
2025-04-22 14:00:00,Hive_09,28.62,26.73,74.77,50.79,37.546,466.8,3,Critical,1.8900000000000006,23.979999999999997,28.109166666666667,2.776649398836051,-4.545999999999999,356.06666666666666,14,1,2
2025-04-22 15:00:00,Hive_09,27.01,27.82,74.03,47.94,37.322,40.0,2,Critical,-0.8099999999999987,26.090000000000003,27.98,2.751516577863828,-4.626999999999995,296.1666666666667,15,1,2
2025-04-01 00:00:00,Hive_10,34.53,14.61,53.9,77.47,40.399,192.0,1,Healthy,19.92,-23.57,34.53,0.0,0.0,192.0,0,1,0
2025-04-01 01:00:00,Hive_10,34.28,12.71,52.74,78.78,40.41,188.1,3,Healthy,21.57,-26.04,34.405,0.1767766952966369,0.0,190.05,1,1,0
2025-04-01 02:00:00,Hive_10,34.43,12.23,55.3,81.12,40.403,182.3,2,Healthy,22.2,-25.820000000000007,34.413333333333334,0.12583057392117908,0.0,187.46666666666667,2,1,0
2025-04-01 03:00:00,Hive_10,34.35,13.13,57.76,75.6,40.422,223.1,1,Healthy,21.22,-17.839999999999996,34.3975,0.10750968948580074,0.0,196.375,3,1,0
2025-04-01 04:00:00,Hive_10,34.69,12.38,54.86,79.92,40.407,217.4,4,Healthy,22.309999999999995,-25.060000000000002,34.456,0.16056151469140853,0.0,200.57999999999998,4,1,0
2025-04-01 05:00:00,Hive_10,34.36,11.99,54.5,78.41,40.422,181.9,1,Healthy,22.369999999999997,-23.909999999999997,34.44,0.14886235252742608,0.0,197.46666666666667,5,1,0
2025-04-01 06:00:00,Hive_10,35.17,13.58,54.04,73.45,40.429,198.2,59,Healthy,21.590000000000003,-19.410000000000004,34.544285714285714,0.3075633887432588,0.0,198.5,6,1,0
2025-04-01 07:00:00,Hive_10,34.35,18.54,55.65,70.72,40.372,210.0,48,Healthy,15.810000000000002,-15.07,34.52,0.29291637031753476,0.0,202.15,7,1,0
2025-04-01 08:00:00,Hive_10,34.04,19.51,56.63,66.49,40.379,221.8,60,Healthy,14.529999999999998,-9.859999999999992,34.46666666666667,0.31729323976410156,0.0,208.73333333333335,8,1,0
2025-04-01 09:00:00,Hive_10,34.68,19.35,56.01,61.06,40.366,175.6,75,Healthy,15.329999999999998,-5.050000000000004,34.488,0.30665942020423836,0.0,200.8166666666667,9,1,0
2025-04-01 10:00:00,Hive_10,34.97,24.77,54.44,58.43,40.339,217.9,86,Healthy,10.2,-3.990000000000002,34.53181818181818,0.32520203510489176,0.0,200.9,10,1,0
2025-04-01 11:00:00,Hive_10,34.88,26.08,54.97,55.93,40.373,208.3,82,Healthy,8.800000000000004,-0.9600000000000009,34.560833333333335,0.3259519856814754,0.0,205.29999999999998,11,1,0
2025-04-01 12:00:00,Hive_10,34.29,26.58,56.33,53.24,40.386,205.7,104,Healthy,7.710000000000001,3.0899999999999963,34.54,0.32098805792947055,0.0,206.54999999999998,12,1,0
2025-04-01 13:00:00,Hive_10,34.48,28.26,54.8,50.65,40.402,220.4,82,Healthy,6.219999999999995,4.149999999999999,34.535714285714285,0.30881197380418235,0.0,208.28333333333333,13,1,0
2025-04-01 14:00:00,Hive_10,34.33,26.97,55.32,52.57,40.401,174.8,86,Healthy,7.359999999999999,2.75,34.522000000000006,0.30228179851636056,0.0,200.45000000000002,14,1,0
2025-04-01 15:00:00,Hive_10,34.06,29.4,55.16,50.39,40.395,160.7,77,Healthy,4.660000000000004,4.769999999999996,34.493125,0.3140428580093271,0.0,197.96666666666667,15,1,0
2025-04-01 16:00:00,Hive_10,35.03,27.7,55.98,54.37,40.424,180.7,86,Healthy,7.330000000000002,1.6099999999999994,34.52470588235294,0.330777826627232,0.0,191.76666666666665,16,1,0
2025-04-01 17:00:00,Hive_10,34.7,27.56,55.87,53.66,40.463,197.7,52,Healthy,7.140000000000004,2.210000000000001,34.534444444444446,0.3235505637767632,0.0,190.0,17,1,0
2025-04-01 18:00:00,Hive_10,33.92,23.27,50.5,59.29,40.491,204.1,50,Healthy,10.650000000000002,-8.79,34.502105263157894,0.34458636955322414,0.0,189.73333333333332,18,1,0
2025-04-01 19:00:00,Hive_10,34.31,20.11,55.54,57.7,40.49,213.5,30,Healthy,14.200000000000003,-2.1600000000000037,34.4925,0.3381353668514863,0.0,188.58333333333334,19,1,0
2025-04-01 20:00:00,Hive_10,34.39,19.22,54.51,66.41,40.487,187.6,33,Healthy,15.170000000000002,-11.899999999999999,34.48761904761905,0.330331723603785,0.0,190.71666666666667,20,1,0
2025-04-01 21:00:00,Hive_10,34.32,18.66,54.7,69.34,40.529,178.7,3,Healthy,15.66,-14.64,34.480000000000004,0.32434549480453684,0.0,193.71666666666667,21,1,0
2025-04-01 22:00:00,Hive_10,34.79,16.15,51.9,72.14,40.566,227.9,3,Healthy,18.64,-20.240000000000002,34.493478260869566,0.3234137329918858,0.0,201.58333333333334,22,1,0
2025-04-01 23:00:00,Hive_10,34.99,11.19,57.31,77.13,40.548,215.2,3,Healthy,23.800000000000004,-19.819999999999993,34.51416666666667,0.3321460740288126,0.0,204.5,23,1,0
2025-04-02 00:00:00,Hive_10,34.75,13.12,56.58,75.08,40.555,182.1,2,Healthy,21.630000000000003,-18.5,34.52333333333333,0.33561969505698663,0.1559999999999988,200.83333333333334,0,2,0
2025-04-02 01:00:00,Hive_10,34.97,11.12,52.51,80.28,40.584,196.9,1,Healthy,23.85,-27.770000000000003,34.552083333333336,0.3433337730403825,0.1740000000000066,198.0666666666667,1,2,0
2025-04-02 02:00:00,Hive_10,34.15,12.77,52.32,78.46,40.618,194.4,2,Healthy,21.38,-26.139999999999993,34.540416666666665,0.35230272514547417,0.2150000000000034,199.20000000000002,2,2,0
2025-04-02 03:00:00,Hive_10,34.7,11.55,55.49,77.17,40.623,204.5,1,Healthy,23.150000000000002,-21.68,34.555,0.3513204903738491,0.2010000000000005,203.5,3,2,0
2025-04-02 04:00:00,Hive_10,34.73,14.66,54.44,80.58,40.635,223.5,3,Healthy,20.069999999999997,-26.14,34.556666666666665,0.35208282951683356,0.22800000000000153,202.76666666666665,4,2,0
2025-04-02 05:00:00,Hive_10,34.24,17.33,55.2,74.05,40.653,197.9,1,Healthy,16.910000000000004,-18.849999999999994,34.55166666666667,0.3558293028316009,0.23100000000000165,199.88333333333333,5,2,0
2025-04-02 06:00:00,Hive_10,34.14,17.9,53.35,72.32,40.668,245.0,40,Healthy,16.240000000000002,-18.96999999999999,34.50875,0.3397609453718892,0.23899999999999721,210.36666666666667,6,2,0
2025-04-02 07:00:00,Hive_10,34.35,17.46,55.68,73.69,40.715,185.7,57,Healthy,16.89,-18.009999999999998,34.50875,0.3397609453718892,0.3430000000000035,208.5,7,2,0
2025-04-02 08:00:00,Hive_10,34.97,19.27,54.12,61.96,40.708,193.3,79,Healthy,15.7,-7.840000000000003,34.5475,0.3369976132027461,0.3290000000000006,208.3166666666667,8,2,0
2025-04-02 09:00:00,Hive_10,34.62,22.24,56.22,59.53,40.717,196.5,88,Healthy,12.379999999999999,-3.3100000000000023,34.545,0.3361935260479023,0.3509999999999991,206.98333333333335,9,2,0
2025-04-02 10:00:00,Hive_10,34.27,23.73,53.83,60.72,40.709,196.4,84,Healthy,10.540000000000003,-6.890000000000001,34.51583333333333,0.3279835184971907,0.37000000000000455,202.46666666666667,10,2,0
2025-04-02 11:00:00,Hive_10,34.67,23.67,52.8,54.59,40.709,208.5,77,Healthy,11.0,-1.7900000000000063,34.507083333333334,0.3205630802288326,0.3360000000000056,204.23333333333335,11,2,0
2025-04-02 12:00:00,Hive_10,35.04,26.45,55.66,54.19,40.715,192.5,99,Healthy,8.59,1.4699999999999989,34.538333333333334,0.3347246326611545,0.3290000000000006,195.48333333333335,12,2,0
2025-04-02 13:00:00,Hive_10,34.77,29.43,54.09,48.2,40.708,197.7,98,Healthy,5.340000000000003,5.890000000000001,34.55041666666667,0.3377480301705072,0.3059999999999974,197.48333333333332,13,2,0
2025-04-02 14:00:00,Hive_10,34.61,28.46,55.7,50.56,40.716,209.5,78,Healthy,6.149999999999999,5.140000000000001,34.562083333333334,0.33462476280762266,0.3149999999999977,200.1833333333333,14,2,0
2025-04-02 15:00:00,Hive_10,34.71,28.7,56.13,52.23,40.735,217.6,55,Healthy,6.010000000000002,3.9000000000000057,34.589166666666664,0.31811833547018104,0.3399999999999963,203.70000000000002,15,2,0
2025-04-02 16:00:00,Hive_10,34.31,28.21,53.9,55.96,40.771,186.1,63,Healthy,6.100000000000001,-2.0600000000000023,34.55916666666667,0.308543798126488,0.3470000000000013,201.98333333333332,16,2,0
2025-04-02 17:00:00,Hive_10,34.76,25.91,53.81,52.8,40.788,204.3,76,Healthy,8.849999999999998,1.0100000000000051,34.56166666666667,0.3099742859835546,0.32499999999999574,201.28333333333333,17,2,0
2025-04-02 18:00:00,Hive_10,34.12,25.75,56.26,56.44,40.785,195.0,39,Healthy,8.369999999999997,-0.17999999999999972,34.57,0.29426400450586204,0.29399999999999693,201.70000000000002,18,2,0
2025-04-02 19:00:00,Hive_10,34.49,23.09,54.97,59.82,40.799,209.9,37,Healthy,11.400000000000002,-4.850000000000001,34.5775,0.28960617937197836,0.3089999999999975,203.73333333333335,19,2,0
2025-04-02 20:00:00,Hive_10,34.53,18.89,54.76,61.28,40.794,200.9,38,Healthy,15.64,-6.520000000000003,34.583333333333336,0.28706409929046994,0.30699999999999505,202.29999999999998,20,2,0
2025-04-02 21:00:00,Hive_10,34.39,19.6,56.44,65.81,40.836,187.7,3,Healthy,14.79,-9.370000000000005,34.58625,0.28461740146623277,0.30699999999999505,197.3166666666667,21,2,0
2025-04-02 22:00:00,Hive_10,34.42,13.97,57.34,74.8,40.837,195.4,1,Healthy,20.450000000000003,-17.459999999999994,34.57083333333333,0.2831179914831432,0.2710000000000008,198.86666666666667,22,2,0
2025-04-02 23:00:00,Hive_10,34.65,12.04,56.48,72.08,40.859,181.2,2,Healthy,22.61,-15.600000000000001,34.556666666666665,0.2694062177176461,0.31099999999999994,195.01666666666665,23,2,0
2025-04-03 00:00:00,Hive_10,34.84,11.59,55.55,78.81,40.899,197.8,1,Healthy,23.250000000000004,-23.260000000000005,34.56041666666667,0.2728190858851128,0.3440000000000012,195.48333333333335,0,3,0
2025-04-03 01:00:00,Hive_10,34.38,12.37,54.53,76.8,40.903,204.0,0,Healthy,22.010000000000005,-22.269999999999996,34.535833333333336,0.26061660440723,0.3189999999999955,194.5,1,3,0
2025-04-03 02:00:00,Hive_10,33.9,10.28,55.92,82.26,40.905,202.4,3,Healthy,23.619999999999997,-26.340000000000003,34.525416666666665,0.2809143327045486,0.28699999999999903,194.75,2,3,0
2025-04-03 03:00:00,Hive_10,34.52,12.08,54.84,80.74,40.911,210.5,1,Healthy,22.440000000000005,-25.89999999999999,34.51791666666667,0.27844254995095447,0.2880000000000038,198.54999999999998,3,3,0
2025-04-03 04:00:00,Hive_10,34.56,11.37,52.26,78.14,40.921,181.6,2,Healthy,23.190000000000005,-25.880000000000003,34.51083333333333,0.27495322395331256,0.28600000000000136,196.25,4,3,0
2025-04-03 05:00:00,Hive_10,34.4,11.64,53.7,79.46,40.925,208.3,2,Healthy,22.759999999999998,-25.75999999999999,34.517500000000005,0.26999597420509447,0.27199999999999847,200.76666666666665,5,3,0
2025-04-03 06:00:00,Hive_10,34.14,15.59,55.43,69.62,40.955,216.8,51,Healthy,18.55,-14.190000000000005,34.517500000000005,0.26999597420509447,0.28699999999999903,203.9333333333333,6,3,0
2025-04-03 07:00:00,Hive_10,34.86,19.38,56.38,72.71,40.949,214.4,64,Healthy,15.48,-16.32999999999999,34.53875,0.2762373349447757,0.23399999999999466,205.66666666666666,7,3,0
2025-04-03 08:00:00,Hive_10,34.61,20.98,54.85,67.52,40.937,195.6,72,Healthy,13.629999999999999,-12.669999999999995,34.52375,0.2611648238515148,0.2289999999999992,204.5333333333333,8,3,0
2025-04-03 09:00:00,Hive_10,34.79,22.49,56.3,61.61,40.946,187.3,82,Healthy,12.3,-5.310000000000002,34.530833333333334,0.26614668506486366,0.2289999999999992,200.66666666666666,9,3,0
2025-04-03 10:00:00,Hive_10,34.41,27.37,55.8,58.14,40.968,208.8,98,Healthy,7.039999999999996,-2.3400000000000034,34.53666666666667,0.2616779744625859,0.25900000000000034,205.20000000000002,10,3,0
2025-04-03 11:00:00,Hive_10,34.57,26.24,57.27,57.04,41.002,213.8,96,Healthy,8.330000000000002,0.23000000000000398,34.532500000000006,0.26025489178044936,0.29299999999999926,206.11666666666667,11,3,0
2025-04-03 12:00:00,Hive_10,34.25,30.38,55.37,54.16,41.007,231.0,102,Healthy,3.870000000000001,1.2100000000000009,34.499583333333334,0.2426390980119646,0.2919999999999945,208.48333333333335,12,3,0
2025-04-03 13:00:00,Hive_10,34.83,30.78,52.95,48.99,40.985,194.0,103,Healthy,4.049999999999997,3.960000000000001,34.50208333333333,0.24583450012005417,0.277000000000001,205.08333333333334,13,3,0
2025-04-03 14:00:00,Hive_10,34.86,26.51,56.27,49.97,41.039,200.1,80,Healthy,8.349999999999998,6.300000000000004,34.512499999999996,0.2557044829655847,0.3230000000000004,205.83333333333334,14,3,0
2025-04-03 15:00:00,Hive_10,34.17,26.09,52.31,49.78,41.088,200.7,104,Healthy,8.080000000000002,2.530000000000001,34.49,0.2612678119578053,0.35300000000000153,208.0666666666667,15,3,0
2025-04-03 16:00:00,Hive_10,34.27,25.67,54.04,51.15,41.116,208.5,78,Healthy,8.600000000000001,2.8900000000000006,34.48833333333334,0.2625902191407889,0.34499999999999886,208.01666666666665,16,3,0
2025-04-03 17:00:00,Hive_10,34.2,27.67,54.21,56.61,41.128,255.9,68,Healthy,6.530000000000001,-2.3999999999999986,34.464999999999996,0.26228096451673416,0.3400000000000034,215.0333333333333,17,3,0
2025-04-03 18:00:00,Hive_10,34.32,24.16,55.39,58.85,41.157,199.6,42,Healthy,10.16,-3.460000000000001,34.473333333333336,0.25388574401587566,0.3719999999999999,209.79999999999998,18,3,0
2025-04-03 19:00:00,Hive_10,34.09,21.95,54.14,60.48,41.14,181.4,28,Healthy,12.140000000000004,-6.339999999999996,34.45666666666667,0.2656029509177828,0.3410000000000011,207.69999999999996,19,3,0
2025-04-03 20:00:00,Hive_10,34.04,21.43,57.37,67.98,41.127,211.2,32,Healthy,12.61,-10.610000000000007,34.43625,0.2782525049693924,0.3330000000000055,209.54999999999998,20,3,0
2025-04-03 21:00:00,Hive_10,33.96,18.88,53.8,66.55,41.146,229.4,0,Healthy,15.080000000000002,-12.75,34.41833333333334,0.29471676405405867,0.3100000000000023,214.33333333333334,21,3,0
2025-04-03 22:00:00,Hive_10,34.49,15.85,52.1,71.0,41.186,200.4,2,Healthy,18.64,-18.9,34.42125,0.29508012913223847,0.34899999999999665,212.98333333333335,22,3,0
2025-04-03 23:00:00,Hive_10,34.84,13.99,55.2,75.99,41.199,188.1,1,Healthy,20.85,-20.789999999999992,34.42916666666667,0.3039009659435982,0.3399999999999963,201.6833333333333,23,3,0
2025-04-04 00:00:00,Hive_10,34.88,11.55,57.71,76.51,41.184,205.9,1,Healthy,23.330000000000002,-18.800000000000004,34.43083333333333,0.30635183902722873,0.2849999999999966,202.73333333333335,0,4,0
2025-04-04 01:00:00,Hive_10,34.5,14.37,53.88,79.76,41.163,211.4,2,Healthy,20.130000000000003,-25.880000000000003,34.43583333333333,0.30646535610531284,0.259999999999998,207.73333333333332,1,4,0
2025-04-04 02:00:00,Hive_10,34.46,12.57,56.19,78.8,41.193,182.3,1,Healthy,21.89,-22.61,34.45916666666667,0.2844203360103382,0.2879999999999967,202.91666666666666,2,4,0
2025-04-04 03:00:00,Hive_10,34.77,10.19,54.58,79.89,41.19,195.0,4,Healthy,24.580000000000005,-25.310000000000002,34.46958333333333,0.29124140840721136,0.27899999999999636,197.1833333333333,3,4,0
2025-04-04 04:00:00,Hive_10,34.6,14.86,54.98,79.45,41.182,184.1,1,Healthy,19.740000000000002,-24.470000000000006,34.471250000000005,0.29189504516402104,0.2610000000000028,194.46666666666667,4,4,0
2025-04-04 05:00:00,Hive_10,34.47,12.91,54.96,74.39,41.179,207.4,1,Healthy,21.56,-19.43,34.47416666666667,0.2915016096109909,0.2540000000000049,197.6833333333333,5,4,0
2025-04-04 06:00:00,Hive_10,34.71,16.32,54.2,71.01,41.221,196.6,49,Healthy,18.39,-16.810000000000002,34.49791666666667,0.28626499074727463,0.26599999999999824,196.13333333333333,6,4,0
2025-04-04 07:00:00,Hive_10,34.78,18.82,57.66,70.51,41.245,199.0,55,Healthy,15.96,-12.850000000000009,34.49458333333333,0.2823038629110375,0.2959999999999994,194.0666666666667,7,4,0
2025-04-04 08:00:00,Hive_10,34.08,19.8,53.77,67.97,41.25,187.5,65,Healthy,14.279999999999998,-14.199999999999996,34.4725,0.29339467408698877,0.3130000000000024,194.9333333333333,8,4,0
2025-04-04 09:00:00,Hive_10,34.62,24.78,52.51,60.52,41.238,214.0,94,Healthy,9.839999999999996,-8.010000000000005,34.46541666666666,0.2873867136601962,0.2920000000000016,198.1,9,4,0
2025-04-04 10:00:00,Hive_10,34.65,24.33,51.1,56.89,41.253,184.3,92,Healthy,10.32,-5.789999999999999,34.47541666666667,0.2895420547161964,0.2849999999999966,198.13333333333335,10,4,0
2025-04-04 11:00:00,Hive_10,34.49,22.37,53.86,53.14,41.255,213.6,88,Healthy,12.120000000000001,0.7199999999999989,34.47208333333333,0.28886553463757303,0.2530000000000001,199.16666666666666,11,4,0
2025-04-04 12:00:00,Hive_10,34.58,25.53,55.44,53.89,41.247,161.8,80,Healthy,9.049999999999997,1.5499999999999972,34.48583333333333,0.28567108886706366,0.240000000000002,193.36666666666667,12,4,0
2025-04-04 13:00:00,Hive_10,34.25,26.22,55.17,49.28,41.275,216.1,97,Healthy,8.030000000000001,5.890000000000001,34.461666666666666,0.2797618034447676,0.28999999999999915,196.2166666666667,13,4,0
2025-04-04 14:00:00,Hive_10,34.97,26.65,52.62,50.12,41.312,185.1,87,Healthy,8.32,2.5,34.46625,0.28736906281099844,0.27299999999999613,195.8166666666667,14,4,0
2025-04-04 15:00:00,Hive_10,35.17,28.35,54.55,50.89,41.289,205.3,76,Healthy,6.82,3.6599999999999966,34.50791666666667,0.31382602722259934,0.2010000000000005,194.36666666666667,15,4,0
2025-04-04 16:00:00,Hive_10,34.49,27.76,55.65,53.77,41.302,226.9,66,Healthy,6.73,1.8799999999999955,34.51708333333333,0.3097611866480754,0.18599999999999994,201.46666666666667,16,4,0
2025-04-04 17:00:00,Hive_10,34.22,24.63,55.59,56.15,41.309,198.5,84,Healthy,9.59,-0.5599999999999952,34.51791666666667,0.308896762924004,0.18099999999999739,198.95000000000002,17,4,0
2025-04-04 18:00:00,Hive_10,34.66,25.85,53.96,59.54,41.324,208.7,51,Healthy,8.809999999999995,-5.579999999999998,34.53208333333333,0.3072172318347917,0.1670000000000016,206.76666666666665,18,4,0
2025-04-04 19:00:00,Hive_10,34.58,22.21,54.21,60.32,41.348,169.8,53,Healthy,12.369999999999997,-6.109999999999999,34.5525,0.29248931604419287,0.2079999999999984,199.05000000000004,19,4,0
2025-04-04 20:00:00,Hive_10,34.62,18.03,55.81,62.87,41.399,204.4,29,Healthy,16.589999999999996,-7.059999999999995,34.57666666666667,0.2715121370762438,0.27199999999999847,202.26666666666665,20,4,0
2025-04-04 21:00:00,Hive_10,35.23,18.22,54.72,72.06,41.42,198.9,1,Healthy,17.009999999999998,-17.340000000000003,34.62958333333333,0.2698546978857544,0.2740000000000009,201.20000000000002,21,4,0
2025-04-04 22:00:00,Hive_10,33.8,18.82,55.48,70.65,41.454,203.3,2,Healthy,14.979999999999997,-15.170000000000009,34.600833333333334,0.3178585502562617,0.2680000000000007,197.26666666666665,22,4,0
2025-04-04 23:00:00,Hive_10,34.67,15.47,55.81,75.83,41.425,201.7,0,Healthy,19.200000000000003,-20.019999999999996,34.59375,0.314169886194241,0.2259999999999991,197.79999999999998,23,4,0
2025-04-05 00:00:00,Hive_10,34.81,13.01,55.37,77.0,41.445,197.1,3,Healthy,21.800000000000004,-21.630000000000003,34.590833333333336,0.31171219538802336,0.2610000000000028,195.86666666666667,0,5,0
2025-04-05 01:00:00,Hive_10,34.89,9.88,54.35,77.7,41.412,221.8,3,Healthy,25.009999999999998,-23.35,34.607083333333335,0.3168936067058036,0.24900000000000233,204.53333333333333,1,5,0
2025-04-05 02:00:00,Hive_10,35.0,13.07,56.89,80.19,41.453,210.4,2,Healthy,21.93,-23.299999999999997,34.629583333333336,0.3250615883673153,0.2600000000000051,205.53333333333333,2,5,0
2025-04-05 03:00:00,Hive_10,34.65,11.67,55.88,76.95,41.456,209.2,1,Healthy,22.979999999999997,-21.07,34.624583333333334,0.3237280013229896,0.26600000000000534,207.25,3,5,0
2025-04-05 04:00:00,Hive_10,34.18,14.37,54.64,76.23,41.482,182.6,3,Healthy,19.810000000000002,-21.590000000000003,34.60708333333333,0.3362255863665557,0.29999999999999716,203.79999999999998,4,5,0
2025-04-05 05:00:00,Hive_10,34.08,11.88,51.09,75.11,41.5,197.3,0,Healthy,22.199999999999996,-24.019999999999996,34.59083333333333,0.35218469298226546,0.32099999999999795,203.0666666666667,5,5,0
2025-04-05 06:00:00,Hive_10,34.39,15.23,54.7,73.38,41.502,191.3,44,Healthy,19.16,-18.679999999999993,34.5775,0.3535318692970887,0.2810000000000059,202.1,6,5,0
2025-04-05 07:00:00,Hive_10,34.19,16.99,54.43,67.38,41.499,183.9,68,Healthy,17.2,-12.949999999999996,34.55291666666667,0.35930463236726856,0.2540000000000049,195.78333333333333,7,5,0
2025-04-05 08:00:00,Hive_10,34.52,21.85,53.96,65.0,41.53,226.1,68,Healthy,12.670000000000002,-11.04,34.57125,0.34506851871576727,0.28000000000000114,198.39999999999998,8,5,0
2025-04-05 09:00:00,Hive_10,34.54,21.29,54.25,61.8,41.55,214.1,70,Healthy,13.25,-7.549999999999997,34.56791666666667,0.34496350363564243,0.3119999999999976,199.21666666666667,9,5,0
2025-04-05 10:00:00,Hive_10,34.24,27.81,55.35,54.43,41.605,191.6,73,Healthy,6.430000000000003,0.9200000000000017,34.55083333333334,0.35082408160199363,0.35199999999999676,200.71666666666667,10,5,0
2025-04-05 11:00:00,Hive_10,34.7,26.48,54.89,53.9,41.597,235.2,59,Healthy,8.220000000000002,0.990000000000002,34.559583333333336,0.3518581627114325,0.34199999999999875,207.03333333333333,11,5,0
2025-04-05 12:00:00,Hive_10,34.28,29.66,57.81,53.88,41.58,215.1,69,Healthy,4.620000000000001,3.9299999999999997,34.54708333333333,0.35640083890335167,0.3329999999999984,211.0,12,5,0
2025-04-05 13:00:00,Hive_10,34.27,26.01,55.02,48.21,41.573,169.5,93,Healthy,8.260000000000002,6.810000000000002,34.547916666666666,0.3556986898640656,0.2980000000000018,208.6,13,5,0
2025-04-05 14:00:00,Hive_10,34.55,28.07,56.43,50.82,41.582,215.2,76,Healthy,6.479999999999997,5.609999999999999,34.53041666666667,0.34417486918673856,0.2700000000000031,206.78333333333333,14,5,0
2025-04-05 15:00:00,Hive_10,34.91,26.65,55.86,53.26,41.574,185.5,91,Healthy,8.259999999999998,2.6000000000000014,34.51958333333334,0.32682237120313357,0.2849999999999966,202.01666666666665,15,5,0
2025-04-05 16:00:00,Hive_10,35.2,28.84,55.69,51.88,41.562,195.9,70,Healthy,6.360000000000003,3.809999999999995,34.54916666666667,0.354951517407861,0.259999999999998,202.73333333333335,16,5,0
2025-04-05 17:00:00,Hive_10,34.21,25.79,53.0,56.89,41.584,192.4,84,Healthy,8.420000000000002,-3.8900000000000006,34.54875,0.3553603498716024,0.2750000000000057,195.6,17,5,0
2025-04-05 18:00:00,Hive_10,34.86,25.41,56.1,56.45,41.607,198.2,54,Healthy,9.45,-0.3500000000000014,34.55708333333333,0.36039204699358984,0.28300000000000125,192.78333333333333,18,5,0
2025-04-05 19:00:00,Hive_10,33.47,18.92,54.34,63.75,41.585,192.5,38,Healthy,14.549999999999997,-9.409999999999997,34.51083333333333,0.42309333605540445,0.23700000000000188,196.61666666666667,19,5,0
2025-04-05 20:00:00,Hive_10,34.56,18.2,58.13,59.45,41.588,214.4,45,Healthy,16.360000000000003,-1.3200000000000003,34.50833333333333,0.42259721461114735,0.18900000000000006,196.48333333333335,20,5,0
2025-04-05 21:00:00,Hive_10,34.12,15.08,53.79,67.97,41.632,203.4,2,Healthy,19.04,-14.18,34.46208333333333,0.4003365884577254,0.2119999999999962,199.46666666666667,21,5,0
2025-04-05 22:00:00,Hive_10,34.7,15.93,56.88,70.08,41.648,207.3,0,Healthy,18.770000000000003,-13.199999999999996,34.499583333333334,0.37709967736218686,0.19400000000000261,201.36666666666667,22,5,0
2025-04-05 23:00:00,Hive_10,34.62,15.4,52.3,78.3,41.691,185.8,2,Healthy,19.22,-26.0,34.4975,0.37625442363425643,0.26600000000000534,200.26666666666665,23,5,0
2025-04-06 00:00:00,Hive_10,33.96,14.5,55.18,80.15,41.702,221.6,2,Healthy,19.46,-24.970000000000006,34.46208333333333,0.38545263247778777,0.2569999999999979,204.16666666666666,0,6,0
2025-04-06 01:00:00,Hive_10,34.48,14.44,55.29,80.57,41.742,180.5,2,Healthy,20.04,-25.279999999999994,34.445,0.37459543394231765,0.3299999999999983,202.16666666666666,1,6,0
2025-04-06 02:00:00,Hive_10,34.81,11.06,53.68,78.32,41.76,192.7,0,Healthy,23.75,-24.639999999999993,34.437083333333334,0.36422018145581747,0.30699999999999505,198.54999999999998,2,6,0
2025-04-06 03:00:00,Hive_10,33.93,12.99,53.95,79.74,41.734,211.0,3,Healthy,20.939999999999998,-25.789999999999992,34.40708333333333,0.37540099333525945,0.2779999999999987,199.81666666666663,3,6,0
2025-04-06 04:00:00,Hive_10,34.34,14.35,55.82,79.97,41.744,202.8,2,Healthy,19.990000000000002,-24.15,34.41375,0.3726032100960902,0.26200000000000045,199.0666666666667,4,6,0
2025-04-06 05:00:00,Hive_10,34.08,16.11,54.72,74.83,41.749,204.3,2,Healthy,17.97,-20.11,34.41375,0.3726032100960902,0.24900000000000233,202.15,5,6,0
2025-04-06 06:00:00,Hive_10,34.21,13.13,56.88,71.16,41.755,192.3,55,Healthy,21.08,-14.279999999999994,34.40625,0.3749065100853089,0.2530000000000001,197.26666666666668,6,6,0
2025-04-06 07:00:00,Hive_10,35.04,17.04,57.68,68.85,41.757,197.3,54,Healthy,18.0,-11.169999999999995,34.44166666666667,0.39328788732789477,0.25799999999999557,200.0666666666667,7,6,0
2025-04-06 08:00:00,Hive_10,35.23,17.11,54.33,67.07,41.751,195.9,70,Healthy,18.119999999999997,-12.739999999999995,34.47125,0.4248714639388758,0.22099999999999653,200.6,8,6,0
2025-04-06 09:00:00,Hive_10,34.8,20.37,55.19,60.2,41.786,205.5,67,Healthy,14.429999999999996,-5.010000000000005,34.482083333333335,0.4299846222393507,0.2360000000000042,199.6833333333333,9,6,0
2025-04-06 10:00:00,Hive_10,34.16,23.14,53.12,58.0,41.772,207.7,80,Healthy,11.019999999999996,-4.880000000000003,34.47875,0.4322470358487127,0.1670000000000016,200.5,10,6,0
2025-04-06 11:00:00,Hive_10,33.76,27.43,54.8,52.6,41.815,200.5,74,Healthy,6.329999999999998,2.1999999999999957,34.43958333333333,0.453397600410466,0.21799999999999642,199.86666666666667,11,6,0
2025-04-06 12:00:00,Hive_10,34.26,24.49,57.31,54.41,41.838,188.5,101,Healthy,9.77,2.9000000000000057,34.43875,0.4537219269073508,0.25800000000000267,199.23333333333335,12,6,0
2025-04-06 13:00:00,Hive_10,34.24,26.34,56.15,47.62,41.871,194.1,69,Healthy,7.900000000000002,8.530000000000001,34.4375,0.45424806477058743,0.2980000000000018,198.70000000000002,13,6,0
2025-04-06 14:00:00,Hive_10,34.11,25.66,55.4,47.86,41.92,211.9,73,Healthy,8.45,7.539999999999999,34.41916666666666,0.4583706177193332,0.33800000000000097,201.36666666666667,14,6,0
2025-04-06 15:00:00,Hive_10,34.62,26.69,57.36,49.51,41.92,223.1,99,Healthy,7.929999999999996,7.850000000000001,34.40708333333333,0.4485869521321207,0.34600000000000364,204.29999999999998,15,6,0
2025-04-06 16:00:00,Hive_10,34.39,26.4,55.09,51.26,41.923,213.3,54,Healthy,7.990000000000002,3.8300000000000054,34.37333333333333,0.4155945627407872,0.3610000000000042,205.23333333333332,16,6,0
2025-04-06 17:00:00,Hive_10,34.76,24.85,58.29,55.05,41.907,190.2,37,Healthy,9.909999999999997,3.240000000000002,34.39625,0.4213210332317564,0.3229999999999933,203.51666666666665,17,6,0
2025-04-06 18:00:00,Hive_10,34.34,22.34,54.66,53.96,41.927,195.5,54,Healthy,12.000000000000004,0.6999999999999957,34.374583333333334,0.40964437563910183,0.3200000000000003,204.6833333333333,18,6,0
2025-04-06 19:00:00,Hive_10,33.99,22.24,55.88,59.05,41.97,238.0,49,Healthy,11.750000000000004,-3.1699999999999946,34.39625,0.37171532468905844,0.384999999999998,212.0,19,6,0
2025-04-06 20:00:00,Hive_10,34.59,22.19,55.17,65.92,41.978,209.1,24,Healthy,12.400000000000002,-10.75,34.3975,0.37233984009468507,0.39000000000000057,211.5333333333333,20,6,0
2025-04-06 21:00:00,Hive_10,34.64,17.71,53.56,66.53,41.988,207.5,2,Healthy,16.93,-12.969999999999999,34.41916666666667,0.37061543019880644,0.35600000000000165,208.9333333333333,21,6,0
2025-04-06 22:00:00,Hive_10,34.65,17.16,54.27,72.07,41.959,208.0,2,Healthy,17.49,-17.79999999999999,34.41708333333333,0.3691056072120271,0.31099999999999994,208.05000000000004,22,6,0
2025-04-06 23:00:00,Hive_10,34.02,15.86,54.86,75.56,41.987,207.1,1,Healthy,18.160000000000004,-20.700000000000003,34.39208333333333,0.3750359886112523,0.2959999999999994,210.86666666666667,23,6,0
2025-04-07 00:00:00,Hive_10,34.64,10.58,52.5,75.94,41.99,200.6,3,Healthy,24.060000000000002,-23.439999999999998,34.42041666666667,0.3665642973039902,0.2880000000000038,211.71666666666667,0,0,0
2025-04-07 01:00:00,Hive_10,34.59,13.19,53.73,81.41,41.988,186.0,2,Healthy,21.400000000000006,-27.68,34.425000000000004,0.3680264640767928,0.24600000000000222,203.04999999999998,1,0,0
2025-04-07 02:00:00,Hive_10,34.51,10.96,57.46,79.21,42.011,188.4,2,Healthy,23.549999999999997,-21.749999999999993,34.4125,0.3593744565213239,0.2510000000000048,199.6,2,0,0
2025-04-07 03:00:00,Hive_10,34.02,14.75,53.63,80.72,42.001,221.6,3,Healthy,19.270000000000003,-27.089999999999996,34.41625,0.3545580531358371,0.2669999999999959,201.95000000000002,3,0,0
2025-04-07 04:00:00,Hive_10,34.51,12.13,55.11,76.7,41.992,196.3,0,Healthy,22.379999999999995,-21.590000000000003,34.42333333333333,0.3546666121826222,0.24799999999999756,200.0,4,0,0
2025-04-07 05:00:00,Hive_10,33.97,16.25,55.65,72.09,41.977,192.5,2,Healthy,17.72,-16.440000000000005,34.418749999999996,0.3599675408071948,0.22799999999999443,197.5666666666667,5,0,0
2025-04-07 06:00:00,Hive_10,35.03,17.01,55.0,72.06,42.011,204.2,71,Healthy,18.02,-17.060000000000002,34.45291666666667,0.37776780499766255,0.2560000000000002,198.16666666666666,6,0,0
2025-04-07 07:00:00,Hive_10,34.69,19.52,54.61,68.97,42.016,180.4,52,Healthy,15.169999999999998,-14.36,34.43833333333333,0.36047874769010946,0.25900000000000034,197.23333333333335,7,0,0
2025-04-07 08:00:00,Hive_10,34.3,23.09,54.86,62.59,42.024,205.8,65,Healthy,11.209999999999997,-7.730000000000004,34.39958333333333,0.3193128378343,0.27300000000000324,200.13333333333333,8,0,0
2025-04-07 09:00:00,Hive_10,34.88,22.74,54.6,63.4,42.047,182.8,71,Healthy,12.140000000000004,-8.799999999999997,34.40291666666666,0.32405688130147436,0.2609999999999957,193.66666666666666,9,0,0
2025-04-07 10:00:00,Hive_10,34.24,22.24,52.72,57.41,42.049,174.1,97,Healthy,12.000000000000004,-4.689999999999998,34.40625,0.32185349759330056,0.277000000000001,189.96666666666667,10,0,0
2025-04-07 11:00:00,Hive_10,34.35,24.82,53.21,56.36,42.082,201.3,107,Healthy,9.530000000000001,-3.1499999999999986,34.43083333333333,0.2914419424123777,0.267000000000003,191.4333333333333,11,0,0
2025-04-07 12:00:00,Hive_10,34.8,26.23,56.52,51.12,42.096,250.0,87,Healthy,8.569999999999997,5.400000000000006,34.45333333333333,0.2984403904746574,0.25799999999999557,199.0666666666667,12,0,0
2025-04-07 13:00:00,Hive_10,34.42,25.82,57.28,48.51,42.102,223.5,92,Healthy,8.600000000000001,8.770000000000003,34.46083333333333,0.29508903102603434,0.23099999999999454,206.25,13,0,0
2025-04-07 14:00:00,Hive_10,34.61,29.63,56.13,50.77,42.1,191.7,88,Healthy,4.98,5.359999999999999,34.48166666666667,0.2867761840009485,0.17999999999999972,203.9,14,0,0
2025-04-07 15:00:00,Hive_10,33.89,30.64,54.6,47.43,42.131,200.8,66,Healthy,3.25,7.170000000000002,34.45125,0.30929530703927777,0.21099999999999852,206.9,15,0,0
2025-04-07 16:00:00,Hive_10,34.69,27.05,54.54,48.54,42.139,206.4,72,Healthy,7.639999999999997,6.0,34.46375,0.31275511325886474,0.21600000000000108,212.28333333333333,16,0,0
2025-04-07 17:00:00,Hive_10,34.74,24.84,52.34,56.46,42.145,183.8,47,Healthy,9.900000000000002,-4.119999999999997,34.462916666666665,0.3119570645857017,0.23800000000000665,209.36666666666667,17,0,0
2025-04-07 18:00:00,Hive_10,34.46,24.8,54.0,56.66,42.162,210.2,71,Healthy,9.66,-2.6599999999999966,34.46791666666667,0.3108610645437538,0.23499999999999943,202.73333333333335,18,0,0
2025-04-07 19:00:00,Hive_10,34.35,21.8,56.27,58.22,42.157,177.8,32,Healthy,12.55,-1.9499999999999957,34.48291666666667,0.2950825848539006,0.1869999999999976,195.11666666666667,19,0,0
2025-04-07 20:00:00,Hive_10,34.57,19.2,54.88,62.83,42.183,193.3,35,Healthy,15.370000000000001,-7.949999999999996,34.48208333333333,0.2947951265992504,0.2049999999999983,195.38333333333333,20,0,0
2025-04-07 21:00:00,Hive_10,34.34,17.19,52.57,66.62,42.228,202.1,1,Healthy,17.150000000000002,-14.050000000000004,34.46958333333333,0.2941676417440844,0.240000000000002,195.6,21,0,0
2025-04-07 22:00:00,Hive_10,34.93,15.43,57.0,67.6,42.241,204.8,0,Healthy,19.5,-10.599999999999994,34.481249999999996,0.30691044579670446,0.2819999999999965,195.33333333333334,22,0,0
2025-04-07 23:00:00,Hive_10,34.45,12.55,56.59,72.21,42.243,205.2,2,Healthy,21.900000000000002,-15.61999999999999,34.49916666666667,0.29094922112864496,0.2560000000000002,198.9,23,0,0
2025-04-08 00:00:00,Hive_10,34.85,10.64,55.77,81.68,42.271,214.6,2,Healthy,24.21,-25.910000000000004,34.50791666666667,0.29843037446915593,0.2809999999999988,199.63333333333333,0,1,0
2025-04-08 01:00:00,Hive_10,34.64,14.42,56.98,78.58,42.228,206.6,2,Healthy,20.22,-21.6,34.51,0.29920183677651185,0.240000000000002,204.4333333333333,1,1,0
2025-04-08 02:00:00,Hive_10,34.26,9.44,55.6,80.56,42.236,185.8,3,Healthy,24.82,-24.96,34.499583333333334,0.3035224963608207,0.22499999999999432,203.1833333333333,2,1,0
2025-04-08 03:00:00,Hive_10,34.89,11.65,53.62,80.03,42.246,192.6,1,Healthy,23.240000000000002,-26.410000000000004,34.535833333333336,0.2956042693500496,0.24500000000000455,201.6,3,1,0
2025-04-08 04:00:00,Hive_10,34.59,16.31,55.79,78.9,42.264,172.6,4,Healthy,18.280000000000005,-23.110000000000007,34.53916666666667,0.29575131543192845,0.27200000000000557,196.23333333333335,4,1,0
2025-04-08 05:00:00,Hive_10,34.69,12.15,55.27,79.07,42.268,239.1,2,Healthy,22.54,-23.79999999999999,34.56916666666667,0.27098719152576584,0.2910000000000039,201.88333333333333,5,1,0
2025-04-08 06:00:00,Hive_10,34.3,16.03,55.08,71.43,42.26,210.2,43,Healthy,18.269999999999996,-16.35000000000001,34.53875,0.257653500047957,0.24899999999999523,201.14999999999998,6,1,0
2025-04-08 07:00:00,Hive_10,34.48,19.44,55.87,70.85,42.282,178.1,77,Healthy,15.039999999999996,-14.979999999999997,34.53,0.25585321879003814,0.26599999999999824,196.4,7,1,0
2025-04-08 08:00:00,Hive_10,34.72,19.62,51.27,66.39,42.279,212.6,70,Healthy,15.099999999999998,-15.119999999999997,34.5475,0.2537929659490661,0.25500000000000256,200.86666666666667,8,1,0
2025-04-08 09:00:00,Hive_10,34.87,23.1,55.17,61.3,42.318,185.3,77,Healthy,11.769999999999996,-6.1299999999999955,34.54708333333333,0.25323093372869715,0.2710000000000008,199.64999999999998,9,1,0
2025-04-08 10:00:00,Hive_10,34.42,23.11,54.66,58.28,42.314,193.1,84,Healthy,11.310000000000002,-3.6200000000000045,34.55458333333333,0.24631155892076573,0.26500000000000057,203.0666666666667,10,1,0
2025-04-08 11:00:00,Hive_10,34.52,22.62,50.85,49.79,42.32,194.3,94,Healthy,11.900000000000002,1.0600000000000023,34.56166666666667,0.24258869586674087,0.23799999999999955,195.6,11,1,0
2025-04-08 12:00:00,Hive_10,34.75,25.92,52.73,55.15,42.324,222.9,83,Healthy,8.829999999999998,-2.4200000000000017,34.559583333333336,0.24065994711404456,0.22800000000000153,197.71666666666667,12,1,0
2025-04-08 13:00:00,Hive_10,34.34,27.65,56.68,53.32,42.316,156.7,100,Healthy,6.690000000000005,3.3599999999999994,34.55625,0.24321778574840028,0.21400000000000574,194.15,13,1,0
2025-04-08 14:00:00,Hive_10,34.17,28.66,53.48,51.01,42.349,203.6,83,Healthy,5.510000000000002,2.469999999999999,34.53791666666667,0.255274433173183,0.24899999999999523,192.65,14,1,0
2025-04-08 15:00:00,Hive_10,34.72,28.06,54.29,53.53,42.331,208.8,69,Healthy,6.66,0.759999999999998,34.5725,0.2170403689158732,0.20000000000000284,196.5666666666667,15,1,0
2025-04-08 16:00:00,Hive_10,34.76,25.15,55.58,54.64,42.316,226.8,80,Healthy,9.61,0.9399999999999977,34.57541666666667,0.21914813664986876,0.1769999999999996,202.18333333333337,16,1,0
2025-04-08 17:00:00,Hive_10,34.52,25.2,54.28,53.36,42.37,194.2,49,Healthy,9.320000000000004,0.9200000000000017,34.566250000000004,0.2165502753153129,0.22499999999999432,202.16666666666666,17,1,0
2025-04-08 18:00:00,Hive_10,34.74,26.38,56.01,56.36,42.379,185.4,49,Healthy,8.360000000000003,-0.3500000000000014,34.57791666666667,0.21811403412909122,0.21699999999999875,195.91666666666666,18,1,0
2025-04-08 19:00:00,Hive_10,34.73,20.32,57.58,61.07,42.367,196.2,34,Healthy,14.409999999999997,-3.490000000000002,34.59375,0.21461416339665143,0.21000000000000085,202.5,19,1,0
2025-04-08 20:00:00,Hive_10,34.22,20.41,52.46,61.96,42.348,190.1,46,Healthy,13.809999999999999,-9.5,34.579166666666666,0.2277854953329262,0.16499999999999915,200.25,20,1,0
2025-04-08 21:00:00,Hive_10,34.9,18.45,55.58,69.01,42.368,192.9,1,Healthy,16.45,-13.430000000000007,34.6025,0.230882051574264,0.14000000000000057,197.6,21,1,0
2025-04-08 22:00:00,Hive_10,34.42,14.03,55.52,71.3,42.377,194.5,1,Healthy,20.39,-15.779999999999994,34.581250000000004,0.2227557152929213,0.13600000000000279,192.21666666666667,22,1,0
2025-04-08 23:00:00,Hive_10,34.61,14.94,52.13,74.61,42.394,211.2,2,Healthy,19.67,-22.479999999999997,34.587916666666665,0.22104453941639568,0.15099999999999625,195.04999999999998,23,1,0
2025-04-09 00:00:00,Hive_10,34.12,12.78,54.87,79.82,42.4,215.5,0,Healthy,21.339999999999996,-24.949999999999996,34.5575,0.233298651666855,0.12899999999999778,200.0666666666667,0,2,0
2025-04-09 01:00:00,Hive_10,33.77,10.69,56.22,82.98,42.396,203.8,3,Healthy,23.080000000000005,-26.760000000000005,34.52125,0.28235519566982237,0.16799999999999926,201.33333333333334,1,2,0
2025-04-09 02:00:00,Hive_10,34.35,12.44,54.46,82.87,42.422,193.4,2,Healthy,21.910000000000004,-28.410000000000004,34.525,0.27931593456935566,0.18599999999999994,201.88333333333335,2,2,0
2025-04-09 03:00:00,Hive_10,34.03,14.05,54.49,81.23,42.438,196.3,2,Healthy,19.98,-26.740000000000002,34.48916666666667,0.28554930536967393,0.19200000000000017,202.45000000000002,3,2,0
2025-04-09 04:00:00,Hive_10,34.44,13.51,53.23,76.94,42.438,177.1,2,Healthy,20.93,-23.71,34.48291666666667,0.28488715029955003,0.1739999999999995,199.54999999999998,4,2,0
2025-04-09 05:00:00,Hive_10,35.04,14.05,54.63,73.78,42.454,190.4,1,Healthy,20.99,-19.15,34.4975,0.30424889696488683,0.18599999999999994,196.08333333333334,5,2,0
2025-04-09 06:00:00,Hive_10,34.5,16.49,56.21,71.84,42.453,180.0,34,Healthy,18.01,-15.630000000000003,34.505833333333335,0.30132918106668993,0.19300000000000495,190.16666666666666,6,2,0
2025-04-09 07:00:00,Hive_10,34.7,20.09,54.35,70.74,42.437,195.8,59,Healthy,14.610000000000003,-16.389999999999993,34.51499999999999,0.3038449261225844,0.15500000000000114,188.83333333333334,7,2,0
2025-04-09 08:00:00,Hive_10,33.98,18.3,55.99,62.06,42.423,204.6,66,Healthy,15.679999999999996,-6.07,34.48416666666667,0.319291561819721,0.14399999999999835,190.70000000000002,8,2,0
2025-04-09 09:00:00,Hive_10,34.43,22.96,55.2,61.79,42.43,190.8,88,Healthy,11.469999999999999,-6.589999999999996,34.465833333333336,0.3086283351790017,0.11200000000000188,189.78333333333333,9,2,0
2025-04-09 10:00:00,Hive_10,34.08,23.37,55.41,57.33,42.428,192.8,76,Healthy,10.709999999999997,-1.9200000000000017,34.45166666666666,0.31847007458440396,0.11399999999999721,192.4,10,2,0
2025-04-09 11:00:00,Hive_10,34.7,25.47,54.94,50.38,42.429,176.8,92,Healthy,9.230000000000004,4.559999999999995,34.45916666666667,0.32224641754903627,0.10900000000000176,190.13333333333333,11,2,0
2025-04-09 12:00:00,Hive_10,34.65,25.98,57.3,54.62,42.442,216.2,94,Healthy,8.669999999999998,2.6799999999999997,34.455,0.31895208853777357,0.1180000000000021,196.16666666666666,12,2,0
2025-04-09 13:00:00,Hive_10,34.25,27.05,58.1,50.89,42.45,200.4,92,Healthy,7.199999999999999,7.210000000000001,34.451249999999995,0.32088617106788414,0.13400000000000034,196.9333333333333,13,2,0
2025-04-09 14:00:00,Hive_10,34.19,26.37,53.12,52.64,42.456,180.8,100,Healthy,7.819999999999997,0.4799999999999969,34.452083333333334,0.32014913870646544,0.10700000000000642,192.96666666666667,14,2,0
2025-04-09 15:00:00,Hive_10,34.56,27.38,55.83,44.07,42.458,179.7,77,Healthy,7.180000000000003,11.759999999999998,34.44541666666667,0.31596613971954907,0.12699999999999534,191.11666666666667,15,2,0
2025-04-09 16:00:00,Hive_10,34.18,26.21,55.23,50.06,42.486,206.9,52,Healthy,7.969999999999999,5.169999999999995,34.42125,0.3130260789246682,0.1699999999999946,193.46666666666667,16,2,0
2025-04-09 17:00:00,Hive_10,34.92,26.58,53.58,55.94,42.495,208.5,55,Healthy,8.340000000000003,-2.3599999999999994,34.437916666666666,0.3287655325035099,0.125,198.75,17,2,0
2025-04-09 18:00:00,Hive_10,34.25,24.83,53.86,57.45,42.53,185.1,38,Healthy,9.420000000000002,-3.5900000000000034,34.4175,0.32437565447700767,0.15100000000000335,193.5666666666667,18,2,0
2025-04-09 19:00:00,Hive_10,34.11,22.59,54.22,61.06,42.523,190.4,64,Healthy,11.52,-6.840000000000003,34.391666666666666,0.323091946351337,0.1560000000000059,191.9,19,2,0
2025-04-09 20:00:00,Hive_10,35.11,19.55,56.33,63.24,42.548,187.5,41,Healthy,15.559999999999999,-6.910000000000004,34.42875,0.3522883268253261,0.20000000000000284,193.01666666666668,20,2,0
2025-04-09 21:00:00,Hive_10,33.99,19.15,54.97,69.18,42.592,203.3,1,Healthy,14.840000000000003,-14.210000000000008,34.39083333333333,0.34831166287212867,0.22399999999999665,196.95000000000002,21,2,0
2025-04-09 22:00:00,Hive_10,34.26,15.66,54.94,72.18,42.631,219.9,1,Healthy,18.599999999999998,-17.24000000000001,34.384166666666665,0.34925905007310015,0.2539999999999978,199.11666666666667,22,2,0
2025-04-09 23:00:00,Hive_10,34.69,16.26,55.65,77.13,42.623,193.9,2,Healthy,18.429999999999996,-21.479999999999997,34.387499999999996,0.3518800437896199,0.2289999999999992,196.68333333333337,23,2,0
2025-04-10 00:00:00,Hive_10,34.59,11.26,53.82,75.91,42.649,188.7,2,Healthy,23.330000000000005,-22.089999999999996,34.40708333333333,0.3494154020480506,0.24900000000000233,197.28333333333333,0,3,0
2025-04-10 01:00:00,Hive_10,34.43,12.76,53.98,78.52,42.659,185.6,1,Healthy,21.67,-24.54,34.43458333333333,0.3219908068720942,0.2629999999999981,196.48333333333335,1,3,0
2025-04-10 02:00:00,Hive_10,34.35,13.12,55.78,77.73,42.627,227.8,3,Healthy,21.230000000000004,-21.950000000000003,34.43458333333333,0.3219908068720942,0.2050000000000054,203.20000000000002,2,3,0
2025-04-10 03:00:00,Hive_10,34.51,9.97,53.32,75.28,42.656,205.9,2,Healthy,24.54,-21.96,34.45458333333333,0.3104691984535741,0.21799999999999642,203.63333333333333,3,3,0
2025-04-10 04:00:00,Hive_10,34.73,12.22,55.9,81.19,42.69,184.7,3,Healthy,22.509999999999998,-25.29,34.46666666666666,0.3154798507541868,0.25199999999999534,197.76666666666665,4,3,0
2025-04-10 05:00:00,Hive_10,34.45,13.95,52.18,76.28,42.72,172.6,1,Healthy,20.500000000000004,-24.1,34.442083333333336,0.29089037478906965,0.26599999999999824,194.21666666666667,5,3,0
2025-04-10 06:00:00,Hive_10,34.17,15.32,55.37,68.59,42.723,196.0,40,Healthy,18.85,-13.220000000000006,34.428333333333335,0.2957917402889828,0.269999999999996,195.4333333333333,6,3,0
2025-04-10 07:00:00,Hive_10,34.01,18.0,54.7,68.23,42.708,213.5,56,Healthy,16.009999999999998,-13.530000000000001,34.39958333333333,0.3017122033050411,0.2710000000000008,200.08333333333334,7,3,0
2025-04-10 08:00:00,Hive_10,34.46,23.78,55.87,66.93,42.676,214.4,61,Healthy,10.68,-11.06000000000001,34.419583333333335,0.28830055522826065,0.2530000000000001,197.85,8,3,0
2025-04-10 09:00:00,Hive_10,34.31,22.21,54.73,59.66,42.688,199.6,78,Healthy,12.100000000000001,-4.93,34.41458333333333,0.2891513695156032,0.25800000000000267,196.79999999999998,9,3,0
2025-04-10 10:00:00,Hive_10,34.57,21.56,55.66,62.16,42.691,186.9,86,Healthy,13.010000000000002,-6.5,34.435,0.2817028962206952,0.26300000000000523,197.16666666666666,10,3,0
2025-04-10 11:00:00,Hive_10,35.12,26.09,57.22,57.0,42.665,193.1,91,Healthy,9.029999999999998,0.21999999999999886,34.4525,0.31045898699940155,0.2359999999999971,200.58333333333334,11,3,0
2025-04-10 12:00:00,Hive_10,33.86,26.33,56.37,51.92,42.638,176.4,79,Healthy,7.530000000000001,4.449999999999996,34.419583333333335,0.32988112703064754,0.19599999999999795,197.3166666666667,12,3,0
2025-04-10 13:00:00,Hive_10,34.18,27.58,56.72,47.27,42.646,206.5,76,Healthy,6.600000000000001,9.449999999999996,34.416666666666664,0.3317498621167583,0.19599999999999795,196.15,13,3,0
2025-04-10 14:00:00,Hive_10,34.26,27.92,54.92,49.73,42.618,206.6,80,Healthy,6.339999999999996,5.190000000000005,34.41958333333333,0.3299733739807313,0.16199999999999903,194.85,14,3,0
2025-04-10 15:00:00,Hive_10,34.63,27.34,54.52,52.21,42.606,219.9,64,Healthy,7.290000000000003,2.3100000000000023,34.4225,0.3315739802032452,0.14800000000000324,198.23333333333335,15,3,0
2025-04-10 16:00:00,Hive_10,34.78,27.87,56.52,48.81,42.577,206.7,73,Healthy,6.91,7.710000000000001,34.4475,0.3350957033964794,0.09100000000000108,201.53333333333333,16,3,0
2025-04-10 17:00:00,Hive_10,34.21,26.71,54.67,55.12,42.621,183.4,63,Healthy,7.5,-0.44999999999999574,34.41791666666666,0.32267872252599805,0.12600000000000477,199.91666666666666,17,3,0
2025-04-10 18:00:00,Hive_10,34.07,25.73,53.1,55.52,42.638,180.9,48,Healthy,8.34,-2.4200000000000017,34.41041666666667,0.32878536895758387,0.10799999999999699,200.66666666666666,18,3,0
2025-04-10 19:00:00,Hive_10,34.27,24.13,55.19,61.02,42.647,206.8,55,Healthy,10.140000000000004,-5.830000000000005,34.41708333333333,0.32401662821885285,0.12399999999999523,200.71666666666667,19,3,0
2025-04-10 20:00:00,Hive_10,34.64,20.6,53.85,69.07,42.703,198.1,19,Healthy,14.04,-15.219999999999992,34.3975,0.29303880140764366,0.15500000000000114,199.30000000000004,20,3,0
2025-04-10 21:00:00,Hive_10,34.27,21.42,54.17,67.42,42.716,214.0,0,Healthy,12.850000000000001,-13.25,34.409166666666664,0.2814545552423366,0.12400000000000233,198.3166666666667,21,3,0
2025-04-10 22:00:00,Hive_10,34.38,17.39,57.57,71.39,42.73,206.7,1,Healthy,16.990000000000002,-13.82,34.41416666666667,0.27975014732352077,0.09899999999999665,198.3166666666667,22,3,0
2025-04-10 23:00:00,Hive_10,33.76,15.49,56.63,78.84,42.771,207.5,1,Healthy,18.269999999999996,-22.21,34.375416666666666,0.3033003844184793,0.14800000000000324,202.33333333333334,23,3,0
2025-04-11 00:00:00,Hive_10,34.23,11.34,57.28,82.71,42.789,230.7,1,Healthy,22.889999999999997,-25.429999999999993,34.360416666666666,0.3011207928457413,0.14000000000000057,210.63333333333335,0,4,0
2025-04-11 01:00:00,Hive_10,34.05,9.86,59.02,79.49,42.812,211.7,2,Healthy,24.189999999999998,-20.46999999999999,34.34458333333334,0.3072313837946801,0.1529999999999987,211.44999999999996,1,4,0
2025-04-11 02:00:00,Hive_10,34.53,10.96,57.92,79.74,42.799,189.1,1,Healthy,23.57,-21.819999999999993,34.35208333333333,0.3095575968977187,0.17199999999999704,209.95000000000002,2,4,0
2025-04-11 03:00:00,Hive_10,33.69,11.26,52.26,76.57,42.831,199.9,2,Healthy,22.43,-24.309999999999995,34.31791666666667,0.33553304984191584,0.17500000000000426,207.6,3,4,0
2025-04-11 04:00:00,Hive_10,34.98,12.2,57.33,77.79,42.859,203.0,2,Healthy,22.779999999999998,-20.460000000000008,34.32833333333333,0.3523420604131994,0.16900000000000404,206.98333333333332,4,4,0
2025-04-11 05:00:00,Hive_10,34.38,14.9,56.68,75.27,42.844,222.3,1,Healthy,19.480000000000004,-18.589999999999996,34.32541666666666,0.35158002573061525,0.12400000000000233,209.44999999999996,5,4,0
2025-04-11 06:00:00,Hive_10,34.24,14.03,54.14,71.41,42.842,190.5,46,Healthy,20.21,-17.269999999999996,34.32833333333333,0.3505234181430015,0.11899999999999977,202.75,6,4,0
2025-04-11 07:00:00,Hive_10,34.43,17.83,55.49,70.41,42.852,208.1,60,Healthy,16.6,-14.919999999999995,34.34583333333334,0.34436982984886144,0.14399999999999835,202.15,7,4,0
2025-04-11 08:00:00,Hive_10,34.56,19.03,56.91,63.16,42.857,189.5,67,Healthy,15.530000000000001,-6.25,34.35,0.3464101615137601,0.18099999999999739,202.21666666666667,8,4,0
2025-04-11 09:00:00,Hive_10,34.07,21.23,54.63,59.78,42.872,183.8,69,Healthy,12.84,-5.149999999999999,34.34,0.35104812007570096,0.1839999999999975,199.53333333333333,9,4,0
2025-04-11 10:00:00,Hive_10,34.21,22.58,54.7,54.73,42.855,197.9,77,Healthy,11.630000000000003,-0.02999999999999403,34.324999999999996,0.348474938279185,0.16399999999999437,198.6833333333333,10,4,0
2025-04-11 11:00:00,Hive_10,34.31,24.26,54.29,55.15,42.891,186.2,104,Healthy,10.05,-0.8599999999999994,34.29125,0.30459256464130036,0.2259999999999991,192.66666666666666,11,4,0
2025-04-11 12:00:00,Hive_10,34.33,26.41,55.1,49.74,42.926,212.0,90,Healthy,7.919999999999998,5.359999999999999,34.310833333333335,0.2904406946373627,0.2880000000000038,196.25,12,4,0
2025-04-11 13:00:00,Hive_10,34.57,29.62,55.46,46.75,42.943,175.8,78,Healthy,4.949999999999999,8.71,34.327083333333334,0.2936942978331324,0.29699999999999704,190.86666666666667,13,4,0
2025-04-11 14:00:00,Hive_10,35.07,27.75,54.0,52.23,42.926,212.2,110,Healthy,7.32,1.7700000000000031,34.36083333333334,0.3299527853795156,0.30799999999999983,194.65,14,4,0
2025-04-11 15:00:00,Hive_10,35.36,29.39,56.03,49.01,42.921,229.0,69,Healthy,5.969999999999999,7.020000000000003,34.39125000000001,0.3849145867987199,0.3149999999999977,202.1833333333333,15,4,0
2025-04-11 16:00:00,Hive_10,34.49,26.0,55.06,53.46,42.931,216.7,46,Healthy,8.490000000000002,1.6000000000000014,34.37916666666666,0.3766432595009886,0.3539999999999992,205.31666666666663,16,4,0
2025-04-11 17:00:00,Hive_10,34.27,26.08,53.87,53.81,42.889,188.0,73,Healthy,8.190000000000005,0.05999999999999517,34.38166666666667,0.3756694507567487,0.2680000000000007,205.61666666666665,17,4,0
2025-04-11 18:00:00,Hive_10,34.08,25.25,56.23,57.12,42.925,215.5,40,Healthy,8.829999999999998,-0.8900000000000006,34.382083333333334,0.37531411964618433,0.28699999999999903,206.20000000000002,18,4,0
2025-04-11 19:00:00,Hive_10,34.14,20.77,55.72,64.43,42.899,195.5,45,Healthy,13.370000000000001,-8.710000000000008,34.376666666666665,0.37793105728156773,0.25200000000000244,209.48333333333335,19,4,0
2025-04-11 20:00:00,Hive_10,34.13,19.96,53.77,66.05,42.919,210.5,32,Healthy,14.170000000000002,-12.279999999999994,34.35541666666666,0.3768170951382059,0.21599999999999397,209.20000000000002,20,4,0
2025-04-11 21:00:00,Hive_10,34.36,19.35,57.73,65.57,42.955,209.5,1,Healthy,15.009999999999998,-7.839999999999996,34.35916666666667,0.3763776626309359,0.23899999999999721,205.95000000000002,21,4,0
2025-04-11 22:00:00,Hive_10,34.04,17.55,56.49,73.36,42.947,211.4,0,Healthy,16.49,-16.869999999999997,34.345000000000006,0.3819173596017938,0.21700000000000585,205.06666666666663,22,4,0
2025-04-11 23:00:00,Hive_10,34.17,16.74,53.97,75.06,42.95,199.9,3,Healthy,17.430000000000003,-21.090000000000003,34.36208333333334,0.36332975998773387,0.17900000000000205,207.04999999999998,23,4,0
2025-04-12 00:00:00,Hive_10,34.13,13.18,59.14,73.65,42.963,214.3,1,Healthy,20.950000000000003,-14.510000000000005,34.35791666666667,0.3654774026996034,0.1739999999999995,206.85,0,5,0
2025-04-12 01:00:00,Hive_10,34.54,10.77,54.31,78.53,43.012,190.8,0,Healthy,23.77,-24.22,34.37833333333333,0.3611896607247853,0.20000000000000284,206.0666666666667,1,5,0
2025-04-12 02:00:00,Hive_10,34.51,13.21,54.1,81.86,42.984,218.3,2,Healthy,21.299999999999997,-27.759999999999998,34.3775,0.3608474325323792,0.18500000000000227,207.36666666666667,2,5,0
2025-04-12 03:00:00,Hive_10,34.43,11.61,57.44,79.61,42.973,190.7,1,Healthy,22.82,-22.17,34.40833333333334,0.3298308745358721,0.1419999999999959,204.23333333333335,3,5,0
2025-04-12 04:00:00,Hive_10,34.56,13.54,53.68,78.1,43.012,193.2,3,Healthy,21.020000000000003,-24.419999999999995,34.39083333333333,0.3086424224365969,0.1529999999999987,201.20000000000002,4,5,0
2025-04-12 05:00:00,Hive_10,34.6,19.05,54.8,73.86,43.063,195.8,2,Healthy,15.55,-19.060000000000002,34.4,0.3115598902576952,0.2190000000000012,200.51666666666665,5,5,0
2025-04-12 06:00:00,Hive_10,34.73,16.34,55.14,72.3,43.083,203.2,43,Healthy,18.389999999999997,-17.159999999999997,34.42041666666667,0.3166328166499938,0.24099999999999966,198.66666666666666,6,5,0
2025-04-12 07:00:00,Hive_10,34.67,17.53,56.87,69.99,43.13,192.2,61,Healthy,17.14,-13.119999999999997,34.430416666666666,0.32071223952276884,0.2780000000000058,198.9,7,5,0
2025-04-12 08:00:00,Hive_10,34.67,19.71,56.17,62.79,43.118,194.4,65,Healthy,14.96,-6.619999999999997,34.435,0.3234192325759249,0.2610000000000028,194.91666666666666,8,5,0
2025-04-12 09:00:00,Hive_10,34.16,19.81,55.24,61.04,43.134,205.9,82,Healthy,14.349999999999998,-5.799999999999997,34.43875,0.3195011396863402,0.26200000000000045,197.45000000000002,9,5,0
2025-04-12 10:00:00,Hive_10,34.27,26.3,55.98,55.88,43.141,216.9,90,Healthy,7.970000000000002,0.09999999999999432,34.441250000000004,0.3178639646137967,0.28600000000000136,201.39999999999998,10,5,0
2025-04-12 11:00:00,Hive_10,34.06,28.53,55.51,54.21,43.15,208.0,95,Healthy,5.530000000000001,1.2999999999999972,34.43083333333333,0.32633560568260334,0.25900000000000034,203.4333333333333,11,5,0
2025-04-12 12:00:00,Hive_10,34.46,26.13,51.43,49.99,43.161,193.9,98,Healthy,8.330000000000002,1.4399999999999977,34.436249999999994,0.32566737498625054,0.23499999999999943,201.88333333333333,12,5,0
2025-04-12 13:00:00,Hive_10,34.97,24.75,56.01,50.52,43.191,205.1,72,Healthy,10.219999999999999,5.489999999999995,34.45291666666667,0.3426048448433668,0.24800000000000466,204.03333333333333,13,5,0
2025-04-12 14:00:00,Hive_10,34.18,28.25,54.81,50.82,43.143,195.0,80,Healthy,5.93,3.990000000000002,34.41583333333333,0.32035193509457394,0.21699999999999875,204.13333333333333,14,5,0
2025-04-12 15:00:00,Hive_10,34.42,29.83,54.88,49.3,43.141,210.8,58,Healthy,4.590000000000003,5.580000000000005,34.37666666666667,0.24953289696282302,0.21999999999999886,204.95000000000002,15,5,0
2025-04-12 16:00:00,Hive_10,34.89,28.63,50.88,51.99,43.102,195.6,75,Healthy,6.260000000000002,-1.1099999999999994,34.39333333333334,0.26995437080891116,0.17099999999999937,201.4,16,5,0
2025-04-12 17:00:00,Hive_10,34.79,24.82,56.0,55.56,43.114,201.4,54,Healthy,9.969999999999999,0.4399999999999977,34.415,0.28029487578495244,0.22499999999999432,200.29999999999998,17,5,0
2025-04-12 18:00:00,Hive_10,34.26,23.92,55.77,55.45,43.115,188.9,54,Healthy,10.339999999999996,0.3200000000000003,34.4225,0.27326130192625764,0.19000000000000483,199.46666666666667,18,5,0
2025-04-12 19:00:00,Hive_10,34.46,22.64,55.62,60.69,43.145,203.0,27,Healthy,11.82,-5.07,34.435833333333335,0.2666037063356105,0.24600000000000222,199.11666666666667,19,5,0
2025-04-12 20:00:00,Hive_10,34.18,19.67,55.75,64.19,43.166,210.9,20,Healthy,14.509999999999998,-8.439999999999998,34.43791666666667,0.2642952756929718,0.2469999999999999,201.76666666666665,20,5,0
2025-04-12 21:00:00,Hive_10,34.59,18.17,55.19,68.87,43.176,198.0,3,Healthy,16.42,-13.680000000000007,34.4475,0.265514267200387,0.22100000000000364,199.63333333333333,21,5,0
2025-04-12 22:00:00,Hive_10,34.82,14.71,53.78,72.15,43.171,211.0,0,Healthy,20.11,-18.370000000000005,34.48,0.26116794529991594,0.22399999999999665,202.20000000000002,22,5,0
2025-04-12 23:00:00,Hive_10,34.62,15.33,53.17,74.63,43.204,181.7,2,Healthy,19.29,-21.459999999999994,34.49875,0.253999529270378,0.2539999999999978,198.91666666666666,23,5,0
2025-04-13 00:00:00,Hive_10,34.48,11.31,57.93,81.61,43.198,193.4,3,Healthy,23.169999999999995,-23.68,34.513333333333335,0.24165492225337723,0.23499999999999943,199.66666666666666,0,6,0
2025-04-13 01:00:00,Hive_10,34.65,10.13,53.47,78.09,43.218,202.6,0,Healthy,24.519999999999996,-24.620000000000005,34.51791666666667,0.2432207651080007,0.20600000000000307,199.6,1,6,0
2025-04-13 02:00:00,Hive_10,34.73,13.45,55.19,77.48,43.219,183.4,2,Healthy,21.279999999999998,-22.290000000000006,34.52708333333334,0.24702541968596461,0.23499999999999943,195.01666666666665,2,6,0
2025-04-13 03:00:00,Hive_10,34.87,10.96,57.46,81.9,43.235,193.9,1,Healthy,23.909999999999997,-24.440000000000005,34.54541666666667,0.25568287366202935,0.26200000000000045,194.33333333333334,3,6,0
2025-04-13 04:00:00,Hive_10,34.63,12.52,56.85,78.49,43.245,179.0,1,Healthy,22.110000000000003,-21.639999999999993,34.54833333333334,0.2562550812504651,0.232999999999997,189.0,4,6,0
2025-04-13 05:00:00,Hive_10,34.72,16.68,54.41,72.49,43.238,205.9,3,Healthy,18.04,-18.08,34.553333333333335,0.25846817425258733,0.17499999999999716,193.03333333333333,5,6,0
2025-04-13 06:00:00,Hive_10,34.11,16.51,54.85,71.97,43.221,195.4,49,Healthy,17.599999999999998,-17.119999999999997,34.527499999999996,0.270735712618356,0.13799999999999812,193.36666666666667,6,6,0
2025-04-13 07:00:00,Hive_10,34.13,14.39,54.72,71.66,43.242,219.6,52,Healthy,19.740000000000002,-16.939999999999998,34.505,0.28063592382148683,0.11199999999999477,196.20000000000002,7,6,0
2025-04-13 08:00:00,Hive_10,34.13,16.24,55.54,67.16,43.26,151.2,53,Healthy,17.890000000000004,-11.619999999999997,34.482499999999995,0.28837249461794934,0.1419999999999959,190.83333333333334,8,6,0
2025-04-13 09:00:00,Hive_10,34.1,21.38,55.18,55.95,43.268,204.5,82,Healthy,12.720000000000002,-0.7700000000000031,34.48,0.29153268144040195,0.13400000000000034,192.6,9,6,0
2025-04-13 10:00:00,Hive_10,34.73,21.48,57.29,54.93,43.259,203.9,92,Healthy,13.249999999999996,2.3599999999999994,34.49916666666667,0.29224642173087517,0.1180000000000021,196.75,10,6,0
2025-04-13 11:00:00,Hive_10,34.31,26.01,57.98,53.9,43.271,205.8,91,Healthy,8.3,4.079999999999998,34.50958333333333,0.28011611205336545,0.12100000000000222,196.73333333333335,11,6,0
2025-04-13 12:00:00,Hive_10,34.4,25.71,54.49,52.11,43.287,186.3,77,Healthy,8.689999999999998,2.3800000000000026,34.507083333333334,0.28084467572675664,0.12599999999999767,195.21666666666667,12,6,0
2025-04-13 13:00:00,Hive_10,34.4,28.48,52.11,49.45,43.316,207.9,95,Healthy,5.919999999999998,2.6599999999999966,34.483333333333334,0.2635652986769543,0.125,193.26666666666665,13,6,0
2025-04-13 14:00:00,Hive_10,34.57,28.58,54.09,46.97,43.307,207.5,101,Healthy,5.990000000000002,7.1200000000000045,34.49958333333333,0.2559632984334583,0.16400000000000148,202.65,14,6,0
2025-04-13 15:00:00,Hive_10,34.49,29.97,54.68,51.76,43.299,196.0,87,Healthy,4.520000000000003,2.9200000000000017,34.5025,0.25541526289896554,0.15800000000000125,201.23333333333335,15,6,0
2025-04-13 16:00:00,Hive_10,33.9,29.66,54.2,50.38,43.327,231.1,83,Healthy,4.239999999999998,3.8200000000000003,34.46125,0.26965860058519736,0.22500000000000142,205.76666666666665,16,6,0
2025-04-13 17:00:00,Hive_10,34.25,27.58,53.01,52.69,43.324,213.7,76,Healthy,6.670000000000002,0.3200000000000003,34.438750000000006,0.26349346167945836,0.21000000000000085,207.08333333333334,17,6,0
2025-04-13 18:00:00,Hive_10,34.18,24.52,54.83,56.99,43.338,178.1,59,Healthy,9.66,-2.1600000000000037,34.43541666666667,0.2663436676088994,0.22299999999999898,205.7166666666667,18,6,0
2025-04-13 19:00:00,Hive_10,34.5,21.43,55.45,62.84,43.334,194.8,46,Healthy,13.07,-7.390000000000001,34.437083333333334,0.2666291866776847,0.18900000000000006,203.53333333333333,19,6,0
2025-04-13 20:00:00,Hive_10,34.53,19.8,55.58,62.79,43.371,217.3,29,Healthy,14.73,-7.210000000000001,34.45166666666666,0.26147851631205526,0.2050000000000054,205.16666666666666,20,6,0
2025-04-13 21:00:00,Hive_10,34.34,17.11,55.76,68.43,43.402,218.6,1,Healthy,17.230000000000004,-12.670000000000009,34.441250000000004,0.26070660671069895,0.2259999999999991,208.9333333333333,21,6,0
2025-04-13 22:00:00,Hive_10,33.92,15.23,53.2,71.66,43.412,205.7,2,Healthy,18.69,-18.459999999999994,34.403749999999995,0.26847091171069987,0.24099999999999966,204.70000000000002,22,6,0
2025-04-13 23:00:00,Hive_10,34.42,13.17,54.43,74.62,43.435,180.4,0,Healthy,21.25,-20.190000000000005,34.39541666666667,0.26454192018699474,0.23100000000000165,199.15,23,6,0
2025-04-14 00:00:00,Hive_10,33.93,12.62,52.76,75.26,43.44,209.5,2,Healthy,21.310000000000002,-22.500000000000007,34.372499999999995,0.2802522155984008,0.24199999999999733,204.38333333333333,0,0,0
2025-04-14 01:00:00,Hive_10,34.57,14.65,54.62,79.69,43.446,231.2,2,Healthy,19.92,-25.07,34.369166666666665,0.27726798630904,0.22799999999999443,210.45000000000002,1,0,0
2025-04-14 02:00:00,Hive_10,34.62,12.52,55.99,77.71,43.479,209.5,1,Healthy,22.099999999999998,-21.71999999999999,34.364583333333336,0.2719011835633923,0.259999999999998,209.15,2,0,0
2025-04-14 03:00:00,Hive_10,34.53,12.02,56.9,79.34,43.51,211.3,4,Healthy,22.51,-22.440000000000005,34.35041666666667,0.252594866667257,0.2749999999999986,207.9333333333333,3,0,0
2025-04-14 04:00:00,Hive_10,34.5,9.09,53.99,77.07,43.501,174.2,1,Healthy,25.41,-23.07999999999999,34.345,0.2476849331044141,0.2560000000000002,202.6833333333333,4,0,0
2025-04-14 05:00:00,Hive_10,34.27,15.68,55.33,77.15,43.539,177.2,1,Healthy,18.590000000000003,-21.820000000000007,34.32625,0.23475820122725455,0.30100000000000193,202.15,5,0,0
2025-04-14 06:00:00,Hive_10,34.76,16.43,52.75,72.52,43.528,210.2,32,Healthy,18.33,-19.769999999999996,34.35333333333333,0.2459527467282523,0.30700000000000216,202.26666666666665,6,0,0
2025-04-14 07:00:00,Hive_10,34.72,19.15,54.3,69.78,43.549,182.4,56,Healthy,15.57,-15.480000000000004,34.37791666666667,0.25206933426212513,0.30700000000000216,194.13333333333333,7,0,0
2025-04-14 08:00:00,Hive_10,34.57,20.05,53.28,63.2,43.564,226.1,57,Healthy,14.52,-9.920000000000002,34.39625,0.24923905932988255,0.30400000000000205,196.9,8,0,0
2025-04-14 09:00:00,Hive_10,34.25,22.04,56.05,57.88,43.565,211.1,81,Healthy,12.21,-1.8300000000000054,34.4025,0.2432970987514306,0.29699999999999704,196.86666666666667,9,0,0
2025-04-14 10:00:00,Hive_10,34.71,23.9,55.46,55.44,43.545,185.5,56,Healthy,10.810000000000002,0.020000000000003126,34.401666666666664,0.24215817085148844,0.28600000000000136,198.75,10,0,0
2025-04-14 11:00:00,Hive_10,34.18,23.61,53.75,53.77,43.583,215.4,81,Healthy,10.57,-0.020000000000003126,34.39625,0.245725412322092,0.3119999999999976,205.11666666666665,11,0,0
2025-04-14 12:00:00,Hive_10,34.69,28.12,55.45,54.44,43.615,211.5,77,Healthy,6.569999999999997,1.0100000000000051,34.40833333333333,0.2529421082874948,0.32800000000000296,205.33333333333334,12,0,0
2025-04-14 13:00:00,Hive_10,34.85,27.44,54.13,49.41,43.61,215.4,91,Healthy,7.41,4.720000000000006,34.427083333333336,0.2684979016461868,0.29399999999999693,210.83333333333334,13,0,0
2025-04-14 14:00:00,Hive_10,34.34,31.17,56.68,48.28,43.594,219.8,72,Healthy,3.1700000000000017,8.399999999999999,34.417500000000004,0.2672769285249598,0.28699999999999903,209.78333333333333,14,0,0
2025-04-14 15:00:00,Hive_10,34.51,28.64,52.95,46.83,43.643,183.9,69,Healthy,5.869999999999997,6.1200000000000045,34.41833333333334,0.26754384714458496,0.3440000000000012,205.25,15,0,0
2025-04-14 16:00:00,Hive_10,34.71,27.73,53.93,50.81,43.637,199.6,57,Healthy,6.98,3.1199999999999974,34.45208333333333,0.249816961979684,0.3100000000000023,207.60000000000002,16,0,0
2025-04-14 17:00:00,Hive_10,34.67,26.25,55.96,56.15,43.608,193.1,58,Healthy,8.420000000000002,-0.18999999999999773,34.46958333333333,0.2497560403877239,0.2839999999999989,203.88333333333333,17,0,0
2025-04-14 18:00:00,Hive_10,33.81,26.18,53.49,56.34,43.605,167.7,59,Healthy,7.630000000000003,-2.8500000000000014,34.454166666666666,0.2782072525336543,0.2669999999999959,196.58333333333334,18,0,0
2025-04-14 19:00:00,Hive_10,34.17,19.72,57.26,62.01,43.61,192.8,44,Healthy,14.450000000000003,-4.75,34.44041666666667,0.283939356150247,0.27599999999999625,192.8166666666667,19,0,0
2025-04-14 20:00:00,Hive_10,34.36,18.49,54.11,66.15,43.618,183.7,28,Healthy,15.870000000000001,-12.040000000000006,34.43333333333334,0.28372777318296305,0.2469999999999999,186.79999999999998,20,0,0
2025-04-14 21:00:00,Hive_10,34.83,18.44,56.22,64.26,43.591,169.8,2,Healthy,16.389999999999997,-8.040000000000006,34.45375,0.29415778818149885,0.18900000000000006,184.45000000000002,21,0,0
2025-04-14 22:00:00,Hive_10,34.07,17.15,57.74,73.75,43.586,203.6,2,Healthy,16.92,-16.009999999999998,34.46,0.2837328811154851,0.1739999999999995,185.11666666666667,22,0,0
2025-04-14 23:00:00,Hive_10,34.62,16.73,54.88,75.86,43.572,165.2,2,Healthy,17.889999999999997,-20.979999999999997,34.468333333333334,0.2854388941942733,0.13700000000000045,180.46666666666667,23,0,0
2025-04-15 00:00:00,Hive_10,34.54,10.95,55.19,78.69,43.561,215.5,2,Healthy,23.59,-23.5,34.49375,0.2615806883578259,0.12100000000000222,188.4333333333333,0,1,0
2025-04-15 01:00:00,Hive_10,34.44,10.5,53.0,83.63,43.555,177.4,3,Healthy,23.939999999999998,-30.629999999999995,34.48833333333334,0.2612789058968985,0.10900000000000176,185.86666666666667,1,1,0
2025-04-15 02:00:00,Hive_10,34.67,13.62,56.87,81.48,43.561,206.3,1,Healthy,21.050000000000004,-24.610000000000007,34.49041666666667,0.2625705564252463,0.08200000000000074,189.63333333333333,2,1,0
2025-04-15 03:00:00,Hive_10,33.58,12.04,54.07,80.39,43.574,198.8,1,Healthy,21.54,-26.32,34.45083333333333,0.32136822529909465,0.06400000000000006,194.4666666666667,3,1,0
2025-04-15 04:00:00,Hive_10,34.13,13.96,56.78,76.57,43.605,191.0,1,Healthy,20.17,-19.789999999999992,34.43541666666667,0.3277191157692543,0.1039999999999992,192.36666666666667,4,1,0
2025-04-15 05:00:00,Hive_10,34.66,15.61,55.71,75.69,43.608,207.7,1,Healthy,19.049999999999997,-19.979999999999997,34.45166666666667,0.32882751744933064,0.06899999999999551,199.45000000000002,5,1,0
2025-04-15 06:00:00,Hive_10,34.39,16.59,53.13,72.35,43.621,200.6,41,Healthy,17.8,-19.21999999999999,34.43625,0.32235293242575086,0.09300000000000352,196.96666666666667,6,1,0
2025-04-15 07:00:00,Hive_10,34.42,15.53,55.46,65.59,43.668,199.3,44,Healthy,18.89,-10.130000000000003,34.42375,0.31663739376522554,0.11899999999999977,200.61666666666667,7,1,0
2025-04-15 08:00:00,Hive_10,34.3,19.69,56.68,67.5,43.682,209.7,88,Healthy,14.609999999999996,-10.82,34.4125,0.3160111445475589,0.1180000000000021,201.18333333333337,8,1,0
2025-04-15 09:00:00,Hive_10,34.47,19.31,53.58,62.91,43.69,225.4,91,Healthy,15.16,-9.329999999999998,34.42166666666667,0.3142785619363066,0.125,205.61666666666667,9,1,0
2025-04-15 10:00:00,Hive_10,34.78,21.0,54.97,55.96,43.699,176.5,77,Healthy,13.780000000000001,-0.990000000000002,34.42458333333334,0.3173802981018015,0.15399999999999636,203.20000000000002,10,1,0
2025-04-15 11:00:00,Hive_10,34.12,23.62,53.61,51.09,43.694,187.4,98,Healthy,10.499999999999996,2.519999999999996,34.42208333333333,0.3196190554076988,0.1110000000000042,199.81666666666663,11,1,0
2025-04-15 12:00:00,Hive_10,34.35,25.57,55.66,54.86,43.713,186.5,86,Healthy,8.780000000000001,0.7999999999999972,34.407916666666665,0.3147252655152102,0.09799999999999898,197.46666666666667,12,1,0
2025-04-15 13:00:00,Hive_10,34.46,26.97,53.88,51.26,43.726,205.1,107,Healthy,7.490000000000002,2.6200000000000045,34.391666666666666,0.30066110731065304,0.11599999999999966,198.4333333333333,13,1,0
2025-04-15 14:00:00,Hive_10,34.63,28.1,53.58,50.02,43.701,195.3,95,Healthy,6.530000000000001,3.559999999999995,34.403749999999995,0.3042998021116885,0.10699999999999932,196.03333333333333,14,1,0
2025-04-15 15:00:00,Hive_10,34.7,29.58,51.72,46.75,43.72,206.0,61,Healthy,5.1200000000000045,4.969999999999999,34.41166666666667,0.3096093845710914,0.07699999999999818,192.79999999999998,15,1,0
2025-04-15 16:00:00,Hive_10,34.48,28.43,55.21,55.5,43.76,183.1,58,Healthy,6.049999999999997,-0.28999999999999915,34.40208333333334,0.30347235626080976,0.12299999999999756,193.89999999999998,16,1,0
2025-04-15 17:00:00,Hive_10,34.51,24.4,54.17,54.47,43.764,191.9,55,Healthy,10.11,-0.29999999999999716,34.39541666666667,0.29905618443574944,0.1560000000000059,194.65,17,1,0
2025-04-15 18:00:00,Hive_10,33.9,22.85,54.66,55.98,43.735,211.3,44,Healthy,11.049999999999997,-1.3200000000000003,34.399166666666666,0.29187425324981897,0.13000000000000256,198.78333333333333,18,1,0
2025-04-15 19:00:00,Hive_10,34.43,21.89,56.9,60.37,43.718,175.7,40,Healthy,12.54,-3.469999999999999,34.41,0.28779521704941297,0.10800000000000409,193.88333333333335,19,1,0
2025-04-15 20:00:00,Hive_10,34.71,19.26,53.34,65.72,43.74,184.7,30,Healthy,15.45,-12.379999999999995,34.42458333333333,0.29395325222346835,0.12199999999999989,192.11666666666667,20,1,0
2025-04-15 21:00:00,Hive_10,34.49,16.07,53.35,69.15,43.723,211.3,1,Healthy,18.42,-15.800000000000004,34.41041666666667,0.281494137195359,0.1319999999999979,193.0,21,1,0
2025-04-15 22:00:00,Hive_10,34.89,17.52,53.58,71.41,43.762,202.6,2,Healthy,17.37,-17.83,34.444583333333334,0.28806670674730306,0.17600000000000193,196.25,22,1,0
2025-04-15 23:00:00,Hive_10,34.73,12.84,54.51,77.07,43.73,183.3,0,Healthy,21.889999999999997,-22.559999999999995,34.44916666666666,0.2918295611373682,0.15799999999999415,194.8166666666667,23,1,0
2025-04-16 00:00:00,Hive_10,34.37,13.75,54.15,77.06,43.769,200.7,2,Healthy,20.619999999999997,-22.910000000000004,34.442083333333336,0.29159201943315544,0.2079999999999984,193.04999999999998,0,2,0
2025-04-16 01:00:00,Hive_10,34.21,11.34,55.52,79.43,43.756,211.2,1,Healthy,22.87,-23.910000000000004,34.432500000000005,0.295417905906932,0.2010000000000005,198.96666666666667,1,2,0
2025-04-16 02:00:00,Hive_10,34.5,13.42,56.97,83.81,43.781,178.5,2,Healthy,21.08,-26.840000000000003,34.42541666666667,0.2914876262071594,0.21999999999999886,197.9333333333333,2,2,0
2025-04-16 03:00:00,Hive_10,34.55,13.02,55.25,80.68,43.791,202.0,0,Healthy,21.529999999999998,-25.430000000000007,34.465833333333336,0.22991334221298532,0.21699999999999875,196.38333333333333,3,2,0
2025-04-16 04:00:00,Hive_10,34.35,12.72,54.11,75.08,43.788,184.2,2,Healthy,21.630000000000003,-20.97,34.475,0.22011854513660273,0.18299999999999983,193.31666666666663,4,2,0
2025-04-16 05:00:00,Hive_10,34.08,13.87,54.55,74.77,43.821,217.4,2,Healthy,20.21,-20.22,34.45083333333333,0.23051769085497056,0.21300000000000097,199.0,5,2,0
2025-04-16 06:00:00,Hive_10,34.3,15.56,54.55,73.62,43.816,213.6,57,Healthy,18.739999999999995,-19.070000000000007,34.44708333333333,0.23227568265668455,0.19500000000000028,201.14999999999998,6,2,0
2025-04-16 07:00:00,Hive_10,34.62,17.88,55.53,72.34,43.831,181.1,51,Healthy,16.74,-16.810000000000002,34.45541666666667,0.2348353570643558,0.1630000000000038,196.13333333333333,7,2,0
2025-04-16 08:00:00,Hive_10,34.68,19.92,54.0,64.91,43.842,201.3,71,Healthy,14.759999999999998,-10.909999999999997,34.47125,0.2367040437927422,0.1599999999999966,199.9333333333333,8,2,0
2025-04-16 09:00:00,Hive_10,33.82,22.1,53.59,58.31,43.842,182.3,77,Healthy,11.719999999999999,-4.719999999999999,34.44416666666667,0.2714841122209743,0.15200000000000102,196.65,9,2,0
2025-04-16 10:00:00,Hive_10,34.64,25.64,56.48,58.95,43.833,193.1,90,Healthy,9.0,-2.470000000000006,34.43833333333333,0.2653900602094483,0.13400000000000034,198.13333333333333,10,2,0
2025-04-16 11:00:00,Hive_10,35.06,24.95,55.14,53.55,43.879,172.7,82,Healthy,10.110000000000003,1.5900000000000034,34.4775,0.28500572076640324,0.18499999999999517,190.6833333333333,11,2,0
2025-04-16 12:00:00,Hive_10,33.88,27.54,54.66,52.2,43.938,203.7,96,Healthy,6.340000000000003,2.4599999999999937,34.45791666666667,0.30926250516584936,0.22500000000000142,189.03333333333333,12,2,0
2025-04-16 13:00:00,Hive_10,34.5,26.76,56.68,51.0,43.97,206.1,89,Healthy,7.739999999999998,5.68,34.459583333333335,0.30938198096355835,0.24399999999999977,193.20000000000002,13,2,0
2025-04-16 14:00:00,Hive_10,34.52,25.48,56.31,46.57,44.006,186.7,69,Healthy,9.040000000000003,9.740000000000002,34.455000000000005,0.307556993657815,0.3049999999999997,190.76666666666665,14,2,0
2025-04-16 15:00:00,Hive_10,34.03,29.13,54.26,48.88,44.006,219.8,86,Healthy,4.900000000000002,5.3799999999999955,34.427083333333336,0.31467691045104695,0.28600000000000136,197.01666666666665,15,2,0
2025-04-16 16:00:00,Hive_10,34.54,25.82,56.59,54.81,44.043,196.1,75,Healthy,8.719999999999999,1.7800000000000011,34.42958333333333,0.31535320662320604,0.28300000000000125,197.51666666666665,16,2,0
2025-04-16 17:00:00,Hive_10,34.53,25.05,56.44,56.25,44.083,208.2,59,Healthy,9.48,0.18999999999999773,34.430416666666666,0.31560127798643195,0.3189999999999955,203.4333333333333,17,2,0
2025-04-16 18:00:00,Hive_10,34.29,23.88,56.4,51.59,44.113,189.0,51,Healthy,10.41,4.809999999999995,34.446666666666665,0.29656976108229804,0.3780000000000001,200.98333333333335,18,2,0
2025-04-16 19:00:00,Hive_10,35.16,21.79,56.06,62.5,44.109,198.8,53,Healthy,13.369999999999997,-6.439999999999998,34.47708333333333,0.3303026170659132,0.39099999999999824,199.76666666666665,19,2,0
2025-04-16 20:00:00,Hive_10,34.71,17.89,56.94,63.77,44.131,190.9,35,Healthy,16.82,-6.830000000000005,34.47708333333333,0.3303026170659132,0.39099999999999824,200.46666666666667,20,2,0
2025-04-16 21:00:00,Hive_10,34.47,18.55,55.08,69.58,44.123,237.2,2,Healthy,15.919999999999998,-14.5,34.47625,0.33029384150955926,0.3999999999999986,203.36666666666667,21,2,0
2025-04-16 22:00:00,Hive_10,34.75,16.82,53.05,72.06,44.098,199.5,4,Healthy,17.93,-19.010000000000005,34.470416666666665,0.3238421403771722,0.3359999999999985,203.93333333333337,22,2,0
2025-04-16 23:00:00,Hive_10,34.65,16.16,54.05,73.99,44.117,207.6,2,Healthy,18.49,-19.939999999999998,34.467083333333335,0.32145699782285797,0.38700000000000045,203.83333333333334,23,2,0
2025-04-17 00:00:00,Hive_10,34.48,10.72,53.45,75.46,44.105,204.1,1,Healthy,23.759999999999998,-22.00999999999999,34.471666666666664,0.3207961111477923,0.3359999999999985,206.35,0,3,0
2025-04-17 01:00:00,Hive_10,34.42,15.66,55.45,78.42,44.085,207.6,2,Healthy,18.76,-22.97,34.48041666666666,0.3161793542563828,0.3290000000000006,207.8166666666667,1,3,0
2025-04-17 02:00:00,Hive_10,34.63,11.48,57.15,80.55,44.145,184.1,0,Healthy,23.150000000000002,-23.4,34.48583333333333,0.3176396189650233,0.3640000000000043,206.6833333333333,2,3,0
2025-04-17 03:00:00,Hive_10,34.69,12.43,55.17,75.33,44.162,195.4,2,Healthy,22.259999999999998,-20.159999999999997,34.49166666666667,0.32014489473237395,0.3710000000000022,199.71666666666667,3,3,0
2025-04-17 04:00:00,Hive_10,34.1,13.78,55.26,78.39,44.209,203.6,2,Healthy,20.32,-23.130000000000003,34.481249999999996,0.32890215936474915,0.4210000000000065,200.39999999999998,4,3,0
2025-04-17 05:00:00,Hive_10,34.77,16.68,54.2,74.12,44.241,212.0,1,Healthy,18.090000000000003,-19.92,34.51,0.3223959218644066,0.4200000000000017,201.13333333333333,5,3,0
2025-04-17 06:00:00,Hive_10,33.94,15.6,54.34,74.46,44.263,195.4,51,Healthy,18.339999999999996,-20.11999999999999,34.495,0.3404600468164744,0.4469999999999956,199.6833333333333,6,3,0
2025-04-17 07:00:00,Hive_10,34.7,14.87,53.87,67.17,44.247,215.9,65,Healthy,19.830000000000005,-13.300000000000004,34.49833333333333,0.34212464886695126,0.4159999999999968,201.0666666666667,7,3,0
2025-04-17 08:00:00,Hive_10,34.18,18.37,54.77,65.28,44.261,187.9,77,Healthy,15.809999999999999,-10.509999999999998,34.4775,0.34578518086285814,0.41900000000000404,201.70000000000002,8,3,0
2025-04-17 09:00:00,Hive_10,34.62,23.42,52.82,61.64,44.298,198.6,68,Healthy,11.199999999999996,-8.82,34.51083333333333,0.31700934928839253,0.45600000000000307,202.23333333333335,9,3,0
2025-04-17 10:00:00,Hive_10,34.65,24.22,53.37,58.99,44.323,199.1,89,Healthy,10.43,-5.6200000000000045,34.51125,0.3171930217446413,0.490000000000002,201.48333333333335,10,3,0
2025-04-17 11:00:00,Hive_10,34.55,24.45,56.78,56.49,44.302,179.0,86,Healthy,10.099999999999998,0.28999999999999915,34.49,0.29514918851027644,0.4230000000000018,195.98333333333335,11,3,0
2025-04-17 12:00:00,Hive_10,34.23,29.13,55.08,55.94,44.315,210.8,98,Healthy,5.099999999999998,-0.8599999999999994,34.504583333333336,0.2713890063242066,0.37699999999999534,198.54999999999998,12,3,0
2025-04-17 13:00:00,Hive_10,33.9,26.06,56.22,50.64,44.319,181.9,91,Healthy,7.84,5.579999999999998,34.47958333333333,0.2981461440106477,0.34900000000000375,192.88333333333333,13,3,0
2025-04-17 14:00:00,Hive_10,34.23,27.45,58.33,52.52,44.346,219.3,74,Healthy,6.779999999999998,5.809999999999995,34.4675,0.30228477791071684,0.3399999999999963,198.11666666666667,14,3,0
2025-04-17 15:00:00,Hive_10,34.44,30.41,56.96,48.09,44.366,181.4,89,Healthy,4.029999999999998,8.869999999999997,34.48458333333333,0.2877193555120078,0.35999999999999943,195.25,15,3,0
2025-04-17 16:00:00,Hive_10,34.04,27.44,55.65,51.18,44.373,202.3,54,Healthy,6.599999999999998,4.469999999999999,34.46375,0.3013132488176591,0.3299999999999983,195.78333333333333,16,3,0
2025-04-17 17:00:00,Hive_10,35.06,25.03,54.69,55.35,44.411,211.8,62,Healthy,10.030000000000001,-0.6600000000000037,34.48583333333333,0.32488013397142157,0.32800000000000296,201.25,17,3,0
2025-04-17 18:00:00,Hive_10,34.69,22.48,54.21,55.56,44.409,197.3,48,Healthy,12.209999999999997,-1.3500000000000014,34.5025,0.32465700964719696,0.2959999999999994,199.0,18,3,0
2025-04-17 19:00:00,Hive_10,34.74,23.42,55.66,60.11,44.386,204.4,12,Healthy,11.32,-4.450000000000003,34.485,0.2978911385637311,0.277000000000001,202.75,19,3,0
2025-04-17 20:00:00,Hive_10,34.5,18.66,52.35,65.93,44.373,160.9,16,Healthy,15.84,-13.580000000000005,34.47625,0.29405430583927933,0.24199999999999733,193.01666666666668,20,3,0
2025-04-17 21:00:00,Hive_10,34.55,18.8,55.02,67.77,44.384,215.3,1,Healthy,15.749999999999996,-12.749999999999993,34.47958333333333,0.29443356328451775,0.2610000000000028,198.66666666666666,21,3,0
2025-04-17 22:00:00,Hive_10,34.83,17.37,53.06,67.55,44.372,189.4,3,Healthy,17.459999999999997,-14.489999999999995,34.48291666666667,0.29805863395542703,0.2740000000000009,196.51666666666665,22,3,0
2025-04-17 23:00:00,Hive_10,34.21,13.01,55.38,74.29,44.397,225.6,4,Healthy,21.200000000000003,-18.910000000000004,34.46458333333334,0.3008535562675802,0.28000000000000114,198.8166666666667,23,3,0
2025-04-18 00:00:00,Hive_10,34.13,14.05,57.86,78.72,44.412,195.7,2,Healthy,20.080000000000002,-20.86,34.45,0.30846041251182194,0.30700000000000216,198.54999999999998,0,4,0
2025-04-18 01:00:00,Hive_10,34.67,11.32,57.01,74.81,44.433,199.9,2,Healthy,23.35,-17.800000000000004,34.46041666666667,0.3116084383334128,0.347999999999999,197.79999999999998,1,4,0
2025-04-18 02:00:00,Hive_10,34.48,12.26,55.04,80.28,44.474,207.1,2,Healthy,22.22,-25.240000000000002,34.454166666666666,0.3095567190659058,0.3289999999999935,205.5,2,4,0
2025-04-18 03:00:00,Hive_10,34.78,13.26,53.86,80.81,44.474,187.8,2,Healthy,21.520000000000003,-26.950000000000003,34.45791666666667,0.3130631158293195,0.3119999999999976,200.91666666666666,3,4,0
2025-04-18 04:00:00,Hive_10,34.62,14.15,57.06,75.44,44.48,204.7,2,Healthy,20.47,-18.379999999999995,34.47958333333333,0.3051083794136403,0.2709999999999937,203.46666666666667,4,4,0
2025-04-18 05:00:00,Hive_10,34.88,12.36,54.11,75.91,44.506,200.4,1,Healthy,22.520000000000003,-21.799999999999997,34.48416666666667,0.31044031375742753,0.26500000000000057,199.26666666666665,5,4,0
2025-04-18 06:00:00,Hive_10,34.23,15.86,54.62,71.45,44.518,197.5,47,Healthy,18.369999999999997,-16.830000000000005,34.496249999999996,0.2935215346518257,0.25500000000000256,199.5666666666667,6,4,0
2025-04-18 07:00:00,Hive_10,34.16,18.27,54.62,69.95,44.488,197.6,61,Healthy,15.889999999999997,-15.330000000000005,34.47375,0.29788840192261806,0.24099999999999966,199.1833333333333,7,4,0
2025-04-18 08:00:00,Hive_10,34.66,20.85,55.1,65.31,44.485,183.3,67,Healthy,13.809999999999995,-10.21,34.49375,0.2933881906873508,0.22399999999999665,195.21666666666667,8,4,0
2025-04-18 09:00:00,Hive_10,34.35,20.92,55.63,60.88,44.496,206.7,82,Healthy,13.43,-5.25,34.482499999999995,0.2935132024288049,0.1980000000000004,198.36666666666667,9,4,0
2025-04-18 10:00:00,Hive_10,34.65,23.73,58.67,57.26,44.486,200.6,72,Healthy,10.919999999999998,1.4100000000000037,34.482499999999995,0.2935132024288049,0.1629999999999967,197.6833333333333,10,4,0
2025-04-18 11:00:00,Hive_10,34.46,25.63,55.23,53.05,44.486,173.2,102,Healthy,8.830000000000002,2.1799999999999997,34.47875,0.29318806102985623,0.1839999999999975,193.14999999999998,11,4,0
2025-04-18 12:00:00,Hive_10,30.93,28.19,68.26,51.75,44.425,349.3,39,At Risk,2.7399999999999984,16.510000000000005,34.34125,0.7817222485723632,0.10999999999999943,218.44999999999996,12,4,1
2025-04-18 13:00:00,Hive_10,31.63,29.3,70.98,47.03,44.403,360.5,43,At Risk,2.3299999999999983,23.950000000000003,34.24666666666667,0.9554542132531314,0.08399999999999608,245.6,13,4,1
2025-04-18 14:00:00,Hive_10,31.46,29.79,68.84,51.32,44.393,310.5,29,At Risk,1.6700000000000017,17.520000000000003,34.13125,1.1120303112071321,0.04700000000000415,266.8,14,4,1
2025-04-18 15:00:00,Hive_10,32.31,27.82,70.63,49.73,44.365,333.7,28,At Risk,4.490000000000002,20.9,34.0425,1.1698132515398343,-0.0009999999999976694,287.96666666666664,15,4,1
2025-04-18 16:00:00,Hive_10,33.11,27.21,70.01,53.38,44.302,294.5,22,At Risk,5.899999999999999,16.630000000000003,34.003750000000004,1.1852015513790206,-0.07099999999999795,303.6166666666666,16,4,1
2025-04-18 17:00:00,Hive_10,30.45,24.42,69.01,55.11,44.244,281.6,18,At Risk,6.029999999999998,13.900000000000006,33.81166666666667,1.3663046533613958,-0.1670000000000016,321.68333333333334,17,4,1
2025-04-18 18:00:00,Hive_10,30.98,25.57,64.9,58.89,44.268,366.8,20,At Risk,5.41,6.010000000000005,33.65708333333333,1.4686506056408217,-0.14099999999999824,324.6,18,4,1
2025-04-18 19:00:00,Hive_10,32.34,24.9,70.67,60.73,44.169,342.5,16,At Risk,7.440000000000005,9.940000000000005,33.55708333333333,1.4734091765185715,-0.21700000000000585,321.59999999999997,19,4,1
2025-04-18 20:00:00,Hive_10,31.54,20.04,68.15,62.91,44.077,319.2,17,At Risk,11.5,5.240000000000009,33.433749999999996,1.5143654504085673,-0.2959999999999994,323.05,20,4,1
2025-04-18 21:00:00,Hive_10,32.81,17.81,69.83,71.37,43.998,350.8,0,At Risk,15.000000000000004,-1.5400000000000063,33.361250000000005,1.5001864014615856,-0.3860000000000028,325.90000000000003,21,4,1
2025-04-18 22:00:00,Hive_10,33.94,17.6,69.4,76.76,43.961,339.2,0,At Risk,16.339999999999996,-7.359999999999999,33.32416666666666,1.473056321915782,-0.41100000000000136,333.35,22,4,1
2025-04-18 23:00:00,Hive_10,30.73,11.45,71.37,77.26,43.852,293.7,0,At Risk,19.28,-5.890000000000001,33.17916666666667,1.5512685318702262,-0.5450000000000017,335.3666666666666,23,4,1
2025-04-19 00:00:00,Hive_10,29.93,13.0,67.68,75.86,43.783,348.9,0,At Risk,16.93,-8.179999999999993,33.00416666666666,1.6715780533392854,-0.6289999999999978,332.3833333333333,0,5,1
2025-04-19 01:00:00,Hive_10,32.15,12.5,63.52,76.16,43.775,305.1,0,At Risk,19.65,-12.639999999999993,32.899166666666666,1.6412612241190734,-0.6580000000000013,326.15000000000003,1,5,1
2025-04-19 02:00:00,Hive_10,32.39,13.57,65.41,81.09,43.737,295.7,0,At Risk,18.82,-15.680000000000007,32.812083333333334,1.6088639771904805,-0.7369999999999948,322.2333333333333,2,5,1
2025-04-19 03:00:00,Hive_10,32.67,14.32,70.2,83.88,43.692,289.5,0,At Risk,18.35,-13.679999999999993,32.72416666666667,1.553343985159626,-0.7819999999999965,312.01666666666665,3,5,1
2025-04-19 04:00:00,Hive_10,31.54,11.81,66.15,77.06,43.64,308.7,0,At Risk,19.729999999999997,-10.909999999999997,32.59583333333333,1.5167038536609,-0.8399999999999963,306.93333333333334,4,5,1
2025-04-19 05:00:00,Hive_10,33.06,17.59,67.21,72.88,43.576,342.7,0,At Risk,15.470000000000002,-5.670000000000002,32.52,1.4411499031946418,-0.9299999999999997,315.1,5,5,1
2025-04-19 06:00:00,Hive_10,31.6,16.24,68.51,70.23,43.523,304.4,26,At Risk,15.360000000000003,-1.7199999999999989,32.41041666666667,1.405008058669835,-0.9949999999999974,307.68333333333334,6,5,1
2025-04-19 07:00:00,Hive_10,30.89,14.19,68.55,68.38,43.443,294.8,35,At Risk,16.700000000000003,0.1700000000000017,32.274166666666666,1.3863963818244216,-1.0450000000000017,305.9666666666667,7,5,1
2025-04-19 08:00:00,Hive_10,30.27,20.3,67.86,65.76,43.364,335.2,28,At Risk,9.969999999999999,2.0999999999999943,32.09125,1.3469718453529347,-1.1210000000000022,312.55,8,5,1
2025-04-19 09:00:00,Hive_10,30.34,21.99,71.51,58.36,43.287,355.8,26,At Risk,8.350000000000001,13.150000000000006,31.924166666666668,1.3025824405742208,-1.2090000000000032,323.59999999999997,9,5,1
2025-04-19 10:00:00,Hive_10,30.53,23.76,71.39,59.96,43.255,308.6,32,At Risk,6.77,11.43,31.7525,1.1947502922657385,-1.2309999999999945,323.5833333333333,10,5,1
2025-04-19 11:00:00,Hive_10,32.09,23.98,69.6,50.6,43.168,345.2,44,At Risk,8.110000000000003,18.999999999999993,31.653750000000002,1.0504690981111424,-1.3179999999999978,324.0,11,5,1
2025-04-19 12:00:00,Hive_10,32.56,28.97,71.69,53.49,43.185,318.0,25,At Risk,3.5900000000000034,18.199999999999996,31.721666666666664,1.0543271774458556,-1.2399999999999949,326.2666666666667,12,5,1
2025-04-19 13:00:00,Hive_10,35.62,28.72,66.45,49.03,43.131,319.9,32,At Risk,6.899999999999999,17.42,31.887916666666666,1.3202798753578322,-1.2719999999999985,330.45,13,5,1
2025-04-19 14:00:00,Hive_10,29.38,26.13,69.64,47.44,43.094,378.3,26,At Risk,3.25,22.200000000000003,31.80125,1.4144973373572736,-1.2989999999999995,337.6333333333334,14,5,1
2025-04-19 15:00:00,Hive_10,33.53,29.94,68.7,53.66,43.054,361.9,26,At Risk,3.59,15.040000000000006,31.852083333333336,1.4549196277416596,-1.311,338.65,15,5,1
2025-04-19 16:00:00,Hive_10,30.93,27.33,68.83,51.92,42.982,306.7,29,At Risk,3.6000000000000014,16.909999999999997,31.76125,1.440954733320157,-1.3200000000000003,338.3333333333333,16,5,1
2025-04-19 17:00:00,Hive_10,31.45,22.31,69.07,52.3,42.906,332.1,26,At Risk,9.14,16.769999999999996,31.802916666666672,1.4156254698944937,-1.338000000000001,336.15,17,5,1
2025-04-19 18:00:00,Hive_10,32.42,23.76,66.47,58.31,42.867,345.0,29,At Risk,8.66,8.159999999999997,31.862916666666667,1.4097347242489096,-1.4010000000000034,340.65,18,5,1
2025-04-19 19:00:00,Hive_10,30.65,23.88,66.39,58.86,42.814,331.2,22,At Risk,6.77,7.530000000000001,31.7925,1.4269707958376108,-1.3549999999999969,342.5333333333333,19,5,1
2025-04-19 20:00:00,Hive_10,31.73,21.94,69.55,65.01,42.732,343.8,10,At Risk,9.79,4.539999999999992,31.800416666666667,1.4260357918753854,-1.3449999999999989,336.7833333333333,20,5,1
2025-04-19 21:00:00,Hive_10,32.23,17.01,69.87,66.66,42.66,358.8,0,At Risk,15.219999999999995,3.210000000000008,31.77625,1.4130380852738154,-1.338000000000001,336.26666666666665,21,5,1
2025-04-19 22:00:00,Hive_10,32.49,18.22,69.32,69.75,42.612,309.3,0,At Risk,14.270000000000003,-0.4300000000000068,31.715833333333336,1.345904953897946,-1.3489999999999966,336.7,22,5,1
2025-04-19 23:00:00,Hive_10,29.37,16.51,68.06,74.43,42.569,376.4,0,At Risk,12.86,-6.3700000000000045,31.659166666666668,1.416019886456424,-1.2829999999999941,344.0833333333333,23,5,1
2025-04-20 00:00:00,Hive_10,31.76,13.81,67.37,77.38,42.453,346.9,0,At Risk,17.950000000000003,-10.009999999999991,31.73541666666667,1.3672917667278695,-1.3299999999999983,344.40000000000003,0,6,1
2025-04-20 01:00:00,Hive_10,31.97,10.16,64.68,79.0,42.456,344.9,0,At Risk,21.81,-14.319999999999993,31.72791666666667,1.3654111633229877,-1.3189999999999955,346.68333333333334,1,6,1
2025-04-20 02:00:00,Hive_10,32.01,10.79,66.58,82.5,42.479,360.6,0,At Risk,21.22,-15.920000000000002,31.712083333333336,1.3595906646346956,-1.2580000000000027,349.48333333333335,2,6,1
2025-04-20 03:00:00,Hive_10,30.93,12.71,72.8,78.59,42.461,320.8,0,At Risk,18.22,-5.790000000000006,31.639583333333334,1.352663971147328,-1.2310000000000016,343.1499999999999,3,6,1
2025-04-20 04:00:00,Hive_10,31.74,13.93,65.8,80.89,42.414,352.6,0,At Risk,17.81,-15.090000000000003,31.64791666666667,1.3526398639138049,-1.225999999999999,350.3666666666666,4,6,1
2025-04-20 05:00:00,Hive_10,32.14,16.04,63.7,72.86,42.337,340.6,0,At Risk,16.1,-9.159999999999997,31.609583333333333,1.323606664175105,-1.2389999999999972,344.40000000000003,5,6,1
2025-04-20 06:00:00,Hive_10,32.4,14.62,68.68,75.57,42.293,329.8,18,At Risk,17.78,-6.889999999999986,31.642916666666665,1.3333921409130756,-1.230000000000004,341.55,6,6,1
2025-04-20 07:00:00,Hive_10,31.41,16.82,66.42,71.34,42.246,365.6,29,At Risk,14.59,-4.920000000000002,31.66458333333333,1.3248231355842162,-1.1969999999999956,345.0,7,6,1
2025-04-20 08:00:00,Hive_10,32.13,19.41,65.47,67.45,42.211,364.3,37,At Risk,12.720000000000002,-1.980000000000004,31.74208333333333,1.2937339931094936,-1.1529999999999987,345.6166666666666,8,6,1
2025-04-20 09:00:00,Hive_10,31.85,22.55,65.71,59.98,42.179,312.1,30,At Risk,9.3,5.729999999999997,31.804999999999996,1.258829684235542,-1.107999999999997,344.1666666666667,9,6,1
2025-04-20 10:00:00,Hive_10,31.73,24.18,70.28,57.2,42.136,325.9,32,At Risk,7.550000000000001,13.079999999999998,31.855,1.229474967476644,-1.1189999999999998,339.7166666666667,10,6,1
2025-04-20 11:00:00,Hive_10,32.72,27.97,65.75,53.41,42.076,343.7,39,At Risk,4.75,12.340000000000003,31.881249999999998,1.2413783100631242,-1.0919999999999987,340.23333333333335,11,6,1
2025-04-20 12:00:00,Hive_10,31.06,26.35,70.89,49.78,41.963,350.9,28,At Risk,4.709999999999997,21.11,31.818749999999998,1.2434779853296616,-1.2220000000000013,343.75,12,6,1
2025-04-20 13:00:00,Hive_10,31.58,28.93,68.56,48.62,41.903,331.6,31,At Risk,2.6499999999999986,19.940000000000005,31.65041666666667,0.943879502104075,-1.2280000000000015,338.0833333333333,13,6,1
2025-04-20 14:00:00,Hive_10,30.64,29.59,73.2,48.94,41.692,40.0,0,Critical,1.0500000000000007,24.260000000000005,31.702916666666667,0.8416055007187586,-1.402000000000001,284.03333333333336,14,6,2
2025-04-20 15:00:00,Hive_10,27.98,28.31,90.35,48.31,41.457,558.2,5,Critical,-0.3299999999999983,42.03999999999999,31.471666666666664,1.0535516192822272,-1.5970000000000013,325.05,15,6,2
2025-04-20 16:00:00,Hive_10,26.35,28.15,77.25,52.49,41.274,407.8,6,Critical,-1.7999999999999972,24.759999999999998,31.280833333333334,1.4831427169493814,-1.7079999999999984,338.7,16,6,2
2025-04-20 17:00:00,Hive_10,26.88,23.64,74.41,53.78,41.062,418.7,1,Critical,3.2399999999999984,20.629999999999995,31.090416666666666,1.7328274937765111,-1.8440000000000012,351.2,17,6,2
2025-04-20 18:00:00,Hive_10,26.66,26.34,74.45,57.25,40.853,40.0,3,Critical,0.3200000000000003,17.200000000000003,30.850416666666664,1.9285080495296836,-2.013999999999996,299.3833333333334,18,6,2
2025-04-20 19:00:00,Hive_10,28.11,20.83,85.5,59.62,40.575,437.5,3,Critical,7.280000000000001,25.880000000000003,30.744583333333335,2.008040314783649,-2.238999999999997,317.03333333333336,19,6,2
2025-04-20 20:00:00,Hive_10,24.51,17.28,80.14,64.8,40.411,413.8,3,Critical,7.23,15.340000000000003,30.443749999999998,2.3633815355561945,-2.320999999999998,379.3333333333333,20,6,2
2025-04-20 21:00:00,Hive_10,24.65,16.65,81.99,66.55,40.277,358.6,5,Critical,8.0,15.439999999999998,30.127916666666664,2.608106058070517,-2.3829999999999956,346.06666666666666,21,6,2
2025-04-20 22:00:00,Hive_10,29.17,18.47,74.49,75.61,40.08,40.0,0,Critical,10.700000000000003,-1.1200000000000045,29.989583333333332,2.5650654355015927,-2.5320000000000036,284.7666666666667,22,6,2
2025-04-20 23:00:00,Hive_10,27.21,15.76,79.35,72.5,39.849,413.2,7,Critical,11.450000000000001,6.849999999999994,29.89958333333333,2.6249446854073777,-2.720000000000006,283.84999999999997,23,6,2
2025-04-21 00:00:00,Hive_10,25.4,12.4,83.84,78.66,39.673,359.3,0,Critical,12.999999999999998,5.180000000000007,29.634583333333328,2.7471518518459375,-2.780000000000001,337.06666666666666,0,0,2
2025-04-21 01:00:00,Hive_10,27.95,9.38,85.06,78.8,39.619,386.5,1,Critical,18.57,6.260000000000005,29.467083333333335,2.720994829527966,-2.8370000000000033,328.56666666666666,1,0,2
2025-04-21 02:00:00,Hive_10,26.21,12.67,79.81,76.53,39.408,40.0,0,Critical,13.540000000000001,3.280000000000001,29.225416666666664,2.7428024056119913,-3.070999999999998,266.2666666666667,2,0,2
2025-04-21 03:00:00,Hive_10,28.76,10.99,75.43,76.73,39.273,457.5,3,Critical,17.770000000000003,-1.2999999999999972,29.135,2.719838550195482,-3.1879999999999953,282.75,3,0,2
2025-04-21 04:00:00,Hive_10,23.14,10.32,81.76,77.86,39.11,40.0,5,Critical,12.82,3.9000000000000057,28.776666666666667,2.920804931739592,-3.304000000000002,282.75,4,0,2
2025-04-21 05:00:00,Hive_10,25.25,13.62,78.87,76.09,38.923,465.1,4,Critical,11.63,2.780000000000001,28.489583333333332,2.9144519645418927,-3.4140000000000015,291.40000000000003,5,0,2
2025-04-21 06:00:00,Hive_10,24.16,16.7,86.21,71.77,38.698,443.8,1,Critical,7.460000000000001,14.439999999999998,28.14625,2.9191091739714135,-3.594999999999999,305.48333333333335,6,0,2
2025-04-21 07:00:00,Hive_10,26.24,17.85,81.93,66.95,38.501,447.8,1,Critical,8.389999999999997,14.980000000000004,27.930833333333336,2.857907286454518,-3.7450000000000045,315.7,7,0,2
2025-04-21 08:00:00,Hive_10,32.12,18.6,82.64,61.64,38.327,40.0,1,Critical,13.519999999999996,21.0,27.93041666666667,2.857269111470099,-3.8840000000000003,315.7,8,0,2
2025-04-21 09:00:00,Hive_10,27.29,23.22,86.85,56.33,38.111,460.4,0,Critical,4.07,30.519999999999996,27.740416666666665,2.7342616508595317,-4.068000000000005,316.18333333333334,9,0,2
2025-04-21 10:00:00,Hive_10,23.42,23.38,79.26,59.99,37.879,458.6,6,Critical,0.0400000000000027,19.270000000000003,27.394166666666667,2.7332428846821086,-4.257000000000005,385.95,10,0,2
2025-04-21 11:00:00,Hive_10,24.87,26.74,86.39,58.66,37.72,40.0,3,Critical,-1.8699999999999974,27.730000000000004,27.067083333333333,2.5303676982613506,-4.356000000000002,315.1,11,0,2
2025-04-21 12:00:00,Hive_10,28.89,27.85,75.94,53.6,37.534,436.3,4,Critical,1.0399999999999991,22.339999999999996,26.97666666666667,2.4177507813210073,-4.429000000000002,313.85,12,0,2
2025-04-21 13:00:00,Hive_10,24.19,28.17,81.02,50.08,37.368,40.0,0,Critical,-3.9800000000000004,30.939999999999998,26.66875,2.2721973898100147,-4.534999999999997,245.88333333333333,13,0,2
2025-04-21 14:00:00,Hive_10,25.12,28.0,74.36,52.83,37.198,453.5,2,Critical,-2.879999999999999,21.53,26.43875,2.1275058115688896,-4.494,314.8,14,0,2
2025-04-21 15:00:00,Hive_10,26.62,29.29,82.93,52.22,36.993,512.6,0,Critical,-2.669999999999998,30.710000000000008,26.38208333333333,2.1026359836425956,-4.463999999999999,323.5,15,0,2
2025-04-21 16:00:00,Hive_10,25.25,27.14,75.08,49.95,36.81,404.7,0,Critical,-1.8900000000000006,25.129999999999995,26.336249999999996,2.1153164271463107,-4.463999999999999,314.51666666666665,16,0,2
2025-04-21 17:00:00,Hive_10,31.15,26.9,73.16,54.6,36.568,479.1,3,Critical,4.25,18.559999999999995,26.514166666666668,2.3315583828744604,-4.494,387.7,17,0,2
2025-04-21 18:00:00,Hive_10,26.91,23.43,78.38,55.34,36.324,430.7,5,Critical,3.4800000000000004,23.039999999999992,26.524583333333336,2.332796379728396,-4.5290000000000035,386.76666666666665,18,0,2
2025-04-21 19:00:00,Hive_10,27.16,20.85,87.37,61.04,36.035,414.8,0,Critical,6.309999999999999,26.330000000000005,26.485,2.312698405119444,-4.540000000000006,449.23333333333335,19,0,2
2025-04-21 20:00:00,Hive_10,25.83,21.58,73.42,62.26,35.834,498.6,5,Critical,4.25,11.160000000000004,26.540000000000003,2.279139807222917,-4.576999999999998,456.75,20,0,2
2025-04-21 21:00:00,Hive_10,28.54,20.06,76.49,68.84,35.716,40.0,2,Critical,8.48,7.6499999999999915,26.702083333333334,2.2772064869169317,-4.561,377.98333333333335,21,0,2
2025-04-21 22:00:00,Hive_10,31.92,15.53,87.08,76.72,35.426,414.8,2,Critical,16.39,10.36,26.816666666666663,2.4679804570195625,-4.653999999999996,379.6666666666667,22,0,2
2025-04-21 23:00:00,Hive_10,26.72,13.74,82.28,75.48,35.276,445.1,2,Critical,12.979999999999999,6.799999999999997,26.79625,2.4666114981097644,-4.572999999999993,374.0,23,0,2
2025-04-22 00:00:00,Hive_10,23.4,13.36,74.06,77.28,35.053,399.3,3,Critical,10.04,-3.219999999999999,26.71291666666667,2.548267065327037,-4.6200000000000045,368.7666666666667,0,1,2
2025-04-22 01:00:00,Hive_10,27.19,10.97,86.68,80.52,34.918,40.0,3,Critical,16.22,6.160000000000011,26.681250000000002,2.5369226693837876,-4.7010000000000005,306.3,1,1,2
2025-04-22 02:00:00,Hive_10,26.43,9.97,68.1,81.45,34.683,414.6,4,Critical,16.46,-13.350000000000009,26.690416666666664,2.5355429556031437,-4.725000000000001,292.3,2,1,2
2025-04-22 03:00:00,Hive_10,24.25,12.08,69.49,79.31,34.466,511.6,1,Critical,12.17,-9.820000000000007,26.502499999999998,2.542606074910634,-4.807000000000002,370.90000000000003,3,1,2
2025-04-22 04:00:00,Hive_10,29.01,13.43,79.94,77.04,34.254,40.0,5,Critical,15.580000000000002,2.8999999999999915,26.747083333333332,2.4868077654530185,-4.856000000000002,308.43333333333334,4,1,2
2025-04-22 05:00:00,Hive_10,27.91,15.65,83.17,76.79,33.935,451.5,0,Critical,12.26,6.3799999999999955,26.857916666666668,2.4764385001300058,-4.9879999999999995,309.5,5,1,2
2025-04-22 06:00:00,Hive_10,28.28,17.09,80.57,74.24,33.594,421.8,3,Critical,11.190000000000001,6.329999999999998,27.029583333333335,2.4235214751634366,-5.103999999999999,313.25,6,1,2
2025-04-22 07:00:00,Hive_10,28.7,16.96,79.74,72.02,33.338,40.0,0,Critical,11.739999999999998,7.719999999999999,27.132083333333338,2.4406360168335914,-5.162999999999997,313.25,7,1,2
2025-04-22 08:00:00,Hive_10,25.97,20.12,70.0,66.93,33.153,40.0,3,Critical,5.849999999999998,3.069999999999993,26.875833333333333,2.205717701726303,-5.1739999999999995,250.8166666666667,8,1,2
2025-04-22 09:00:00,Hive_10,29.54,20.22,84.59,62.45,32.953,393.8,2,Critical,9.32,22.14,26.969583333333336,2.2709382837066348,-5.157999999999994,231.18333333333337,9,1,2
2025-04-22 10:00:00,Hive_10,25.71,21.95,80.14,56.77,32.829,40.0,0,Critical,3.7600000000000016,23.369999999999997,27.064999999999998,2.160748662525874,-5.049999999999997,231.18333333333337,10,1,2
2025-04-22 11:00:00,Hive_10,30.12,24.52,83.35,56.1,32.558,477.2,3,Critical,5.600000000000001,27.249999999999993,27.283749999999998,2.194358007531153,-5.161999999999999,235.4666666666667,11,1,2
2025-04-22 12:00:00,Hive_10,30.58,27.48,82.56,47.3,32.362,40.0,4,Critical,3.099999999999998,35.260000000000005,27.354166666666668,2.273820605264683,-5.171999999999997,171.83333333333334,12,1,2
2025-04-22 13:00:00,Hive_10,23.59,25.6,81.96,52.08,32.105,469.2,5,Critical,-2.0100000000000016,29.879999999999995,27.32916666666667,2.3130817325481567,-5.263000000000005,243.36666666666667,13,1,2
2025-04-22 14:00:00,Hive_10,24.08,28.05,76.53,49.26,31.844,40.0,3,Critical,-3.9700000000000024,27.270000000000003,27.285833333333333,2.3654173575420088,-5.353999999999999,243.36666666666667,14,1,2
2025-04-22 15:00:00,Hive_10,29.45,28.45,83.85,52.68,31.74,40.0,3,Critical,1.0,31.169999999999995,27.403750000000002,2.4010519660092706,-5.253000000000004,184.4,15,1,2
