timestamp,colony_id,internal_temp_c,external_temp_c,internal_humidity_pct,external_humidity_pct,hive_weight_kg,acoustic_freq_hz,activity_count,hive_health_status
2025-04-01 00:00:00,Hive_01,34.58,11.4,56.52,78.63,39.867,192.1,1,Healthy
2025-04-01 01:00:00,Hive_01,34.79,10.89,56.22,74.26,39.847,193.6,1,Healthy
2025-04-01 02:00:00,Hive_01,34.31,10.94,55.9,75.72,39.908,205.9,2,Healthy
2025-04-01 03:00:00,Hive_01,34.78,11.5,55.44,78.29,39.905,184.7,1,Healthy
2025-04-01 04:00:00,Hive_01,34.43,12.27,55.58,77.98,39.89,216.4,4,Healthy
2025-04-01 05:00:00,Hive_01,34.76,16.13,53.49,76.04,39.868,211.6,1,Healthy
2025-04-01 06:00:00,Hive_01,34.16,13.98,55.2,70.74,39.89,213.3,58,Healthy
2025-04-01 07:00:00,Hive_01,34.31,19.06,52.74,68.47,39.922,197.3,56,Healthy
2025-04-01 08:00:00,Hive_01,34.75,21.77,55.44,63.2,39.911,198.9,79,Healthy
2025-04-01 09:00:00,Hive_01,34.6,23.26,60.06,64.11,39.903,194.0,77,Healthy
2025-04-01 10:00:00,Hive_01,34.77,21.87,55.03,59.58,39.902,177.6,76,Healthy
2025-04-01 11:00:00,Hive_01,34.37,26.77,55.75,53.97,39.935,203.9,91,Healthy
2025-04-01 12:00:00,Hive_01,34.41,28.99,56.01,52.36,39.94,194.5,102,Healthy
2025-04-01 13:00:00,Hive_01,34.6,27.29,54.41,45.2,39.944,206.8,86,Healthy
2025-04-01 14:00:00,Hive_01,34.22,28.32,57.11,45.96,39.954,174.9,73,Healthy
2025-04-01 15:00:00,Hive_01,34.37,26.24,54.01,50.72,39.964,207.2,75,Healthy
2025-04-01 16:00:00,Hive_01,34.6,26.07,54.99,51.17,39.99,182.8,62,Healthy
2025-04-01 17:00:00,Hive_01,34.92,26.82,57.11,52.79,40.027,186.8,61,Healthy
2025-04-01 18:00:00,Hive_01,35.01,23.26,56.31,59.35,40.038,194.5,56,Healthy
2025-04-01 19:00:00,Hive_01,34.23,20.24,55.93,62.19,40.044,194.2,30,Healthy
2025-04-01 20:00:00,Hive_01,34.81,19.46,55.79,66.11,40.082,238.1,26,Healthy
2025-04-01 21:00:00,Hive_01,34.86,17.62,56.95,66.0,40.074,209.3,3,Healthy
2025-04-01 22:00:00,Hive_01,34.55,16.34,53.17,74.19,40.105,219.9,2,Healthy
2025-04-01 23:00:00,Hive_01,34.16,12.91,56.15,74.1,40.141,206.4,2,Healthy
2025-04-02 00:00:00,Hive_01,34.09,11.77,53.84,78.28,40.168,196.4,3,Healthy
2025-04-02 01:00:00,Hive_01,34.53,13.08,52.89,84.96,40.178,185.6,2,Healthy
2025-04-02 02:00:00,Hive_01,34.46,12.06,56.11,79.73,40.178,211.7,3,Healthy
2025-04-02 03:00:00,Hive_01,34.35,11.76,56.07,77.64,40.19,209.5,3,Healthy
2025-04-02 04:00:00,Hive_01,34.82,13.42,55.08,76.37,40.218,216.0,1,Healthy
2025-04-02 05:00:00,Hive_01,34.32,16.42,55.46,77.42,40.233,200.4,2,Healthy
2025-04-02 06:00:00,Hive_01,34.9,18.16,56.48,72.51,40.248,202.6,38,Healthy
2025-04-02 07:00:00,Hive_01,34.24,15.68,54.94,69.21,40.247,173.2,63,Healthy
2025-04-02 08:00:00,Hive_01,34.23,19.38,54.5,65.16,40.288,201.9,75,Healthy
2025-04-02 09:00:00,Hive_01,35.05,20.16,57.05,65.9,40.315,200.2,82,Healthy
2025-04-02 10:00:00,Hive_01,34.37,25.57,52.5,56.24,40.309,224.9,81,Healthy
2025-04-02 11:00:00,Hive_01,34.02,25.18,56.42,55.03,40.345,205.7,105,Healthy
2025-04-02 12:00:00,Hive_01,34.28,24.94,53.08,55.7,40.35,228.1,89,Healthy
2025-04-02 13:00:00,Hive_01,34.47,26.33,52.01,47.92,40.334,223.1,101,Healthy
2025-04-02 14:00:00,Hive_01,34.52,27.81,58.52,49.07,40.352,213.6,82,Healthy
2025-04-02 15:00:00,Hive_01,34.54,27.82,52.15,51.81,40.387,190.8,99,Healthy
2025-04-02 16:00:00,Hive_01,34.63,27.96,54.84,52.15,40.388,203.1,78,Healthy
2025-04-02 17:00:00,Hive_01,34.39,24.96,56.43,53.15,40.427,205.4,66,Healthy
2025-04-02 18:00:00,Hive_01,34.67,23.06,53.93,59.25,40.401,181.7,43,Healthy
2025-04-02 19:00:00,Hive_01,34.37,23.81,54.39,64.22,40.416,200.2,48,Healthy
2025-04-02 20:00:00,Hive_01,34.43,19.22,56.28,66.9,40.421,190.8,49,Healthy
2025-04-02 21:00:00,Hive_01,34.37,19.53,56.81,65.3,40.407,211.6,2,Healthy
2025-04-02 22:00:00,Hive_01,33.87,14.95,57.66,72.48,40.411,212.1,2,Healthy
2025-04-02 23:00:00,Hive_01,34.56,16.38,55.84,74.74,40.438,217.3,1,Healthy
2025-04-03 00:00:00,Hive_01,33.89,12.08,57.36,80.71,40.442,199.9,1,Healthy
2025-04-03 01:00:00,Hive_01,34.73,12.2,55.74,82.03,40.454,178.3,1,Healthy
2025-04-03 02:00:00,Hive_01,34.52,11.49,56.48,80.92,40.473,200.8,4,Healthy
2025-04-03 03:00:00,Hive_01,35.06,12.88,56.8,78.63,40.52,198.3,2,Healthy
2025-04-03 04:00:00,Hive_01,34.45,10.89,52.97,79.56,40.55,172.8,0,Healthy
2025-04-03 05:00:00,Hive_01,34.79,14.89,56.11,76.75,40.59,210.5,1,Healthy
2025-04-03 06:00:00,Hive_01,34.59,15.89,53.35,71.94,40.607,198.7,52,Healthy
2025-04-03 07:00:00,Hive_01,34.23,18.35,54.84,63.98,40.616,203.9,63,Healthy
2025-04-03 08:00:00,Hive_01,34.41,22.27,52.6,65.62,40.598,208.0,80,Healthy
2025-04-03 09:00:00,Hive_01,34.41,24.38,55.36,59.46,40.649,201.7,93,Healthy
2025-04-03 10:00:00,Hive_01,34.81,24.25,55.25,59.81,40.639,196.0,99,Healthy
2025-04-03 11:00:00,Hive_01,34.4,26.97,52.4,53.53,40.678,213.3,87,Healthy
2025-04-03 12:00:00,Hive_01,34.35,27.23,57.0,47.67,40.707,205.0,89,Healthy
2025-04-03 13:00:00,Hive_01,34.0,28.92,54.99,49.95,40.725,216.8,74,Healthy
2025-04-03 14:00:00,Hive_01,34.17,27.82,55.73,49.85,40.75,195.6,105,Healthy
2025-04-03 15:00:00,Hive_01,34.36,27.25,53.78,49.62,40.749,178.5,76,Healthy
2025-04-03 16:00:00,Hive_01,34.47,27.01,55.06,47.44,40.769,218.1,78,Healthy
2025-04-03 17:00:00,Hive_01,34.67,24.73,54.18,52.92,40.755,235.6,57,Healthy
2025-04-03 18:00:00,Hive_01,34.76,23.06,53.52,53.12,40.765,214.5,40,Healthy
2025-04-03 19:00:00,Hive_01,33.76,22.19,53.78,64.17,40.757,197.2,39,Healthy
2025-04-03 20:00:00,Hive_01,34.27,18.41,54.47,63.69,40.772,213.7,40,Healthy
2025-04-03 21:00:00,Hive_01,34.5,18.91,58.56,67.13,40.802,193.4,3,Healthy
2025-04-03 22:00:00,Hive_01,34.92,15.42,53.04,71.16,40.774,214.1,2,Healthy
2025-04-03 23:00:00,Hive_01,34.43,14.53,54.31,74.88,40.771,194.3,1,Healthy
2025-04-04 00:00:00,Hive_01,33.75,11.83,56.03,76.9,40.789,198.7,2,Healthy
2025-04-04 01:00:00,Hive_01,34.34,12.68,55.79,78.04,40.803,230.6,3,Healthy
2025-04-04 02:00:00,Hive_01,34.33,13.4,53.5,78.48,40.819,158.9,1,Healthy
2025-04-04 03:00:00,Hive_01,34.74,11.81,53.29,76.44,40.834,241.8,0,Healthy
2025-04-04 04:00:00,Hive_01,34.32,12.85,56.14,77.18,40.866,211.6,1,Healthy
2025-04-04 05:00:00,Hive_01,34.19,17.99,55.25,72.07,40.878,207.3,3,Healthy
2025-04-04 06:00:00,Hive_01,34.32,15.82,55.88,72.73,40.882,195.2,55,Healthy
2025-04-04 07:00:00,Hive_01,34.61,19.48,54.59,64.47,40.911,196.2,73,Healthy
2025-04-04 08:00:00,Hive_01,34.82,18.99,53.73,60.54,40.889,200.2,67,Healthy
2025-04-04 09:00:00,Hive_01,34.53,23.31,53.67,62.9,40.905,202.5,83,Healthy
2025-04-04 10:00:00,Hive_01,34.65,22.69,56.87,56.7,40.934,201.2,79,Healthy
2025-04-04 11:00:00,Hive_01,34.25,26.26,57.26,52.21,40.952,194.8,96,Healthy
2025-04-04 12:00:00,Hive_01,34.37,28.86,54.17,51.12,40.981,214.6,103,Healthy
2025-04-04 13:00:00,Hive_01,34.58,29.24,53.41,47.25,40.981,202.6,96,Healthy
2025-04-04 14:00:00,Hive_01,34.55,26.66,58.97,45.35,40.987,200.7,102,Healthy
2025-04-04 15:00:00,Hive_01,34.63,28.61,55.38,50.94,40.974,179.9,97,Healthy
2025-04-04 16:00:00,Hive_01,34.47,27.2,56.17,52.21,41.035,207.9,64,Healthy
2025-04-04 17:00:00,Hive_01,34.33,25.46,56.28,56.54,40.999,196.6,66,Healthy
2025-04-04 18:00:00,Hive_01,34.05,25.91,54.61,55.86,40.986,197.8,49,Healthy
2025-04-04 19:00:00,Hive_01,34.45,20.09,56.62,62.73,40.959,184.7,44,Healthy
2025-04-04 20:00:00,Hive_01,34.5,18.8,55.24,64.67,40.956,202.2,22,Healthy
2025-04-04 21:00:00,Hive_01,34.55,18.94,58.85,68.65,40.944,220.8,0,Healthy
2025-04-04 22:00:00,Hive_01,34.15,12.88,55.31,70.02,40.959,196.2,1,Healthy
2025-04-04 23:00:00,Hive_01,34.1,15.13,54.46,77.27,40.968,207.3,1,Healthy
2025-04-05 00:00:00,Hive_01,34.29,12.94,53.91,78.05,40.98,198.0,2,Healthy
2025-04-05 01:00:00,Hive_01,34.43,10.69,56.22,78.79,40.971,203.5,2,Healthy
2025-04-05 02:00:00,Hive_01,34.3,14.47,53.59,77.99,40.948,226.5,0,Healthy
2025-04-05 03:00:00,Hive_01,33.97,11.05,56.13,82.12,40.929,218.7,0,Healthy
2025-04-05 04:00:00,Hive_01,33.17,10.44,67.91,76.9,40.89,363.7,0,At Risk
2025-04-05 05:00:00,Hive_01,31.25,17.58,66.75,76.95,40.878,332.5,0,At Risk
2025-04-05 06:00:00,Hive_01,34.41,13.56,70.15,73.6,40.842,343.2,28,At Risk
2025-04-05 07:00:00,Hive_01,32.61,20.29,67.53,66.87,40.768,339.6,12,At Risk
2025-04-05 08:00:00,Hive_01,30.28,19.48,69.74,65.4,40.764,310.0,34,At Risk
2025-04-05 09:00:00,Hive_01,29.9,20.74,74.24,62.27,40.723,332.4,31,At Risk
2025-04-05 10:00:00,Hive_01,31.99,24.91,66.02,54.46,40.724,354.7,31,At Risk
2025-04-05 11:00:00,Hive_01,31.6,26.02,73.93,54.75,40.675,291.1,32,At Risk
2025-04-05 12:00:00,Hive_01,30.69,27.68,70.79,53.07,40.678,358.6,28,At Risk
2025-04-05 13:00:00,Hive_01,32.14,27.39,70.45,52.64,40.609,362.2,39,At Risk
2025-04-05 14:00:00,Hive_01,30.17,27.32,67.83,51.27,40.535,333.3,35,At Risk
2025-04-05 15:00:00,Hive_01,31.9,27.41,66.6,52.77,40.458,294.9,33,At Risk
2025-04-05 16:00:00,Hive_01,31.69,25.36,68.4,54.57,40.396,281.8,24,At Risk
2025-04-05 17:00:00,Hive_01,32.34,27.22,63.95,56.13,40.328,347.8,24,At Risk
2025-04-05 18:00:00,Hive_01,31.39,25.83,60.55,56.13,40.251,337.8,11,At Risk
2025-04-05 19:00:00,Hive_01,32.95,19.43,67.1,59.37,40.225,304.8,10,At Risk
2025-04-05 20:00:00,Hive_01,30.72,17.1,70.05,62.59,40.18,309.4,24,At Risk
2025-04-05 21:00:00,Hive_01,33.95,16.93,63.29,71.22,40.128,317.1,0,At Risk
2025-04-05 22:00:00,Hive_01,31.25,15.1,66.51,73.61,40.083,320.7,0,At Risk
2025-04-05 23:00:00,Hive_01,33.26,12.58,69.03,77.2,40.044,312.4,0,At Risk
2025-04-06 00:00:00,Hive_01,33.13,12.02,65.48,82.71,39.989,320.9,0,At Risk
2025-04-06 01:00:00,Hive_01,33.3,13.15,65.45,80.58,39.936,286.3,0,At Risk
2025-04-06 02:00:00,Hive_01,30.86,10.11,65.48,81.77,39.886,347.4,0,At Risk
2025-04-06 03:00:00,Hive_01,30.96,10.68,71.62,72.53,39.826,363.1,0,At Risk
2025-04-06 04:00:00,Hive_01,32.56,11.37,68.72,74.71,39.767,353.3,0,At Risk
2025-04-06 05:00:00,Hive_01,32.86,14.98,69.51,76.42,39.691,355.2,0,At Risk
2025-04-06 06:00:00,Hive_01,32.58,18.3,66.89,71.2,39.666,312.8,22,At Risk
2025-04-06 07:00:00,Hive_01,31.73,18.56,68.01,69.68,39.591,292.8,24,At Risk
2025-04-06 08:00:00,Hive_01,30.38,20.13,72.49,66.51,39.535,336.7,25,At Risk
2025-04-06 09:00:00,Hive_01,33.45,22.88,63.68,61.21,39.48,340.2,29,At Risk
2025-04-06 10:00:00,Hive_01,32.21,23.39,62.57,56.77,39.401,318.0,33,At Risk
2025-04-06 11:00:00,Hive_01,31.84,26.21,61.89,53.34,39.329,357.0,25,At Risk
2025-04-06 12:00:00,Hive_01,31.79,26.32,69.95,49.55,39.249,358.0,41,At Risk
2025-04-06 13:00:00,Hive_01,31.86,27.39,69.9,48.22,39.236,371.5,38,At Risk
2025-04-06 14:00:00,Hive_01,31.2,27.69,68.22,48.58,39.193,353.8,31,At Risk
2025-04-06 15:00:00,Hive_01,32.32,28.49,67.31,50.45,39.122,348.1,32,At Risk
2025-04-06 16:00:00,Hive_01,32.39,27.84,71.75,50.12,39.057,304.2,27,At Risk
2025-04-06 17:00:00,Hive_01,30.37,26.22,67.05,52.88,39.029,329.6,15,At Risk
2025-04-06 18:00:00,Hive_01,33.19,24.85,67.17,56.23,38.98,325.7,16,At Risk
2025-04-06 19:00:00,Hive_01,33.23,25.78,64.72,60.13,38.919,342.0,15,At Risk
2025-04-06 20:00:00,Hive_01,31.52,19.14,75.21,64.47,38.869,343.1,21,At Risk
2025-04-06 21:00:00,Hive_01,31.68,16.61,67.74,68.96,38.825,311.7,0,At Risk
2025-04-06 22:00:00,Hive_01,33.19,16.29,69.87,70.37,38.79,318.9,0,At Risk
2025-04-06 23:00:00,Hive_01,34.17,14.76,69.07,74.01,38.728,347.0,0,At Risk
2025-04-07 00:00:00,Hive_01,32.14,12.2,70.85,80.17,38.684,362.9,0,At Risk
2025-04-07 01:00:00,Hive_01,31.56,12.87,68.61,83.85,38.665,316.8,0,At Risk
2025-04-07 02:00:00,Hive_01,35.56,12.93,67.71,82.26,38.643,348.8,0,At Risk
2025-04-07 03:00:00,Hive_01,31.4,10.58,68.63,80.62,38.56,327.2,0,At Risk
2025-04-07 04:00:00,Hive_01,29.76,14.47,65.3,79.74,38.557,380.0,0,At Risk
2025-04-07 05:00:00,Hive_01,30.04,14.19,66.28,79.17,38.483,334.5,0,At Risk
2025-04-07 06:00:00,Hive_01,33.65,16.8,70.33,69.99,38.421,312.9,21,At Risk
2025-04-07 07:00:00,Hive_01,31.94,17.49,67.53,65.58,38.339,274.1,25,At Risk
2025-04-07 08:00:00,Hive_01,32.45,18.27,67.74,65.64,38.265,298.9,33,At Risk
2025-04-07 09:00:00,Hive_01,31.67,21.01,61.71,58.01,38.207,323.5,36,At Risk
2025-04-07 10:00:00,Hive_01,30.99,24.97,69.56,54.72,38.132,360.6,39,At Risk
2025-04-07 11:00:00,Hive_01,33.56,25.52,67.09,55.12,38.07,321.8,31,At Risk
2025-04-07 12:00:00,Hive_01,31.84,27.0,64.9,50.63,38.026,341.2,32,At Risk
2025-04-07 13:00:00,Hive_01,32.54,27.74,67.6,50.79,37.943,277.5,49,At Risk
2025-04-07 14:00:00,Hive_01,30.87,26.69,69.93,50.81,37.885,313.7,38,At Risk
2025-04-07 15:00:00,Hive_01,30.9,27.48,67.91,51.61,37.775,354.1,32,At Risk
2025-04-07 16:00:00,Hive_01,32.24,26.25,69.35,52.14,37.757,346.7,22,At Risk
2025-04-07 17:00:00,Hive_01,32.36,28.1,71.02,52.85,37.715,338.5,31,At Risk
2025-04-07 18:00:00,Hive_01,29.98,24.85,65.2,58.21,37.633,344.2,23,At Risk
2025-04-07 19:00:00,Hive_01,31.69,23.02,68.36,63.7,37.614,298.0,7,At Risk
2025-04-07 20:00:00,Hive_01,30.14,18.67,67.09,68.11,37.603,315.0,13,At Risk
2025-04-07 21:00:00,Hive_01,33.84,16.88,61.25,71.06,37.573,331.5,0,At Risk
2025-04-07 22:00:00,Hive_01,31.98,17.69,64.53,71.59,37.569,366.1,0,At Risk
2025-04-07 23:00:00,Hive_01,32.87,11.61,70.04,80.26,37.502,323.7,0,At Risk
2025-04-08 00:00:00,Hive_01,32.66,13.66,67.9,77.61,37.481,308.2,0,At Risk
2025-04-08 01:00:00,Hive_01,31.26,10.8,62.26,81.43,37.419,367.9,0,At Risk
2025-04-08 02:00:00,Hive_01,30.1,13.16,67.6,78.79,37.374,305.8,0,At Risk
2025-04-08 03:00:00,Hive_01,32.27,13.1,68.48,83.18,37.352,364.9,0,At Risk
2025-04-08 04:00:00,Hive_01,32.08,12.96,69.42,76.83,37.298,360.2,0,At Risk
2025-04-08 05:00:00,Hive_01,32.48,14.92,69.5,75.04,37.286,358.7,0,At Risk
2025-04-08 06:00:00,Hive_01,32.9,15.55,70.24,71.95,37.257,350.1,17,At Risk
2025-04-08 07:00:00,Hive_01,32.29,20.66,65.65,67.23,37.141,299.1,26,At Risk
2025-04-08 08:00:00,Hive_01,32.54,18.9,71.67,64.29,37.042,291.6,28,At Risk
2025-04-08 09:00:00,Hive_01,32.38,24.26,67.99,57.75,36.98,310.7,23,At Risk
2025-04-08 10:00:00,Hive_01,33.32,21.13,68.91,59.45,36.946,289.4,35,At Risk
2025-04-08 11:00:00,Hive_01,31.3,24.01,67.41,52.97,36.918,330.8,31,At Risk
2025-04-08 12:00:00,Hive_01,27.77,27.98,82.31,54.07,36.613,489.1,0,Critical
2025-04-08 13:00:00,Hive_01,25.74,30.24,79.72,51.35,36.385,40.0,3,Critical
2025-04-08 14:00:00,Hive_01,25.21,26.51,80.41,51.26,36.105,427.7,5,Critical
2025-04-08 15:00:00,Hive_01,26.71,28.64,86.07,48.33,35.898,410.0,3,Critical
2025-04-08 16:00:00,Hive_01,28.76,26.14,82.91,52.73,35.752,404.4,0,Critical
2025-04-08 17:00:00,Hive_01,22.12,26.42,81.94,52.19,35.427,450.1,2,Critical
2025-04-08 18:00:00,Hive_01,26.4,23.42,85.83,58.43,35.199,464.0,2,Critical
2025-04-08 19:00:00,Hive_01,25.25,20.94,80.14,62.19,34.999,431.0,3,Critical
2025-04-08 20:00:00,Hive_01,25.87,23.7,82.65,64.4,34.926,40.0,3,Critical
2025-04-08 21:00:00,Hive_01,27.64,17.02,82.65,68.51,34.729,459.5,0,Critical
2025-04-08 22:00:00,Hive_01,25.52,16.44,82.7,73.07,34.593,431.5,5,Critical
2025-04-08 23:00:00,Hive_01,25.97,14.57,78.49,74.93,34.413,446.8,0,Critical
2025-04-09 00:00:00,Hive_01,33.22,14.44,74.78,78.99,34.223,385.3,2,Critical
2025-04-09 01:00:00,Hive_01,28.85,10.52,83.8,75.88,34.052,40.0,0,Critical
2025-04-09 02:00:00,Hive_01,27.77,13.29,74.41,78.41,33.902,438.8,5,Critical
2025-04-09 03:00:00,Hive_01,25.17,12.03,77.78,79.43,33.746,347.9,2,Critical
2025-04-09 04:00:00,Hive_01,28.21,11.76,81.04,73.44,33.489,395.2,4,Critical
2025-04-09 05:00:00,Hive_01,25.99,13.61,83.71,79.92,33.274,414.4,3,Critical
2025-04-09 06:00:00,Hive_01,27.72,14.21,88.61,72.63,33.085,40.0,3,Critical
2025-04-09 07:00:00,Hive_01,24.13,17.38,75.14,69.25,32.825,413.7,2,Critical
2025-04-09 08:00:00,Hive_01,25.73,19.35,76.09,65.57,32.581,40.0,4,Critical
2025-04-09 09:00:00,Hive_01,31.25,20.94,78.39,58.27,32.394,465.7,5,Critical
2025-04-09 10:00:00,Hive_01,31.14,23.12,89.0,57.58,32.156,463.7,2,Critical
2025-04-09 11:00:00,Hive_01,22.58,24.4,90.28,52.3,32.012,420.6,2,Critical
2025-04-09 12:00:00,Hive_01,24.15,27.24,84.57,51.68,31.796,450.6,2,Critical
2025-04-09 13:00:00,Hive_01,31.52,28.15,82.45,50.01,31.56,398.4,4,Critical
2025-04-09 14:00:00,Hive_01,27.26,28.49,79.57,50.06,31.319,40.0,4,Critical
2025-04-09 15:00:00,Hive_01,28.27,29.58,88.51,50.55,31.107,40.0,8,Critical
2025-04-09 16:00:00,Hive_01,28.32,29.65,84.5,53.26,30.938,459.1,2,Critical
2025-04-09 17:00:00,Hive_01,28.97,24.38,88.35,53.23,30.718,419.4,0,Critical
2025-04-09 18:00:00,Hive_01,23.88,24.42,74.47,60.41,30.541,407.2,6,Critical
2025-04-09 19:00:00,Hive_01,29.83,21.47,72.91,61.57,30.429,486.7,1,Critical
2025-04-09 20:00:00,Hive_01,33.04,20.27,78.52,63.33,30.223,412.5,7,Critical
2025-04-09 21:00:00,Hive_01,28.98,19.74,83.89,70.93,30.05,484.6,1,Critical
2025-04-09 22:00:00,Hive_01,20.57,17.42,84.0,73.86,29.872,404.6,2,Critical
2025-04-09 23:00:00,Hive_01,29.08,14.16,74.88,78.63,29.579,426.0,3,Critical
2025-04-10 00:00:00,Hive_01,30.5,14.79,70.31,77.38,29.442,453.9,3,Critical
2025-04-10 01:00:00,Hive_01,27.13,9.62,77.67,80.14,29.322,425.2,3,Critical
2025-04-10 02:00:00,Hive_01,24.72,11.71,79.74,82.78,29.111,424.9,6,Critical
2025-04-10 03:00:00,Hive_01,28.67,11.59,75.01,78.28,28.896,454.1,3,Critical
2025-04-10 04:00:00,Hive_01,28.39,11.61,78.89,76.21,28.738,403.1,5,Critical
2025-04-10 05:00:00,Hive_01,25.63,13.94,67.88,75.56,28.494,449.9,3,Critical
2025-04-10 06:00:00,Hive_01,27.23,17.05,76.98,72.69,28.25,403.2,4,Critical
2025-04-10 07:00:00,Hive_01,24.11,16.05,82.33,69.47,28.052,407.7,2,Critical
2025-04-10 08:00:00,Hive_01,29.08,19.36,77.75,63.92,27.801,40.0,8,Critical
2025-04-10 09:00:00,Hive_01,27.94,22.71,78.16,62.5,27.642,443.4,0,Critical
2025-04-10 10:00:00,Hive_01,32.53,23.91,88.85,56.6,27.494,440.8,1,Critical
2025-04-10 11:00:00,Hive_01,25.89,25.38,76.0,57.14,27.318,401.9,0,Critical
2025-04-10 12:00:00,Hive_01,28.78,27.07,81.59,51.29,27.12,475.3,2,Critical
2025-04-10 13:00:00,Hive_01,28.25,27.46,76.24,56.9,26.941,485.9,0,Critical
2025-04-10 14:00:00,Hive_01,30.92,28.3,85.94,50.73,26.714,442.7,4,Critical
2025-04-10 15:00:00,Hive_01,25.89,28.45,85.15,48.82,26.531,40.0,2,Critical
2025-04-10 16:00:00,Hive_01,27.0,27.38,74.18,53.53,26.368,448.1,3,Critical
2025-04-10 17:00:00,Hive_01,28.63,27.78,74.69,54.23,26.146,392.4,2,Critical
2025-04-10 18:00:00,Hive_01,31.98,24.05,81.12,56.97,25.986,463.9,3,Critical
2025-04-10 19:00:00,Hive_01,30.35,24.05,86.59,59.1,25.792,436.4,0,Critical
2025-04-10 20:00:00,Hive_01,28.86,19.25,75.8,66.99,25.621,423.6,6,Critical
2025-04-10 21:00:00,Hive_01,31.3,17.45,84.99,71.32,25.442,441.5,3,Critical
2025-04-10 22:00:00,Hive_01,30.49,16.56,74.39,70.92,25.262,461.0,4,Critical
2025-04-10 23:00:00,Hive_01,32.35,12.32,75.0,75.86,25.096,40.0,5,Critical
2025-04-11 00:00:00,Hive_01,32.8,11.1,64.36,79.44,25.021,336.8,0,At Risk
2025-04-11 01:00:00,Hive_01,32.18,13.25,62.89,77.56,25.039,333.5,0,At Risk
2025-04-11 02:00:00,Hive_01,31.92,13.65,67.44,80.51,25.018,324.5,0,At Risk
2025-04-11 03:00:00,Hive_01,32.9,12.91,68.59,78.62,24.958,352.2,0,At Risk
2025-04-11 04:00:00,Hive_01,31.54,12.28,69.02,79.31,24.928,307.2,0,At Risk
2025-04-11 05:00:00,Hive_01,31.64,14.48,63.18,71.84,24.854,356.3,0,At Risk
2025-04-11 06:00:00,Hive_01,33.08,14.7,70.71,73.36,24.798,348.4,16,At Risk
2025-04-11 07:00:00,Hive_01,31.12,18.05,68.11,67.95,24.737,359.1,25,At Risk
2025-04-11 08:00:00,Hive_01,35.23,20.96,62.57,66.31,24.708,366.9,25,At Risk
2025-04-11 09:00:00,Hive_01,34.53,23.4,64.66,61.58,24.621,373.7,25,At Risk
2025-04-11 10:00:00,Hive_01,32.04,25.17,67.23,55.57,24.643,340.6,33,At Risk
2025-04-11 11:00:00,Hive_01,34.75,27.88,68.32,55.62,24.597,325.4,32,At Risk
2025-04-11 12:00:00,Hive_01,29.52,23.62,69.36,51.57,24.584,307.6,31,At Risk
2025-04-11 13:00:00,Hive_01,33.3,27.42,66.27,50.52,24.519,398.3,36,At Risk
2025-04-11 14:00:00,Hive_01,31.77,27.73,65.34,48.44,24.461,332.6,22,At Risk
2025-04-11 15:00:00,Hive_01,31.52,27.7,66.04,52.66,24.453,283.6,34,At Risk
2025-04-11 16:00:00,Hive_01,33.84,26.66,70.76,53.55,24.419,333.6,24,At Risk
2025-04-11 17:00:00,Hive_01,31.0,24.59,61.37,55.08,24.396,322.3,31,At Risk
2025-04-11 18:00:00,Hive_01,31.8,23.26,71.68,58.52,24.311,359.4,11,At Risk
2025-04-11 19:00:00,Hive_01,32.46,22.38,69.91,62.64,24.259,311.4,7,At Risk
2025-04-11 20:00:00,Hive_01,34.35,19.03,52.06,70.36,24.284,212.8,42,Healthy
2025-04-11 21:00:00,Hive_01,35.05,18.64,53.88,70.57,24.275,183.6,1,Healthy
2025-04-11 22:00:00,Hive_01,34.65,18.15,52.27,73.56,24.271,172.5,3,Healthy
2025-04-11 23:00:00,Hive_01,34.2,16.72,57.22,77.17,24.276,181.8,1,Healthy
2025-04-12 00:00:00,Hive_01,34.45,12.43,52.88,78.09,24.31,197.7,1,Healthy
2025-04-12 01:00:00,Hive_01,34.01,13.94,56.91,77.12,24.358,193.1,1,Healthy
2025-04-12 02:00:00,Hive_01,34.36,10.28,54.85,80.01,24.376,183.5,1,Healthy
2025-04-12 03:00:00,Hive_01,34.47,9.57,55.34,78.78,24.391,213.6,0,Healthy
2025-04-12 04:00:00,Hive_01,33.89,10.84,55.27,79.05,24.377,223.6,2,Healthy
2025-04-12 05:00:00,Hive_01,34.18,14.01,53.69,78.06,24.362,187.0,2,Healthy
2025-04-12 06:00:00,Hive_01,33.95,16.74,54.74,74.42,24.35,196.9,73,Healthy
2025-04-12 07:00:00,Hive_01,35.09,18.37,56.69,70.68,24.351,180.9,60,Healthy
2025-04-12 08:00:00,Hive_01,34.57,19.15,55.4,61.95,24.396,194.6,72,Healthy
2025-04-12 09:00:00,Hive_01,34.46,21.07,53.24,62.86,24.406,205.9,80,Healthy
2025-04-12 10:00:00,Hive_01,34.25,25.57,55.96,54.6,24.402,203.6,60,Healthy
2025-04-12 11:00:00,Hive_01,34.86,29.73,54.49,53.85,24.42,222.4,100,Healthy
2025-04-12 12:00:00,Hive_01,34.8,26.62,58.5,51.74,24.434,229.4,87,Healthy
2025-04-12 13:00:00,Hive_01,34.38,29.16,53.88,52.71,24.467,192.0,79,Healthy
2025-04-12 14:00:00,Hive_01,34.76,26.97,55.77,48.93,24.491,206.3,78,Healthy
2025-04-12 15:00:00,Hive_01,34.68,28.77,55.67,52.88,24.486,203.2,70,Healthy
2025-04-12 16:00:00,Hive_01,34.01,26.89,54.71,48.73,24.485,201.6,68,Healthy
2025-04-12 17:00:00,Hive_01,34.36,25.7,54.67,55.61,24.524,200.0,58,Healthy
2025-04-12 18:00:00,Hive_01,34.29,24.12,53.5,57.18,24.519,213.1,43,Healthy
2025-04-12 19:00:00,Hive_01,34.42,21.84,55.95,62.52,24.498,198.0,40,Healthy
2025-04-12 20:00:00,Hive_01,34.86,20.03,53.72,61.69,24.514,200.1,40,Healthy
2025-04-12 21:00:00,Hive_01,34.31,21.21,55.28,66.3,24.502,211.7,2,Healthy
2025-04-12 22:00:00,Hive_01,34.91,16.84,53.27,72.97,24.514,188.9,2,Healthy
2025-04-12 23:00:00,Hive_01,34.6,11.59,53.58,75.55,24.511,200.2,2,Healthy
2025-04-13 00:00:00,Hive_01,34.84,11.52,54.59,76.27,24.506,210.9,1,Healthy
2025-04-13 01:00:00,Hive_01,34.45,13.81,56.42,78.16,24.511,211.3,1,Healthy
2025-04-13 02:00:00,Hive_01,34.1,14.97,55.78,83.14,24.505,202.9,2,Healthy
2025-04-13 03:00:00,Hive_01,34.56,10.69,54.57,81.61,24.506,202.1,2,Healthy
2025-04-13 04:00:00,Hive_01,34.51,12.88,52.84,72.33,24.512,178.9,0,Healthy
2025-04-13 05:00:00,Hive_01,34.38,16.2,55.72,74.97,24.514,231.6,1,Healthy
2025-04-13 06:00:00,Hive_01,34.98,16.55,53.89,74.44,24.516,219.1,58,Healthy
2025-04-13 07:00:00,Hive_01,34.96,19.54,53.86,66.14,24.53,197.8,51,Healthy
2025-04-13 08:00:00,Hive_01,34.54,17.88,52.71,61.51,24.517,196.7,43,Healthy
2025-04-13 09:00:00,Hive_01,34.48,23.24,55.02,56.3,24.538,199.4,98,Healthy
2025-04-13 10:00:00,Hive_01,34.28,24.32,55.18,59.61,24.579,196.4,86,Healthy
2025-04-13 11:00:00,Hive_01,33.85,27.13,55.38,52.91,24.609,179.7,95,Healthy
2025-04-13 12:00:00,Hive_01,34.22,27.94,54.41,47.46,24.615,188.9,82,Healthy
2025-04-13 13:00:00,Hive_01,34.29,30.23,54.94,50.3,24.636,200.8,86,Healthy
2025-04-13 14:00:00,Hive_01,34.32,27.02,55.51,48.68,24.626,205.9,98,Healthy
2025-04-13 15:00:00,Hive_01,34.11,28.22,57.37,49.77,24.613,212.7,84,Healthy
2025-04-13 16:00:00,Hive_01,33.95,26.57,55.5,51.48,24.635,183.7,68,Healthy
2025-04-13 17:00:00,Hive_01,34.5,25.71,52.56,55.56,24.634,203.4,68,Healthy
2025-04-13 18:00:00,Hive_01,33.93,23.07,54.15,61.88,24.643,197.0,37,Healthy
2025-04-13 19:00:00,Hive_01,34.51,22.74,55.5,61.86,24.644,175.7,32,Healthy
2025-04-13 20:00:00,Hive_01,34.51,20.24,55.82,65.33,24.643,200.4,35,Healthy
2025-04-13 21:00:00,Hive_01,34.21,17.8,56.25,66.4,24.68,217.6,2,Healthy
2025-04-13 22:00:00,Hive_01,34.97,14.2,55.93,72.49,24.686,209.4,0,Healthy
2025-04-13 23:00:00,Hive_01,34.64,13.3,56.07,73.44,24.693,186.9,1,Healthy
2025-04-14 00:00:00,Hive_01,34.6,12.34,53.86,76.4,24.672,179.8,0,Healthy
2025-04-14 01:00:00,Hive_01,34.53,12.64,55.88,79.79,24.706,191.1,2,Healthy
2025-04-14 02:00:00,Hive_01,34.13,9.63,53.93,82.76,24.704,177.1,2,Healthy
2025-04-14 03:00:00,Hive_01,34.04,12.59,57.98,79.11,24.725,239.5,1,Healthy
2025-04-14 04:00:00,Hive_01,34.41,14.51,57.12,79.55,24.727,194.6,0,Healthy
2025-04-14 05:00:00,Hive_01,34.33,14.96,53.46,72.96,24.729,206.7,2,Healthy
2025-04-14 06:00:00,Hive_01,34.39,17.06,54.28,75.03,24.758,215.6,57,Healthy
2025-04-14 07:00:00,Hive_01,34.53,16.5,56.58,69.73,24.757,175.0,67,Healthy
2025-04-14 08:00:00,Hive_01,34.19,16.16,53.46,63.54,24.752,218.3,78,Healthy
2025-04-14 09:00:00,Hive_01,34.18,21.69,53.2,63.38,24.779,208.7,73,Healthy
2025-04-14 10:00:00,Hive_01,33.98,22.3,54.1,60.42,24.794,227.0,88,Healthy
2025-04-14 11:00:00,Hive_01,34.67,26.38,55.16,53.25,24.772,211.9,98,Healthy
2025-04-14 12:00:00,Hive_01,34.21,28.13,51.54,52.08,24.785,216.2,99,Healthy
2025-04-14 13:00:00,Hive_01,34.83,28.95,56.39,50.36,24.787,210.1,83,Healthy
2025-04-14 14:00:00,Hive_01,34.13,28.81,56.59,47.4,24.816,209.5,85,Healthy
2025-04-14 15:00:00,Hive_01,34.64,24.14,54.2,50.36,24.811,221.7,77,Healthy
2025-04-14 16:00:00,Hive_01,34.2,27.61,55.29,53.56,24.848,227.3,70,Healthy
2025-04-14 17:00:00,Hive_01,34.57,25.3,57.08,54.93,24.838,195.8,49,Healthy
2025-04-14 18:00:00,Hive_01,34.74,22.48,54.03,58.25,24.863,216.7,69,Healthy
2025-04-14 19:00:00,Hive_01,34.2,22.18,53.35,59.84,24.898,177.3,51,Healthy
2025-04-14 20:00:00,Hive_01,34.45,18.7,53.94,63.63,24.927,227.2,23,Healthy
2025-04-14 21:00:00,Hive_01,34.66,17.28,54.77,68.56,24.965,217.2,0,Healthy
2025-04-14 22:00:00,Hive_01,34.35,16.78,54.56,75.54,24.964,192.4,0,Healthy
2025-04-14 23:00:00,Hive_01,34.95,12.35,54.08,75.76,24.961,225.5,0,Healthy
2025-04-15 00:00:00,Hive_01,34.3,10.58,52.38,76.33,24.969,214.2,0,Healthy
2025-04-15 01:00:00,Hive_01,34.47,12.4,55.28,80.28,24.983,187.8,3,Healthy
2025-04-15 02:00:00,Hive_01,34.8,13.87,52.64,82.38,25.011,209.8,0,Healthy
2025-04-15 03:00:00,Hive_01,35.0,11.95,56.09,80.04,25.004,225.4,2,Healthy
2025-04-15 04:00:00,Hive_01,34.01,12.69,54.84,77.34,25.024,194.2,2,Healthy
2025-04-15 05:00:00,Hive_01,34.59,13.05,55.28,75.32,25.002,193.4,3,Healthy
2025-04-15 06:00:00,Hive_01,34.47,15.26,57.35,72.53,25.037,212.1,40,Healthy
2025-04-15 07:00:00,Hive_01,34.29,18.47,53.69,70.02,25.082,195.5,76,Healthy
2025-04-15 08:00:00,Hive_01,34.64,21.5,52.9,65.82,25.096,221.3,76,Healthy
2025-04-15 09:00:00,Hive_01,34.44,22.3,54.07,64.54,25.109,211.5,61,Healthy
2025-04-15 10:00:00,Hive_01,34.42,24.43,56.66,59.12,25.132,232.1,77,Healthy
2025-04-15 11:00:00,Hive_01,34.02,26.9,51.95,52.36,25.152,202.8,83,Healthy
2025-04-15 12:00:00,Hive_01,34.5,24.27,56.19,50.63,25.162,203.8,86,Healthy
2025-04-15 13:00:00,Hive_01,34.29,30.35,54.26,48.47,25.183,184.4,89,Healthy
2025-04-15 14:00:00,Hive_01,34.6,28.25,53.49,48.61,25.171,201.5,68,Healthy
2025-04-15 15:00:00,Hive_01,34.81,24.51,54.3,51.58,25.167,215.1,66,Healthy
2025-04-15 16:00:00,Hive_01,34.5,24.88,56.6,53.42,25.134,179.0,70,Healthy
2025-04-15 17:00:00,Hive_01,34.55,26.28,55.25,56.09,25.137,223.9,49,Healthy
2025-04-15 18:00:00,Hive_01,34.66,24.54,53.44,55.52,25.161,201.7,67,Healthy
2025-04-15 19:00:00,Hive_01,34.27,21.65,54.57,61.97,25.174,177.1,25,Healthy
2025-04-15 20:00:00,Hive_01,34.32,20.9,53.89,64.71,25.17,201.7,34,Healthy
2025-04-15 21:00:00,Hive_01,34.9,14.79,51.5,71.71,25.201,215.8,2,Healthy
2025-04-15 22:00:00,Hive_01,34.43,14.05,55.82,74.53,25.256,203.8,1,Healthy
2025-04-15 23:00:00,Hive_01,34.63,13.84,53.79,74.03,25.256,180.7,1,Healthy
2025-04-16 00:00:00,Hive_01,34.58,13.34,54.93,72.62,25.251,230.4,2,Healthy
2025-04-16 01:00:00,Hive_01,34.87,10.63,55.2,81.17,25.268,205.1,0,Healthy
2025-04-16 02:00:00,Hive_01,34.93,11.72,55.5,79.52,25.272,198.6,3,Healthy
2025-04-16 03:00:00,Hive_01,34.42,12.0,56.41,78.09,25.292,200.7,2,Healthy
2025-04-16 04:00:00,Hive_01,34.3,12.23,54.56,77.6,25.329,183.8,1,Healthy
2025-04-16 05:00:00,Hive_01,34.44,12.46,54.07,72.66,25.374,195.8,3,Healthy
2025-04-16 06:00:00,Hive_01,35.13,17.45,55.4,72.08,25.415,220.9,54,Healthy
2025-04-16 07:00:00,Hive_01,34.16,19.06,55.09,70.13,25.446,222.9,53,Healthy
2025-04-16 08:00:00,Hive_01,34.46,20.79,55.53,65.3,25.46,208.1,84,Healthy
2025-04-16 09:00:00,Hive_01,35.06,23.25,56.66,61.74,25.469,181.7,68,Healthy
2025-04-16 10:00:00,Hive_01,34.2,25.4,53.86,56.24,25.465,212.8,83,Healthy
2025-04-16 11:00:00,Hive_01,34.57,23.6,54.28,54.46,25.498,193.7,99,Healthy
2025-04-16 12:00:00,Hive_01,34.17,27.82,55.15,53.86,25.507,178.7,101,Healthy
2025-04-16 13:00:00,Hive_01,34.2,26.5,56.05,49.29,25.486,209.3,99,Healthy
2025-04-16 14:00:00,Hive_01,34.73,28.81,53.58,51.43,25.525,193.1,83,Healthy
2025-04-16 15:00:00,Hive_01,34.34,27.23,55.1,51.49,25.51,217.5,84,Healthy
2025-04-16 16:00:00,Hive_01,34.69,26.49,53.94,51.07,25.523,217.4,61,Healthy
2025-04-16 17:00:00,Hive_01,34.47,26.21,54.24,55.02,25.557,191.0,42,Healthy
2025-04-16 18:00:00,Hive_01,34.71,24.96,57.0,55.1,25.58,216.1,70,Healthy
2025-04-16 19:00:00,Hive_01,34.99,23.52,57.63,61.78,25.625,192.6,26,Healthy
2025-04-16 20:00:00,Hive_01,34.55,19.17,54.69,66.41,25.646,177.9,31,Healthy
2025-04-16 21:00:00,Hive_01,34.71,19.61,57.4,69.98,25.655,190.2,3,Healthy
2025-04-16 22:00:00,Hive_01,34.45,17.76,55.0,73.62,25.639,216.7,3,Healthy
2025-04-16 23:00:00,Hive_01,34.62,12.38,53.47,77.34,25.625,205.6,1,Healthy
2025-04-17 00:00:00,Hive_01,34.64,15.8,55.78,79.9,25.662,212.7,2,Healthy
2025-04-17 01:00:00,Hive_01,34.17,10.8,54.53,85.61,25.639,208.1,2,Healthy
2025-04-17 02:00:00,Hive_01,34.83,13.15,53.79,76.52,25.646,214.0,2,Healthy
2025-04-17 03:00:00,Hive_01,34.63,12.77,54.49,81.09,25.653,203.2,1,Healthy
2025-04-17 04:00:00,Hive_01,34.52,14.57,56.79,78.57,25.66,197.3,1,Healthy
2025-04-17 05:00:00,Hive_01,34.3,14.86,54.73,76.22,25.657,189.4,0,Healthy
2025-04-17 06:00:00,Hive_01,34.36,15.65,54.08,69.1,25.688,184.8,42,Healthy
2025-04-17 07:00:00,Hive_01,34.91,17.36,53.29,67.72,25.69,205.0,69,Healthy
2025-04-17 08:00:00,Hive_01,34.45,19.43,57.03,61.16,25.706,203.5,59,Healthy
2025-04-17 09:00:00,Hive_01,34.07,20.32,56.17,61.15,25.699,199.6,59,Healthy
2025-04-17 10:00:00,Hive_01,33.8,23.41,55.81,55.13,25.742,216.9,91,Healthy
2025-04-17 11:00:00,Hive_01,34.87,25.04,55.21,56.01,25.728,192.5,105,Healthy
2025-04-17 12:00:00,Hive_01,34.06,26.82,54.36,45.36,25.759,195.9,100,Healthy
2025-04-17 13:00:00,Hive_01,34.35,26.94,55.52,46.58,25.774,181.2,85,Healthy
2025-04-17 14:00:00,Hive_01,34.7,32.03,51.85,47.53,25.801,186.6,88,Healthy
2025-04-17 15:00:00,Hive_01,34.23,25.79,53.93,51.09,25.82,193.5,82,Healthy
2025-04-17 16:00:00,Hive_01,34.63,26.64,54.47,52.14,25.81,192.0,81,Healthy
2025-04-17 17:00:00,Hive_01,34.62,25.83,55.7,52.7,25.831,185.3,53,Healthy
2025-04-17 18:00:00,Hive_01,34.66,22.98,55.44,56.78,25.848,220.3,56,Healthy
2025-04-17 19:00:00,Hive_01,34.29,21.86,54.61,58.75,25.875,199.6,33,Healthy
2025-04-17 20:00:00,Hive_01,34.77,18.9,57.39,64.86,25.881,199.3,17,Healthy
2025-04-17 21:00:00,Hive_01,34.85,20.84,54.45,66.08,25.879,183.3,4,Healthy
2025-04-17 22:00:00,Hive_01,34.77,16.33,54.02,72.54,25.889,200.8,1,Healthy
2025-04-17 23:00:00,Hive_01,34.03,16.14,54.55,75.17,25.904,186.6,1,Healthy
2025-04-18 00:00:00,Hive_01,34.35,12.25,57.14,80.43,25.902,204.9,1,Healthy
2025-04-18 01:00:00,Hive_01,34.72,13.4,55.17,77.25,25.899,197.5,3,Healthy
2025-04-18 02:00:00,Hive_01,34.14,12.21,55.76,78.59,25.913,210.4,0,Healthy
2025-04-18 03:00:00,Hive_01,34.6,10.51,55.8,81.78,25.903,185.3,2,Healthy
2025-04-18 04:00:00,Hive_01,34.12,14.63,54.84,75.81,25.897,187.7,0,Healthy
2025-04-18 05:00:00,Hive_01,34.17,13.64,55.45,73.3,25.906,207.3,0,Healthy
2025-04-18 06:00:00,Hive_01,34.39,16.01,56.24,76.65,25.933,213.0,51,Healthy
2025-04-18 07:00:00,Hive_01,34.69,18.78,53.32,70.28,25.908,176.7,57,Healthy
2025-04-18 08:00:00,Hive_01,34.78,20.89,54.25,62.79,25.909,187.5,51,Healthy
2025-04-18 09:00:00,Hive_01,34.48,22.41,52.22,64.54,25.934,175.6,66,Healthy
2025-04-18 10:00:00,Hive_01,34.2,23.64,54.58,57.75,25.959,212.8,97,Healthy
2025-04-18 11:00:00,Hive_01,34.43,28.52,56.29,56.01,25.978,207.6,90,Healthy
2025-04-18 12:00:00,Hive_01,34.47,25.56,55.22,49.95,25.974,206.4,110,Healthy
2025-04-18 13:00:00,Hive_01,34.48,25.11,55.68,51.68,25.976,197.8,89,Healthy
2025-04-18 14:00:00,Hive_01,34.43,27.55,52.88,46.96,25.999,172.0,94,Healthy
2025-04-18 15:00:00,Hive_01,33.85,28.37,54.51,51.38,26.032,192.2,67,Healthy
2025-04-18 16:00:00,Hive_01,34.24,25.97,56.85,51.87,26.04,191.7,56,Healthy
2025-04-18 17:00:00,Hive_01,34.26,26.38,51.65,55.32,26.059,197.2,63,Healthy
2025-04-18 18:00:00,Hive_01,34.35,26.94,53.28,57.45,26.062,202.4,50,Healthy
2025-04-18 19:00:00,Hive_01,34.46,24.66,53.94,62.12,26.078,186.4,41,Healthy
2025-04-18 20:00:00,Hive_01,34.31,20.73,51.72,64.57,26.111,206.0,34,Healthy
2025-04-18 21:00:00,Hive_01,34.36,15.59,54.57,71.64,26.099,173.2,3,Healthy
2025-04-18 22:00:00,Hive_01,34.3,17.93,54.43,72.17,26.102,182.0,1,Healthy
2025-04-18 23:00:00,Hive_01,34.5,14.57,52.64,77.64,26.119,196.2,3,Healthy
2025-04-19 00:00:00,Hive_01,34.33,15.22,57.98,80.92,26.136,224.4,1,Healthy
2025-04-19 01:00:00,Hive_01,34.55,11.82,56.88,80.04,26.142,217.5,2,Healthy
2025-04-19 02:00:00,Hive_01,34.36,11.68,58.53,81.31,26.098,210.1,0,Healthy
2025-04-19 03:00:00,Hive_01,34.95,11.93,53.96,79.32,26.135,182.3,3,Healthy
2025-04-19 04:00:00,Hive_01,34.4,12.36,56.92,78.14,26.166,206.7,0,Healthy
2025-04-19 05:00:00,Hive_01,33.83,13.27,56.89,73.55,26.17,194.9,3,Healthy
2025-04-19 06:00:00,Hive_01,34.43,15.29,53.3,70.82,26.187,194.4,44,Healthy
2025-04-19 07:00:00,Hive_01,34.53,17.04,54.22,68.67,26.19,198.8,58,Healthy
2025-04-19 08:00:00,Hive_01,34.8,20.05,55.15,63.65,26.189,205.2,69,Healthy
2025-04-19 09:00:00,Hive_01,34.19,19.47,56.4,61.8,26.195,211.7,71,Healthy
2025-04-19 10:00:00,Hive_01,34.42,24.1,54.11,59.92,26.218,209.5,79,Healthy
2025-04-19 11:00:00,Hive_01,34.7,22.68,53.84,53.17,26.227,190.1,69,Healthy
2025-04-19 12:00:00,Hive_01,33.79,25.91,55.38,53.36,26.214,209.1,97,Healthy
2025-04-19 13:00:00,Hive_01,34.26,27.47,52.98,50.17,26.258,187.0,104,Healthy
2025-04-19 14:00:00,Hive_01,34.16,26.71,55.79,51.05,26.261,195.3,90,Healthy
2025-04-19 15:00:00,Hive_01,34.73,27.02,53.28,47.65,26.282,214.6,74,Healthy
2025-04-19 16:00:00,Hive_01,34.29,28.7,57.1,52.97,26.269,194.3,67,Healthy
2025-04-19 17:00:00,Hive_01,34.82,26.56,55.34,56.62,26.273,172.6,47,Healthy
2025-04-19 18:00:00,Hive_01,34.26,26.65,56.72,53.83,26.287,213.9,55,Healthy
2025-04-19 19:00:00,Hive_01,34.7,24.27,53.91,61.71,26.309,194.1,35,Healthy
2025-04-19 20:00:00,Hive_01,35.01,21.34,57.43,66.8,26.337,174.2,48,Healthy
2025-04-19 21:00:00,Hive_01,34.72,19.31,53.44,67.35,26.36,180.3,1,Healthy
2025-04-19 22:00:00,Hive_01,34.6,17.06,54.57,74.65,26.327,196.9,2,Healthy
2025-04-19 23:00:00,Hive_01,34.44,13.87,54.52,75.56,26.339,195.9,3,Healthy
2025-04-20 00:00:00,Hive_01,34.24,9.76,55.33,76.9,26.35,224.3,3,Healthy
2025-04-20 01:00:00,Hive_01,34.56,11.11,53.8,79.49,26.373,196.4,0,Healthy
2025-04-20 02:00:00,Hive_01,34.81,11.58,57.85,78.0,26.388,201.7,2,Healthy
2025-04-20 03:00:00,Hive_01,34.47,14.05,55.38,81.81,26.411,182.9,3,Healthy
2025-04-20 04:00:00,Hive_01,34.13,15.67,52.04,80.32,26.435,188.6,2,Healthy
2025-04-20 05:00:00,Hive_01,34.39,16.65,55.42,74.29,26.419,188.6,2,Healthy
2025-04-20 06:00:00,Hive_01,35.33,15.55,55.15,73.72,26.412,221.3,34,Healthy
2025-04-20 07:00:00,Hive_01,34.42,15.85,54.07,67.69,26.422,204.1,71,Healthy
2025-04-20 08:00:00,Hive_01,34.8,20.14,53.77,63.88,26.399,218.1,81,Healthy
2025-04-20 09:00:00,Hive_01,34.22,20.88,55.49,60.32,26.444,210.5,88,Healthy
2025-04-20 10:00:00,Hive_01,34.83,25.23,56.12,57.5,26.483,193.1,67,Healthy
2025-04-20 11:00:00,Hive_01,34.41,27.22,54.64,55.09,26.544,190.4,80,Healthy
2025-04-20 12:00:00,Hive_01,35.18,27.06,55.99,54.37,26.528,229.6,89,Healthy
2025-04-20 13:00:00,Hive_01,34.75,26.47,55.36,48.35,26.545,219.3,80,Healthy
2025-04-20 14:00:00,Hive_01,35.15,30.05,55.9,48.96,26.537,169.6,92,Healthy
2025-04-20 15:00:00,Hive_01,34.73,27.17,56.52,50.2,26.571,182.4,92,Healthy
2025-04-20 16:00:00,Hive_01,34.15,26.06,55.33,47.5,26.562,198.7,73,Healthy
2025-04-20 17:00:00,Hive_01,34.12,25.38,55.03,53.4,26.53,189.7,51,Healthy
2025-04-20 18:00:00,Hive_01,34.79,23.64,57.38,57.07,26.518,229.9,42,Healthy
2025-04-20 19:00:00,Hive_01,35.23,22.33,54.19,62.14,26.492,222.4,31,Healthy
2025-04-20 20:00:00,Hive_01,34.39,19.46,53.74,62.76,26.516,201.2,23,Healthy
2025-04-20 21:00:00,Hive_01,33.95,19.42,56.38,69.39,26.529,220.9,2,Healthy
2025-04-20 22:00:00,Hive_01,34.74,14.81,53.84,72.09,26.53,196.7,0,Healthy
2025-04-20 23:00:00,Hive_01,34.86,13.21,55.48,75.95,26.54,187.5,3,Healthy
2025-04-21 00:00:00,Hive_01,34.77,13.72,55.84,76.58,26.533,198.5,1,Healthy
2025-04-21 01:00:00,Hive_01,34.56,16.22,55.71,80.55,26.571,198.7,1,Healthy
2025-04-21 02:00:00,Hive_01,34.18,13.27,53.1,79.65,26.611,202.0,1,Healthy
2025-04-21 03:00:00,Hive_01,34.41,11.92,52.83,81.1,26.628,218.1,3,Healthy
2025-04-21 04:00:00,Hive_01,34.56,12.23,56.86,80.53,26.649,177.2,3,Healthy
2025-04-21 05:00:00,Hive_01,34.1,14.42,55.76,76.76,26.681,229.0,3,Healthy
2025-04-21 06:00:00,Hive_01,34.54,16.83,54.11,69.41,26.696,181.8,47,Healthy
2025-04-21 07:00:00,Hive_01,34.34,17.15,54.8,67.79,26.712,162.5,36,Healthy
2025-04-21 08:00:00,Hive_01,34.56,19.49,53.91,64.6,26.722,201.9,62,Healthy
2025-04-21 09:00:00,Hive_01,34.66,23.59,55.1,61.47,26.774,208.9,73,Healthy
2025-04-21 10:00:00,Hive_01,34.54,25.23,55.48,54.22,26.787,195.0,74,Healthy
2025-04-21 11:00:00,Hive_01,34.17,24.47,57.66,54.6,26.744,195.1,89,Healthy
2025-04-21 12:00:00,Hive_01,34.84,27.69,52.91,50.18,26.743,209.3,100,Healthy
2025-04-21 13:00:00,Hive_01,34.23,25.62,53.03,55.8,26.763,194.8,83,Healthy
2025-04-21 14:00:00,Hive_01,33.99,28.89,54.1,46.95,26.794,191.7,100,Healthy
2025-04-21 15:00:00,Hive_01,34.6,29.53,55.42,51.08,26.807,194.5,75,Healthy
2025-04-21 16:00:00,Hive_01,34.83,25.32,55.24,47.59,26.818,206.0,61,Healthy
2025-04-21 17:00:00,Hive_01,34.91,24.16,53.25,53.83,26.775,192.2,71,Healthy
2025-04-21 18:00:00,Hive_01,34.58,21.4,58.85,55.14,26.758,179.0,53,Healthy
2025-04-21 19:00:00,Hive_01,34.01,23.88,55.65,59.87,26.78,226.7,46,Healthy
2025-04-21 20:00:00,Hive_01,35.23,21.24,54.4,64.48,26.778,227.1,15,Healthy
2025-04-21 21:00:00,Hive_01,34.5,15.16,54.66,69.12,26.808,186.4,2,Healthy
2025-04-21 22:00:00,Hive_01,34.48,15.46,56.28,70.72,26.86,208.7,0,Healthy
2025-04-21 23:00:00,Hive_01,34.78,14.29,55.28,75.71,26.895,205.9,3,Healthy
2025-04-22 00:00:00,Hive_01,34.75,12.41,54.14,78.28,26.889,190.6,1,Healthy
2025-04-22 01:00:00,Hive_01,34.03,13.06,57.79,75.82,26.885,203.0,0,Healthy
2025-04-22 02:00:00,Hive_01,34.03,12.14,57.01,78.56,26.919,198.4,2,Healthy
2025-04-22 03:00:00,Hive_01,34.64,15.13,55.3,81.0,26.942,194.5,1,Healthy
2025-04-22 04:00:00,Hive_01,34.39,13.75,55.0,77.04,26.975,183.0,2,Healthy
2025-04-22 05:00:00,Hive_01,34.26,15.53,52.46,77.18,26.996,202.8,3,Healthy
2025-04-22 06:00:00,Hive_01,34.82,14.95,54.86,74.02,27.014,205.7,41,Healthy
2025-04-22 07:00:00,Hive_01,34.51,18.73,52.81,72.13,27.01,173.3,73,Healthy
2025-04-22 08:00:00,Hive_01,34.07,21.15,53.75,64.0,27.008,201.6,70,Healthy
2025-04-22 09:00:00,Hive_01,34.05,24.08,53.26,59.73,27.017,189.1,75,Healthy
2025-04-22 10:00:00,Hive_01,34.32,23.32,54.43,59.48,27.042,191.5,88,Healthy
2025-04-22 11:00:00,Hive_01,34.16,26.15,56.84,54.68,27.096,200.1,78,Healthy
2025-04-22 12:00:00,Hive_01,34.32,26.97,54.81,53.99,27.113,218.0,97,Healthy
2025-04-22 13:00:00,Hive_01,34.62,28.95,53.92,49.66,27.14,217.3,94,Healthy
2025-04-22 14:00:00,Hive_01,35.04,27.45,54.47,49.59,27.171,205.1,81,Healthy
2025-04-22 15:00:00,Hive_01,34.53,25.71,57.71,50.93,27.163,234.4,82,Healthy
2025-04-01 00:00:00,Hive_02,34.82,13.64,56.31,80.43,44.226,191.4,2,Healthy
2025-04-01 01:00:00,Hive_02,34.82,13.67,57.18,79.04,44.217,187.4,1,Healthy
2025-04-01 02:00:00,Hive_02,34.91,12.46,55.64,78.95,44.228,178.5,0,Healthy
2025-04-01 03:00:00,Hive_02,34.8,12.69,54.76,75.22,44.303,234.6,1,Healthy
2025-04-01 04:00:00,Hive_02,35.01,12.91,52.54,79.98,44.277,190.7,2,Healthy
2025-04-01 05:00:00,Hive_02,34.14,15.09,51.53,77.75,44.305,187.6,0,Healthy
2025-04-01 06:00:00,Hive_02,34.46,16.22,54.31,74.09,44.311,194.4,36,Healthy
2025-04-01 07:00:00,Hive_02,34.6,16.86,55.25,69.92,44.301,197.3,38,Healthy
2025-04-01 08:00:00,Hive_02,34.06,20.27,54.12,67.86,44.318,218.8,65,Healthy
2025-04-01 09:00:00,Hive_02,34.53,21.03,58.06,57.18,44.334,199.7,81,Healthy
2025-04-01 10:00:00,Hive_02,34.75,23.98,55.34,55.87,44.344,185.4,97,Healthy
2025-04-01 11:00:00,Hive_02,34.8,26.65,54.25,53.29,44.338,188.6,70,Healthy
2025-04-01 12:00:00,Hive_02,34.13,27.64,51.89,48.35,44.347,197.7,86,Healthy
2025-04-01 13:00:00,Hive_02,34.64,26.16,54.17,48.17,44.363,186.7,90,Healthy
2025-04-01 14:00:00,Hive_02,34.38,29.95,55.39,51.17,44.368,200.1,81,Healthy
2025-04-01 15:00:00,Hive_02,34.2,27.48,53.48,50.94,44.35,176.0,66,Healthy
2025-04-01 16:00:00,Hive_02,34.65,27.17,55.05,50.22,44.321,209.8,78,Healthy
2025-04-01 17:00:00,Hive_02,34.24,24.17,55.15,55.23,44.306,173.1,56,Healthy
2025-04-01 18:00:00,Hive_02,34.14,23.81,54.4,56.7,44.321,199.3,51,Healthy
2025-04-01 19:00:00,Hive_02,34.15,21.07,55.73,63.46,44.355,207.2,37,Healthy
2025-04-01 20:00:00,Hive_02,34.07,19.21,53.54,67.07,44.357,218.6,33,Healthy
2025-04-01 21:00:00,Hive_02,34.32,16.48,53.94,68.26,44.386,179.4,3,Healthy
2025-04-01 22:00:00,Hive_02,34.36,17.24,54.78,74.68,44.368,192.1,2,Healthy
2025-04-01 23:00:00,Hive_02,34.39,16.29,54.77,73.39,44.35,208.9,1,Healthy
2025-04-02 00:00:00,Hive_02,34.26,12.78,54.99,77.09,44.355,194.4,1,Healthy
2025-04-02 01:00:00,Hive_02,34.54,12.75,56.49,82.8,44.338,202.4,0,Healthy
2025-04-02 02:00:00,Hive_02,34.86,9.78,56.43,78.52,44.352,177.0,1,Healthy
2025-04-02 03:00:00,Hive_02,33.95,12.73,53.66,79.84,44.361,208.0,0,Healthy
2025-04-02 04:00:00,Hive_02,34.75,12.83,56.04,78.28,44.383,188.0,0,Healthy
2025-04-02 05:00:00,Hive_02,34.92,13.75,56.07,77.61,44.401,205.7,1,Healthy
2025-04-02 06:00:00,Hive_02,34.22,15.8,57.42,75.84,44.405,219.9,35,Healthy
2025-04-02 07:00:00,Hive_02,34.08,18.81,55.33,67.41,44.435,187.3,45,Healthy
2025-04-02 08:00:00,Hive_02,34.66,19.86,56.42,64.83,44.444,227.8,72,Healthy
2025-04-02 09:00:00,Hive_02,34.42,21.55,54.5,57.89,44.473,206.9,66,Healthy
2025-04-02 10:00:00,Hive_02,34.96,24.26,56.33,58.84,44.498,200.9,88,Healthy
2025-04-02 11:00:00,Hive_02,34.4,27.53,53.84,51.73,44.516,218.5,82,Healthy
2025-04-02 12:00:00,Hive_02,34.77,23.34,55.81,51.19,44.535,195.8,77,Healthy
2025-04-02 13:00:00,Hive_02,35.16,28.5,55.86,48.84,44.533,190.8,87,Healthy
2025-04-02 14:00:00,Hive_02,34.56,27.64,53.9,52.23,44.581,200.7,92,Healthy
2025-04-02 15:00:00,Hive_02,34.59,26.82,52.17,51.24,44.631,219.4,74,Healthy
2025-04-02 16:00:00,Hive_02,34.53,25.27,55.53,52.7,44.645,207.6,84,Healthy
2025-04-02 17:00:00,Hive_02,34.91,26.51,57.46,52.29,44.718,183.1,62,Healthy
2025-04-02 18:00:00,Hive_02,34.34,20.88,57.89,58.61,44.712,174.7,45,Healthy
2025-04-02 19:00:00,Hive_02,33.88,19.11,55.04,62.62,44.681,195.2,56,Healthy
2025-04-02 20:00:00,Hive_02,34.49,20.54,55.03,63.27,44.7,179.5,35,Healthy
2025-04-02 21:00:00,Hive_02,34.35,13.87,55.95,67.62,44.711,178.9,1,Healthy
2025-04-02 22:00:00,Hive_02,34.33,16.3,54.28,72.34,44.735,192.2,1,Healthy
2025-04-02 23:00:00,Hive_02,33.94,17.6,56.18,72.76,44.731,195.2,1,Healthy
2025-04-03 00:00:00,Hive_02,34.74,12.68,56.29,81.19,44.713,182.7,0,Healthy
2025-04-03 01:00:00,Hive_02,34.66,11.06,54.67,81.4,44.722,189.7,2,Healthy
2025-04-03 02:00:00,Hive_02,34.59,13.15,56.4,76.77,44.724,210.5,4,Healthy
2025-04-03 03:00:00,Hive_02,34.28,12.12,55.27,80.28,44.743,202.9,0,Healthy
2025-04-03 04:00:00,Hive_02,34.63,13.38,56.44,80.91,44.748,211.2,2,Healthy
2025-04-03 05:00:00,Hive_02,34.2,12.92,54.05,76.24,44.762,204.5,0,Healthy
2025-04-03 06:00:00,Hive_02,34.29,17.58,52.69,73.64,44.769,193.3,51,Healthy
2025-04-03 07:00:00,Hive_02,34.38,17.38,54.54,64.87,44.792,189.5,77,Healthy
2025-04-03 08:00:00,Hive_02,34.43,17.13,56.29,67.62,44.804,217.1,66,Healthy
2025-04-03 09:00:00,Hive_02,34.47,20.42,55.33,63.96,44.838,184.5,84,Healthy
2025-04-03 10:00:00,Hive_02,34.52,23.12,52.75,57.24,44.833,220.3,93,Healthy
2025-04-03 11:00:00,Hive_02,34.41,25.56,57.03,54.88,44.839,203.5,100,Healthy
2025-04-03 12:00:00,Hive_02,34.04,25.76,57.44,55.13,44.841,196.4,71,Healthy
2025-04-03 13:00:00,Hive_02,34.32,27.05,54.79,48.43,44.87,203.1,91,Healthy
2025-04-03 14:00:00,Hive_02,35.04,26.36,53.9,48.24,44.914,196.4,84,Healthy
2025-04-03 15:00:00,Hive_02,34.47,29.33,54.42,53.05,44.922,205.1,87,Healthy
2025-04-03 16:00:00,Hive_02,34.99,26.93,55.57,53.25,44.939,177.2,43,Healthy
2025-04-03 17:00:00,Hive_02,34.35,26.24,55.37,54.2,44.948,216.9,61,Healthy
2025-04-03 18:00:00,Hive_02,34.43,22.88,55.79,59.48,44.948,190.3,50,Healthy
2025-04-03 19:00:00,Hive_02,34.42,22.09,52.25,62.08,44.949,211.9,36,Healthy
2025-04-03 20:00:00,Hive_02,34.29,19.63,52.69,66.97,44.956,192.7,20,Healthy
2025-04-03 21:00:00,Hive_02,34.5,17.67,55.46,69.87,45.002,194.9,2,Healthy
2025-04-03 22:00:00,Hive_02,34.32,15.24,54.28,70.81,45.02,235.2,1,Healthy
2025-04-03 23:00:00,Hive_02,34.62,13.72,55.4,75.48,45.055,163.6,0,Healthy
2025-04-04 00:00:00,Hive_02,34.03,12.33,50.49,80.18,45.077,203.7,0,Healthy
2025-04-04 01:00:00,Hive_02,34.53,10.79,54.06,77.55,45.097,157.2,1,Healthy
2025-04-04 02:00:00,Hive_02,34.34,10.31,56.2,79.49,45.069,200.7,2,Healthy
2025-04-04 03:00:00,Hive_02,34.6,15.06,52.29,78.53,45.032,212.7,1,Healthy
2025-04-04 04:00:00,Hive_02,34.66,14.84,57.8,75.24,45.05,204.1,2,Healthy
2025-04-04 05:00:00,Hive_02,34.32,11.99,55.76,78.32,45.029,182.3,3,Healthy
2025-04-04 06:00:00,Hive_02,34.48,15.48,52.24,75.41,45.056,191.2,56,Healthy
2025-04-04 07:00:00,Hive_02,34.55,17.97,58.29,65.8,45.076,199.1,71,Healthy
2025-04-04 08:00:00,Hive_02,34.17,20.32,55.35,65.42,45.107,187.5,84,Healthy
2025-04-04 09:00:00,Hive_02,34.8,21.93,54.57,59.34,45.132,195.6,77,Healthy
2025-04-04 10:00:00,Hive_02,33.9,24.74,53.32,58.08,45.161,198.0,79,Healthy
2025-04-04 11:00:00,Hive_02,33.89,23.62,54.85,52.23,45.159,185.5,87,Healthy
2025-04-04 12:00:00,Hive_02,34.05,27.47,56.74,56.2,45.188,188.3,92,Healthy
2025-04-04 13:00:00,Hive_02,34.95,27.04,55.91,50.88,45.208,193.5,73,Healthy
2025-04-04 14:00:00,Hive_02,34.04,27.69,53.42,52.41,45.221,185.2,76,Healthy
2025-04-04 15:00:00,Hive_02,34.21,27.09,56.06,47.78,45.205,176.0,71,Healthy
2025-04-04 16:00:00,Hive_02,34.36,28.03,55.07,51.62,45.18,207.4,73,Healthy
2025-04-04 17:00:00,Hive_02,34.16,25.04,56.69,56.41,45.193,195.0,60,Healthy
2025-04-04 18:00:00,Hive_02,34.18,23.84,53.86,59.94,45.224,191.1,59,Healthy
2025-04-04 19:00:00,Hive_02,34.7,24.62,53.27,60.31,45.249,203.0,44,Healthy
2025-04-04 20:00:00,Hive_02,34.65,19.03,51.9,61.68,45.253,214.1,31,Healthy
2025-04-04 21:00:00,Hive_02,34.3,20.85,55.04,70.93,45.262,176.3,1,Healthy
2025-04-04 22:00:00,Hive_02,34.51,15.16,54.63,68.43,45.238,206.1,2,Healthy
2025-04-04 23:00:00,Hive_02,34.68,14.68,56.02,74.96,45.254,187.6,2,Healthy
2025-04-05 00:00:00,Hive_02,35.13,14.87,54.21,76.8,45.265,189.9,2,Healthy
2025-04-05 01:00:00,Hive_02,34.17,9.66,55.2,78.4,45.295,209.7,0,Healthy
2025-04-05 02:00:00,Hive_02,34.27,15.06,55.24,80.59,45.308,190.0,2,Healthy
2025-04-05 03:00:00,Hive_02,34.29,11.36,52.85,78.68,45.321,208.8,2,Healthy
2025-04-05 04:00:00,Hive_02,31.36,14.3,70.52,78.64,45.312,307.5,0,At Risk
2025-04-05 05:00:00,Hive_02,33.13,12.9,69.46,77.77,45.23,308.0,0,At Risk
2025-04-05 06:00:00,Hive_02,33.02,16.52,67.65,72.25,45.191,343.5,24,At Risk
2025-04-05 07:00:00,Hive_02,30.73,16.93,60.51,68.76,45.135,345.2,25,At Risk
2025-04-05 08:00:00,Hive_02,29.34,17.08,72.11,64.3,45.118,361.4,32,At Risk
2025-04-05 09:00:00,Hive_02,32.42,20.72,65.47,58.85,45.065,317.9,21,At Risk
2025-04-05 10:00:00,Hive_02,31.33,20.65,66.34,57.95,44.994,359.3,31,At Risk
2025-04-05 11:00:00,Hive_02,30.37,25.15,68.67,55.39,44.927,347.0,24,At Risk
2025-04-05 12:00:00,Hive_02,32.12,25.79,69.44,50.25,44.833,317.6,32,At Risk
2025-04-05 13:00:00,Hive_02,33.52,29.45,68.87,51.1,44.817,296.7,26,At Risk
2025-04-05 14:00:00,Hive_02,34.22,28.99,70.53,52.38,44.732,315.5,27,At Risk
2025-04-05 15:00:00,Hive_02,32.13,29.0,69.16,51.35,44.673,362.1,37,At Risk
2025-04-05 16:00:00,Hive_02,32.62,27.74,66.62,53.7,44.6,295.1,32,At Risk
2025-04-05 17:00:00,Hive_02,30.99,23.87,69.66,54.97,44.551,290.1,25,At Risk
2025-04-05 18:00:00,Hive_02,32.0,23.13,69.19,59.26,44.53,315.3,17,At Risk
2025-04-05 19:00:00,Hive_02,31.03,23.36,71.23,64.47,44.545,300.1,11,At Risk
2025-04-05 20:00:00,Hive_02,32.5,17.97,67.36,61.83,44.483,347.3,13,At Risk
2025-04-05 21:00:00,Hive_02,30.58,18.92,71.17,68.74,44.451,306.6,0,At Risk
2025-04-05 22:00:00,Hive_02,31.5,15.73,69.03,70.67,44.391,307.6,0,At Risk
2025-04-05 23:00:00,Hive_02,32.6,13.61,74.23,77.76,44.305,358.6,0,At Risk
2025-04-06 00:00:00,Hive_02,31.94,10.99,66.35,79.52,44.25,353.6,0,At Risk
2025-04-06 01:00:00,Hive_02,32.89,13.02,66.09,77.73,44.194,322.4,0,At Risk
2025-04-06 02:00:00,Hive_02,30.75,11.67,73.84,81.53,44.198,315.1,0,At Risk
2025-04-06 03:00:00,Hive_02,31.88,12.83,67.83,80.66,44.136,324.2,0,At Risk
2025-04-06 04:00:00,Hive_02,33.05,15.16,65.1,79.67,44.088,322.5,0,At Risk
2025-04-06 05:00:00,Hive_02,31.35,12.83,69.97,76.33,44.07,373.0,0,At Risk
2025-04-06 06:00:00,Hive_02,32.95,14.66,66.29,72.94,43.995,299.3,27,At Risk
2025-04-06 07:00:00,Hive_02,31.64,17.95,70.43,67.69,43.962,311.3,22,At Risk
2025-04-06 08:00:00,Hive_02,31.32,18.23,70.49,68.64,43.906,305.4,27,At Risk
2025-04-06 09:00:00,Hive_02,33.43,23.25,71.06,60.74,43.829,318.5,25,At Risk
2025-04-06 10:00:00,Hive_02,32.65,23.08,61.49,57.89,43.779,334.0,31,At Risk
2025-04-06 11:00:00,Hive_02,33.57,27.59,67.35,55.24,43.701,370.9,41,At Risk
2025-04-06 12:00:00,Hive_02,31.59,25.29,69.47,51.5,43.63,309.0,35,At Risk
2025-04-06 13:00:00,Hive_02,31.39,24.7,68.17,53.4,43.589,358.7,20,At Risk
2025-04-06 14:00:00,Hive_02,31.46,27.98,73.18,49.79,43.566,349.3,34,At Risk
2025-04-06 15:00:00,Hive_02,31.12,29.62,71.29,49.18,43.503,291.4,27,At Risk
2025-04-06 16:00:00,Hive_02,31.18,27.51,59.26,53.69,43.438,299.5,17,At Risk
2025-04-06 17:00:00,Hive_02,32.15,21.41,67.32,56.02,43.346,345.9,31,At Risk
2025-04-06 18:00:00,Hive_02,30.06,21.91,67.31,57.43,43.303,345.7,20,At Risk
2025-04-06 19:00:00,Hive_02,34.59,23.01,67.05,62.52,43.282,336.2,12,At Risk
2025-04-06 20:00:00,Hive_02,31.32,22.22,66.59,64.43,43.21,326.1,9,At Risk
2025-04-06 21:00:00,Hive_02,32.04,20.43,69.96,67.17,43.209,342.0,0,At Risk
2025-04-06 22:00:00,Hive_02,30.84,14.42,70.08,74.15,43.126,351.5,0,At Risk
2025-04-06 23:00:00,Hive_02,31.31,14.72,72.41,75.14,43.097,304.1,0,At Risk
2025-04-07 00:00:00,Hive_02,30.86,14.07,63.67,76.4,43.061,327.9,0,At Risk
2025-04-07 01:00:00,Hive_02,32.63,12.64,67.43,81.39,43.017,342.8,0,At Risk
2025-04-07 02:00:00,Hive_02,31.44,13.91,65.02,80.25,43.011,346.7,0,At Risk
2025-04-07 03:00:00,Hive_02,31.85,13.14,72.22,80.64,42.975,353.9,0,At Risk
2025-04-07 04:00:00,Hive_02,32.71,13.01,69.23,76.77,42.914,332.0,0,At Risk
2025-04-07 05:00:00,Hive_02,33.42,14.29,70.17,80.38,42.861,355.2,0,At Risk
2025-04-07 06:00:00,Hive_02,31.64,16.78,67.76,72.55,42.906,335.3,17,At Risk
2025-04-07 07:00:00,Hive_02,30.57,20.32,67.85,68.92,42.888,341.8,25,At Risk
2025-04-07 08:00:00,Hive_02,32.04,21.44,63.9,63.42,42.816,343.0,29,At Risk
2025-04-07 09:00:00,Hive_02,33.93,22.07,67.14,61.95,42.762,302.8,26,At Risk
2025-04-07 10:00:00,Hive_02,31.69,24.15,67.29,59.71,42.725,316.6,34,At Risk
2025-04-07 11:00:00,Hive_02,31.2,23.41,70.17,56.96,42.713,346.7,37,At Risk
2025-04-07 12:00:00,Hive_02,32.3,27.5,64.45,50.02,42.67,355.7,38,At Risk
2025-04-07 13:00:00,Hive_02,32.77,27.75,68.06,48.56,42.69,349.6,34,At Risk
2025-04-07 14:00:00,Hive_02,28.19,29.8,68.84,47.81,42.631,287.7,28,At Risk
2025-04-07 15:00:00,Hive_02,32.88,31.86,66.05,49.9,42.644,325.7,29,At Risk
2025-04-07 16:00:00,Hive_02,32.32,26.33,67.55,51.78,42.632,342.2,17,At Risk
2025-04-07 17:00:00,Hive_02,32.61,22.58,67.83,55.87,42.624,312.3,22,At Risk
2025-04-07 18:00:00,Hive_02,32.78,21.61,72.28,56.02,42.586,348.9,10,At Risk
2025-04-07 19:00:00,Hive_02,32.37,23.06,67.26,59.51,42.497,308.1,19,At Risk
2025-04-07 20:00:00,Hive_02,31.78,19.58,65.46,64.68,42.447,328.4,13,At Risk
2025-04-07 21:00:00,Hive_02,33.11,18.06,64.85,70.48,42.371,300.3,0,At Risk
2025-04-07 22:00:00,Hive_02,29.71,16.88,68.28,73.74,42.335,311.0,0,At Risk
2025-04-07 23:00:00,Hive_02,31.03,16.37,68.23,74.3,42.264,326.5,0,At Risk
2025-04-08 00:00:00,Hive_02,29.39,14.82,66.41,79.05,42.231,342.0,0,At Risk
2025-04-08 01:00:00,Hive_02,32.64,8.34,68.45,84.59,42.146,388.6,0,At Risk
2025-04-08 02:00:00,Hive_02,32.16,13.31,67.58,81.9,42.11,309.3,0,At Risk
2025-04-08 03:00:00,Hive_02,31.91,11.24,62.95,76.79,42.054,329.1,0,At Risk
2025-04-08 04:00:00,Hive_02,35.69,13.29,72.08,76.95,42.042,335.8,0,At Risk
2025-04-08 05:00:00,Hive_02,30.39,13.43,69.3,73.58,42.012,354.2,0,At Risk
2025-04-08 06:00:00,Hive_02,30.98,17.49,69.43,75.25,41.943,318.1,16,At Risk
2025-04-08 07:00:00,Hive_02,32.76,20.34,65.53,69.34,41.93,315.8,23,At Risk
2025-04-08 08:00:00,Hive_02,29.97,18.4,64.64,64.98,41.86,345.1,25,At Risk
2025-04-08 09:00:00,Hive_02,31.55,20.54,69.93,59.06,41.782,317.6,24,At Risk
2025-04-08 10:00:00,Hive_02,31.38,24.4,71.98,55.85,41.707,333.9,26,At Risk
2025-04-08 11:00:00,Hive_02,31.55,25.97,72.05,56.52,41.618,371.6,36,At Risk
2025-04-08 12:00:00,Hive_02,28.62,27.81,77.49,54.84,41.441,449.5,1,Critical
2025-04-08 13:00:00,Hive_02,26.88,26.22,90.73,50.41,41.196,421.6,4,Critical
2025-04-08 14:00:00,Hive_02,29.96,28.0,73.0,52.46,40.966,40.0,2,Critical
2025-04-08 15:00:00,Hive_02,24.35,31.04,83.94,52.91,40.715,40.0,2,Critical
2025-04-08 16:00:00,Hive_02,29.47,27.29,84.85,54.52,40.499,384.4,3,Critical
2025-04-08 17:00:00,Hive_02,27.12,25.55,82.62,52.12,40.305,413.8,2,Critical
2025-04-08 18:00:00,Hive_02,26.76,22.59,87.26,59.74,40.029,436.8,0,Critical
2025-04-08 19:00:00,Hive_02,21.89,20.64,77.45,62.0,39.772,392.1,4,Critical
2025-04-08 20:00:00,Hive_02,28.91,20.43,88.18,64.71,39.583,442.8,9,Critical
2025-04-08 21:00:00,Hive_02,26.94,18.87,75.61,67.54,39.503,40.0,4,Critical
2025-04-08 22:00:00,Hive_02,25.38,20.67,77.88,74.12,39.326,400.8,1,Critical
2025-04-08 23:00:00,Hive_02,26.72,16.36,86.14,78.19,39.134,426.9,6,Critical
2025-04-09 00:00:00,Hive_02,26.91,14.17,80.38,78.01,38.96,441.7,3,Critical
2025-04-09 01:00:00,Hive_02,26.31,13.27,80.95,79.36,38.84,431.6,7,Critical
2025-04-09 02:00:00,Hive_02,26.4,10.15,86.44,77.94,38.639,460.3,2,Critical
2025-04-09 03:00:00,Hive_02,26.33,12.62,80.15,81.29,38.452,375.5,6,Critical
2025-04-09 04:00:00,Hive_02,23.27,13.65,79.15,78.99,38.293,439.4,0,Critical
2025-04-09 05:00:00,Hive_02,28.57,13.35,84.16,71.79,38.104,451.4,0,Critical
2025-04-09 06:00:00,Hive_02,27.55,14.32,79.31,73.92,37.925,389.2,2,Critical
2025-04-09 07:00:00,Hive_02,27.86,15.08,81.13,66.38,37.71,440.1,0,Critical
2025-04-09 08:00:00,Hive_02,23.61,19.67,81.0,66.22,37.504,501.7,3,Critical
2025-04-09 09:00:00,Hive_02,23.17,24.68,81.11,65.23,37.3,423.0,2,Critical
2025-04-09 10:00:00,Hive_02,25.72,24.76,70.9,57.67,37.135,458.1,0,Critical
2025-04-09 11:00:00,Hive_02,24.31,24.91,75.85,54.19,36.92,40.0,3,Critical
2025-04-09 12:00:00,Hive_02,30.07,25.78,82.51,52.15,36.707,443.1,3,Critical
2025-04-09 13:00:00,Hive_02,24.94,28.94,81.23,50.66,36.557,438.4,0,Critical
2025-04-09 14:00:00,Hive_02,31.68,27.8,77.05,51.04,36.436,472.7,2,Critical
2025-04-09 15:00:00,Hive_02,29.03,26.32,79.75,49.21,36.278,40.0,3,Critical
2025-04-09 16:00:00,Hive_02,29.61,27.07,81.96,52.88,36.055,463.3,2,Critical
2025-04-09 17:00:00,Hive_02,29.08,24.99,76.89,53.28,35.876,482.3,4,Critical
2025-04-09 18:00:00,Hive_02,26.97,24.19,83.73,57.25,35.66,391.1,3,Critical
2025-04-09 19:00:00,Hive_02,27.8,22.01,75.81,57.61,35.518,440.4,3,Critical
2025-04-09 20:00:00,Hive_02,27.54,16.89,83.97,64.82,35.27,400.3,1,Critical
2025-04-09 21:00:00,Hive_02,30.92,16.21,75.0,69.39,35.173,483.6,2,Critical
2025-04-09 22:00:00,Hive_02,26.38,16.02,79.0,72.94,34.954,479.7,3,Critical
2025-04-09 23:00:00,Hive_02,25.5,14.72,67.73,74.36,34.766,497.6,5,Critical
2025-04-10 00:00:00,Hive_02,29.81,12.57,78.35,76.3,34.591,480.0,7,Critical
2025-04-10 01:00:00,Hive_02,27.76,9.71,86.94,81.95,34.355,442.4,3,Critical
2025-04-10 02:00:00,Hive_02,26.23,12.76,77.43,80.58,34.215,417.0,3,Critical
2025-04-10 03:00:00,Hive_02,30.8,11.66,80.85,74.4,33.993,421.1,6,Critical
2025-04-10 04:00:00,Hive_02,26.86,13.83,81.54,75.88,33.689,467.1,2,Critical
2025-04-10 05:00:00,Hive_02,31.45,13.15,78.45,75.94,33.491,498.3,1,Critical
2025-04-10 06:00:00,Hive_02,28.56,13.66,75.17,74.14,33.318,40.0,0,Critical
2025-04-10 07:00:00,Hive_02,26.5,17.17,83.06,67.25,33.204,490.1,1,Critical
2025-04-10 08:00:00,Hive_02,30.48,20.41,75.91,65.83,32.949,40.0,1,Critical
2025-04-10 09:00:00,Hive_02,28.4,22.61,71.94,63.05,32.644,40.0,3,Critical
2025-04-10 10:00:00,Hive_02,23.82,23.39,73.69,59.07,32.482,443.2,4,Critical
2025-04-10 11:00:00,Hive_02,30.89,24.04,84.11,54.95,32.221,415.8,4,Critical
2025-04-10 12:00:00,Hive_02,23.76,29.29,75.41,52.92,31.955,433.2,7,Critical
2025-04-10 13:00:00,Hive_02,25.05,28.57,81.42,52.04,31.742,434.8,1,Critical
2025-04-10 14:00:00,Hive_02,26.82,26.86,86.17,48.04,31.582,447.5,2,Critical
2025-04-10 15:00:00,Hive_02,26.37,29.78,83.27,48.54,31.378,40.0,5,Critical
2025-04-10 16:00:00,Hive_02,27.48,27.24,77.41,52.41,31.167,375.6,1,Critical
2025-04-10 17:00:00,Hive_02,30.56,22.93,79.08,55.47,31.017,40.0,1,Critical
2025-04-10 18:00:00,Hive_02,26.63,23.23,83.85,55.9,30.87,457.1,4,Critical
2025-04-10 19:00:00,Hive_02,27.44,20.72,79.21,61.64,30.694,360.0,3,Critical
2025-04-10 20:00:00,Hive_02,27.92,20.92,85.81,65.75,30.521,475.8,2,Critical
2025-04-10 21:00:00,Hive_02,26.77,14.99,76.55,67.63,30.319,40.0,2,Critical
2025-04-10 22:00:00,Hive_02,26.74,13.75,77.56,75.23,30.04,482.9,1,Critical
2025-04-10 23:00:00,Hive_02,26.6,14.18,77.48,78.49,29.848,514.1,4,Critical
2025-04-11 00:00:00,Hive_02,31.26,12.24,65.27,76.82,29.747,351.1,0,At Risk
2025-04-11 01:00:00,Hive_02,30.18,12.31,64.01,82.19,29.762,312.5,0,At Risk
2025-04-11 02:00:00,Hive_02,32.18,12.24,63.77,80.21,29.688,336.0,0,At Risk
2025-04-11 03:00:00,Hive_02,32.37,13.37,64.44,75.7,29.65,343.4,0,At Risk
2025-04-11 04:00:00,Hive_02,32.01,13.21,63.41,76.29,29.566,324.9,0,At Risk
2025-04-11 05:00:00,Hive_02,31.37,16.02,65.71,74.55,29.489,312.3,0,At Risk
2025-04-11 06:00:00,Hive_02,29.63,16.97,66.29,71.74,29.475,330.8,14,At Risk
2025-04-11 07:00:00,Hive_02,31.79,19.32,69.97,68.7,29.396,329.5,20,At Risk
2025-04-11 08:00:00,Hive_02,31.26,17.34,68.32,63.63,29.356,347.2,24,At Risk
2025-04-11 09:00:00,Hive_02,32.41,21.98,67.82,63.49,29.324,314.2,26,At Risk
2025-04-11 10:00:00,Hive_02,31.73,23.19,63.95,59.01,29.221,338.0,25,At Risk
2025-04-11 11:00:00,Hive_02,34.05,24.99,64.68,54.62,29.142,365.0,31,At Risk
2025-04-11 12:00:00,Hive_02,31.76,26.51,67.89,49.94,29.072,357.3,31,At Risk
2025-04-11 13:00:00,Hive_02,32.35,24.78,68.75,50.47,29.032,333.1,42,At Risk
2025-04-11 14:00:00,Hive_02,31.4,28.57,67.49,49.25,28.933,325.4,32,At Risk
2025-04-11 15:00:00,Hive_02,34.35,27.0,69.35,52.71,28.88,330.9,18,At Risk
2025-04-11 16:00:00,Hive_02,32.51,28.05,65.87,52.28,28.842,319.7,32,At Risk
2025-04-11 17:00:00,Hive_02,32.52,25.09,64.17,58.56,28.796,313.7,12,At Risk
2025-04-11 18:00:00,Hive_02,32.64,26.4,68.5,58.91,28.787,317.9,24,At Risk
2025-04-11 19:00:00,Hive_02,31.73,20.49,67.57,56.05,28.733,348.2,19,At Risk
2025-04-11 20:00:00,Hive_02,34.04,20.39,55.76,67.39,28.756,181.4,14,Healthy
2025-04-11 21:00:00,Hive_02,34.73,16.81,54.08,67.56,28.748,190.8,3,Healthy
2025-04-11 22:00:00,Hive_02,34.47,16.02,56.94,72.14,28.744,219.7,2,Healthy
2025-04-11 23:00:00,Hive_02,34.18,14.1,54.47,80.61,28.729,214.3,3,Healthy
2025-04-12 00:00:00,Hive_02,34.44,15.58,54.45,80.44,28.705,230.5,2,Healthy
2025-04-12 01:00:00,Hive_02,34.21,11.53,55.61,82.15,28.712,209.6,1,Healthy
2025-04-12 02:00:00,Hive_02,34.81,9.82,54.96,80.15,28.737,184.3,1,Healthy
2025-04-12 03:00:00,Hive_02,34.51,11.34,56.04,80.98,28.769,210.4,2,Healthy
2025-04-12 04:00:00,Hive_02,34.34,11.57,54.48,77.98,28.772,185.3,0,Healthy
2025-04-12 05:00:00,Hive_02,34.1,13.34,55.02,75.99,28.82,215.3,3,Healthy
2025-04-12 06:00:00,Hive_02,34.28,16.59,54.03,74.84,28.775,217.8,65,Healthy
2025-04-12 07:00:00,Hive_02,34.27,17.1,55.57,68.37,28.807,173.9,64,Healthy
2025-04-12 08:00:00,Hive_02,34.64,19.58,54.72,65.23,28.815,196.8,79,Healthy
2025-04-12 09:00:00,Hive_02,34.12,22.7,54.43,61.56,28.843,200.6,84,Healthy
2025-04-12 10:00:00,Hive_02,34.53,26.65,54.23,59.58,28.802,197.5,81,Healthy
2025-04-12 11:00:00,Hive_02,34.4,26.24,52.33,54.09,28.794,207.1,105,Healthy
2025-04-12 12:00:00,Hive_02,34.79,26.78,53.78,52.67,28.811,188.9,98,Healthy
2025-04-12 13:00:00,Hive_02,34.27,27.95,56.06,51.11,28.863,184.9,85,Healthy
2025-04-12 14:00:00,Hive_02,34.33,28.35,50.75,51.57,28.9,211.4,67,Healthy
2025-04-12 15:00:00,Hive_02,34.93,26.82,56.41,53.65,28.906,201.2,76,Healthy
2025-04-12 16:00:00,Hive_02,34.26,28.62,56.52,50.26,28.915,220.7,63,Healthy
2025-04-12 17:00:00,Hive_02,34.5,25.57,52.78,52.55,28.916,178.5,67,Healthy
2025-04-12 18:00:00,Hive_02,34.9,25.07,58.75,54.04,28.926,190.4,78,Healthy
2025-04-12 19:00:00,Hive_02,34.55,20.09,57.02,61.16,28.944,192.5,30,Healthy
2025-04-12 20:00:00,Hive_02,34.51,19.49,54.15,62.99,28.924,218.8,25,Healthy
2025-04-12 21:00:00,Hive_02,34.52,16.03,52.38,68.55,28.94,184.3,3,Healthy
2025-04-12 22:00:00,Hive_02,34.28,16.79,54.84,71.7,28.963,199.6,1,Healthy
2025-04-12 23:00:00,Hive_02,34.4,14.43,51.87,74.4,28.992,204.5,1,Healthy
2025-04-13 00:00:00,Hive_02,34.19,15.92,56.29,78.16,29.01,205.9,1,Healthy
2025-04-13 01:00:00,Hive_02,34.67,12.95,52.14,78.97,29.011,225.8,1,Healthy
2025-04-13 02:00:00,Hive_02,34.14,11.09,51.69,79.1,29.017,202.0,1,Healthy
2025-04-13 03:00:00,Hive_02,34.81,12.06,54.71,79.57,29.015,195.8,2,Healthy
2025-04-13 04:00:00,Hive_02,34.53,15.19,55.51,76.73,29.005,200.3,0,Healthy
2025-04-13 05:00:00,Hive_02,34.38,11.69,55.3,76.34,29.015,185.4,1,Healthy
2025-04-13 06:00:00,Hive_02,34.09,14.15,54.71,75.28,29.004,208.6,46,Healthy
2025-04-13 07:00:00,Hive_02,34.51,17.15,55.77,70.59,28.995,178.9,61,Healthy
2025-04-13 08:00:00,Hive_02,34.48,19.52,55.31,66.25,28.972,228.3,68,Healthy
2025-04-13 09:00:00,Hive_02,34.59,23.12,53.05,59.45,28.991,194.7,78,Healthy
2025-04-13 10:00:00,Hive_02,34.29,25.05,55.69,55.03,29.043,197.9,90,Healthy
2025-04-13 11:00:00,Hive_02,33.98,25.5,55.14,58.28,29.021,162.4,91,Healthy
2025-04-13 12:00:00,Hive_02,34.47,27.14,59.65,51.44,29.026,207.7,83,Healthy
2025-04-13 13:00:00,Hive_02,34.38,28.17,57.73,50.03,29.059,202.1,65,Healthy
2025-04-13 14:00:00,Hive_02,34.43,27.46,56.65,55.41,29.098,203.3,76,Healthy
2025-04-13 15:00:00,Hive_02,34.26,24.07,55.26,51.88,29.083,196.0,78,Healthy
2025-04-13 16:00:00,Hive_02,34.86,27.33,54.1,49.78,29.059,198.4,70,Healthy
2025-04-13 17:00:00,Hive_02,34.43,25.9,54.82,57.12,29.047,212.3,62,Healthy
2025-04-13 18:00:00,Hive_02,34.93,23.37,53.16,53.69,29.046,205.4,38,Healthy
2025-04-13 19:00:00,Hive_02,34.72,19.83,54.18,56.87,29.114,185.1,30,Healthy
2025-04-13 20:00:00,Hive_02,34.36,19.15,55.92,65.49,29.105,179.3,12,Healthy
2025-04-13 21:00:00,Hive_02,34.41,14.59,54.05,67.85,29.139,218.4,1,Healthy
2025-04-13 22:00:00,Hive_02,34.32,13.31,54.01,71.37,29.135,190.2,1,Healthy
2025-04-13 23:00:00,Hive_02,34.61,13.39,53.63,76.02,29.171,185.3,0,Healthy
2025-04-14 00:00:00,Hive_02,34.6,13.64,51.39,76.36,29.209,210.1,0,Healthy
2025-04-14 01:00:00,Hive_02,34.28,10.05,53.75,82.83,29.173,194.7,1,Healthy
2025-04-14 02:00:00,Hive_02,34.04,13.07,55.68,77.2,29.204,176.4,3,Healthy
2025-04-14 03:00:00,Hive_02,34.48,12.33,51.22,81.67,29.21,215.9,1,Healthy
2025-04-14 04:00:00,Hive_02,33.63,12.49,57.51,77.64,29.202,207.6,1,Healthy
2025-04-14 05:00:00,Hive_02,34.43,16.23,53.66,76.42,29.228,171.9,2,Healthy
2025-04-14 06:00:00,Hive_02,34.55,14.35,55.97,75.0,29.24,173.7,41,Healthy
2025-04-14 07:00:00,Hive_02,34.85,18.94,55.6,69.22,29.231,188.1,61,Healthy
2025-04-14 08:00:00,Hive_02,34.63,16.53,56.84,68.35,29.209,218.7,92,Healthy
2025-04-14 09:00:00,Hive_02,34.5,20.09,52.68,62.66,29.229,212.5,72,Healthy
2025-04-14 10:00:00,Hive_02,34.05,25.75,55.2,54.17,29.239,189.3,92,Healthy
2025-04-14 11:00:00,Hive_02,34.46,26.45,55.9,56.11,29.241,230.8,80,Healthy
2025-04-14 12:00:00,Hive_02,34.09,30.09,57.05,52.08,29.253,212.8,102,Healthy
2025-04-14 13:00:00,Hive_02,34.79,28.23,55.0,49.33,29.277,167.7,93,Healthy
2025-04-14 14:00:00,Hive_02,34.69,27.04,55.36,53.31,29.296,185.0,100,Healthy
2025-04-14 15:00:00,Hive_02,34.98,30.71,54.15,51.3,29.291,200.6,82,Healthy
2025-04-14 16:00:00,Hive_02,34.59,26.34,53.5,53.09,29.311,213.0,71,Healthy
2025-04-14 17:00:00,Hive_02,34.64,27.39,53.24,51.96,29.299,190.5,50,Healthy
2025-04-14 18:00:00,Hive_02,34.75,23.18,54.52,57.07,29.277,217.1,41,Healthy
2025-04-14 19:00:00,Hive_02,34.56,21.98,56.64,62.01,29.297,187.1,61,Healthy
2025-04-14 20:00:00,Hive_02,34.79,20.29,55.37,64.71,29.315,237.4,27,Healthy
2025-04-14 21:00:00,Hive_02,34.82,17.45,52.74,69.12,29.285,191.2,0,Healthy
2025-04-14 22:00:00,Hive_02,34.23,15.36,52.86,73.5,29.297,212.9,0,Healthy
2025-04-14 23:00:00,Hive_02,34.79,15.57,56.83,77.24,29.351,194.7,2,Healthy
2025-04-15 00:00:00,Hive_02,34.96,12.45,52.98,77.99,29.343,220.7,3,Healthy
2025-04-15 01:00:00,Hive_02,34.6,11.73,57.25,81.2,29.355,215.4,4,Healthy
2025-04-15 02:00:00,Hive_02,34.72,12.9,54.45,80.1,29.413,202.7,1,Healthy
2025-04-15 03:00:00,Hive_02,34.76,11.02,54.25,81.68,29.434,177.4,2,Healthy
2025-04-15 04:00:00,Hive_02,34.27,13.75,53.08,81.41,29.426,180.0,3,Healthy
2025-04-15 05:00:00,Hive_02,34.87,16.67,55.2,76.25,29.434,195.0,1,Healthy
2025-04-15 06:00:00,Hive_02,34.49,13.68,56.12,73.03,29.446,197.6,41,Healthy
2025-04-15 07:00:00,Hive_02,34.16,18.04,55.13,70.36,29.461,189.2,54,Healthy
2025-04-15 08:00:00,Hive_02,34.6,20.35,53.66,62.73,29.492,235.1,61,Healthy
2025-04-15 09:00:00,Hive_02,34.81,22.87,53.1,59.66,29.512,186.9,76,Healthy
2025-04-15 10:00:00,Hive_02,34.25,22.45,55.83,59.14,29.515,198.3,86,Healthy
2025-04-15 11:00:00,Hive_02,34.96,24.51,53.83,54.81,29.548,222.5,80,Healthy
2025-04-15 12:00:00,Hive_02,34.34,24.75,57.8,52.61,29.559,188.0,78,Healthy
2025-04-15 13:00:00,Hive_02,34.51,29.36,56.43,49.37,29.559,199.3,88,Healthy
2025-04-15 14:00:00,Hive_02,34.43,29.02,55.1,51.18,29.562,177.8,87,Healthy
2025-04-15 15:00:00,Hive_02,34.27,30.57,53.69,48.74,29.586,206.7,76,Healthy
2025-04-15 16:00:00,Hive_02,34.03,25.55,55.22,52.19,29.614,181.2,54,Healthy
2025-04-15 17:00:00,Hive_02,34.84,28.03,54.77,53.17,29.621,206.6,51,Healthy
2025-04-15 18:00:00,Hive_02,34.1,24.2,55.51,56.74,29.625,197.6,37,Healthy
2025-04-15 19:00:00,Hive_02,34.79,24.46,54.54,62.87,29.601,229.3,39,Healthy
2025-04-15 20:00:00,Hive_02,34.85,18.88,54.97,65.83,29.636,216.2,19,Healthy
2025-04-15 21:00:00,Hive_02,33.69,16.92,54.78,70.8,29.618,192.9,1,Healthy
2025-04-15 22:00:00,Hive_02,34.17,15.46,58.44,71.4,29.665,182.6,3,Healthy
2025-04-15 23:00:00,Hive_02,34.48,13.74,54.01,75.86,29.695,201.9,1,Healthy
2025-04-16 00:00:00,Hive_02,34.01,11.11,55.02,76.2,29.681,196.0,3,Healthy
2025-04-16 01:00:00,Hive_02,34.47,14.07,57.82,79.42,29.701,195.1,0,Healthy
2025-04-16 02:00:00,Hive_02,34.31,12.59,55.44,81.66,29.704,197.2,0,Healthy
2025-04-16 03:00:00,Hive_02,34.31,11.94,55.08,81.43,29.699,205.4,1,Healthy
2025-04-16 04:00:00,Hive_02,34.78,11.66,54.09,80.66,29.719,208.1,2,Healthy
2025-04-16 05:00:00,Hive_02,34.33,11.8,54.46,77.62,29.782,204.5,1,Healthy
2025-04-16 06:00:00,Hive_02,34.1,12.69,53.49,75.28,29.785,221.2,57,Healthy
2025-04-16 07:00:00,Hive_02,34.32,17.69,55.21,69.5,29.796,214.5,70,Healthy
2025-04-16 08:00:00,Hive_02,34.72,20.74,54.86,64.28,29.785,194.0,70,Healthy
2025-04-16 09:00:00,Hive_02,34.14,23.44,55.09,60.75,29.797,202.8,87,Healthy
2025-04-16 10:00:00,Hive_02,34.32,25.53,53.44,56.31,29.821,221.7,81,Healthy
2025-04-16 11:00:00,Hive_02,34.65,25.29,55.65,57.33,29.807,210.2,79,Healthy
2025-04-16 12:00:00,Hive_02,34.32,25.23,54.67,51.32,29.788,214.4,101,Healthy
2025-04-16 13:00:00,Hive_02,34.26,24.81,56.29,52.47,29.797,200.4,86,Healthy
2025-04-16 14:00:00,Hive_02,34.68,29.82,56.65,47.52,29.821,234.9,79,Healthy
2025-04-16 15:00:00,Hive_02,34.87,29.16,54.99,50.3,29.824,219.6,73,Healthy
2025-04-16 16:00:00,Hive_02,34.69,24.81,57.09,50.98,29.836,219.8,56,Healthy
2025-04-16 17:00:00,Hive_02,34.47,24.99,55.13,53.82,29.86,193.3,61,Healthy
2025-04-16 18:00:00,Hive_02,34.47,23.93,54.78,55.65,29.866,200.5,50,Healthy
2025-04-16 19:00:00,Hive_02,34.15,21.42,53.92,63.66,29.932,184.4,26,Healthy
2025-04-16 20:00:00,Hive_02,34.43,21.1,58.22,60.85,29.911,170.3,15,Healthy
2025-04-16 21:00:00,Hive_02,34.35,19.28,56.02,71.13,29.949,226.8,1,Healthy
2025-04-16 22:00:00,Hive_02,34.37,12.55,54.61,70.86,29.955,216.8,3,Healthy
2025-04-16 23:00:00,Hive_02,34.61,14.09,55.1,77.8,29.983,201.1,4,Healthy
2025-04-17 00:00:00,Hive_02,34.46,10.91,55.66,76.96,30.019,199.6,0,Healthy
2025-04-17 01:00:00,Hive_02,33.92,13.54,54.99,81.0,29.997,190.0,1,Healthy
2025-04-17 02:00:00,Hive_02,34.11,13.21,56.32,80.23,29.978,205.0,1,Healthy
2025-04-17 03:00:00,Hive_02,34.66,11.72,57.01,80.5,29.986,204.6,1,Healthy
2025-04-17 04:00:00,Hive_02,34.47,13.34,52.29,78.87,30.003,205.5,1,Healthy
2025-04-17 05:00:00,Hive_02,34.65,12.42,54.66,78.56,29.99,187.7,3,Healthy
2025-04-17 06:00:00,Hive_02,34.65,16.21,53.78,71.4,30.03,220.3,45,Healthy
2025-04-17 07:00:00,Hive_02,34.06,16.99,52.99,63.65,30.043,195.1,46,Healthy
2025-04-17 08:00:00,Hive_02,34.66,19.58,52.15,66.01,30.05,179.2,79,Healthy
2025-04-17 09:00:00,Hive_02,34.27,23.25,54.31,59.32,30.015,205.0,75,Healthy
2025-04-17 10:00:00,Hive_02,34.31,25.46,52.74,55.3,30.005,182.3,94,Healthy
2025-04-17 11:00:00,Hive_02,34.39,24.61,53.1,54.64,30.012,209.0,76,Healthy
2025-04-17 12:00:00,Hive_02,34.36,28.14,55.8,50.31,30.009,200.6,86,Healthy
2025-04-17 13:00:00,Hive_02,33.95,27.92,55.92,45.75,30.039,186.3,86,Healthy
2025-04-17 14:00:00,Hive_02,33.89,28.44,53.67,51.39,30.043,210.5,109,Healthy
2025-04-17 15:00:00,Hive_02,34.62,27.39,56.98,47.7,30.055,186.4,87,Healthy
2025-04-17 16:00:00,Hive_02,34.61,27.92,56.5,49.96,30.089,199.0,66,Healthy
2025-04-17 17:00:00,Hive_02,34.63,27.5,52.94,51.97,30.12,196.1,73,Healthy
2025-04-17 18:00:00,Hive_02,34.93,24.74,57.33,55.05,30.147,188.6,46,Healthy
2025-04-17 19:00:00,Hive_02,35.01,22.29,55.22,59.71,30.103,205.1,36,Healthy
2025-04-17 20:00:00,Hive_02,34.74,19.89,56.68,64.26,30.119,194.9,29,Healthy
2025-04-17 21:00:00,Hive_02,34.67,17.96,55.69,67.28,30.16,218.8,1,Healthy
2025-04-17 22:00:00,Hive_02,34.71,17.23,54.23,70.6,30.149,204.2,0,Healthy
2025-04-17 23:00:00,Hive_02,34.52,11.72,54.45,75.25,30.128,187.7,2,Healthy
2025-04-18 00:00:00,Hive_02,34.85,13.94,55.6,77.96,30.123,195.8,0,Healthy
2025-04-18 01:00:00,Hive_02,34.71,12.11,57.1,81.71,30.127,220.2,1,Healthy
2025-04-18 02:00:00,Hive_02,34.71,14.21,57.21,79.96,30.133,203.3,3,Healthy
2025-04-18 03:00:00,Hive_02,35.14,12.07,54.3,76.85,30.146,217.3,1,Healthy
2025-04-18 04:00:00,Hive_02,33.96,11.56,54.57,78.5,30.161,196.0,0,Healthy
2025-04-18 05:00:00,Hive_02,34.93,16.73,54.61,75.81,30.153,204.0,1,Healthy
2025-04-18 06:00:00,Hive_02,34.31,14.23,52.24,75.44,30.19,192.4,43,Healthy
2025-04-18 07:00:00,Hive_02,34.11,15.28,55.09,72.36,30.218,206.3,59,Healthy
2025-04-18 08:00:00,Hive_02,34.56,17.45,53.82,63.38,30.232,210.2,79,Healthy
2025-04-18 09:00:00,Hive_02,34.73,20.23,55.0,65.51,30.264,235.5,63,Healthy
2025-04-18 10:00:00,Hive_02,34.56,23.66,55.55,52.74,30.273,190.2,64,Healthy
2025-04-18 11:00:00,Hive_02,34.32,26.22,55.66,57.3,30.252,206.9,84,Healthy
2025-04-18 12:00:00,Hive_02,34.38,25.78,55.57,50.49,30.236,194.0,89,Healthy
2025-04-18 13:00:00,Hive_02,34.24,26.08,54.0,54.1,30.226,227.0,94,Healthy
2025-04-18 14:00:00,Hive_02,34.56,26.6,55.39,52.21,30.229,188.8,88,Healthy
2025-04-18 15:00:00,Hive_02,34.12,26.91,57.3,54.14,30.237,204.5,86,Healthy
2025-04-18 16:00:00,Hive_02,33.69,25.98,53.92,53.74,30.229,181.2,67,Healthy
2025-04-18 17:00:00,Hive_02,34.57,26.24,54.0,55.8,30.246,201.9,69,Healthy
2025-04-18 18:00:00,Hive_02,34.23,25.17,54.02,57.56,30.245,195.3,52,Healthy
2025-04-18 19:00:00,Hive_02,34.5,23.14,55.21,61.02,30.245,186.1,22,Healthy
2025-04-18 20:00:00,Hive_02,34.29,18.96,54.64,65.95,30.264,207.8,19,Healthy
2025-04-18 21:00:00,Hive_02,34.16,19.43,53.76,71.14,30.298,197.8,0,Healthy
2025-04-18 22:00:00,Hive_02,34.15,13.9,54.38,72.0,30.308,221.9,1,Healthy
2025-04-18 23:00:00,Hive_02,34.93,15.95,55.43,78.46,30.279,206.9,3,Healthy
2025-04-19 00:00:00,Hive_02,34.76,12.95,55.85,81.48,30.311,205.0,0,Healthy
2025-04-19 01:00:00,Hive_02,34.26,11.52,54.66,81.88,30.3,226.8,3,Healthy
2025-04-19 02:00:00,Hive_02,34.3,10.67,55.92,80.29,30.32,212.2,2,Healthy
2025-04-19 03:00:00,Hive_02,33.99,16.68,54.41,77.43,30.299,177.6,0,Healthy
2025-04-19 04:00:00,Hive_02,34.66,11.69,54.24,76.08,30.305,213.4,1,Healthy
2025-04-19 05:00:00,Hive_02,33.92,13.95,51.42,76.34,30.322,207.4,4,Healthy
2025-04-19 06:00:00,Hive_02,34.44,16.24,55.45,74.14,30.366,168.1,54,Healthy
2025-04-19 07:00:00,Hive_02,35.0,21.13,54.06,69.45,30.375,200.5,38,Healthy
2025-04-19 08:00:00,Hive_02,34.75,18.25,56.31,62.81,30.391,212.4,68,Healthy
2025-04-19 09:00:00,Hive_02,34.52,23.87,54.6,61.14,30.415,193.7,88,Healthy
2025-04-19 10:00:00,Hive_02,34.71,22.3,54.87,55.3,30.416,213.4,78,Healthy
2025-04-19 11:00:00,Hive_02,34.96,25.36,57.36,57.19,30.42,218.5,79,Healthy
2025-04-19 12:00:00,Hive_02,35.0,25.57,53.7,47.31,30.428,186.3,96,Healthy
2025-04-19 13:00:00,Hive_02,34.63,27.16,52.85,47.9,30.421,168.4,74,Healthy
2025-04-19 14:00:00,Hive_02,34.06,28.27,55.0,46.07,30.42,229.9,102,Healthy
2025-04-19 15:00:00,Hive_02,34.72,26.43,54.1,51.63,30.4,199.8,76,Healthy
2025-04-19 16:00:00,Hive_02,34.27,26.27,53.27,52.89,30.412,205.8,58,Healthy
2025-04-19 17:00:00,Hive_02,34.33,27.05,54.61,50.85,30.41,191.5,79,Healthy
2025-04-19 18:00:00,Hive_02,34.63,22.72,55.14,62.38,30.429,237.9,40,Healthy
2025-04-19 19:00:00,Hive_02,34.51,20.39,52.41,59.61,30.44,225.4,41,Healthy
2025-04-19 20:00:00,Hive_02,34.77,19.56,53.76,63.76,30.487,229.0,32,Healthy
2025-04-19 21:00:00,Hive_02,34.83,17.91,53.79,70.94,30.486,180.2,2,Healthy
2025-04-19 22:00:00,Hive_02,34.36,17.0,52.98,69.8,30.478,208.3,1,Healthy
2025-04-19 23:00:00,Hive_02,34.56,13.89,54.93,72.35,30.474,197.2,2,Healthy
2025-04-20 00:00:00,Hive_02,35.04,11.85,54.05,75.04,30.482,215.2,5,Healthy
2025-04-20 01:00:00,Hive_02,34.29,10.41,54.19,80.39,30.477,183.1,1,Healthy
2025-04-20 02:00:00,Hive_02,34.52,9.79,55.63,81.89,30.478,194.5,2,Healthy
2025-04-20 03:00:00,Hive_02,34.24,10.53,53.66,78.77,30.446,220.1,1,Healthy
2025-04-20 04:00:00,Hive_02,34.11,14.82,53.37,80.13,30.507,226.3,1,Healthy
2025-04-20 05:00:00,Hive_02,34.63,14.73,53.92,74.34,30.476,180.2,2,Healthy
2025-04-20 06:00:00,Hive_02,34.18,14.3,53.83,72.37,30.503,203.7,49,Healthy
2025-04-20 07:00:00,Hive_02,34.93,19.25,54.31,69.84,30.505,180.5,56,Healthy
2025-04-20 08:00:00,Hive_02,34.79,21.45,52.31,67.6,30.536,172.4,78,Healthy
2025-04-20 09:00:00,Hive_02,34.1,21.52,56.76,62.52,30.517,190.0,68,Healthy
2025-04-20 10:00:00,Hive_02,35.04,21.37,59.0,57.69,30.529,216.8,86,Healthy
2025-04-20 11:00:00,Hive_02,34.56,26.41,55.81,53.71,30.527,198.8,88,Healthy
2025-04-20 12:00:00,Hive_02,34.48,28.17,57.87,49.88,30.561,220.2,90,Healthy
2025-04-20 13:00:00,Hive_02,34.97,28.21,52.07,52.52,30.544,219.6,85,Healthy
2025-04-20 14:00:00,Hive_02,34.33,26.99,52.9,47.49,30.596,199.7,84,Healthy
2025-04-20 15:00:00,Hive_02,34.78,28.61,56.61,52.44,30.594,195.5,85,Healthy
2025-04-20 16:00:00,Hive_02,34.62,26.14,56.18,52.0,30.568,210.7,67,Healthy
2025-04-20 17:00:00,Hive_02,34.98,26.72,57.03,55.95,30.605,221.7,63,Healthy
2025-04-20 18:00:00,Hive_02,34.72,24.05,54.54,59.25,30.623,199.5,41,Healthy
2025-04-20 19:00:00,Hive_02,35.11,24.01,52.56,61.23,30.622,200.5,51,Healthy
2025-04-20 20:00:00,Hive_02,34.16,20.6,53.26,65.62,30.638,179.5,24,Healthy
2025-04-20 21:00:00,Hive_02,34.98,18.68,56.84,66.92,30.617,186.0,0,Healthy
2025-04-20 22:00:00,Hive_02,34.38,14.83,55.69,74.03,30.597,212.0,1,Healthy
2025-04-20 23:00:00,Hive_02,34.12,14.36,53.27,75.42,30.626,206.0,3,Healthy
2025-04-21 00:00:00,Hive_02,33.98,13.56,54.59,78.28,30.635,229.3,2,Healthy
2025-04-21 01:00:00,Hive_02,34.29,14.58,55.18,80.68,30.65,185.9,1,Healthy
2025-04-21 02:00:00,Hive_02,33.88,11.69,56.81,83.21,30.641,179.4,3,Healthy
2025-04-21 03:00:00,Hive_02,34.74,13.37,58.09,82.0,30.662,197.7,2,Healthy
2025-04-21 04:00:00,Hive_02,34.3,14.94,54.54,76.43,30.63,202.1,0,Healthy
2025-04-21 05:00:00,Hive_02,34.36,14.42,57.52,77.34,30.611,217.9,2,Healthy
2025-04-21 06:00:00,Hive_02,34.48,13.43,53.68,77.92,30.593,196.7,48,Healthy
2025-04-21 07:00:00,Hive_02,34.69,18.08,54.42,68.29,30.564,197.8,36,Healthy
2025-04-21 08:00:00,Hive_02,34.55,20.53,56.97,63.04,30.555,215.9,65,Healthy
2025-04-21 09:00:00,Hive_02,34.25,24.7,56.03,60.39,30.557,187.4,73,Healthy
2025-04-21 10:00:00,Hive_02,33.92,23.93,55.03,60.18,30.579,202.9,97,Healthy
2025-04-21 11:00:00,Hive_02,34.68,25.55,55.15,54.02,30.581,207.7,82,Healthy
2025-04-21 12:00:00,Hive_02,34.91,26.01,50.17,50.95,30.599,200.5,73,Healthy
2025-04-21 13:00:00,Hive_02,34.68,28.19,51.02,51.46,30.637,188.9,95,Healthy
2025-04-21 14:00:00,Hive_02,34.7,29.11,54.42,48.25,30.605,217.5,76,Healthy
2025-04-21 15:00:00,Hive_02,34.58,26.45,54.91,49.7,30.626,179.9,70,Healthy
2025-04-21 16:00:00,Hive_02,34.47,26.75,56.63,55.81,30.637,192.7,67,Healthy
2025-04-21 17:00:00,Hive_02,34.91,25.4,55.54,55.6,30.671,185.5,56,Healthy
2025-04-21 18:00:00,Hive_02,34.39,22.91,56.09,58.13,30.662,200.6,56,Healthy
2025-04-21 19:00:00,Hive_02,34.42,18.97,51.96,65.36,30.675,200.5,38,Healthy
2025-04-21 20:00:00,Hive_02,34.59,21.49,55.68,66.49,30.683,226.6,15,Healthy
2025-04-21 21:00:00,Hive_02,34.74,18.14,53.73,69.01,30.658,202.4,2,Healthy
2025-04-21 22:00:00,Hive_02,34.85,18.23,58.55,69.96,30.661,180.6,1,Healthy
2025-04-21 23:00:00,Hive_02,34.32,14.36,57.33,76.73,30.648,173.9,3,Healthy
2025-04-22 00:00:00,Hive_02,35.44,9.66,54.98,77.58,30.636,199.1,1,Healthy
2025-04-22 01:00:00,Hive_02,34.19,12.51,57.53,80.81,30.651,210.9,1,Healthy
2025-04-22 02:00:00,Hive_02,34.58,13.93,53.6,79.49,30.641,210.3,1,Healthy
2025-04-22 03:00:00,Hive_02,34.71,10.99,54.06,78.2,30.649,200.2,0,Healthy
2025-04-22 04:00:00,Hive_02,34.28,10.87,56.59,78.66,30.678,210.8,3,Healthy
2025-04-22 05:00:00,Hive_02,34.32,14.22,58.68,76.9,30.728,200.2,2,Healthy
2025-04-22 06:00:00,Hive_02,34.3,18.04,56.31,72.21,30.739,202.7,41,Healthy
2025-04-22 07:00:00,Hive_02,34.77,15.35,54.66,69.35,30.778,189.4,49,Healthy
2025-04-22 08:00:00,Hive_02,34.73,19.9,53.84,64.83,30.815,229.5,69,Healthy
2025-04-22 09:00:00,Hive_02,34.82,23.95,56.57,59.0,30.843,199.8,48,Healthy
2025-04-22 10:00:00,Hive_02,34.21,23.04,55.18,56.25,30.844,187.6,74,Healthy
2025-04-22 11:00:00,Hive_02,34.3,24.58,54.23,56.64,30.845,205.1,93,Healthy
2025-04-22 12:00:00,Hive_02,34.93,22.36,53.42,54.05,30.836,193.2,82,Healthy
2025-04-22 13:00:00,Hive_02,34.16,28.06,57.31,46.62,30.827,218.7,92,Healthy
2025-04-22 14:00:00,Hive_02,34.46,25.29,54.32,51.27,30.842,207.1,91,Healthy
2025-04-22 15:00:00,Hive_02,34.09,29.49,54.29,51.33,30.911,210.9,101,Healthy
2025-04-01 00:00:00,Hive_03,34.36,15.16,56.82,77.45,47.343,225.1,2,Healthy
2025-04-01 01:00:00,Hive_03,34.28,11.65,55.77,78.29,47.327,187.7,3,Healthy
2025-04-01 02:00:00,Hive_03,33.88,10.57,57.18,81.73,47.312,186.9,2,Healthy
2025-04-01 03:00:00,Hive_03,34.12,12.68,54.57,81.28,47.309,183.3,2,Healthy
2025-04-01 04:00:00,Hive_03,34.96,14.49,53.82,77.32,47.349,208.4,0,Healthy
2025-04-01 05:00:00,Hive_03,34.86,17.32,55.22,74.72,47.367,213.5,2,Healthy
2025-04-01 06:00:00,Hive_03,34.64,15.49,55.32,73.56,47.373,203.2,69,Healthy
2025-04-01 07:00:00,Hive_03,34.31,17.49,53.68,71.3,47.448,208.1,66,Healthy
2025-04-01 08:00:00,Hive_03,34.62,20.89,56.22,67.81,47.437,214.8,67,Healthy
2025-04-01 09:00:00,Hive_03,34.69,23.08,51.64,57.69,47.441,174.4,84,Healthy
2025-04-01 10:00:00,Hive_03,34.93,24.1,53.66,55.96,47.391,207.7,66,Healthy
2025-04-01 11:00:00,Hive_03,34.07,24.36,54.26,53.36,47.373,202.4,76,Healthy
2025-04-01 12:00:00,Hive_03,34.73,26.97,54.88,54.33,47.363,202.4,83,Healthy
2025-04-01 13:00:00,Hive_03,34.74,28.03,55.05,47.08,47.417,219.6,94,Healthy
2025-04-01 14:00:00,Hive_03,34.78,27.81,54.66,48.54,47.45,206.0,88,Healthy
2025-04-01 15:00:00,Hive_03,34.19,28.62,53.41,48.67,47.481,185.8,70,Healthy
2025-04-01 16:00:00,Hive_03,34.39,27.73,54.3,51.51,47.445,185.5,81,Healthy
2025-04-01 17:00:00,Hive_03,34.2,24.85,55.54,50.59,47.462,195.6,53,Healthy
2025-04-01 18:00:00,Hive_03,34.75,21.9,56.93,58.24,47.449,220.5,49,Healthy
2025-04-01 19:00:00,Hive_03,34.34,22.11,51.75,62.9,47.474,205.2,36,Healthy
2025-04-01 20:00:00,Hive_03,34.05,20.93,55.03,66.65,47.438,198.1,26,Healthy
2025-04-01 21:00:00,Hive_03,34.37,18.67,50.18,66.74,47.459,198.7,2,Healthy
2025-04-01 22:00:00,Hive_03,35.0,13.76,54.72,73.3,47.482,186.9,1,Healthy
2025-04-01 23:00:00,Hive_03,34.55,12.05,53.17,77.18,47.476,200.9,2,Healthy
2025-04-02 00:00:00,Hive_03,34.09,15.29,55.36,77.72,47.522,175.7,1,Healthy
2025-04-02 01:00:00,Hive_03,34.34,13.19,55.33,79.8,47.551,198.5,1,Healthy
2025-04-02 02:00:00,Hive_03,34.84,12.88,58.04,79.46,47.544,181.2,2,Healthy
2025-04-02 03:00:00,Hive_03,33.89,10.34,54.43,76.88,47.553,192.2,3,Healthy
2025-04-02 04:00:00,Hive_03,34.51,15.05,56.78,81.85,47.569,203.1,1,Healthy
2025-04-02 05:00:00,Hive_03,34.85,10.95,52.71,76.88,47.579,214.9,1,Healthy
2025-04-02 06:00:00,Hive_03,34.34,17.79,56.88,72.22,47.57,189.1,41,Healthy
2025-04-02 07:00:00,Hive_03,34.35,16.22,55.73,69.19,47.545,183.2,60,Healthy
2025-04-02 08:00:00,Hive_03,34.32,22.2,52.77,65.76,47.543,199.4,46,Healthy
2025-04-02 09:00:00,Hive_03,34.42,20.25,54.92,59.64,47.54,207.6,79,Healthy
2025-04-02 10:00:00,Hive_03,34.67,23.44,52.82,58.79,47.55,213.4,95,Healthy
2025-04-02 11:00:00,Hive_03,34.63,26.21,56.21,53.93,47.562,203.4,86,Healthy
2025-04-02 12:00:00,Hive_03,34.3,24.92,53.99,51.66,47.601,214.3,73,Healthy
2025-04-02 13:00:00,Hive_03,34.31,26.1,55.48,49.78,47.586,214.4,88,Healthy
2025-04-02 14:00:00,Hive_03,34.37,27.49,51.95,49.97,47.596,195.2,75,Healthy
2025-04-02 15:00:00,Hive_03,35.23,29.37,56.25,51.85,47.593,186.4,73,Healthy
2025-04-02 16:00:00,Hive_03,34.04,25.93,55.97,52.23,47.605,208.0,58,Healthy
2025-04-02 17:00:00,Hive_03,34.24,26.03,53.67,56.99,47.629,185.5,58,Healthy
2025-04-02 18:00:00,Hive_03,34.96,26.21,54.5,55.75,47.617,209.1,51,Healthy
2025-04-02 19:00:00,Hive_03,34.53,22.09,51.9,59.58,47.631,219.5,21,Healthy
2025-04-02 20:00:00,Hive_03,34.05,19.39,51.92,63.25,47.618,196.4,41,Healthy
2025-04-02 21:00:00,Hive_03,34.57,15.65,57.51,69.47,47.639,209.4,2,Healthy
2025-04-02 22:00:00,Hive_03,34.84,14.61,51.92,71.35,47.635,180.0,2,Healthy
2025-04-02 23:00:00,Hive_03,34.47,13.71,52.68,76.86,47.615,199.9,1,Healthy
2025-04-03 00:00:00,Hive_03,34.73,12.27,57.7,79.87,47.619,190.4,2,Healthy
2025-04-03 01:00:00,Hive_03,34.44,11.43,57.48,78.43,47.643,212.1,3,Healthy
2025-04-03 02:00:00,Hive_03,34.77,13.35,56.52,77.74,47.666,197.1,2,Healthy
2025-04-03 03:00:00,Hive_03,34.28,12.24,56.06,77.53,47.658,187.8,2,Healthy
2025-04-03 04:00:00,Hive_03,34.13,13.27,55.82,79.14,47.655,184.7,1,Healthy
2025-04-03 05:00:00,Hive_03,35.16,16.39,51.91,74.88,47.634,219.9,3,Healthy
2025-04-03 06:00:00,Hive_03,34.71,14.7,54.66,72.64,47.647,200.2,35,Healthy
2025-04-03 07:00:00,Hive_03,34.53,17.41,52.4,68.91,47.672,201.9,49,Healthy
2025-04-03 08:00:00,Hive_03,34.42,22.7,55.96,64.31,47.72,210.2,78,Healthy
2025-04-03 09:00:00,Hive_03,34.34,20.57,56.06,61.29,47.746,224.5,56,Healthy
2025-04-03 10:00:00,Hive_03,34.08,23.05,56.21,60.1,47.778,199.6,70,Healthy
2025-04-03 11:00:00,Hive_03,34.96,25.47,55.31,57.31,47.769,226.1,96,Healthy
2025-04-03 12:00:00,Hive_03,34.59,25.56,54.04,52.69,47.786,216.6,87,Healthy
2025-04-03 13:00:00,Hive_03,35.17,29.54,55.09,47.0,47.817,203.3,80,Healthy
2025-04-03 14:00:00,Hive_03,34.71,27.95,55.29,46.18,47.823,211.3,85,Healthy
2025-04-03 15:00:00,Hive_03,34.34,28.64,53.75,52.44,47.799,201.8,82,Healthy
2025-04-03 16:00:00,Hive_03,34.25,24.94,51.84,54.85,47.839,170.4,79,Healthy
2025-04-03 17:00:00,Hive_03,34.34,26.74,55.75,55.03,47.87,185.2,70,Healthy
2025-04-03 18:00:00,Hive_03,34.34,25.4,56.4,58.09,47.89,184.8,46,Healthy
2025-04-03 19:00:00,Hive_03,34.83,23.3,54.49,61.35,47.88,232.9,22,Healthy
2025-04-03 20:00:00,Hive_03,34.8,19.25,55.97,65.56,47.936,198.2,21,Healthy
2025-04-03 21:00:00,Hive_03,34.48,17.6,53.53,68.24,47.962,205.6,0,Healthy
2025-04-03 22:00:00,Hive_03,34.15,17.45,55.13,70.88,47.937,208.8,0,Healthy
2025-04-03 23:00:00,Hive_03,34.29,12.8,54.23,78.76,47.972,188.1,2,Healthy
2025-04-04 00:00:00,Hive_03,34.07,14.83,54.09,78.95,48.036,192.6,4,Healthy
2025-04-04 01:00:00,Hive_03,34.59,14.84,54.3,80.53,48.045,189.7,1,Healthy
2025-04-04 02:00:00,Hive_03,34.89,9.96,52.58,77.17,48.072,171.6,2,Healthy
2025-04-04 03:00:00,Hive_03,34.4,11.96,51.99,82.13,48.079,202.4,1,Healthy
2025-04-04 04:00:00,Hive_03,34.12,13.93,53.5,76.86,48.078,192.1,4,Healthy
2025-04-04 05:00:00,Hive_03,34.63,16.23,55.45,76.98,48.094,202.4,2,Healthy
2025-04-04 06:00:00,Hive_03,34.43,12.86,53.88,71.76,48.093,204.5,57,Healthy
2025-04-04 07:00:00,Hive_03,34.73,18.38,54.55,70.37,48.114,173.8,56,Healthy
2025-04-04 08:00:00,Hive_03,34.6,19.25,53.0,68.06,48.136,213.6,69,Healthy
2025-04-04 09:00:00,Hive_03,33.69,23.11,53.23,56.13,48.149,223.0,67,Healthy
2025-04-04 10:00:00,Hive_03,34.35,22.72,54.18,57.68,48.15,219.7,95,Healthy
2025-04-04 11:00:00,Hive_03,34.65,25.69,56.73,57.7,48.143,190.2,81,Healthy
2025-04-04 12:00:00,Hive_03,34.6,26.8,57.96,52.13,48.167,192.3,89,Healthy
2025-04-04 13:00:00,Hive_03,34.95,29.98,54.28,52.07,48.163,189.5,84,Healthy
2025-04-04 14:00:00,Hive_03,34.59,26.41,57.01,50.59,48.138,185.8,92,Healthy
2025-04-04 15:00:00,Hive_03,34.88,28.0,53.49,50.6,48.133,187.3,58,Healthy
2025-04-04 16:00:00,Hive_03,34.28,27.13,53.63,50.96,48.143,188.0,72,Healthy
2025-04-04 17:00:00,Hive_03,34.39,26.35,55.28,53.8,48.152,220.0,63,Healthy
2025-04-04 18:00:00,Hive_03,34.1,25.64,54.16,58.72,48.161,213.0,69,Healthy
2025-04-04 19:00:00,Hive_03,34.74,21.34,54.91,61.23,48.204,179.8,46,Healthy
2025-04-04 20:00:00,Hive_03,34.52,21.0,56.34,67.3,48.209,188.0,20,Healthy
2025-04-04 21:00:00,Hive_03,34.59,15.77,54.69,68.0,48.223,218.5,1,Healthy
2025-04-04 22:00:00,Hive_03,34.44,19.51,54.67,74.01,48.213,199.6,0,Healthy
2025-04-04 23:00:00,Hive_03,34.51,16.23,53.28,69.97,48.209,191.4,3,Healthy
2025-04-05 00:00:00,Hive_03,34.85,11.42,51.49,79.82,48.207,222.3,0,Healthy
2025-04-05 01:00:00,Hive_03,34.48,14.07,55.1,79.45,48.224,185.7,1,Healthy
2025-04-05 02:00:00,Hive_03,34.6,12.56,53.92,80.35,48.246,201.9,0,Healthy
2025-04-05 03:00:00,Hive_03,34.23,11.48,54.29,77.7,48.269,190.6,2,Healthy
2025-04-05 04:00:00,Hive_03,34.4,13.16,56.3,76.43,48.282,208.2,3,Healthy
2025-04-05 05:00:00,Hive_03,34.58,15.0,54.07,71.77,48.328,206.0,1,Healthy
2025-04-05 06:00:00,Hive_03,33.98,16.85,56.29,72.68,48.33,221.3,48,Healthy
2025-04-05 07:00:00,Hive_03,34.79,20.09,54.26,69.73,48.347,174.1,59,Healthy
2025-04-05 08:00:00,Hive_03,34.23,17.77,55.99,62.71,48.354,200.5,68,Healthy
2025-04-05 09:00:00,Hive_03,34.57,23.69,54.14,61.13,48.387,218.4,77,Healthy
2025-04-05 10:00:00,Hive_03,34.24,23.12,51.75,54.27,48.379,205.4,84,Healthy
2025-04-05 11:00:00,Hive_03,34.37,29.14,56.59,53.65,48.35,177.8,95,Healthy
2025-04-05 12:00:00,Hive_03,34.22,26.64,55.36,51.66,48.344,201.1,78,Healthy
2025-04-05 13:00:00,Hive_03,34.37,27.45,54.8,54.56,48.35,202.6,93,Healthy
2025-04-05 14:00:00,Hive_03,34.45,28.39,55.15,50.56,48.356,172.8,110,Healthy
2025-04-05 15:00:00,Hive_03,34.57,28.82,52.98,48.55,48.356,177.8,77,Healthy
2025-04-05 16:00:00,Hive_03,34.7,24.56,53.76,52.79,48.369,186.8,75,Healthy
2025-04-05 17:00:00,Hive_03,33.96,24.62,53.49,55.97,48.357,203.1,65,Healthy
2025-04-05 18:00:00,Hive_03,33.66,24.42,55.06,56.48,48.382,240.2,45,Healthy
2025-04-05 19:00:00,Hive_03,34.42,21.07,56.91,61.76,48.376,196.3,48,Healthy
2025-04-05 20:00:00,Hive_03,34.37,20.46,56.89,67.32,48.353,175.6,42,Healthy
2025-04-05 21:00:00,Hive_03,34.53,17.94,54.99,70.72,48.336,199.6,3,Healthy
2025-04-05 22:00:00,Hive_03,34.7,16.09,53.48,73.86,48.364,195.3,1,Healthy
2025-04-05 23:00:00,Hive_03,34.31,17.49,55.1,76.8,48.374,225.3,2,Healthy
2025-04-06 00:00:00,Hive_03,34.49,16.38,53.86,75.4,48.374,192.9,1,Healthy
2025-04-06 01:00:00,Hive_03,34.62,14.87,54.29,82.33,48.371,211.1,2,Healthy
2025-04-06 02:00:00,Hive_03,34.77,11.78,54.77,81.08,48.365,180.2,2,Healthy
2025-04-06 03:00:00,Hive_03,34.83,15.52,53.99,77.27,48.366,213.7,1,Healthy
2025-04-06 04:00:00,Hive_03,34.3,13.44,56.34,78.45,48.374,179.2,1,Healthy
2025-04-06 05:00:00,Hive_03,34.89,9.67,53.43,75.71,48.396,206.5,1,Healthy
2025-04-06 06:00:00,Hive_03,35.1,18.3,52.55,71.95,48.401,197.7,49,Healthy
2025-04-06 07:00:00,Hive_03,34.64,19.0,55.04,75.68,48.389,171.6,72,Healthy
2025-04-06 08:00:00,Hive_03,34.76,19.18,55.51,70.21,48.407,206.1,63,Healthy
2025-04-06 09:00:00,Hive_03,34.49,19.44,54.03,60.02,48.391,188.8,88,Healthy
2025-04-06 10:00:00,Hive_03,34.68,25.12,53.3,57.84,48.385,204.7,74,Healthy
2025-04-06 11:00:00,Hive_03,34.01,25.82,56.1,51.87,48.416,190.5,73,Healthy
2025-04-06 12:00:00,Hive_03,34.53,23.62,54.09,55.69,48.418,171.3,96,Healthy
2025-04-06 13:00:00,Hive_03,35.22,30.73,54.83,48.95,48.462,204.6,91,Healthy
2025-04-06 14:00:00,Hive_03,34.61,30.77,52.09,51.57,48.441,206.9,99,Healthy
2025-04-06 15:00:00,Hive_03,33.95,27.92,53.82,49.33,48.454,187.2,68,Healthy
2025-04-06 16:00:00,Hive_03,34.71,26.85,55.43,54.91,48.468,208.3,68,Healthy
2025-04-06 17:00:00,Hive_03,34.43,25.04,53.22,55.87,48.507,172.0,75,Healthy
2025-04-06 18:00:00,Hive_03,34.51,24.76,54.36,55.56,48.533,211.8,54,Healthy
2025-04-06 19:00:00,Hive_03,35.03,23.19,56.84,60.89,48.533,212.2,46,Healthy
2025-04-06 20:00:00,Hive_03,34.86,19.61,54.98,64.32,48.549,221.0,55,Healthy
2025-04-06 21:00:00,Hive_03,34.52,17.14,55.15,68.44,48.566,192.6,0,Healthy
2025-04-06 22:00:00,Hive_03,34.37,18.63,55.66,73.72,48.613,188.2,2,Healthy
2025-04-06 23:00:00,Hive_03,34.68,12.26,53.33,75.37,48.619,212.0,2,Healthy
2025-04-07 00:00:00,Hive_03,34.67,11.34,55.16,78.74,48.651,191.2,2,Healthy
2025-04-07 01:00:00,Hive_03,34.73,10.52,55.03,76.29,48.651,184.0,2,Healthy
2025-04-07 02:00:00,Hive_03,34.64,9.74,52.81,81.99,48.664,239.8,3,Healthy
2025-04-07 03:00:00,Hive_03,34.08,11.03,52.94,80.92,48.673,208.3,2,Healthy
2025-04-07 04:00:00,Hive_03,34.02,14.31,54.91,78.98,48.702,206.6,2,Healthy
2025-04-07 05:00:00,Hive_03,33.91,14.84,56.73,76.23,48.71,210.6,0,Healthy
2025-04-07 06:00:00,Hive_03,35.26,18.49,58.18,70.19,48.693,212.3,39,Healthy
2025-04-07 07:00:00,Hive_03,34.63,16.97,55.49,67.65,48.679,206.6,58,Healthy
2025-04-07 08:00:00,Hive_03,35.0,17.27,54.4,64.13,48.653,212.2,60,Healthy
2025-04-07 09:00:00,Hive_03,35.03,22.39,54.74,60.77,48.64,193.0,65,Healthy
2025-04-07 10:00:00,Hive_03,34.87,23.69,58.06,61.04,48.659,202.1,74,Healthy
2025-04-07 11:00:00,Hive_03,34.73,26.06,53.32,54.13,48.67,176.4,92,Healthy
2025-04-07 12:00:00,Hive_03,34.1,27.94,53.06,48.77,48.677,179.0,103,Healthy
2025-04-07 13:00:00,Hive_03,34.02,28.38,56.94,51.71,48.7,189.8,73,Healthy
2025-04-07 14:00:00,Hive_03,34.37,27.89,53.94,49.07,48.724,161.0,98,Healthy
2025-04-07 15:00:00,Hive_03,34.46,29.22,56.62,50.93,48.733,195.8,89,Healthy
2025-04-07 16:00:00,Hive_03,34.63,30.07,53.37,50.07,48.753,188.3,82,Healthy
2025-04-07 17:00:00,Hive_03,34.99,25.51,53.9,54.49,48.777,190.5,72,Healthy
2025-04-07 18:00:00,Hive_03,33.84,26.68,53.97,56.97,48.836,191.1,67,Healthy
2025-04-07 19:00:00,Hive_03,34.73,21.16,55.99,59.86,48.863,200.1,49,Healthy
2025-04-07 20:00:00,Hive_03,34.31,21.44,56.55,67.3,48.862,197.6,28,Healthy
2025-04-07 21:00:00,Hive_03,34.87,16.43,53.95,65.41,48.867,189.0,1,Healthy
2025-04-07 22:00:00,Hive_03,34.32,15.24,57.57,75.06,48.9,192.9,2,Healthy
2025-04-07 23:00:00,Hive_03,34.78,15.12,55.28,77.29,48.891,209.6,1,Healthy
2025-04-08 00:00:00,Hive_03,34.28,8.89,54.31,78.77,48.901,176.7,2,Healthy
2025-04-08 01:00:00,Hive_03,34.51,11.8,52.46,77.73,48.912,207.1,2,Healthy
2025-04-08 02:00:00,Hive_03,34.48,13.18,56.64,82.33,48.921,189.5,1,Healthy
2025-04-08 03:00:00,Hive_03,34.5,12.67,53.99,81.66,48.959,178.5,1,Healthy
2025-04-08 04:00:00,Hive_03,34.64,14.41,55.37,81.52,48.964,208.2,2,Healthy
2025-04-08 05:00:00,Hive_03,34.24,13.21,55.02,74.99,48.977,224.5,1,Healthy
2025-04-08 06:00:00,Hive_03,35.04,15.73,55.71,75.02,48.982,192.9,31,Healthy
2025-04-08 07:00:00,Hive_03,34.45,16.54,55.94,69.09,48.988,189.1,63,Healthy
2025-04-08 08:00:00,Hive_03,34.54,23.76,56.27,64.37,48.986,219.1,54,Healthy
2025-04-08 09:00:00,Hive_03,34.55,21.46,52.04,60.5,49.024,206.2,89,Healthy
2025-04-08 10:00:00,Hive_03,33.75,26.42,56.72,56.02,49.028,183.0,90,Healthy
2025-04-08 11:00:00,Hive_03,34.79,29.35,53.52,54.18,49.004,213.7,94,Healthy
2025-04-08 12:00:00,Hive_03,33.97,26.23,53.15,55.42,49.003,194.7,104,Healthy
2025-04-08 13:00:00,Hive_03,34.12,27.8,56.63,50.13,48.99,180.9,84,Healthy
2025-04-08 14:00:00,Hive_03,34.71,28.24,54.58,48.56,49.022,207.6,102,Healthy
2025-04-08 15:00:00,Hive_03,33.96,27.06,59.34,52.2,49.047,195.6,75,Healthy
2025-04-08 16:00:00,Hive_03,34.77,26.56,54.34,55.69,49.033,217.9,78,Healthy
2025-04-08 17:00:00,Hive_03,34.41,26.72,57.53,54.23,49.078,209.6,70,Healthy
2025-04-08 18:00:00,Hive_03,34.21,24.35,56.72,54.76,49.114,215.8,53,Healthy
2025-04-08 19:00:00,Hive_03,34.69,23.71,54.69,61.0,49.103,213.0,52,Healthy
2025-04-08 20:00:00,Hive_03,34.19,23.71,54.51,65.53,49.11,202.2,34,Healthy
2025-04-08 21:00:00,Hive_03,34.56,18.47,51.66,70.44,49.124,201.3,2,Healthy
2025-04-08 22:00:00,Hive_03,34.67,15.46,54.76,72.95,49.148,201.1,2,Healthy
2025-04-08 23:00:00,Hive_03,34.16,9.96,55.32,73.32,49.183,198.2,2,Healthy
2025-04-09 00:00:00,Hive_03,34.67,14.04,55.37,78.27,49.19,205.9,3,Healthy
2025-04-09 01:00:00,Hive_03,34.24,12.98,57.12,79.92,49.172,174.4,2,Healthy
2025-04-09 02:00:00,Hive_03,33.99,10.68,56.44,82.18,49.199,201.8,0,Healthy
2025-04-09 03:00:00,Hive_03,34.43,9.69,56.09,79.97,49.207,197.7,0,Healthy
2025-04-09 04:00:00,Hive_03,34.38,14.31,53.4,76.69,49.187,222.1,2,Healthy
2025-04-09 05:00:00,Hive_03,33.98,15.56,58.15,75.17,49.205,202.1,1,Healthy
2025-04-09 06:00:00,Hive_03,34.18,12.93,55.82,74.78,49.23,205.0,54,Healthy
2025-04-09 07:00:00,Hive_03,34.55,19.95,54.66,67.3,49.204,204.3,72,Healthy
2025-04-09 08:00:00,Hive_03,33.97,22.06,57.44,68.71,49.217,224.0,66,Healthy
2025-04-09 09:00:00,Hive_03,34.73,21.27,55.77,58.69,49.205,167.5,82,Healthy
2025-04-09 10:00:00,Hive_03,34.14,24.79,55.98,55.53,49.252,192.6,75,Healthy
2025-04-09 11:00:00,Hive_03,34.39,26.11,58.04,55.66,49.28,194.3,72,Healthy
2025-04-09 12:00:00,Hive_03,34.41,28.91,55.53,54.39,49.287,207.8,79,Healthy
2025-04-09 13:00:00,Hive_03,34.78,25.98,54.26,52.13,49.282,217.2,81,Healthy
2025-04-09 14:00:00,Hive_03,34.06,28.08,55.29,49.86,49.294,205.4,86,Healthy
2025-04-09 15:00:00,Hive_03,34.51,30.93,55.2,52.83,49.339,212.9,65,Healthy
2025-04-09 16:00:00,Hive_03,34.99,28.35,54.4,54.5,49.34,185.9,73,Healthy
2025-04-09 17:00:00,Hive_03,34.46,26.76,51.92,53.37,49.38,176.5,64,Healthy
2025-04-09 18:00:00,Hive_03,34.52,24.36,53.48,57.59,49.383,214.5,62,Healthy
2025-04-09 19:00:00,Hive_03,34.27,21.44,57.78,58.0,49.379,198.5,53,Healthy
2025-04-09 20:00:00,Hive_03,34.74,19.21,57.57,64.67,49.376,220.9,27,Healthy
2025-04-09 21:00:00,Hive_03,34.15,16.6,55.71,69.38,49.449,216.6,1,Healthy
2025-04-09 22:00:00,Hive_03,34.27,17.58,54.88,70.64,49.461,180.6,1,Healthy
2025-04-09 23:00:00,Hive_03,34.11,14.13,52.92,78.69,49.474,217.3,2,Healthy
2025-04-10 00:00:00,Hive_03,34.7,13.53,56.24,77.41,49.479,185.8,1,Healthy
2025-04-10 01:00:00,Hive_03,35.0,13.59,54.32,76.4,49.495,210.5,1,Healthy
2025-04-10 02:00:00,Hive_03,34.24,11.31,53.4,80.26,49.486,218.1,2,Healthy
2025-04-10 03:00:00,Hive_03,34.28,11.08,52.07,81.23,49.51,224.7,2,Healthy
2025-04-10 04:00:00,Hive_03,34.42,10.24,55.57,77.94,49.503,195.0,0,Healthy
2025-04-10 05:00:00,Hive_03,34.63,14.68,53.87,72.84,49.45,211.9,2,Healthy
2025-04-10 06:00:00,Hive_03,34.3,18.03,55.2,68.32,49.472,178.1,54,Healthy
2025-04-10 07:00:00,Hive_03,34.27,17.07,55.77,65.17,49.445,209.6,63,Healthy
2025-04-10 08:00:00,Hive_03,34.03,19.62,54.4,61.73,49.433,195.0,79,Healthy
2025-04-10 09:00:00,Hive_03,34.41,21.66,56.52,60.52,49.469,206.3,79,Healthy
2025-04-10 10:00:00,Hive_03,34.64,24.34,57.28,60.36,49.47,180.0,77,Healthy
2025-04-10 11:00:00,Hive_03,34.72,24.81,54.04,57.6,49.496,198.1,104,Healthy
2025-04-10 12:00:00,Hive_03,34.44,26.43,54.5,48.93,49.48,208.8,104,Healthy
2025-04-10 13:00:00,Hive_03,34.32,26.04,54.96,52.46,49.487,199.6,93,Healthy
2025-04-10 14:00:00,Hive_03,34.65,26.46,56.25,52.59,49.481,183.3,96,Healthy
2025-04-10 15:00:00,Hive_03,34.81,25.99,54.81,50.81,49.515,195.9,65,Healthy
2025-04-10 16:00:00,Hive_03,35.31,27.49,53.58,52.41,49.52,189.0,68,Healthy
2025-04-10 17:00:00,Hive_03,34.64,25.38,54.68,52.65,49.557,190.3,78,Healthy
2025-04-10 18:00:00,Hive_03,34.53,24.41,53.83,60.04,49.561,179.2,48,Healthy
2025-04-10 19:00:00,Hive_03,34.9,22.33,54.78,61.21,49.533,253.2,32,Healthy
2025-04-10 20:00:00,Hive_03,34.57,21.45,53.81,61.99,49.487,195.8,29,Healthy
2025-04-10 21:00:00,Hive_03,34.42,17.6,55.1,69.37,49.5,199.5,1,Healthy
2025-04-10 22:00:00,Hive_03,34.42,14.66,54.45,73.69,49.521,203.2,1,Healthy
2025-04-10 23:00:00,Hive_03,34.19,16.22,56.0,73.23,49.566,191.3,2,Healthy
2025-04-11 00:00:00,Hive_03,34.84,11.28,55.55,76.13,49.599,216.3,0,Healthy
2025-04-11 01:00:00,Hive_03,33.99,10.48,53.42,80.04,49.637,191.9,2,Healthy
2025-04-11 02:00:00,Hive_03,34.0,11.96,55.35,78.64,49.677,190.2,2,Healthy
2025-04-11 03:00:00,Hive_03,34.6,9.99,56.12,78.14,49.698,169.5,1,Healthy
2025-04-11 04:00:00,Hive_03,34.47,11.62,56.6,77.37,49.714,221.3,1,Healthy
2025-04-11 05:00:00,Hive_03,34.63,12.22,53.89,78.52,49.732,212.5,2,Healthy
2025-04-11 06:00:00,Hive_03,34.59,14.91,55.3,71.62,49.767,195.9,40,Healthy
2025-04-11 07:00:00,Hive_03,34.75,21.8,55.78,69.23,49.78,196.6,32,Healthy
2025-04-11 08:00:00,Hive_03,33.68,18.41,55.11,65.66,49.804,212.5,75,Healthy
2025-04-11 09:00:00,Hive_03,34.83,23.51,55.3,64.33,49.811,201.7,75,Healthy
2025-04-11 10:00:00,Hive_03,31.54,25.68,71.97,58.64,49.77,306.4,32,At Risk
2025-04-11 11:00:00,Hive_03,30.99,24.42,67.65,56.27,49.691,312.2,36,At Risk
2025-04-11 12:00:00,Hive_03,32.68,25.47,67.87,52.5,49.64,341.1,33,At Risk
2025-04-11 13:00:00,Hive_03,30.89,29.06,73.3,53.25,49.6,379.9,33,At Risk
2025-04-11 14:00:00,Hive_03,31.54,29.06,68.22,51.4,49.506,321.9,30,At Risk
2025-04-11 15:00:00,Hive_03,31.42,26.0,71.6,53.65,49.474,359.2,34,At Risk
2025-04-11 16:00:00,Hive_03,31.22,26.59,66.0,50.54,49.392,334.0,21,At Risk
2025-04-11 17:00:00,Hive_03,29.43,25.28,67.41,54.13,49.321,326.6,25,At Risk
2025-04-11 18:00:00,Hive_03,32.88,24.73,72.37,56.81,49.316,321.4,31,At Risk
2025-04-11 19:00:00,Hive_03,31.69,22.33,71.82,61.05,49.295,353.2,14,At Risk
2025-04-11 20:00:00,Hive_03,31.94,18.88,66.51,64.54,49.211,311.4,13,At Risk
2025-04-11 21:00:00,Hive_03,32.93,18.74,66.7,69.14,49.143,346.3,0,At Risk
2025-04-11 22:00:00,Hive_03,32.61,17.45,70.7,68.73,49.105,316.3,0,At Risk
2025-04-11 23:00:00,Hive_03,32.8,13.29,74.85,73.54,49.072,318.3,0,At Risk
2025-04-12 00:00:00,Hive_03,31.17,13.09,67.83,74.79,49.048,359.9,0,At Risk
2025-04-12 01:00:00,Hive_03,33.76,10.33,69.15,81.29,49.003,336.2,0,At Risk
2025-04-12 02:00:00,Hive_03,30.82,11.34,67.97,75.93,48.981,319.7,0,At Risk
2025-04-12 03:00:00,Hive_03,33.27,12.99,68.88,79.78,48.92,312.2,0,At Risk
2025-04-12 04:00:00,Hive_03,31.13,11.08,67.5,77.16,48.902,351.1,0,At Risk
2025-04-12 05:00:00,Hive_03,31.98,13.25,71.37,74.88,48.799,375.7,0,At Risk
2025-04-12 06:00:00,Hive_03,31.32,14.08,69.11,71.75,48.74,315.4,16,At Risk
2025-04-12 07:00:00,Hive_03,30.44,16.43,70.6,63.57,48.646,363.7,28,At Risk
2025-04-12 08:00:00,Hive_03,29.83,18.48,66.25,62.64,48.594,304.8,29,At Risk
2025-04-12 09:00:00,Hive_03,30.39,23.05,72.14,60.17,48.542,378.5,31,At Risk
2025-04-12 10:00:00,Hive_03,31.49,24.24,63.32,55.57,48.533,348.5,31,At Risk
2025-04-12 11:00:00,Hive_03,31.54,25.02,71.4,52.91,48.478,300.5,39,At Risk
2025-04-12 12:00:00,Hive_03,33.07,29.52,71.66,53.0,48.478,376.6,40,At Risk
2025-04-12 13:00:00,Hive_03,30.4,28.46,67.01,50.26,48.415,302.4,34,At Risk
2025-04-12 14:00:00,Hive_03,30.38,26.22,63.63,49.23,48.355,315.5,30,At Risk
2025-04-12 15:00:00,Hive_03,32.73,26.78,70.14,55.96,48.328,342.6,29,At Risk
2025-04-12 16:00:00,Hive_03,32.69,25.75,69.57,55.87,48.307,298.2,27,At Risk
2025-04-12 17:00:00,Hive_03,32.82,24.8,68.2,55.62,48.232,334.8,19,At Risk
2025-04-12 18:00:00,Hive_03,33.11,23.7,68.67,57.77,48.199,354.2,21,At Risk
2025-04-12 19:00:00,Hive_03,30.76,24.39,71.53,61.29,48.167,337.4,17,At Risk
2025-04-12 20:00:00,Hive_03,30.02,20.07,64.99,64.66,48.083,340.7,22,At Risk
2025-04-12 21:00:00,Hive_03,33.4,16.37,66.3,68.82,48.047,322.7,0,At Risk
2025-04-12 22:00:00,Hive_03,29.86,15.33,72.93,73.56,48.026,277.1,0,At Risk
2025-04-12 23:00:00,Hive_03,31.79,14.33,68.94,74.85,47.957,372.2,0,At Risk
2025-04-13 00:00:00,Hive_03,32.85,12.04,60.08,79.54,47.932,297.8,0,At Risk
2025-04-13 01:00:00,Hive_03,32.43,12.94,67.08,80.16,47.888,329.3,0,At Risk
2025-04-13 02:00:00,Hive_03,30.72,11.4,65.65,81.55,47.834,320.8,0,At Risk
2025-04-13 03:00:00,Hive_03,31.31,10.61,65.47,80.55,47.79,307.7,0,At Risk
2025-04-13 04:00:00,Hive_03,31.38,13.02,66.48,77.27,47.71,339.2,0,At Risk
2025-04-13 05:00:00,Hive_03,32.62,11.78,69.37,77.37,47.633,330.4,0,At Risk
2025-04-13 06:00:00,Hive_03,33.02,16.93,68.65,71.57,47.624,355.9,19,At Risk
2025-04-13 07:00:00,Hive_03,31.56,17.53,68.69,68.0,47.604,290.8,18,At Risk
2025-04-13 08:00:00,Hive_03,33.34,20.57,67.81,64.68,47.529,312.7,25,At Risk
2025-04-13 09:00:00,Hive_03,31.71,22.08,65.38,60.82,47.526,345.8,33,At Risk
2025-04-13 10:00:00,Hive_03,31.8,23.08,71.32,58.26,47.516,326.8,31,At Risk
2025-04-13 11:00:00,Hive_03,31.85,25.9,70.23,57.47,47.47,356.8,38,At Risk
2025-04-13 12:00:00,Hive_03,32.58,26.43,66.03,51.2,47.414,321.1,36,At Risk
2025-04-13 13:00:00,Hive_03,33.33,27.49,68.72,49.13,47.366,340.5,26,At Risk
2025-04-13 14:00:00,Hive_03,29.64,31.14,71.59,50.05,47.339,356.1,33,At Risk
2025-04-13 15:00:00,Hive_03,32.23,25.37,71.46,51.03,47.273,299.0,35,At Risk
2025-04-13 16:00:00,Hive_03,31.57,26.31,67.37,55.45,47.248,317.5,23,At Risk
2025-04-13 17:00:00,Hive_03,32.97,27.42,70.49,51.73,47.156,331.1,18,At Risk
2025-04-13 18:00:00,Hive_03,32.1,23.74,69.1,58.69,47.065,344.6,20,At Risk
2025-04-13 19:00:00,Hive_03,31.51,19.3,62.07,59.55,47.049,323.3,15,At Risk
2025-04-13 20:00:00,Hive_03,32.3,20.76,66.75,64.59,46.997,341.3,19,At Risk
2025-04-13 21:00:00,Hive_03,33.04,17.16,63.68,69.17,46.887,359.5,0,At Risk
2025-04-13 22:00:00,Hive_03,31.32,13.43,66.81,73.24,46.827,356.3,0,At Risk
2025-04-13 23:00:00,Hive_03,32.45,13.64,69.72,74.7,46.807,373.1,0,At Risk
2025-04-14 00:00:00,Hive_03,32.54,12.11,69.82,79.92,46.776,286.9,0,At Risk
2025-04-14 01:00:00,Hive_03,30.85,12.24,70.75,79.45,46.727,309.8,0,At Risk
2025-04-14 02:00:00,Hive_03,31.14,12.88,71.7,81.22,46.61,302.7,0,At Risk
2025-04-14 03:00:00,Hive_03,34.74,12.0,65.8,80.16,46.588,306.3,0,At Risk
2025-04-14 04:00:00,Hive_03,30.98,14.9,68.69,76.57,46.529,356.8,0,At Risk
2025-04-14 05:00:00,Hive_03,31.87,14.48,64.09,76.1,46.485,331.6,0,At Risk
2025-04-14 06:00:00,Hive_03,30.64,15.33,67.88,69.37,46.407,372.1,19,At Risk
2025-04-14 07:00:00,Hive_03,30.74,16.85,70.36,68.14,46.293,312.7,17,At Risk
2025-04-14 08:00:00,Hive_03,28.34,21.51,87.94,65.64,46.161,384.2,5,Critical
2025-04-14 09:00:00,Hive_03,26.37,23.78,75.14,61.32,45.963,40.0,3,Critical
2025-04-14 10:00:00,Hive_03,27.13,25.46,85.0,56.05,45.71,327.9,3,Critical
2025-04-14 11:00:00,Hive_03,27.82,23.52,83.18,55.39,45.535,365.1,1,Critical
2025-04-14 12:00:00,Hive_03,30.34,25.7,78.09,49.67,45.32,447.3,4,Critical
2025-04-14 13:00:00,Hive_03,27.96,25.89,92.01,49.15,45.163,521.6,1,Critical
2025-04-14 14:00:00,Hive_03,26.95,28.45,87.48,48.9,44.967,415.6,2,Critical
2025-04-14 15:00:00,Hive_03,28.16,25.18,80.32,51.26,44.778,428.3,2,Critical
2025-04-14 16:00:00,Hive_03,26.95,27.99,80.14,51.69,44.574,447.7,6,Critical
2025-04-14 17:00:00,Hive_03,29.02,26.29,70.79,57.0,44.309,445.4,5,Critical
2025-04-14 18:00:00,Hive_03,26.82,23.26,77.97,57.87,44.115,403.0,3,Critical
2025-04-14 19:00:00,Hive_03,24.93,22.35,71.99,61.89,43.883,499.4,2,Critical
2025-04-14 20:00:00,Hive_03,25.85,16.35,83.8,61.66,43.645,40.0,0,Critical
2025-04-14 21:00:00,Hive_03,28.23,15.64,82.42,68.85,43.46,406.7,3,Critical
2025-04-14 22:00:00,Hive_03,23.11,16.84,85.05,72.2,43.223,40.0,3,Critical
2025-04-14 23:00:00,Hive_03,28.86,15.22,75.96,75.62,42.945,479.7,5,Critical
2025-04-15 00:00:00,Hive_03,24.01,11.36,79.67,77.2,42.723,450.4,0,Critical
2025-04-15 01:00:00,Hive_03,26.69,13.16,81.19,78.26,42.517,441.0,2,Critical
2025-04-15 02:00:00,Hive_03,27.51,12.53,82.13,82.92,42.364,490.8,0,Critical
2025-04-15 03:00:00,Hive_03,28.55,14.31,77.52,79.2,42.118,40.0,3,Critical
2025-04-15 04:00:00,Hive_03,28.99,13.71,77.25,74.0,41.944,456.2,1,Critical
2025-04-15 05:00:00,Hive_03,27.86,16.07,74.62,74.64,41.727,386.4,1,Critical
2025-04-15 06:00:00,Hive_03,28.7,13.54,78.74,69.89,41.516,512.6,4,Critical
2025-04-15 07:00:00,Hive_03,28.21,15.27,72.88,61.04,41.326,462.6,2,Critical
2025-04-15 08:00:00,Hive_03,27.93,21.3,82.33,62.74,41.12,446.0,0,Critical
2025-04-15 09:00:00,Hive_03,28.01,22.56,80.96,58.02,40.836,429.3,3,Critical
2025-04-15 10:00:00,Hive_03,27.92,26.14,79.76,58.24,40.693,431.4,4,Critical
2025-04-15 11:00:00,Hive_03,24.96,26.41,84.11,59.0,40.559,376.4,3,Critical
2025-04-15 12:00:00,Hive_03,24.97,26.89,77.32,53.23,40.326,419.6,2,Critical
2025-04-15 13:00:00,Hive_03,27.5,28.04,74.55,50.74,40.07,417.1,4,Critical
2025-04-15 14:00:00,Hive_03,21.29,27.37,74.8,48.92,39.912,418.4,0,Critical
2025-04-15 15:00:00,Hive_03,26.62,26.51,90.83,49.6,39.659,393.3,5,Critical
2025-04-15 16:00:00,Hive_03,24.59,28.76,76.95,49.73,39.53,40.0,1,Critical
2025-04-15 17:00:00,Hive_03,25.43,26.06,83.43,54.9,39.362,40.0,2,Critical
2025-04-15 18:00:00,Hive_03,25.96,24.89,74.49,58.64,39.084,449.9,4,Critical
2025-04-15 19:00:00,Hive_03,27.43,20.46,81.61,61.35,38.879,40.0,2,Critical
2025-04-15 20:00:00,Hive_03,27.7,21.23,74.09,67.92,38.803,515.8,0,Critical
2025-04-15 21:00:00,Hive_03,27.61,16.27,78.79,72.31,38.663,40.0,3,Critical
2025-04-15 22:00:00,Hive_03,25.38,15.32,77.75,72.81,38.373,475.9,2,Critical
2025-04-15 23:00:00,Hive_03,25.55,14.02,77.78,75.33,38.186,483.9,5,Critical
2025-04-16 00:00:00,Hive_03,26.47,13.01,76.43,80.27,37.931,503.2,5,Critical
2025-04-16 01:00:00,Hive_03,29.92,14.39,76.41,79.93,37.691,430.8,4,Critical
2025-04-16 02:00:00,Hive_03,27.8,13.09,76.74,81.8,37.494,40.0,3,Critical
2025-04-16 03:00:00,Hive_03,27.62,9.69,77.4,81.58,37.336,430.6,3,Critical
2025-04-16 04:00:00,Hive_03,28.97,13.47,75.84,76.96,37.17,442.4,3,Critical
2025-04-16 05:00:00,Hive_03,24.34,14.81,70.44,77.32,36.998,512.1,0,Critical
2025-04-16 06:00:00,Hive_03,22.39,16.66,85.88,67.54,36.819,474.7,3,Critical
2025-04-16 07:00:00,Hive_03,28.14,16.59,83.49,66.96,36.599,398.6,1,Critical
2025-04-16 08:00:00,Hive_03,24.32,18.51,80.74,63.61,36.358,420.5,2,Critical
2025-04-16 09:00:00,Hive_03,25.22,22.17,83.51,59.66,36.116,464.2,1,Critical
2025-04-16 10:00:00,Hive_03,29.38,26.23,74.14,59.73,35.932,40.0,4,Critical
2025-04-16 11:00:00,Hive_03,26.52,26.02,78.14,52.01,35.821,40.0,4,Critical
2025-04-16 12:00:00,Hive_03,26.94,25.62,76.67,52.05,35.579,487.8,5,Critical
2025-04-16 13:00:00,Hive_03,28.74,24.73,83.22,49.1,35.413,40.0,2,Critical
2025-04-16 14:00:00,Hive_03,27.13,28.26,77.96,48.3,35.254,480.6,1,Critical
2025-04-16 15:00:00,Hive_03,29.63,28.96,73.42,52.35,35.077,448.7,4,Critical
2025-04-16 16:00:00,Hive_03,32.22,27.71,72.5,50.13,34.872,509.5,4,Critical
2025-04-16 17:00:00,Hive_03,26.86,27.87,71.48,54.88,34.676,412.0,3,Critical
2025-04-16 18:00:00,Hive_03,26.99,23.79,87.07,57.84,34.522,40.0,2,Critical
2025-04-16 19:00:00,Hive_03,27.81,23.0,78.92,65.09,34.335,445.0,3,Critical
2025-04-16 20:00:00,Hive_03,33.48,20.85,64.96,65.52,34.306,357.4,5,At Risk
2025-04-16 21:00:00,Hive_03,30.12,17.12,67.44,67.42,34.233,333.9,0,At Risk
2025-04-16 22:00:00,Hive_03,31.54,17.2,75.94,74.88,34.194,324.7,0,At Risk
2025-04-16 23:00:00,Hive_03,31.65,13.28,67.76,76.7,34.15,324.3,0,At Risk
2025-04-17 00:00:00,Hive_03,31.52,13.31,71.22,77.09,34.109,339.6,0,At Risk
2025-04-17 01:00:00,Hive_03,30.52,10.94,73.56,78.6,34.017,344.9,0,At Risk
2025-04-17 02:00:00,Hive_03,31.79,15.23,69.12,81.54,33.927,308.0,0,At Risk
2025-04-17 03:00:00,Hive_03,31.3,10.51,61.22,80.3,33.914,322.2,0,At Risk
2025-04-17 04:00:00,Hive_03,34.41,13.14,67.38,78.15,33.856,289.4,0,At Risk
2025-04-17 05:00:00,Hive_03,30.35,14.3,65.2,76.27,33.791,316.3,0,At Risk
2025-04-17 06:00:00,Hive_03,34.44,15.85,67.33,73.58,33.688,281.0,20,At Risk
2025-04-17 07:00:00,Hive_03,32.79,17.43,67.36,67.82,33.699,290.3,27,At Risk
2025-04-17 08:00:00,Hive_03,32.15,17.54,67.49,66.5,33.651,342.9,21,At Risk
2025-04-17 09:00:00,Hive_03,32.2,22.13,69.94,58.84,33.596,345.2,27,At Risk
2025-04-17 10:00:00,Hive_03,31.64,23.91,65.6,57.02,33.559,302.2,24,At Risk
2025-04-17 11:00:00,Hive_03,32.28,24.61,64.23,55.65,33.521,347.3,32,At Risk
2025-04-17 12:00:00,Hive_03,31.8,24.8,64.51,56.52,33.466,327.9,27,At Risk
2025-04-17 13:00:00,Hive_03,31.72,27.87,61.82,52.48,33.406,345.1,31,At Risk
2025-04-17 14:00:00,Hive_03,31.21,27.13,64.63,54.52,33.355,344.4,35,At Risk
2025-04-17 15:00:00,Hive_03,33.38,24.03,68.98,49.19,33.342,361.1,35,At Risk
2025-04-17 16:00:00,Hive_03,35.1,26.48,53.42,53.77,33.363,229.8,76,Healthy
2025-04-17 17:00:00,Hive_03,34.91,24.53,53.48,54.87,33.373,196.3,54,Healthy
2025-04-17 18:00:00,Hive_03,34.69,24.36,56.71,57.3,33.357,201.0,49,Healthy
2025-04-17 19:00:00,Hive_03,34.21,22.38,57.18,61.09,33.405,208.2,45,Healthy
2025-04-17 20:00:00,Hive_03,33.77,20.2,54.99,66.94,33.403,202.2,40,Healthy
2025-04-17 21:00:00,Hive_03,34.08,17.96,54.84,68.16,33.427,187.4,0,Healthy
2025-04-17 22:00:00,Hive_03,34.43,19.41,57.09,73.17,33.44,220.0,3,Healthy
2025-04-17 23:00:00,Hive_03,35.02,12.43,53.5,76.53,33.43,187.7,2,Healthy
2025-04-18 00:00:00,Hive_03,34.6,13.5,54.62,74.12,33.438,187.4,2,Healthy
2025-04-18 01:00:00,Hive_03,34.0,13.85,54.55,78.2,33.463,193.7,0,Healthy
2025-04-18 02:00:00,Hive_03,34.51,13.14,52.59,82.83,33.466,202.3,1,Healthy
2025-04-18 03:00:00,Hive_03,34.51,13.15,54.66,77.67,33.489,199.8,1,Healthy
2025-04-18 04:00:00,Hive_03,34.42,11.87,53.69,78.06,33.502,205.5,1,Healthy
2025-04-18 05:00:00,Hive_03,34.11,15.74,57.01,76.13,33.527,215.0,2,Healthy
2025-04-18 06:00:00,Hive_03,34.52,12.49,55.53,74.69,33.548,229.0,44,Healthy
2025-04-18 07:00:00,Hive_03,34.18,17.15,53.42,67.18,33.521,206.4,80,Healthy
2025-04-18 08:00:00,Hive_03,34.42,23.08,56.85,63.3,33.54,202.0,67,Healthy
2025-04-18 09:00:00,Hive_03,34.64,23.84,55.52,58.97,33.551,211.8,78,Healthy
2025-04-18 10:00:00,Hive_03,34.02,23.2,55.92,57.69,33.578,190.2,75,Healthy
2025-04-18 11:00:00,Hive_03,34.56,24.73,57.42,54.27,33.618,212.5,89,Healthy
2025-04-18 12:00:00,Hive_03,34.43,25.54,55.42,55.37,33.64,200.9,101,Healthy
2025-04-18 13:00:00,Hive_03,34.63,28.41,54.94,52.49,33.652,199.1,75,Healthy
2025-04-18 14:00:00,Hive_03,34.12,26.5,54.39,51.48,33.641,193.1,83,Healthy
2025-04-18 15:00:00,Hive_03,34.44,27.12,53.56,47.65,33.638,211.1,87,Healthy
2025-04-18 16:00:00,Hive_03,34.35,24.96,54.1,55.15,33.63,200.8,89,Healthy
2025-04-18 17:00:00,Hive_03,34.58,23.35,55.85,50.28,33.641,208.9,49,Healthy
2025-04-18 18:00:00,Hive_03,35.03,22.58,55.84,57.75,33.663,183.9,54,Healthy
2025-04-18 19:00:00,Hive_03,34.2,20.3,53.81,64.65,33.644,201.3,40,Healthy
2025-04-18 20:00:00,Hive_03,34.26,22.27,56.31,66.55,33.629,189.2,31,Healthy
2025-04-18 21:00:00,Hive_03,35.18,16.23,54.56,71.01,33.626,198.1,1,Healthy
2025-04-18 22:00:00,Hive_03,34.6,16.39,57.87,69.86,33.596,182.5,1,Healthy
2025-04-18 23:00:00,Hive_03,34.74,15.16,52.46,77.39,33.592,186.5,1,Healthy
2025-04-19 00:00:00,Hive_03,34.37,13.1,55.87,75.25,33.59,197.0,3,Healthy
2025-04-19 01:00:00,Hive_03,34.53,15.26,59.38,75.17,33.609,200.3,3,Healthy
2025-04-19 02:00:00,Hive_03,34.44,12.33,55.31,81.42,33.628,213.0,1,Healthy
2025-04-19 03:00:00,Hive_03,34.38,11.58,56.43,75.63,33.647,185.0,0,Healthy
2025-04-19 04:00:00,Hive_03,34.36,12.86,52.83,79.84,33.645,204.9,3,Healthy
2025-04-19 05:00:00,Hive_03,34.78,13.96,53.24,77.72,33.681,204.4,0,Healthy
2025-04-19 06:00:00,Hive_03,33.92,18.64,53.94,72.25,33.671,189.8,45,Healthy
2025-04-19 07:00:00,Hive_03,34.47,17.54,55.88,68.29,33.667,217.7,48,Healthy
2025-04-19 08:00:00,Hive_03,34.45,20.92,55.29,68.29,33.657,192.3,85,Healthy
2025-04-19 09:00:00,Hive_03,33.92,23.19,53.93,61.95,33.702,206.2,83,Healthy
2025-04-19 10:00:00,Hive_03,34.6,24.26,52.7,56.27,33.68,189.0,86,Healthy
2025-04-19 11:00:00,Hive_03,34.2,23.3,53.71,54.65,33.716,200.6,79,Healthy
2025-04-19 12:00:00,Hive_03,34.61,27.21,56.66,49.07,33.739,232.4,70,Healthy
2025-04-19 13:00:00,Hive_03,34.45,27.92,55.0,47.82,33.795,199.1,87,Healthy
2025-04-19 14:00:00,Hive_03,35.05,29.51,56.0,49.89,33.821,172.0,104,Healthy
2025-04-19 15:00:00,Hive_03,34.3,26.74,53.46,50.49,33.807,201.5,58,Healthy
2025-04-19 16:00:00,Hive_03,34.69,26.56,55.65,54.13,33.799,176.2,80,Healthy
2025-04-19 17:00:00,Hive_03,34.44,24.98,56.01,54.23,33.846,221.9,37,Healthy
2025-04-19 18:00:00,Hive_03,34.78,23.54,55.01,54.81,33.868,194.1,39,Healthy
2025-04-19 19:00:00,Hive_03,34.12,20.77,52.79,58.05,33.858,183.6,43,Healthy
2025-04-19 20:00:00,Hive_03,34.85,20.53,54.88,65.79,33.852,233.2,39,Healthy
2025-04-19 21:00:00,Hive_03,34.59,18.16,54.7,69.05,33.865,207.5,1,Healthy
2025-04-19 22:00:00,Hive_03,34.77,13.55,52.63,68.35,33.884,182.7,0,Healthy
2025-04-19 23:00:00,Hive_03,34.11,13.27,54.07,75.99,33.893,181.8,3,Healthy
2025-04-20 00:00:00,Hive_03,34.88,10.49,53.01,77.55,33.901,202.0,1,Healthy
2025-04-20 01:00:00,Hive_03,34.36,12.16,56.15,80.61,33.919,191.3,3,Healthy
2025-04-20 02:00:00,Hive_03,34.28,10.89,54.53,81.71,33.926,205.1,0,Healthy
2025-04-20 03:00:00,Hive_03,34.59,12.96,55.75,79.28,33.944,169.9,0,Healthy
2025-04-20 04:00:00,Hive_03,34.26,13.57,56.11,78.39,33.948,213.3,3,Healthy
2025-04-20 05:00:00,Hive_03,34.32,14.76,56.34,76.72,33.963,195.6,0,Healthy
2025-04-20 06:00:00,Hive_03,34.73,15.27,56.83,70.28,33.991,237.3,45,Healthy
2025-04-20 07:00:00,Hive_03,34.44,18.82,52.78,66.52,34.013,194.7,39,Healthy
2025-04-20 08:00:00,Hive_03,34.62,18.97,56.15,68.59,34.025,197.3,70,Healthy
2025-04-20 09:00:00,Hive_03,34.73,22.44,56.68,58.92,34.031,192.2,70,Healthy
2025-04-20 10:00:00,Hive_03,34.7,26.64,54.72,56.6,34.036,188.5,74,Healthy
2025-04-20 11:00:00,Hive_03,34.64,26.77,55.14,52.41,34.061,190.9,99,Healthy
2025-04-20 12:00:00,Hive_03,34.02,26.72,58.64,57.19,34.069,203.3,83,Healthy
2025-04-20 13:00:00,Hive_03,34.39,25.37,55.27,49.45,34.101,202.9,90,Healthy
2025-04-20 14:00:00,Hive_03,34.0,28.58,52.75,46.49,34.104,171.9,77,Healthy
2025-04-20 15:00:00,Hive_03,34.63,25.68,54.55,51.49,34.076,196.4,81,Healthy
2025-04-20 16:00:00,Hive_03,34.84,28.14,55.25,55.52,34.08,188.9,83,Healthy
2025-04-20 17:00:00,Hive_03,34.32,25.91,53.14,55.65,34.082,195.5,62,Healthy
2025-04-20 18:00:00,Hive_03,34.85,22.89,52.49,57.55,34.05,218.7,35,Healthy
2025-04-20 19:00:00,Hive_03,34.48,21.5,54.89,62.33,34.061,237.8,57,Healthy
2025-04-20 20:00:00,Hive_03,34.65,18.96,54.97,67.1,34.053,206.8,26,Healthy
2025-04-20 21:00:00,Hive_03,34.8,17.36,53.85,67.35,34.048,211.7,1,Healthy
2025-04-20 22:00:00,Hive_03,34.89,15.82,51.81,74.57,34.055,178.8,1,Healthy
2025-04-20 23:00:00,Hive_03,34.19,14.33,53.39,74.9,34.08,223.0,0,Healthy
2025-04-21 00:00:00,Hive_03,34.49,12.58,53.33,79.45,34.08,204.5,1,Healthy
2025-04-21 01:00:00,Hive_03,34.34,12.2,56.22,79.45,34.081,184.9,4,Healthy
2025-04-21 02:00:00,Hive_03,34.88,11.88,56.88,74.8,34.1,209.5,4,Healthy
2025-04-21 03:00:00,Hive_03,35.09,10.83,58.27,79.76,34.102,230.2,2,Healthy
2025-04-21 04:00:00,Hive_03,34.59,15.31,58.31,79.53,34.102,228.5,4,Healthy
2025-04-21 05:00:00,Hive_03,34.57,16.39,53.09,75.46,34.103,209.3,0,Healthy
2025-04-21 06:00:00,Hive_03,34.45,15.55,56.55,76.39,34.124,195.4,48,Healthy
2025-04-21 07:00:00,Hive_03,34.78,18.18,54.82,64.78,34.154,205.8,58,Healthy
2025-04-21 08:00:00,Hive_03,34.94,20.3,55.09,65.4,34.17,181.1,69,Healthy
2025-04-21 09:00:00,Hive_03,34.18,24.25,53.54,61.98,34.165,215.0,87,Healthy
2025-04-21 10:00:00,Hive_03,34.54,18.82,53.56,57.34,34.167,220.0,88,Healthy
2025-04-21 11:00:00,Hive_03,34.43,24.91,55.42,54.02,34.148,190.0,98,Healthy
2025-04-21 12:00:00,Hive_03,34.26,26.82,56.08,50.31,34.148,207.7,83,Healthy
2025-04-21 13:00:00,Hive_03,34.47,26.03,56.03,51.0,34.176,194.6,92,Healthy
2025-04-21 14:00:00,Hive_03,34.57,27.42,54.06,51.27,34.171,204.0,96,Healthy
2025-04-21 15:00:00,Hive_03,34.25,29.08,53.96,48.63,34.17,172.8,86,Healthy
2025-04-21 16:00:00,Hive_03,34.41,26.24,54.97,52.93,34.166,199.6,61,Healthy
2025-04-21 17:00:00,Hive_03,34.66,25.63,55.44,57.31,34.149,208.5,66,Healthy
2025-04-21 18:00:00,Hive_03,34.46,24.4,55.97,57.93,34.187,205.0,40,Healthy
2025-04-21 19:00:00,Hive_03,34.21,20.73,55.3,62.57,34.19,183.9,47,Healthy
2025-04-21 20:00:00,Hive_03,34.64,21.06,55.5,62.29,34.217,202.5,44,Healthy
2025-04-21 21:00:00,Hive_03,34.21,17.74,53.6,68.34,34.207,203.3,1,Healthy
2025-04-21 22:00:00,Hive_03,34.24,16.5,53.69,70.08,34.26,197.5,1,Healthy
2025-04-21 23:00:00,Hive_03,34.02,14.23,54.91,78.71,34.238,164.3,1,Healthy
2025-04-22 00:00:00,Hive_03,34.62,13.69,55.16,76.39,34.245,219.0,1,Healthy
2025-04-22 01:00:00,Hive_03,34.53,12.84,54.61,75.88,34.231,206.0,1,Healthy
2025-04-22 02:00:00,Hive_03,34.57,14.6,55.06,75.13,34.236,192.1,2,Healthy
2025-04-22 03:00:00,Hive_03,34.26,13.87,53.42,76.14,34.224,205.1,2,Healthy
2025-04-22 04:00:00,Hive_03,34.71,14.67,52.88,79.2,34.263,196.9,3,Healthy
2025-04-22 05:00:00,Hive_03,34.78,12.28,55.04,75.12,34.258,219.6,0,Healthy
2025-04-22 06:00:00,Hive_03,35.13,15.97,54.31,73.78,34.263,193.3,52,Healthy
2025-04-22 07:00:00,Hive_03,34.73,18.81,54.25,71.07,34.289,201.4,67,Healthy
2025-04-22 08:00:00,Hive_03,34.39,21.2,54.18,68.26,34.308,217.7,70,Healthy
2025-04-22 09:00:00,Hive_03,34.44,23.94,55.85,62.5,34.309,203.6,67,Healthy
2025-04-22 10:00:00,Hive_03,34.73,23.9,55.93,59.5,34.325,202.4,71,Healthy
2025-04-22 11:00:00,Hive_03,34.16,25.35,52.37,54.76,34.358,200.8,90,Healthy
2025-04-22 12:00:00,Hive_03,34.38,27.76,57.26,50.05,34.358,196.0,83,Healthy
2025-04-22 13:00:00,Hive_03,33.76,26.62,54.31,52.72,34.372,225.5,77,Healthy
2025-04-22 14:00:00,Hive_03,34.71,26.04,55.19,48.28,34.353,201.5,100,Healthy
2025-04-22 15:00:00,Hive_03,34.57,28.12,55.62,50.84,34.338,196.5,76,Healthy
2025-04-01 00:00:00,Hive_04,34.47,11.75,55.65,76.02,45.969,188.9,1,Healthy
2025-04-01 01:00:00,Hive_04,34.82,10.57,54.99,79.04,45.996,221.8,1,Healthy
2025-04-01 02:00:00,Hive_04,34.93,11.72,52.49,84.34,46.014,200.0,2,Healthy
2025-04-01 03:00:00,Hive_04,34.3,11.16,54.14,77.81,46.04,182.3,1,Healthy
2025-04-01 04:00:00,Hive_04,34.88,10.39,54.51,80.0,46.044,206.8,3,Healthy
2025-04-01 05:00:00,Hive_04,34.01,14.96,53.33,74.21,46.055,190.2,2,Healthy
2025-04-01 06:00:00,Hive_04,34.15,15.17,57.34,70.38,46.083,226.0,55,Healthy
2025-04-01 07:00:00,Hive_04,34.49,17.28,55.33,71.53,46.092,155.8,76,Healthy
2025-04-01 08:00:00,Hive_04,34.48,20.74,55.25,65.66,46.09,209.2,56,Healthy
2025-04-01 09:00:00,Hive_04,34.44,22.35,55.56,62.24,46.081,185.5,80,Healthy
2025-04-01 10:00:00,Hive_04,34.66,25.02,54.19,53.75,46.087,179.9,76,Healthy
2025-04-01 11:00:00,Hive_04,34.39,27.11,54.83,54.46,46.106,206.6,87,Healthy
2025-04-01 12:00:00,Hive_04,34.62,28.57,55.08,53.95,46.13,204.7,100,Healthy
2025-04-01 13:00:00,Hive_04,34.17,29.08,53.95,48.47,46.159,176.4,92,Healthy
2025-04-01 14:00:00,Hive_04,34.55,28.54,52.99,52.33,46.15,182.3,79,Healthy
2025-04-01 15:00:00,Hive_04,34.94,27.45,53.01,48.18,46.187,217.8,87,Healthy
2025-04-01 16:00:00,Hive_04,34.12,25.89,56.37,52.69,46.195,193.9,57,Healthy
2025-04-01 17:00:00,Hive_04,34.83,21.94,54.4,52.32,46.202,209.8,78,Healthy
2025-04-01 18:00:00,Hive_04,33.92,25.99,58.54,55.56,46.257,202.8,37,Healthy
2025-04-01 19:00:00,Hive_04,34.47,23.52,56.34,60.9,46.274,182.2,36,Healthy
2025-04-01 20:00:00,Hive_04,34.58,20.99,56.4,66.02,46.277,202.7,0,Healthy
2025-04-01 21:00:00,Hive_04,34.38,17.25,54.3,70.41,46.266,215.1,2,Healthy
2025-04-01 22:00:00,Hive_04,34.45,17.24,54.58,69.05,46.27,190.8,1,Healthy
2025-04-01 23:00:00,Hive_04,35.03,15.62,55.73,71.78,46.28,213.6,0,Healthy
2025-04-02 00:00:00,Hive_04,34.91,12.07,54.93,77.75,46.299,191.2,2,Healthy
2025-04-02 01:00:00,Hive_04,34.48,14.79,56.01,81.48,46.32,207.6,3,Healthy
2025-04-02 02:00:00,Hive_04,34.69,13.66,54.43,79.75,46.312,196.0,1,Healthy
2025-04-02 03:00:00,Hive_04,33.67,9.78,59.07,81.21,46.352,196.1,2,Healthy
2025-04-02 04:00:00,Hive_04,34.56,13.53,54.78,76.81,46.36,202.7,0,Healthy
2025-04-02 05:00:00,Hive_04,34.54,14.4,54.68,75.93,46.393,194.7,2,Healthy
2025-04-02 06:00:00,Hive_04,34.56,17.95,54.86,72.34,46.427,196.1,62,Healthy
2025-04-02 07:00:00,Hive_04,34.7,17.77,54.54,67.16,46.45,159.1,60,Healthy
2025-04-02 08:00:00,Hive_04,34.33,19.31,54.14,62.87,46.459,179.5,73,Healthy
2025-04-02 09:00:00,Hive_04,34.74,24.12,56.64,61.68,46.493,228.1,73,Healthy
2025-04-02 10:00:00,Hive_04,34.71,22.92,56.16,59.07,46.541,200.2,88,Healthy
2025-04-02 11:00:00,Hive_04,34.4,24.19,54.54,58.66,46.544,190.3,81,Healthy
2025-04-02 12:00:00,Hive_04,34.26,26.14,57.92,49.28,46.569,213.9,101,Healthy
2025-04-02 13:00:00,Hive_04,34.13,30.48,53.79,46.97,46.57,195.5,84,Healthy
2025-04-02 14:00:00,Hive_04,34.28,28.33,51.74,50.07,46.56,191.8,82,Healthy
2025-04-02 15:00:00,Hive_04,34.16,26.03,54.81,49.53,46.548,187.3,65,Healthy
2025-04-02 16:00:00,Hive_04,34.77,26.7,55.61,50.28,46.557,188.0,73,Healthy
2025-04-02 17:00:00,Hive_04,34.98,26.69,55.69,54.68,46.585,202.0,67,Healthy
2025-04-02 18:00:00,Hive_04,34.6,22.8,55.51,56.58,46.605,216.5,35,Healthy
2025-04-02 19:00:00,Hive_04,34.28,20.61,60.07,61.58,46.626,198.8,34,Healthy
2025-04-02 20:00:00,Hive_04,34.53,19.28,54.31,65.06,46.63,220.2,43,Healthy
2025-04-02 21:00:00,Hive_04,34.66,18.31,57.33,66.2,46.668,211.0,3,Healthy
2025-04-02 22:00:00,Hive_04,34.3,16.08,55.44,73.76,46.704,191.2,1,Healthy
2025-04-02 23:00:00,Hive_04,34.69,14.49,54.32,75.15,46.749,180.7,3,Healthy
2025-04-03 00:00:00,Hive_04,34.57,11.92,54.62,74.4,46.736,174.8,1,Healthy
2025-04-03 01:00:00,Hive_04,34.52,13.74,55.72,80.66,46.746,178.6,0,Healthy
2025-04-03 02:00:00,Hive_04,34.76,11.7,56.14,79.68,46.768,195.8,0,Healthy
2025-04-03 03:00:00,Hive_04,33.78,12.89,53.75,80.54,46.764,201.8,1,Healthy
2025-04-03 04:00:00,Hive_04,34.45,13.01,53.93,77.57,46.761,183.8,2,Healthy
2025-04-03 05:00:00,Hive_04,34.96,15.2,54.53,74.07,46.802,190.4,0,Healthy
2025-04-03 06:00:00,Hive_04,34.51,16.6,54.04,73.0,46.811,192.3,46,Healthy
2025-04-03 07:00:00,Hive_04,34.68,19.19,54.65,69.25,46.814,182.7,56,Healthy
2025-04-03 08:00:00,Hive_04,34.48,15.02,55.85,63.82,46.819,205.2,48,Healthy
2025-04-03 09:00:00,Hive_04,34.14,21.99,54.72,57.76,46.855,205.6,78,Healthy
2025-04-03 10:00:00,Hive_04,34.34,23.97,55.64,56.07,46.837,208.9,80,Healthy
2025-04-03 11:00:00,Hive_04,34.0,26.9,54.13,56.32,46.83,172.8,78,Healthy
2025-04-03 12:00:00,Hive_04,35.08,30.59,56.24,53.23,46.825,194.3,95,Healthy
2025-04-03 13:00:00,Hive_04,34.05,28.38,59.93,49.36,46.832,195.1,89,Healthy
2025-04-03 14:00:00,Hive_04,34.89,27.64,54.81,50.25,46.819,197.6,79,Healthy
2025-04-03 15:00:00,Hive_04,34.53,29.86,53.08,52.85,46.804,200.2,81,Healthy
2025-04-03 16:00:00,Hive_04,34.32,26.37,54.96,51.05,46.767,183.5,63,Healthy
2025-04-03 17:00:00,Hive_04,34.55,27.47,55.34,52.77,46.803,218.9,59,Healthy
2025-04-03 18:00:00,Hive_04,34.43,23.29,54.35,56.17,46.824,206.3,55,Healthy
2025-04-03 19:00:00,Hive_04,34.54,23.96,56.65,64.84,46.827,217.8,50,Healthy
2025-04-03 20:00:00,Hive_04,34.3,21.51,52.91,65.19,46.836,223.0,26,Healthy
2025-04-03 21:00:00,Hive_04,34.41,19.11,56.97,70.57,46.788,181.7,1,Healthy
2025-04-03 22:00:00,Hive_04,34.59,14.77,55.59,73.17,46.81,185.7,0,Healthy
2025-04-03 23:00:00,Hive_04,34.03,14.94,56.46,74.35,46.847,223.4,2,Healthy
2025-04-04 00:00:00,Hive_04,34.31,14.01,56.67,80.73,46.863,213.7,2,Healthy
2025-04-04 01:00:00,Hive_04,34.05,14.22,57.18,79.94,46.854,218.8,1,Healthy
2025-04-04 02:00:00,Hive_04,34.63,13.76,55.76,82.27,46.872,169.8,2,Healthy
2025-04-04 03:00:00,Hive_04,34.16,10.6,53.22,79.83,46.915,216.0,1,Healthy
2025-04-04 04:00:00,Hive_04,34.67,13.35,53.99,77.49,46.944,196.2,1,Healthy
2025-04-04 05:00:00,Hive_04,34.6,14.38,54.19,74.42,46.964,218.2,1,Healthy
2025-04-04 06:00:00,Hive_04,34.37,15.8,55.7,73.42,46.985,216.2,43,Healthy
2025-04-04 07:00:00,Hive_04,34.21,16.52,55.85,68.27,46.972,235.0,73,Healthy
2025-04-04 08:00:00,Hive_04,34.01,20.02,58.79,66.73,46.97,198.2,51,Healthy
2025-04-04 09:00:00,Hive_04,34.53,22.8,54.18,58.91,46.958,187.9,80,Healthy
2025-04-04 10:00:00,Hive_04,34.7,22.08,58.9,56.0,46.978,186.2,80,Healthy
2025-04-04 11:00:00,Hive_04,34.77,25.7,55.33,53.69,47.006,195.3,101,Healthy
2025-04-04 12:00:00,Hive_04,35.15,26.68,52.26,50.07,47.001,190.6,115,Healthy
2025-04-04 13:00:00,Hive_04,34.4,30.44,58.64,53.5,47.019,214.7,90,Healthy
2025-04-04 14:00:00,Hive_04,34.44,27.93,55.91,49.5,47.036,199.5,99,Healthy
2025-04-04 15:00:00,Hive_04,34.72,23.28,56.72,51.53,47.045,203.1,88,Healthy
2025-04-04 16:00:00,Hive_04,34.58,29.16,57.52,51.41,47.012,189.6,84,Healthy
2025-04-04 17:00:00,Hive_04,34.37,27.3,53.68,55.44,47.01,223.2,54,Healthy
2025-04-04 18:00:00,Hive_04,34.75,24.15,54.19,55.99,47.018,174.7,33,Healthy
2025-04-04 19:00:00,Hive_04,35.13,22.08,51.91,58.47,47.012,200.3,35,Healthy
2025-04-04 20:00:00,Hive_04,34.2,18.34,54.57,63.08,47.061,201.2,41,Healthy
2025-04-04 21:00:00,Hive_04,33.66,18.69,54.54,71.11,47.098,191.4,3,Healthy
2025-04-04 22:00:00,Hive_04,34.35,18.23,53.48,71.56,47.095,181.5,2,Healthy
2025-04-04 23:00:00,Hive_04,34.69,12.16,52.51,76.81,47.136,207.7,2,Healthy
2025-04-05 00:00:00,Hive_04,34.84,11.93,54.85,79.24,47.186,200.7,3,Healthy
2025-04-05 01:00:00,Hive_04,34.0,12.71,55.56,80.66,47.181,187.3,3,Healthy
2025-04-05 02:00:00,Hive_04,34.39,11.68,53.05,77.99,47.22,189.6,2,Healthy
2025-04-05 03:00:00,Hive_04,34.66,14.31,53.45,78.49,47.279,214.0,1,Healthy
2025-04-05 04:00:00,Hive_04,34.4,11.91,57.93,77.76,47.264,202.0,1,Healthy
2025-04-05 05:00:00,Hive_04,34.47,14.17,56.31,75.39,47.287,206.3,0,Healthy
2025-04-05 06:00:00,Hive_04,34.69,16.45,57.21,69.19,47.278,196.1,44,Healthy
2025-04-05 07:00:00,Hive_04,35.02,19.78,55.62,69.07,47.293,201.0,68,Healthy
2025-04-05 08:00:00,Hive_04,34.48,17.39,56.09,65.17,47.299,184.4,70,Healthy
2025-04-05 09:00:00,Hive_04,34.72,20.45,55.87,57.27,47.319,219.5,71,Healthy
2025-04-05 10:00:00,Hive_04,34.4,21.85,53.74,57.36,47.327,190.8,66,Healthy
2025-04-05 11:00:00,Hive_04,34.57,25.0,54.02,52.12,47.359,224.1,95,Healthy
2025-04-05 12:00:00,Hive_04,34.97,24.6,55.03,55.02,47.396,191.7,71,Healthy
2025-04-05 13:00:00,Hive_04,34.05,26.59,55.0,53.97,47.406,192.3,84,Healthy
2025-04-05 14:00:00,Hive_04,34.07,28.11,55.32,48.88,47.438,213.0,76,Healthy
2025-04-05 15:00:00,Hive_04,34.97,25.85,55.97,49.94,47.462,213.3,82,Healthy
2025-04-05 16:00:00,Hive_04,34.34,27.11,52.88,53.33,47.486,218.6,58,Healthy
2025-04-05 17:00:00,Hive_04,34.5,26.89,53.77,57.75,47.499,191.7,54,Healthy
2025-04-05 18:00:00,Hive_04,34.07,24.65,55.03,54.29,47.508,205.2,68,Healthy
2025-04-05 19:00:00,Hive_04,34.21,22.23,56.15,62.31,47.508,201.1,38,Healthy
2025-04-05 20:00:00,Hive_04,33.82,21.55,54.68,62.38,47.527,202.3,42,Healthy
2025-04-05 21:00:00,Hive_04,33.8,18.59,54.64,67.75,47.558,194.1,2,Healthy
2025-04-05 22:00:00,Hive_04,34.69,16.63,57.46,70.47,47.564,183.1,1,Healthy
2025-04-05 23:00:00,Hive_04,34.64,11.01,57.51,76.28,47.57,206.1,1,Healthy
2025-04-06 00:00:00,Hive_04,34.44,12.54,54.54,74.94,47.586,190.6,2,Healthy
2025-04-06 01:00:00,Hive_04,34.52,11.77,55.06,78.83,47.612,198.2,1,Healthy
2025-04-06 02:00:00,Hive_04,34.39,11.73,58.05,78.57,47.603,195.8,1,Healthy
2025-04-06 03:00:00,Hive_04,34.58,11.9,52.43,78.83,47.634,209.5,0,Healthy
2025-04-06 04:00:00,Hive_04,34.43,9.67,58.87,76.04,47.655,172.9,1,Healthy
2025-04-06 05:00:00,Hive_04,34.11,14.26,54.8,76.11,47.651,183.4,2,Healthy
2025-04-06 06:00:00,Hive_04,34.67,17.16,54.25,74.18,47.675,204.6,51,Healthy
2025-04-06 07:00:00,Hive_04,34.52,17.01,58.66,67.89,47.691,190.8,52,Healthy
2025-04-06 08:00:00,Hive_04,34.38,19.26,56.36,69.35,47.693,203.9,77,Healthy
2025-04-06 09:00:00,Hive_04,35.0,21.21,56.48,59.84,47.719,211.8,82,Healthy
2025-04-06 10:00:00,Hive_04,34.67,27.03,52.82,57.59,47.713,182.0,97,Healthy
2025-04-06 11:00:00,Hive_04,33.6,21.83,53.75,53.59,47.713,220.8,92,Healthy
2025-04-06 12:00:00,Hive_04,34.51,25.68,55.06,54.14,47.699,185.1,81,Healthy
2025-04-06 13:00:00,Hive_04,34.96,27.8,55.58,50.67,47.655,203.9,74,Healthy
2025-04-06 14:00:00,Hive_04,34.3,26.55,52.94,48.38,47.669,178.8,88,Healthy
2025-04-06 15:00:00,Hive_04,34.41,31.08,51.21,47.85,47.673,209.6,85,Healthy
2025-04-06 16:00:00,Hive_04,35.26,27.04,57.57,53.79,47.672,178.2,65,Healthy
2025-04-06 17:00:00,Hive_04,34.15,24.24,54.89,55.3,47.699,198.5,50,Healthy
2025-04-06 18:00:00,Hive_04,34.4,25.76,54.94,53.74,47.709,202.7,56,Healthy
2025-04-06 19:00:00,Hive_04,34.38,22.02,54.08,60.38,47.735,190.3,48,Healthy
2025-04-06 20:00:00,Hive_04,34.69,20.03,53.91,63.96,47.758,203.2,24,Healthy
2025-04-06 21:00:00,Hive_04,34.85,18.72,56.45,69.98,47.778,183.1,4,Healthy
2025-04-06 22:00:00,Hive_04,34.63,13.89,53.24,74.4,47.785,198.8,3,Healthy
2025-04-06 23:00:00,Hive_04,33.8,13.27,57.6,75.08,47.774,204.9,1,Healthy
2025-04-07 00:00:00,Hive_04,35.0,12.92,55.38,79.61,47.797,204.9,3,Healthy
2025-04-07 01:00:00,Hive_04,34.83,11.58,56.62,81.64,47.794,197.5,2,Healthy
2025-04-07 02:00:00,Hive_04,34.5,9.94,55.43,83.19,47.792,180.1,1,Healthy
2025-04-07 03:00:00,Hive_04,34.55,12.6,55.52,80.84,47.795,207.4,3,Healthy
2025-04-07 04:00:00,Hive_04,34.59,14.13,52.75,79.61,47.785,206.8,1,Healthy
2025-04-07 05:00:00,Hive_04,34.72,15.0,56.89,78.96,47.796,187.9,1,Healthy
2025-04-07 06:00:00,Hive_04,34.74,14.79,55.78,75.62,47.831,169.7,55,Healthy
2025-04-07 07:00:00,Hive_04,34.41,15.96,55.99,68.87,47.846,220.2,54,Healthy
2025-04-07 08:00:00,Hive_04,34.01,21.06,53.62,65.32,47.853,216.7,74,Healthy
2025-04-07 09:00:00,Hive_04,35.11,20.32,55.17,60.84,47.856,207.4,85,Healthy
2025-04-07 10:00:00,Hive_04,34.4,23.32,56.08,58.51,47.87,207.2,77,Healthy
2025-04-07 11:00:00,Hive_04,34.48,24.42,55.43,56.28,47.873,213.5,82,Healthy
2025-04-07 12:00:00,Hive_04,34.85,26.72,54.21,53.58,47.923,204.7,79,Healthy
2025-04-07 13:00:00,Hive_04,34.63,28.28,54.94,49.75,47.934,186.3,98,Healthy
2025-04-07 14:00:00,Hive_04,34.61,26.27,57.4,47.78,47.937,210.5,95,Healthy
2025-04-07 15:00:00,Hive_04,34.17,28.95,51.69,49.89,47.942,217.7,67,Healthy
2025-04-07 16:00:00,Hive_04,34.53,27.98,56.06,50.11,47.939,202.6,65,Healthy
2025-04-07 17:00:00,Hive_04,34.52,26.71,57.34,54.86,47.962,189.6,59,Healthy
2025-04-07 18:00:00,Hive_04,35.26,23.89,55.56,57.66,47.931,191.9,30,Healthy
2025-04-07 19:00:00,Hive_04,34.24,21.58,52.72,57.14,47.949,200.0,42,Healthy
2025-04-07 20:00:00,Hive_04,34.65,19.84,57.88,62.21,47.967,193.6,15,Healthy
2025-04-07 21:00:00,Hive_04,34.82,16.57,55.39,69.79,47.993,210.6,2,Healthy
2025-04-07 22:00:00,Hive_04,34.25,15.01,55.03,72.85,48.01,225.2,0,Healthy
2025-04-07 23:00:00,Hive_04,34.73,15.07,56.25,78.57,48.031,219.5,0,Healthy
2025-04-08 00:00:00,Hive_04,33.85,10.99,56.85,77.98,48.066,193.5,1,Healthy
2025-04-08 01:00:00,Hive_04,34.54,12.16,55.84,79.59,48.072,214.1,2,Healthy
2025-04-08 02:00:00,Hive_04,34.09,11.09,54.86,82.67,48.102,189.2,2,Healthy
2025-04-08 03:00:00,Hive_04,34.48,13.09,54.77,77.77,48.101,234.5,1,Healthy
2025-04-08 04:00:00,Hive_04,34.17,14.58,55.15,77.2,48.124,213.8,3,Healthy
2025-04-08 05:00:00,Hive_04,34.3,18.76,55.68,76.11,48.128,213.9,0,Healthy
2025-04-08 06:00:00,Hive_04,33.99,19.55,53.94,74.21,48.155,217.6,37,Healthy
2025-04-08 07:00:00,Hive_04,34.47,19.0,56.67,64.99,48.154,177.4,61,Healthy
2025-04-08 08:00:00,Hive_04,34.23,19.09,53.84,66.26,48.123,202.5,68,Healthy
2025-04-08 09:00:00,Hive_04,34.81,20.29,54.68,61.51,48.139,204.1,66,Healthy
2025-04-08 10:00:00,Hive_04,34.7,27.08,56.15,56.56,48.146,209.1,87,Healthy
2025-04-08 11:00:00,Hive_04,34.32,23.53,54.31,53.73,48.13,216.9,104,Healthy
2025-04-08 12:00:00,Hive_04,34.4,28.4,54.05,54.55,48.124,209.7,92,Healthy
2025-04-08 13:00:00,Hive_04,34.62,27.61,53.74,53.1,48.12,210.2,99,Healthy
2025-04-08 14:00:00,Hive_04,34.99,28.83,55.66,53.79,48.114,180.4,80,Healthy
2025-04-08 15:00:00,Hive_04,34.63,28.86,56.75,54.16,48.119,209.3,86,Healthy
2025-04-08 16:00:00,Hive_04,34.78,23.96,55.41,51.18,48.105,163.5,66,Healthy
2025-04-08 17:00:00,Hive_04,34.54,25.55,55.76,52.63,48.128,164.7,47,Healthy
2025-04-08 18:00:00,Hive_04,34.65,23.54,55.71,58.64,48.131,195.1,42,Healthy
2025-04-08 19:00:00,Hive_04,34.76,23.22,55.31,59.28,48.14,190.1,26,Healthy
2025-04-08 20:00:00,Hive_04,33.79,19.03,54.7,64.34,48.168,208.5,25,Healthy
2025-04-08 21:00:00,Hive_04,34.54,18.0,57.31,67.77,48.198,207.8,1,Healthy
2025-04-08 22:00:00,Hive_04,34.42,17.12,55.88,69.13,48.222,210.0,2,Healthy
2025-04-08 23:00:00,Hive_04,34.21,14.05,53.73,76.68,48.234,202.6,0,Healthy
2025-04-09 00:00:00,Hive_04,34.48,13.75,58.56,79.54,48.23,194.6,1,Healthy
2025-04-09 01:00:00,Hive_04,34.08,12.16,54.18,78.83,48.238,218.4,4,Healthy
2025-04-09 02:00:00,Hive_04,34.29,14.0,54.76,78.45,48.284,197.5,0,Healthy
2025-04-09 03:00:00,Hive_04,34.71,11.52,54.7,81.0,48.307,165.9,2,Healthy
2025-04-09 04:00:00,Hive_04,34.25,14.36,52.2,76.32,48.349,189.2,2,Healthy
2025-04-09 05:00:00,Hive_04,34.45,15.25,54.19,78.63,48.363,219.3,1,Healthy
2025-04-09 06:00:00,Hive_04,34.13,14.57,56.3,69.42,48.366,190.9,42,Healthy
2025-04-09 07:00:00,Hive_04,34.42,18.06,57.02,68.4,48.407,175.8,63,Healthy
2025-04-09 08:00:00,Hive_04,34.59,18.83,54.68,64.5,48.422,210.1,72,Healthy
2025-04-09 09:00:00,Hive_04,34.07,21.1,53.72,59.86,48.471,188.1,66,Healthy
2025-04-09 10:00:00,Hive_04,34.44,24.48,57.11,57.28,48.492,192.1,80,Healthy
2025-04-09 11:00:00,Hive_04,34.41,24.9,52.31,56.14,48.501,176.9,110,Healthy
2025-04-09 12:00:00,Hive_04,34.58,25.48,54.57,51.69,48.505,206.3,105,Healthy
2025-04-09 13:00:00,Hive_04,34.19,28.88,55.48,53.47,48.518,205.3,102,Healthy
2025-04-09 14:00:00,Hive_04,34.66,27.67,52.33,49.19,48.523,198.0,75,Healthy
2025-04-09 15:00:00,Hive_04,34.46,29.31,55.44,48.39,48.56,199.8,87,Healthy
2025-04-09 16:00:00,Hive_04,34.17,27.98,52.85,52.26,48.573,191.9,79,Healthy
2025-04-09 17:00:00,Hive_04,34.15,26.78,55.77,54.02,48.562,188.6,50,Healthy
2025-04-09 18:00:00,Hive_04,34.5,23.79,54.34,59.84,48.542,208.3,42,Healthy
2025-04-09 19:00:00,Hive_04,34.75,22.25,54.76,60.41,48.551,207.3,60,Healthy
2025-04-09 20:00:00,Hive_04,34.5,21.33,54.21,64.82,48.542,191.7,22,Healthy
2025-04-09 21:00:00,Hive_04,34.9,18.91,56.13,66.74,48.552,200.0,1,Healthy
2025-04-09 22:00:00,Hive_04,34.29,16.41,52.7,74.68,48.576,204.9,0,Healthy
2025-04-09 23:00:00,Hive_04,34.28,13.24,54.51,73.89,48.581,190.2,1,Healthy
2025-04-10 00:00:00,Hive_04,34.41,12.73,56.74,78.33,48.601,176.1,2,Healthy
2025-04-10 01:00:00,Hive_04,34.05,13.18,55.01,78.62,48.611,183.2,0,Healthy
2025-04-10 02:00:00,Hive_04,34.37,11.87,54.87,79.53,48.599,193.5,2,Healthy
2025-04-10 03:00:00,Hive_04,34.36,11.75,53.39,76.14,48.614,204.8,0,Healthy
2025-04-10 04:00:00,Hive_04,34.97,14.21,54.93,75.77,48.599,182.9,2,Healthy
2025-04-10 05:00:00,Hive_04,34.98,13.76,53.95,75.41,48.61,221.3,2,Healthy
2025-04-10 06:00:00,Hive_04,34.15,13.59,57.11,73.51,48.604,244.5,64,Healthy
2025-04-10 07:00:00,Hive_04,34.73,16.73,56.18,68.92,48.623,218.8,59,Healthy
2025-04-10 08:00:00,Hive_04,34.76,19.45,55.55,64.31,48.638,211.9,49,Healthy
2025-04-10 09:00:00,Hive_04,35.0,22.54,52.71,61.55,48.68,201.1,83,Healthy
2025-04-10 10:00:00,Hive_04,34.62,26.51,55.36,58.62,48.68,199.6,77,Healthy
2025-04-10 11:00:00,Hive_04,34.63,25.59,54.82,49.72,48.683,203.3,74,Healthy
2025-04-10 12:00:00,Hive_04,34.46,29.82,53.55,51.8,48.694,220.8,100,Healthy
2025-04-10 13:00:00,Hive_04,34.39,29.01,52.82,51.6,48.7,196.5,99,Healthy
2025-04-10 14:00:00,Hive_04,34.86,28.46,54.32,53.22,48.674,220.8,98,Healthy
2025-04-10 15:00:00,Hive_04,34.61,25.68,55.24,53.53,48.716,220.2,84,Healthy
2025-04-10 16:00:00,Hive_04,34.38,27.64,54.92,53.24,48.708,195.0,66,Healthy
2025-04-10 17:00:00,Hive_04,34.4,24.7,55.75,54.67,48.686,198.3,61,Healthy
2025-04-10 18:00:00,Hive_04,34.02,23.53,55.53,57.16,48.709,207.4,60,Healthy
2025-04-10 19:00:00,Hive_04,34.55,22.37,56.03,62.08,48.687,186.6,55,Healthy
2025-04-10 20:00:00,Hive_04,34.85,16.31,54.86,64.72,48.689,201.9,26,Healthy
2025-04-10 21:00:00,Hive_04,34.83,17.98,57.13,67.52,48.696,179.2,1,Healthy
2025-04-10 22:00:00,Hive_04,34.2,15.72,53.85,73.51,48.716,214.1,1,Healthy
2025-04-10 23:00:00,Hive_04,34.73,12.34,54.6,82.17,48.744,198.1,2,Healthy
2025-04-11 00:00:00,Hive_04,34.47,13.31,52.83,78.17,48.793,185.9,0,Healthy
2025-04-11 01:00:00,Hive_04,34.48,11.95,56.03,77.57,48.822,212.2,1,Healthy
2025-04-11 02:00:00,Hive_04,33.97,12.07,55.86,80.82,48.803,230.6,1,Healthy
2025-04-11 03:00:00,Hive_04,34.31,12.0,58.41,77.95,48.832,176.8,3,Healthy
2025-04-11 04:00:00,Hive_04,34.59,14.86,54.98,77.43,48.882,188.1,2,Healthy
2025-04-11 05:00:00,Hive_04,35.16,13.7,53.23,72.74,48.896,173.9,1,Healthy
2025-04-11 06:00:00,Hive_04,34.68,16.63,54.6,70.85,48.929,220.4,44,Healthy
2025-04-11 07:00:00,Hive_04,34.69,18.04,55.02,69.25,48.943,196.3,61,Healthy
2025-04-11 08:00:00,Hive_04,34.71,21.95,56.08,66.29,48.95,204.8,59,Healthy
2025-04-11 09:00:00,Hive_04,34.47,23.97,56.71,55.55,48.933,206.0,71,Healthy
2025-04-11 10:00:00,Hive_04,32.24,23.45,61.9,59.39,48.912,354.4,35,At Risk
2025-04-11 11:00:00,Hive_04,31.59,28.28,75.51,57.76,48.861,305.9,31,At Risk
2025-04-11 12:00:00,Hive_04,33.91,23.54,64.95,55.22,48.818,332.4,30,At Risk
2025-04-11 13:00:00,Hive_04,31.61,25.09,66.83,50.09,48.761,365.7,32,At Risk
2025-04-11 14:00:00,Hive_04,32.66,28.26,66.16,51.45,48.708,343.7,27,At Risk
2025-04-11 15:00:00,Hive_04,31.13,29.62,68.58,53.37,48.639,316.4,33,At Risk
2025-04-11 16:00:00,Hive_04,32.55,27.17,64.7,49.07,48.561,313.2,26,At Risk
2025-04-11 17:00:00,Hive_04,30.7,27.72,64.96,55.39,48.529,339.9,25,At Risk
2025-04-11 18:00:00,Hive_04,32.34,22.74,67.45,55.17,48.414,330.9,29,At Risk
2025-04-11 19:00:00,Hive_04,30.66,20.31,71.57,57.97,48.312,310.4,13,At Risk
2025-04-11 20:00:00,Hive_04,32.86,18.25,68.67,61.38,48.261,295.0,20,At Risk
2025-04-11 21:00:00,Hive_04,30.25,17.17,67.43,69.95,48.203,338.2,0,At Risk
2025-04-11 22:00:00,Hive_04,30.64,16.23,68.59,73.49,48.149,335.8,0,At Risk
2025-04-11 23:00:00,Hive_04,30.42,14.45,61.36,73.06,48.075,350.7,0,At Risk
2025-04-12 00:00:00,Hive_04,29.44,14.34,64.92,78.6,48.02,333.4,0,At Risk
2025-04-12 01:00:00,Hive_04,32.01,11.94,68.36,80.23,47.989,354.6,0,At Risk
2025-04-12 02:00:00,Hive_04,31.07,11.35,66.95,77.34,47.909,328.9,0,At Risk
2025-04-12 03:00:00,Hive_04,32.94,11.99,66.04,76.99,47.862,367.0,0,At Risk
2025-04-12 04:00:00,Hive_04,29.88,13.83,67.81,74.73,47.848,346.2,0,At Risk
2025-04-12 05:00:00,Hive_04,31.15,14.41,73.22,75.94,47.713,323.0,0,At Risk
2025-04-12 06:00:00,Hive_04,31.69,16.53,65.5,72.69,47.696,301.6,22,At Risk
2025-04-12 07:00:00,Hive_04,32.53,17.15,67.89,63.73,47.605,339.3,16,At Risk
2025-04-12 08:00:00,Hive_04,31.25,16.66,70.83,63.56,47.555,358.3,20,At Risk
2025-04-12 09:00:00,Hive_04,29.58,23.52,71.97,62.56,47.503,339.8,26,At Risk
2025-04-12 10:00:00,Hive_04,33.0,25.91,70.46,55.13,47.482,379.6,34,At Risk
2025-04-12 11:00:00,Hive_04,34.54,26.64,64.33,51.34,47.401,305.1,31,At Risk
2025-04-12 12:00:00,Hive_04,30.47,28.11,71.27,54.06,47.32,306.6,42,At Risk
2025-04-12 13:00:00,Hive_04,32.57,25.54,65.44,49.26,47.262,336.0,33,At Risk
2025-04-12 14:00:00,Hive_04,32.28,29.25,71.44,49.54,47.188,349.7,27,At Risk
2025-04-12 15:00:00,Hive_04,30.46,28.51,67.78,48.75,47.165,349.8,34,At Risk
2025-04-12 16:00:00,Hive_04,30.25,24.07,66.61,50.35,47.102,323.9,24,At Risk
2025-04-12 17:00:00,Hive_04,33.48,27.61,66.37,49.78,47.054,316.8,31,At Risk
2025-04-12 18:00:00,Hive_04,32.63,22.15,63.17,57.52,47.031,326.3,15,At Risk
2025-04-12 19:00:00,Hive_04,32.78,20.85,66.97,60.42,46.949,305.1,9,At Risk
2025-04-12 20:00:00,Hive_04,30.43,22.89,62.77,63.68,46.867,321.5,11,At Risk
2025-04-12 21:00:00,Hive_04,31.78,17.69,75.03,70.91,46.813,356.5,0,At Risk
2025-04-12 22:00:00,Hive_04,31.3,17.21,69.0,72.43,46.748,315.7,0,At Risk
2025-04-12 23:00:00,Hive_04,34.48,14.59,70.56,78.08,46.642,314.3,0,At Risk
2025-04-13 00:00:00,Hive_04,30.92,14.12,66.54,80.67,46.54,305.6,0,At Risk
2025-04-13 01:00:00,Hive_04,33.44,10.26,69.3,82.54,46.491,319.0,0,At Risk
2025-04-13 02:00:00,Hive_04,32.29,12.42,74.5,83.16,46.468,329.5,0,At Risk
2025-04-13 03:00:00,Hive_04,31.82,11.71,69.25,77.32,46.402,384.3,0,At Risk
2025-04-13 04:00:00,Hive_04,32.08,13.77,73.03,80.29,46.28,343.3,0,At Risk
2025-04-13 05:00:00,Hive_04,32.34,12.85,69.37,74.51,46.209,341.5,0,At Risk
2025-04-13 06:00:00,Hive_04,32.48,16.01,73.56,71.23,46.129,343.4,25,At Risk
2025-04-13 07:00:00,Hive_04,31.1,17.37,67.62,67.87,46.091,360.2,21,At Risk
2025-04-13 08:00:00,Hive_04,31.46,18.8,68.46,68.89,46.028,301.6,33,At Risk
2025-04-13 09:00:00,Hive_04,31.18,23.03,68.3,64.23,45.977,336.6,23,At Risk
2025-04-13 10:00:00,Hive_04,32.43,24.17,61.61,54.65,45.982,350.5,30,At Risk
2025-04-13 11:00:00,Hive_04,32.39,24.18,70.62,56.94,45.937,397.0,31,At Risk
2025-04-13 12:00:00,Hive_04,30.01,29.54,69.45,51.89,45.878,303.7,30,At Risk
2025-04-13 13:00:00,Hive_04,29.04,27.69,71.16,51.21,45.842,296.7,39,At Risk
2025-04-13 14:00:00,Hive_04,32.53,27.96,68.0,52.43,45.797,342.1,30,At Risk
2025-04-13 15:00:00,Hive_04,31.83,26.45,68.1,51.73,45.714,327.2,30,At Risk
2025-04-13 16:00:00,Hive_04,32.42,26.03,70.7,52.87,45.682,318.6,31,At Risk
2025-04-13 17:00:00,Hive_04,33.57,26.04,62.9,52.58,45.608,298.4,33,At Risk
2025-04-13 18:00:00,Hive_04,31.9,21.68,66.9,59.8,45.553,345.8,15,At Risk
2025-04-13 19:00:00,Hive_04,29.95,20.85,66.25,62.42,45.411,305.8,21,At Risk
2025-04-13 20:00:00,Hive_04,32.79,19.12,71.39,66.02,45.367,379.7,9,At Risk
2025-04-13 21:00:00,Hive_04,30.65,18.28,67.14,69.37,45.313,319.2,0,At Risk
2025-04-13 22:00:00,Hive_04,33.42,19.66,70.57,70.82,45.263,308.4,0,At Risk
2025-04-13 23:00:00,Hive_04,29.86,13.19,64.99,74.57,45.258,363.6,0,At Risk
2025-04-14 00:00:00,Hive_04,32.71,14.0,68.5,79.56,45.164,314.7,0,At Risk
2025-04-14 01:00:00,Hive_04,30.41,12.43,77.29,80.98,45.113,333.5,0,At Risk
2025-04-14 02:00:00,Hive_04,32.05,13.89,68.39,81.83,45.108,316.1,0,At Risk
2025-04-14 03:00:00,Hive_04,33.47,13.05,67.64,80.38,45.1,356.4,0,At Risk
2025-04-14 04:00:00,Hive_04,31.8,15.23,71.13,79.79,44.947,332.9,0,At Risk
2025-04-14 05:00:00,Hive_04,32.75,12.38,63.19,74.43,44.892,339.5,0,At Risk
2025-04-14 06:00:00,Hive_04,33.04,18.3,61.51,75.12,44.814,347.6,21,At Risk
2025-04-14 07:00:00,Hive_04,30.6,15.33,61.95,67.33,44.764,310.1,37,At Risk
2025-04-14 08:00:00,Hive_04,23.58,19.75,77.35,67.59,44.559,400.1,5,Critical
2025-04-14 09:00:00,Hive_04,29.69,22.21,82.67,62.95,44.344,449.5,4,Critical
2025-04-14 10:00:00,Hive_04,27.92,23.88,85.78,56.86,44.087,488.4,0,Critical
2025-04-14 11:00:00,Hive_04,26.21,25.71,82.8,52.94,43.959,40.0,3,Critical
2025-04-14 12:00:00,Hive_04,26.43,25.68,80.4,52.05,43.753,401.8,3,Critical
2025-04-14 13:00:00,Hive_04,29.42,27.08,81.27,51.52,43.604,461.9,4,Critical
2025-04-14 14:00:00,Hive_04,28.92,30.16,85.34,52.15,43.458,379.9,3,Critical
2025-04-14 15:00:00,Hive_04,23.13,27.83,74.42,49.64,43.303,499.8,0,Critical
2025-04-14 16:00:00,Hive_04,29.12,26.05,74.46,53.83,43.069,40.0,3,Critical
2025-04-14 17:00:00,Hive_04,25.59,25.76,81.14,56.74,42.943,40.0,2,Critical
2025-04-14 18:00:00,Hive_04,28.91,26.06,87.57,57.54,42.861,491.2,0,Critical
2025-04-14 19:00:00,Hive_04,24.11,22.66,78.8,62.24,42.66,480.1,5,Critical
2025-04-14 20:00:00,Hive_04,25.55,19.71,77.56,63.8,42.563,411.0,2,Critical
2025-04-14 21:00:00,Hive_04,27.92,18.41,65.29,69.79,42.398,401.1,3,Critical
2025-04-14 22:00:00,Hive_04,29.39,17.36,79.33,74.38,42.224,40.0,1,Critical
2025-04-14 23:00:00,Hive_04,25.25,15.11,77.52,78.08,42.104,40.0,2,Critical
2025-04-15 00:00:00,Hive_04,26.63,13.14,68.74,80.13,41.914,433.8,3,Critical
2025-04-15 01:00:00,Hive_04,25.82,12.1,73.78,79.95,41.719,40.0,5,Critical
2025-04-15 02:00:00,Hive_04,30.57,12.84,82.63,81.65,41.473,471.3,1,Critical
2025-04-15 03:00:00,Hive_04,29.06,9.48,84.79,79.01,41.335,469.2,3,Critical
2025-04-15 04:00:00,Hive_04,30.43,11.99,74.74,76.82,41.184,541.7,0,Critical
2025-04-15 05:00:00,Hive_04,28.46,13.99,70.26,74.06,40.92,40.0,5,Critical
2025-04-15 06:00:00,Hive_04,27.18,16.85,84.88,74.49,40.822,397.7,3,Critical
2025-04-15 07:00:00,Hive_04,30.67,18.21,78.25,69.82,40.655,415.0,2,Critical
2025-04-15 08:00:00,Hive_04,25.01,21.54,74.71,66.82,40.475,438.9,4,Critical
2025-04-15 09:00:00,Hive_04,30.21,21.41,80.95,62.27,40.377,477.4,2,Critical
2025-04-15 10:00:00,Hive_04,27.66,25.91,81.7,57.37,40.018,40.0,5,Critical
2025-04-15 11:00:00,Hive_04,31.88,24.99,89.07,54.86,39.815,40.0,4,Critical
2025-04-15 12:00:00,Hive_04,25.35,25.65,80.14,52.31,39.577,437.9,4,Critical
2025-04-15 13:00:00,Hive_04,32.98,28.19,77.98,53.78,39.329,377.9,5,Critical
2025-04-15 14:00:00,Hive_04,26.62,25.74,75.02,50.8,39.111,448.0,1,Critical
2025-04-15 15:00:00,Hive_04,29.69,28.15,83.29,50.81,38.88,40.0,4,Critical
2025-04-15 16:00:00,Hive_04,26.01,26.98,75.87,52.54,38.642,455.3,5,Critical
2025-04-15 17:00:00,Hive_04,29.57,24.72,84.63,53.96,38.43,456.6,4,Critical
2025-04-15 18:00:00,Hive_04,27.1,26.03,74.39,59.27,38.147,40.0,3,Critical
2025-04-15 19:00:00,Hive_04,25.69,19.36,73.61,59.32,37.942,547.6,1,Critical
2025-04-15 20:00:00,Hive_04,30.69,19.35,78.14,63.25,37.778,468.3,3,Critical
2025-04-15 21:00:00,Hive_04,29.07,18.83,84.83,70.79,37.525,508.4,5,Critical
2025-04-15 22:00:00,Hive_04,25.29,16.66,83.88,74.31,37.375,425.3,3,Critical
2025-04-15 23:00:00,Hive_04,28.76,14.33,84.89,78.21,37.199,396.7,5,Critical
2025-04-16 00:00:00,Hive_04,29.48,16.23,80.85,79.52,37.026,470.4,1,Critical
2025-04-16 01:00:00,Hive_04,25.57,14.76,77.11,81.65,36.719,412.7,1,Critical
2025-04-16 02:00:00,Hive_04,25.99,12.9,69.56,78.28,36.534,40.0,0,Critical
2025-04-16 03:00:00,Hive_04,28.3,10.89,87.01,79.64,36.363,504.7,3,Critical
2025-04-16 04:00:00,Hive_04,30.87,11.68,83.6,72.05,36.137,453.8,0,Critical
2025-04-16 05:00:00,Hive_04,25.08,14.7,78.44,74.59,35.921,480.1,3,Critical
2025-04-16 06:00:00,Hive_04,29.33,15.27,86.83,72.83,35.706,446.8,1,Critical
2025-04-16 07:00:00,Hive_04,29.42,20.14,83.7,70.33,35.562,465.9,3,Critical
2025-04-16 08:00:00,Hive_04,25.7,18.77,92.43,62.89,35.355,40.0,4,Critical
2025-04-16 09:00:00,Hive_04,32.22,22.87,83.76,58.19,35.25,463.9,4,Critical
2025-04-16 10:00:00,Hive_04,25.92,23.11,87.03,60.28,35.027,368.4,2,Critical
2025-04-16 11:00:00,Hive_04,30.39,21.56,73.47,54.54,34.863,507.1,3,Critical
2025-04-16 12:00:00,Hive_04,23.72,26.49,73.48,51.21,34.599,421.0,7,Critical
2025-04-16 13:00:00,Hive_04,25.15,27.78,69.54,52.05,34.306,458.9,2,Critical
2025-04-16 14:00:00,Hive_04,27.92,31.08,81.0,52.3,34.034,463.2,1,Critical
2025-04-16 15:00:00,Hive_04,23.43,27.84,86.91,51.77,33.81,511.3,3,Critical
2025-04-16 16:00:00,Hive_04,26.96,30.64,84.33,51.95,33.628,443.4,3,Critical
2025-04-16 17:00:00,Hive_04,25.76,27.72,84.62,56.12,33.474,476.3,5,Critical
2025-04-16 18:00:00,Hive_04,32.42,23.0,76.56,59.11,33.184,418.0,3,Critical
2025-04-16 19:00:00,Hive_04,30.7,21.54,77.6,62.93,33.019,402.9,1,Critical
2025-04-16 20:00:00,Hive_04,30.23,20.78,69.06,67.3,33.005,345.7,9,At Risk
2025-04-16 21:00:00,Hive_04,31.3,16.35,67.05,70.48,33.021,353.7,0,At Risk
2025-04-16 22:00:00,Hive_04,30.17,17.23,71.63,72.51,32.991,318.7,0,At Risk
2025-04-16 23:00:00,Hive_04,32.89,17.81,69.69,74.2,32.93,337.1,0,At Risk
2025-04-17 00:00:00,Hive_04,31.94,13.64,72.53,78.53,32.919,355.5,0,At Risk
2025-04-17 01:00:00,Hive_04,33.34,13.51,67.72,80.89,32.925,328.2,0,At Risk
2025-04-17 02:00:00,Hive_04,30.51,10.51,66.57,78.54,32.893,270.6,0,At Risk
2025-04-17 03:00:00,Hive_04,32.73,13.32,67.39,83.93,32.844,319.5,0,At Risk
2025-04-17 04:00:00,Hive_04,30.99,13.21,73.05,77.92,32.839,348.0,0,At Risk
2025-04-17 05:00:00,Hive_04,32.41,14.19,66.92,79.41,32.797,331.0,0,At Risk
2025-04-17 06:00:00,Hive_04,29.86,14.29,65.23,70.97,32.744,337.5,10,At Risk
2025-04-17 07:00:00,Hive_04,31.8,17.72,66.1,70.01,32.706,316.5,20,At Risk
2025-04-17 08:00:00,Hive_04,31.11,20.26,67.05,69.62,32.658,312.8,32,At Risk
2025-04-17 09:00:00,Hive_04,32.98,18.51,67.12,60.06,32.632,341.0,35,At Risk
2025-04-17 10:00:00,Hive_04,32.55,24.32,66.79,55.9,32.56,367.1,19,At Risk
2025-04-17 11:00:00,Hive_04,34.93,25.82,66.6,50.92,32.488,329.1,30,At Risk
2025-04-17 12:00:00,Hive_04,33.15,25.55,73.83,55.18,32.436,337.2,33,At Risk
2025-04-17 13:00:00,Hive_04,32.1,27.3,65.63,48.43,32.373,334.3,35,At Risk
2025-04-17 14:00:00,Hive_04,32.91,30.51,74.15,49.92,32.283,358.8,31,At Risk
2025-04-17 15:00:00,Hive_04,32.6,28.07,68.82,47.87,32.233,355.7,24,At Risk
2025-04-17 16:00:00,Hive_04,34.48,29.38,54.78,53.81,32.252,222.8,71,Healthy
2025-04-17 17:00:00,Hive_04,35.03,25.87,54.45,54.43,32.262,222.0,61,Healthy
2025-04-17 18:00:00,Hive_04,34.44,25.71,57.23,55.68,32.258,197.7,52,Healthy
2025-04-17 19:00:00,Hive_04,34.53,20.59,55.07,60.29,32.294,223.1,31,Healthy
2025-04-17 20:00:00,Hive_04,34.95,20.17,56.08,66.35,32.31,210.0,36,Healthy
2025-04-17 21:00:00,Hive_04,34.94,16.54,54.69,69.27,32.322,196.4,0,Healthy
2025-04-17 22:00:00,Hive_04,34.35,16.03,53.27,73.1,32.315,211.5,3,Healthy
2025-04-17 23:00:00,Hive_04,34.76,16.42,54.01,72.92,32.313,193.1,2,Healthy
2025-04-18 00:00:00,Hive_04,34.48,14.51,55.7,77.79,32.334,217.6,0,Healthy
2025-04-18 01:00:00,Hive_04,34.48,12.3,54.66,77.35,32.343,188.0,0,Healthy
2025-04-18 02:00:00,Hive_04,34.37,8.86,53.99,79.74,32.38,187.1,3,Healthy
2025-04-18 03:00:00,Hive_04,34.53,14.71,54.4,75.59,32.332,178.3,2,Healthy
2025-04-18 04:00:00,Hive_04,34.6,16.1,54.97,79.8,32.375,232.2,1,Healthy
2025-04-18 05:00:00,Hive_04,34.9,11.34,54.93,71.41,32.389,173.1,1,Healthy
2025-04-18 06:00:00,Hive_04,34.38,15.56,53.44,72.92,32.383,218.1,52,Healthy
2025-04-18 07:00:00,Hive_04,33.61,18.85,54.22,67.08,32.376,205.2,93,Healthy
2025-04-18 08:00:00,Hive_04,34.67,21.04,54.06,70.47,32.393,226.7,88,Healthy
2025-04-18 09:00:00,Hive_04,34.07,21.21,56.24,61.62,32.434,200.6,71,Healthy
2025-04-18 10:00:00,Hive_04,34.52,24.54,55.27,58.33,32.44,214.9,92,Healthy
2025-04-18 11:00:00,Hive_04,34.42,24.18,56.11,52.37,32.453,190.4,91,Healthy
2025-04-18 12:00:00,Hive_04,34.6,26.43,54.53,53.77,32.468,219.7,84,Healthy
2025-04-18 13:00:00,Hive_04,34.63,28.33,54.02,50.37,32.48,216.6,79,Healthy
2025-04-18 14:00:00,Hive_04,34.15,26.01,55.89,47.42,32.462,195.5,90,Healthy
2025-04-18 15:00:00,Hive_04,34.56,28.35,55.16,49.74,32.468,196.8,100,Healthy
2025-04-18 16:00:00,Hive_04,34.35,28.14,54.87,56.97,32.451,187.9,89,Healthy
2025-04-18 17:00:00,Hive_04,34.13,24.87,53.42,58.23,32.454,199.0,69,Healthy
2025-04-18 18:00:00,Hive_04,34.46,24.68,54.52,56.67,32.446,186.7,60,Healthy
2025-04-18 19:00:00,Hive_04,34.4,19.33,53.84,64.35,32.471,222.3,50,Healthy
2025-04-18 20:00:00,Hive_04,33.99,20.75,54.22,67.17,32.462,218.4,26,Healthy
2025-04-18 21:00:00,Hive_04,34.24,19.2,54.12,69.95,32.498,188.4,2,Healthy
2025-04-18 22:00:00,Hive_04,34.49,14.83,53.83,71.87,32.489,204.3,1,Healthy
2025-04-18 23:00:00,Hive_04,34.48,13.13,56.42,73.73,32.529,189.1,4,Healthy
2025-04-19 00:00:00,Hive_04,34.28,11.56,53.69,80.16,32.524,199.2,2,Healthy
2025-04-19 01:00:00,Hive_04,34.2,13.28,53.63,77.6,32.532,196.8,1,Healthy
2025-04-19 02:00:00,Hive_04,34.35,12.4,54.35,84.53,32.553,191.6,2,Healthy
2025-04-19 03:00:00,Hive_04,34.6,11.19,54.07,83.15,32.552,192.3,3,Healthy
2025-04-19 04:00:00,Hive_04,34.33,11.17,54.98,76.65,32.556,177.6,1,Healthy
2025-04-19 05:00:00,Hive_04,34.71,14.19,56.38,74.35,32.565,203.5,0,Healthy
2025-04-19 06:00:00,Hive_04,34.37,15.37,53.89,74.51,32.62,227.3,54,Healthy
2025-04-19 07:00:00,Hive_04,34.26,19.64,54.3,64.43,32.625,192.7,34,Healthy
2025-04-19 08:00:00,Hive_04,34.98,20.58,53.82,66.09,32.618,159.8,67,Healthy
2025-04-19 09:00:00,Hive_04,35.14,23.42,54.62,59.89,32.631,179.6,81,Healthy
2025-04-19 10:00:00,Hive_04,34.72,21.03,57.04,58.89,32.621,202.4,90,Healthy
2025-04-19 11:00:00,Hive_04,33.78,26.32,55.52,52.66,32.627,191.5,96,Healthy
2025-04-19 12:00:00,Hive_04,33.92,26.86,53.31,49.37,32.685,210.8,91,Healthy
2025-04-19 13:00:00,Hive_04,34.85,27.45,54.26,50.02,32.707,194.8,108,Healthy
2025-04-19 14:00:00,Hive_04,34.32,29.11,56.59,52.49,32.711,201.7,100,Healthy
2025-04-19 15:00:00,Hive_04,34.63,26.16,55.78,50.92,32.712,231.3,65,Healthy
2025-04-19 16:00:00,Hive_04,35.07,29.12,52.62,54.44,32.704,222.4,51,Healthy
2025-04-19 17:00:00,Hive_04,34.56,23.25,57.39,53.42,32.711,190.9,63,Healthy
2025-04-19 18:00:00,Hive_04,34.45,24.7,52.07,58.38,32.702,221.3,51,Healthy
2025-04-19 19:00:00,Hive_04,34.16,21.59,54.66,63.35,32.715,193.4,40,Healthy
2025-04-19 20:00:00,Hive_04,34.55,19.72,53.01,62.2,32.728,220.6,27,Healthy
2025-04-19 21:00:00,Hive_04,34.25,16.17,55.89,68.63,32.735,225.6,3,Healthy
2025-04-19 22:00:00,Hive_04,34.38,15.77,55.05,73.93,32.738,211.5,3,Healthy
2025-04-19 23:00:00,Hive_04,34.78,15.54,55.83,77.45,32.725,225.5,3,Healthy
2025-04-20 00:00:00,Hive_04,34.68,12.72,55.83,77.25,32.731,181.2,2,Healthy
2025-04-20 01:00:00,Hive_04,34.6,13.1,54.59,80.94,32.761,201.0,1,Healthy
2025-04-20 02:00:00,Hive_04,34.45,11.73,56.03,76.51,32.778,222.8,1,Healthy
2025-04-20 03:00:00,Hive_04,35.2,13.0,55.22,81.07,32.767,212.7,3,Healthy
2025-04-20 04:00:00,Hive_04,34.87,12.59,56.53,79.67,32.78,189.5,1,Healthy
2025-04-20 05:00:00,Hive_04,34.6,15.03,54.43,77.42,32.801,212.9,2,Healthy
2025-04-20 06:00:00,Hive_04,34.78,14.75,52.93,72.14,32.769,222.6,55,Healthy
2025-04-20 07:00:00,Hive_04,34.72,18.84,55.41,66.73,32.747,221.4,61,Healthy
2025-04-20 08:00:00,Hive_04,33.9,19.41,55.89,64.24,32.762,197.1,82,Healthy
2025-04-20 09:00:00,Hive_04,34.24,19.99,54.58,59.92,32.774,206.5,74,Healthy
2025-04-20 10:00:00,Hive_04,35.22,22.68,55.21,60.87,32.769,222.1,70,Healthy
2025-04-20 11:00:00,Hive_04,34.15,25.15,54.58,53.0,32.761,200.2,88,Healthy
2025-04-20 12:00:00,Hive_04,34.43,26.0,56.21,51.27,32.768,212.4,95,Healthy
2025-04-20 13:00:00,Hive_04,34.16,28.58,54.29,53.29,32.814,196.1,60,Healthy
2025-04-20 14:00:00,Hive_04,33.71,27.7,57.0,50.27,32.809,204.9,82,Healthy
2025-04-20 15:00:00,Hive_04,34.22,25.79,56.63,48.37,32.816,192.2,68,Healthy
2025-04-20 16:00:00,Hive_04,34.86,28.72,55.74,54.94,32.832,181.8,67,Healthy
2025-04-20 17:00:00,Hive_04,34.82,24.63,53.96,50.74,32.866,213.2,65,Healthy
2025-04-20 18:00:00,Hive_04,35.06,24.92,55.06,56.27,32.882,190.3,40,Healthy
2025-04-20 19:00:00,Hive_04,34.26,22.79,52.84,61.55,32.867,217.9,33,Healthy
2025-04-20 20:00:00,Hive_04,34.16,19.49,53.91,67.9,32.861,224.3,49,Healthy
2025-04-20 21:00:00,Hive_04,34.33,19.06,57.92,70.45,32.877,212.8,1,Healthy
2025-04-20 22:00:00,Hive_04,34.66,15.6,57.18,75.83,32.892,187.3,1,Healthy
2025-04-20 23:00:00,Hive_04,34.17,14.5,56.8,74.35,32.891,202.1,2,Healthy
2025-04-21 00:00:00,Hive_04,34.16,12.19,55.39,80.89,32.906,199.2,0,Healthy
2025-04-21 01:00:00,Hive_04,34.3,13.58,56.06,80.98,32.923,180.8,1,Healthy
2025-04-21 02:00:00,Hive_04,34.33,13.71,53.71,80.62,32.923,193.3,1,Healthy
2025-04-21 03:00:00,Hive_04,34.79,9.66,53.09,81.77,32.936,186.5,1,Healthy
2025-04-21 04:00:00,Hive_04,35.1,12.55,54.34,77.13,32.93,188.6,3,Healthy
2025-04-21 05:00:00,Hive_04,34.93,11.86,55.37,74.08,32.943,232.0,2,Healthy
2025-04-21 06:00:00,Hive_04,34.16,14.94,56.88,71.94,32.965,216.9,62,Healthy
2025-04-21 07:00:00,Hive_04,34.48,17.31,53.69,66.99,32.978,217.0,58,Healthy
2025-04-21 08:00:00,Hive_04,34.74,20.22,54.0,64.81,32.944,207.1,79,Healthy
2025-04-21 09:00:00,Hive_04,34.16,22.74,55.74,59.84,32.957,198.1,96,Healthy
2025-04-21 10:00:00,Hive_04,34.51,22.58,52.25,61.05,32.963,214.4,80,Healthy
2025-04-21 11:00:00,Hive_04,34.24,23.44,55.74,54.06,32.989,184.2,81,Healthy
2025-04-21 12:00:00,Hive_04,34.18,28.06,53.23,50.29,33.006,204.6,83,Healthy
2025-04-21 13:00:00,Hive_04,34.21,27.74,52.07,53.57,33.025,198.3,81,Healthy
2025-04-21 14:00:00,Hive_04,33.84,28.98,54.02,51.68,33.081,208.8,91,Healthy
2025-04-21 15:00:00,Hive_04,34.74,29.49,56.08,50.55,33.102,195.2,80,Healthy
2025-04-21 16:00:00,Hive_04,34.15,26.05,53.81,52.04,33.107,185.8,64,Healthy
2025-04-21 17:00:00,Hive_04,34.78,25.41,54.3,55.2,33.143,214.1,65,Healthy
2025-04-21 18:00:00,Hive_04,34.86,24.23,56.84,58.14,33.18,200.6,55,Healthy
2025-04-21 19:00:00,Hive_04,34.4,24.09,55.02,59.87,33.208,213.7,37,Healthy
2025-04-21 20:00:00,Hive_04,34.22,17.74,52.77,65.49,33.193,204.9,43,Healthy
2025-04-21 21:00:00,Hive_04,34.85,17.99,52.68,69.31,33.213,199.8,2,Healthy
2025-04-21 22:00:00,Hive_04,34.54,15.27,57.47,70.86,33.24,192.4,0,Healthy
2025-04-21 23:00:00,Hive_04,34.21,11.82,54.51,78.24,33.277,175.8,3,Healthy
2025-04-22 00:00:00,Hive_04,34.43,12.69,53.92,75.69,33.296,190.3,0,Healthy
2025-04-22 01:00:00,Hive_04,34.56,11.94,53.22,76.78,33.296,202.7,1,Healthy
2025-04-22 02:00:00,Hive_04,34.15,12.38,54.9,81.36,33.239,203.7,1,Healthy
2025-04-22 03:00:00,Hive_04,34.85,10.8,54.29,80.12,33.23,202.5,0,Healthy
2025-04-22 04:00:00,Hive_04,34.52,12.08,52.18,80.44,33.204,202.4,2,Healthy
2025-04-22 05:00:00,Hive_04,34.9,11.92,57.83,76.51,33.221,207.6,0,Healthy
2025-04-22 06:00:00,Hive_04,34.22,19.15,54.62,71.35,33.261,233.1,51,Healthy
2025-04-22 07:00:00,Hive_04,34.19,19.43,57.22,68.97,33.259,223.0,73,Healthy
2025-04-22 08:00:00,Hive_04,35.17,20.92,54.74,68.66,33.253,172.0,92,Healthy
2025-04-22 09:00:00,Hive_04,34.28,21.41,57.31,63.39,33.249,182.1,76,Healthy
2025-04-22 10:00:00,Hive_04,34.48,23.2,55.94,58.69,33.253,190.0,78,Healthy
2025-04-22 11:00:00,Hive_04,33.9,28.72,54.22,54.84,33.265,227.7,98,Healthy
2025-04-22 12:00:00,Hive_04,34.49,25.55,56.87,56.85,33.252,164.0,75,Healthy
2025-04-22 13:00:00,Hive_04,34.56,22.85,53.61,54.74,33.271,202.8,94,Healthy
2025-04-22 14:00:00,Hive_04,34.24,29.81,56.24,49.42,33.297,201.5,106,Healthy
2025-04-22 15:00:00,Hive_04,34.63,27.07,53.99,48.71,33.317,187.5,74,Healthy
2025-04-01 00:00:00,Hive_05,34.15,15.91,54.01,75.72,36.775,207.8,2,Healthy
2025-04-01 01:00:00,Hive_05,34.85,13.16,56.2,77.79,36.777,194.4,1,Healthy
2025-04-01 02:00:00,Hive_05,34.75,10.06,53.61,81.33,36.762,186.0,2,Healthy
2025-04-01 03:00:00,Hive_05,34.82,10.2,55.64,81.74,36.788,200.9,2,Healthy
2025-04-01 04:00:00,Hive_05,34.35,11.12,54.81,80.77,36.848,196.7,2,Healthy
2025-04-01 05:00:00,Hive_05,34.2,15.11,58.05,72.94,36.869,199.7,1,Healthy
2025-04-01 06:00:00,Hive_05,34.57,16.48,56.6,73.33,36.862,185.0,60,Healthy
2025-04-01 07:00:00,Hive_05,34.89,21.1,54.89,70.57,36.877,203.8,59,Healthy
2025-04-01 08:00:00,Hive_05,34.38,22.12,52.53,67.23,36.886,182.7,70,Healthy
2025-04-01 09:00:00,Hive_05,34.71,20.46,55.99,63.63,36.918,205.9,83,Healthy
2025-04-01 10:00:00,Hive_05,34.68,26.15,53.42,57.23,36.929,233.9,92,Healthy
2025-04-01 11:00:00,Hive_05,34.49,25.53,55.35,54.92,36.931,207.4,93,Healthy
2025-04-01 12:00:00,Hive_05,34.6,26.94,54.21,52.29,36.951,211.7,104,Healthy
2025-04-01 13:00:00,Hive_05,34.47,28.2,53.29,49.4,36.975,169.1,98,Healthy
2025-04-01 14:00:00,Hive_05,34.88,29.72,56.54,44.14,36.98,182.1,76,Healthy
2025-04-01 15:00:00,Hive_05,34.37,26.59,56.36,53.14,36.987,200.8,62,Healthy
2025-04-01 16:00:00,Hive_05,34.45,25.21,55.45,54.6,37.033,198.1,68,Healthy
2025-04-01 17:00:00,Hive_05,34.6,27.47,56.5,54.42,37.043,211.8,59,Healthy
2025-04-01 18:00:00,Hive_05,34.43,25.47,55.11,58.34,37.004,217.9,37,Healthy
2025-04-01 19:00:00,Hive_05,33.96,20.47,55.7,60.24,37.022,192.7,32,Healthy
2025-04-01 20:00:00,Hive_05,34.02,18.96,54.39,66.23,37.001,211.5,26,Healthy
2025-04-01 21:00:00,Hive_05,34.88,18.75,53.47,71.38,37.017,216.8,2,Healthy
2025-04-01 22:00:00,Hive_05,34.7,17.19,53.81,68.93,37.041,209.6,2,Healthy
2025-04-01 23:00:00,Hive_05,34.65,14.18,55.48,78.24,37.032,205.9,3,Healthy
2025-04-02 00:00:00,Hive_05,34.76,10.99,57.59,79.45,37.056,200.2,2,Healthy
2025-04-02 01:00:00,Hive_05,34.04,11.87,54.27,81.93,37.075,217.6,1,Healthy
2025-04-02 02:00:00,Hive_05,34.39,10.83,54.52,79.58,37.077,193.5,0,Healthy
2025-04-02 03:00:00,Hive_05,34.95,12.72,56.29,80.84,37.103,204.4,0,Healthy
2025-04-02 04:00:00,Hive_05,34.81,13.49,55.85,78.22,37.11,229.4,2,Healthy
2025-04-02 05:00:00,Hive_05,34.52,14.85,55.02,76.52,37.077,186.3,1,Healthy
2025-04-02 06:00:00,Hive_05,34.34,16.68,54.03,69.2,37.089,206.8,43,Healthy
2025-04-02 07:00:00,Hive_05,34.38,17.07,54.92,67.52,37.125,184.8,77,Healthy
2025-04-02 08:00:00,Hive_05,34.36,18.15,53.63,66.91,37.162,201.2,70,Healthy
2025-04-02 09:00:00,Hive_05,34.45,21.65,50.16,59.95,37.135,205.9,90,Healthy
2025-04-02 10:00:00,Hive_05,34.56,26.05,51.71,55.59,37.138,212.4,84,Healthy
2025-04-02 11:00:00,Hive_05,34.88,25.16,54.63,54.37,37.149,222.8,86,Healthy
2025-04-02 12:00:00,Hive_05,34.8,24.47,51.68,54.75,37.157,199.7,103,Healthy
2025-04-02 13:00:00,Hive_05,34.56,27.71,54.3,50.84,37.192,188.1,83,Healthy
2025-04-02 14:00:00,Hive_05,35.03,27.99,55.0,47.32,37.219,185.6,91,Healthy
2025-04-02 15:00:00,Hive_05,35.07,28.92,54.16,52.39,37.225,187.3,77,Healthy
2025-04-02 16:00:00,Hive_05,34.99,27.92,55.74,53.23,37.235,183.6,78,Healthy
2025-04-02 17:00:00,Hive_05,34.37,25.42,56.8,56.17,37.253,214.9,64,Healthy
2025-04-02 18:00:00,Hive_05,34.12,22.61,55.28,56.77,37.234,204.4,13,Healthy
2025-04-02 19:00:00,Hive_05,34.21,23.29,57.06,58.91,37.25,212.7,29,Healthy
2025-04-02 20:00:00,Hive_05,34.54,21.44,57.24,64.73,37.237,213.7,33,Healthy
2025-04-02 21:00:00,Hive_05,34.43,17.61,53.77,66.69,37.271,201.4,1,Healthy
2025-04-02 22:00:00,Hive_05,34.87,13.84,55.17,71.57,37.277,225.5,1,Healthy
2025-04-02 23:00:00,Hive_05,34.63,13.13,54.12,76.41,37.271,221.7,1,Healthy
2025-04-03 00:00:00,Hive_05,34.77,10.89,54.71,78.38,37.292,184.3,2,Healthy
2025-04-03 01:00:00,Hive_05,34.73,10.84,55.15,80.1,37.277,182.1,3,Healthy
2025-04-03 02:00:00,Hive_05,34.54,10.85,53.49,81.53,37.276,225.5,5,Healthy
2025-04-03 03:00:00,Hive_05,34.01,11.8,52.53,78.72,37.269,193.3,1,Healthy
2025-04-03 04:00:00,Hive_05,34.71,14.11,54.08,78.43,37.278,194.5,0,Healthy
2025-04-03 05:00:00,Hive_05,33.76,11.38,53.3,74.27,37.299,202.7,2,Healthy
2025-04-03 06:00:00,Hive_05,34.7,17.77,53.79,71.04,37.314,202.3,52,Healthy
2025-04-03 07:00:00,Hive_05,34.62,17.35,52.85,69.52,37.341,181.5,51,Healthy
2025-04-03 08:00:00,Hive_05,34.57,20.36,55.49,66.2,37.329,192.1,49,Healthy
2025-04-03 09:00:00,Hive_05,34.5,20.69,58.53,58.43,37.354,166.3,63,Healthy
2025-04-03 10:00:00,Hive_05,34.42,22.05,55.34,53.99,37.338,196.7,86,Healthy
2025-04-03 11:00:00,Hive_05,34.6,26.71,54.94,54.71,37.328,188.1,75,Healthy
2025-04-03 12:00:00,Hive_05,34.79,29.18,52.81,49.07,37.353,214.6,101,Healthy
2025-04-03 13:00:00,Hive_05,34.32,26.17,53.67,50.84,37.364,212.2,82,Healthy
2025-04-03 14:00:00,Hive_05,34.19,28.49,54.51,48.18,37.369,210.0,72,Healthy
2025-04-03 15:00:00,Hive_05,34.57,30.97,54.57,46.93,37.366,197.4,85,Healthy
2025-04-03 16:00:00,Hive_05,34.6,28.17,53.0,51.57,37.372,205.9,47,Healthy
2025-04-03 17:00:00,Hive_05,34.88,25.78,55.25,54.06,37.391,195.9,66,Healthy
2025-04-03 18:00:00,Hive_05,34.59,24.84,56.77,54.89,37.421,200.4,53,Healthy
2025-04-03 19:00:00,Hive_05,34.64,23.44,52.04,58.84,37.448,194.2,38,Healthy
2025-04-03 20:00:00,Hive_05,34.58,19.17,56.13,64.92,37.484,200.7,13,Healthy
2025-04-03 21:00:00,Hive_05,34.37,19.89,54.26,65.94,37.495,181.0,0,Healthy
2025-04-03 22:00:00,Hive_05,34.9,15.97,54.17,70.9,37.484,225.1,2,Healthy
2025-04-03 23:00:00,Hive_05,34.56,18.42,55.73,71.76,37.495,194.6,3,Healthy
2025-04-04 00:00:00,Hive_05,34.24,13.77,53.25,74.61,37.502,214.2,1,Healthy
2025-04-04 01:00:00,Hive_05,34.73,11.89,56.85,77.53,37.512,223.7,1,Healthy
2025-04-04 02:00:00,Hive_05,34.47,9.9,54.13,81.61,37.523,176.2,0,Healthy
2025-04-04 03:00:00,Hive_05,34.92,12.41,56.33,80.36,37.546,219.1,2,Healthy
2025-04-04 04:00:00,Hive_05,34.76,12.56,54.99,79.82,37.532,173.2,2,Healthy
2025-04-04 05:00:00,Hive_05,34.76,15.06,53.65,76.84,37.504,207.7,3,Healthy
2025-04-04 06:00:00,Hive_05,34.57,16.53,53.31,69.53,37.483,199.9,51,Healthy
2025-04-04 07:00:00,Hive_05,34.26,17.78,55.13,69.76,37.484,196.2,63,Healthy
2025-04-04 08:00:00,Hive_05,34.69,21.59,55.02,65.58,37.503,215.5,88,Healthy
2025-04-04 09:00:00,Hive_05,34.84,23.89,55.82,61.01,37.501,208.4,66,Healthy
2025-04-04 10:00:00,Hive_05,34.75,24.85,56.79,61.0,37.504,207.2,91,Healthy
2025-04-04 11:00:00,Hive_05,34.64,25.2,56.04,55.76,37.493,219.1,93,Healthy
2025-04-04 12:00:00,Hive_05,34.49,26.75,53.76,51.82,37.527,214.4,100,Healthy
2025-04-04 13:00:00,Hive_05,34.0,30.0,55.94,50.89,37.549,223.3,99,Healthy
2025-04-04 14:00:00,Hive_05,34.8,28.2,51.02,49.71,37.564,214.2,83,Healthy
2025-04-04 15:00:00,Hive_05,34.9,27.15,55.68,51.1,37.56,218.3,92,Healthy
2025-04-04 16:00:00,Hive_05,34.5,25.72,56.42,57.61,37.585,189.5,65,Healthy
2025-04-04 17:00:00,Hive_05,34.75,25.76,52.16,50.65,37.595,189.9,66,Healthy
2025-04-04 18:00:00,Hive_05,34.32,20.69,55.78,54.18,37.609,215.8,51,Healthy
2025-04-04 19:00:00,Hive_05,34.43,22.04,54.97,58.97,37.578,186.6,44,Healthy
2025-04-04 20:00:00,Hive_05,34.32,20.27,52.39,64.49,37.545,195.4,44,Healthy
2025-04-04 21:00:00,Hive_05,34.15,17.98,55.42,70.93,37.541,188.9,2,Healthy
2025-04-04 22:00:00,Hive_05,34.53,15.82,53.93,69.73,37.522,185.1,4,Healthy
2025-04-04 23:00:00,Hive_05,34.44,16.16,54.83,71.58,37.526,190.0,2,Healthy
2025-04-05 00:00:00,Hive_05,34.6,14.49,55.91,80.09,37.53,176.4,0,Healthy
2025-04-05 01:00:00,Hive_05,34.12,11.0,53.31,79.09,37.532,213.0,2,Healthy
2025-04-05 02:00:00,Hive_05,34.1,10.7,53.7,80.09,37.509,206.4,1,Healthy
2025-04-05 03:00:00,Hive_05,34.2,12.04,55.7,81.1,37.559,185.3,0,Healthy
2025-04-05 04:00:00,Hive_05,35.02,11.19,57.56,78.77,37.585,213.2,2,Healthy
2025-04-05 05:00:00,Hive_05,34.26,15.43,57.57,76.21,37.622,188.3,2,Healthy
2025-04-05 06:00:00,Hive_05,34.44,18.19,57.14,73.34,37.637,190.6,38,Healthy
2025-04-05 07:00:00,Hive_05,34.25,13.53,56.45,72.83,37.629,202.5,64,Healthy
2025-04-05 08:00:00,Hive_05,34.44,18.14,55.83,66.91,37.668,211.1,69,Healthy
2025-04-05 09:00:00,Hive_05,34.53,24.99,54.75,61.03,37.653,180.0,72,Healthy
2025-04-05 10:00:00,Hive_05,34.75,22.48,54.39,56.94,37.668,192.4,110,Healthy
2025-04-05 11:00:00,Hive_05,34.58,27.92,52.99,53.9,37.674,191.0,96,Healthy
2025-04-05 12:00:00,Hive_05,34.48,25.53,53.7,55.33,37.684,211.1,95,Healthy
2025-04-05 13:00:00,Hive_05,34.74,27.96,56.23,52.27,37.689,195.8,86,Healthy
2025-04-05 14:00:00,Hive_05,34.5,27.26,57.48,50.21,37.689,185.2,91,Healthy
2025-04-05 15:00:00,Hive_05,34.73,27.83,54.58,49.14,37.729,185.7,72,Healthy
2025-04-05 16:00:00,Hive_05,34.29,27.12,55.56,54.73,37.716,213.8,63,Healthy
2025-04-05 17:00:00,Hive_05,33.96,26.59,55.31,55.73,37.716,207.5,51,Healthy
2025-04-05 18:00:00,Hive_05,34.84,23.13,53.51,59.9,37.762,161.3,52,Healthy
2025-04-05 19:00:00,Hive_05,34.42,20.14,53.47,61.86,37.757,188.2,40,Healthy
2025-04-05 20:00:00,Hive_05,34.45,21.46,55.45,68.92,37.791,193.3,22,Healthy
2025-04-05 21:00:00,Hive_05,34.57,20.85,52.59,68.52,37.79,228.3,2,Healthy
2025-04-05 22:00:00,Hive_05,34.01,15.96,54.38,75.29,37.846,199.3,1,Healthy
2025-04-05 23:00:00,Hive_05,34.11,16.11,55.64,78.1,37.891,190.4,1,Healthy
2025-04-06 00:00:00,Hive_05,34.07,13.12,50.33,79.38,37.905,217.5,1,Healthy
2025-04-06 01:00:00,Hive_05,34.98,11.36,54.0,79.15,37.926,182.7,0,Healthy
2025-04-06 02:00:00,Hive_05,34.77,13.27,51.92,83.27,37.928,203.6,2,Healthy
2025-04-06 03:00:00,Hive_05,34.26,9.39,54.9,76.89,37.899,209.0,1,Healthy
2025-04-06 04:00:00,Hive_05,34.07,11.51,54.92,78.38,37.873,175.2,1,Healthy
2025-04-06 05:00:00,Hive_05,34.49,13.27,58.15,76.38,37.878,150.5,0,Healthy
2025-04-06 06:00:00,Hive_05,34.49,14.21,56.66,79.27,37.908,181.0,32,Healthy
2025-04-06 07:00:00,Hive_05,34.79,18.89,54.82,64.44,37.93,204.6,63,Healthy
2025-04-06 08:00:00,Hive_05,34.51,20.16,52.94,65.56,37.933,232.5,73,Healthy
2025-04-06 09:00:00,Hive_05,34.2,23.78,53.19,59.15,37.916,175.7,80,Healthy
2025-04-06 10:00:00,Hive_05,34.41,23.47,51.4,59.25,37.935,169.5,86,Healthy
2025-04-06 11:00:00,Hive_05,34.07,24.5,56.17,54.86,37.946,194.8,71,Healthy
2025-04-06 12:00:00,Hive_05,34.58,29.64,53.58,50.2,38.031,202.2,83,Healthy
2025-04-06 13:00:00,Hive_05,34.62,28.64,54.51,52.01,38.05,197.7,88,Healthy
2025-04-06 14:00:00,Hive_05,34.67,26.82,55.91,47.07,38.086,200.7,82,Healthy
2025-04-06 15:00:00,Hive_05,34.61,25.61,52.27,50.43,38.117,189.3,76,Healthy
2025-04-06 16:00:00,Hive_05,34.92,27.82,55.94,51.99,38.124,153.2,79,Healthy
2025-04-06 17:00:00,Hive_05,34.65,23.89,54.7,56.1,38.153,207.8,63,Healthy
2025-04-06 18:00:00,Hive_05,34.13,21.43,53.36,57.58,38.156,222.0,53,Healthy
2025-04-06 19:00:00,Hive_05,34.24,22.72,52.64,62.66,38.131,203.5,49,Healthy
2025-04-06 20:00:00,Hive_05,34.91,21.37,58.06,63.34,38.153,222.3,38,Healthy
2025-04-06 21:00:00,Hive_05,34.02,17.58,54.33,67.55,38.158,196.8,1,Healthy
2025-04-06 22:00:00,Hive_05,34.77,12.56,55.56,74.06,38.145,205.5,2,Healthy
2025-04-06 23:00:00,Hive_05,34.45,15.05,55.27,78.71,38.138,213.8,2,Healthy
2025-04-07 00:00:00,Hive_05,34.3,13.4,52.25,75.88,38.134,210.6,2,Healthy
2025-04-07 01:00:00,Hive_05,34.59,12.51,54.13,82.46,38.13,196.5,1,Healthy
2025-04-07 02:00:00,Hive_05,34.4,13.43,54.58,80.84,38.154,215.2,0,Healthy
2025-04-07 03:00:00,Hive_05,34.66,12.02,55.17,79.67,38.172,196.4,1,Healthy
2025-04-07 04:00:00,Hive_05,34.7,14.25,56.24,79.62,38.163,192.4,3,Healthy
2025-04-07 05:00:00,Hive_05,34.42,14.88,56.9,75.72,38.137,204.4,1,Healthy
2025-04-07 06:00:00,Hive_05,33.69,14.12,55.18,75.73,38.158,185.4,52,Healthy
2025-04-07 07:00:00,Hive_05,35.55,17.59,55.51,70.86,38.18,185.4,62,Healthy
2025-04-07 08:00:00,Hive_05,34.07,19.44,53.39,66.56,38.214,203.1,83,Healthy
2025-04-07 09:00:00,Hive_05,34.41,22.62,54.71,62.14,38.243,197.9,90,Healthy
2025-04-07 10:00:00,Hive_05,34.12,23.84,54.74,55.14,38.271,190.0,91,Healthy
2025-04-07 11:00:00,Hive_05,34.41,25.81,55.27,55.61,38.3,199.7,83,Healthy
2025-04-07 12:00:00,Hive_05,34.27,24.2,54.22,53.09,38.288,196.5,110,Healthy
2025-04-07 13:00:00,Hive_05,34.36,28.26,52.84,49.22,38.276,180.7,91,Healthy
2025-04-07 14:00:00,Hive_05,34.61,28.67,53.85,50.16,38.263,182.7,72,Healthy
2025-04-07 15:00:00,Hive_05,34.19,28.27,54.49,54.54,38.277,195.8,81,Healthy
2025-04-07 16:00:00,Hive_05,34.45,26.07,55.49,50.65,38.313,205.6,67,Healthy
2025-04-07 17:00:00,Hive_05,34.41,26.9,54.78,56.39,38.314,212.3,61,Healthy
2025-04-07 18:00:00,Hive_05,34.95,21.89,57.35,58.31,38.314,189.6,68,Healthy
2025-04-07 19:00:00,Hive_05,33.99,24.42,54.09,62.05,38.303,227.2,24,Healthy
2025-04-07 20:00:00,Hive_05,34.14,22.71,56.48,64.79,38.325,181.0,29,Healthy
2025-04-07 21:00:00,Hive_05,35.0,19.99,53.88,68.06,38.303,200.7,0,Healthy
2025-04-07 22:00:00,Hive_05,34.27,16.19,57.82,72.51,38.313,213.0,2,Healthy
2025-04-07 23:00:00,Hive_05,33.97,16.98,57.59,73.19,38.334,201.9,1,Healthy
2025-04-08 00:00:00,Hive_05,34.07,12.61,55.72,79.71,38.365,211.1,1,Healthy
2025-04-08 01:00:00,Hive_05,34.67,12.27,57.63,82.06,38.34,213.6,1,Healthy
2025-04-08 02:00:00,Hive_05,34.2,11.89,58.17,82.75,38.372,208.7,1,Healthy
2025-04-08 03:00:00,Hive_05,34.13,12.0,56.64,78.77,38.374,197.4,1,Healthy
2025-04-08 04:00:00,Hive_05,34.31,12.75,56.53,79.05,38.372,199.6,0,Healthy
2025-04-08 05:00:00,Hive_05,34.71,15.95,55.26,78.26,38.381,176.6,0,Healthy
2025-04-08 06:00:00,Hive_05,34.09,17.13,52.89,72.14,38.404,213.1,34,Healthy
2025-04-08 07:00:00,Hive_05,34.32,18.16,56.86,69.66,38.407,174.2,58,Healthy
2025-04-08 08:00:00,Hive_05,34.19,22.05,55.94,64.31,38.422,200.0,74,Healthy
2025-04-08 09:00:00,Hive_05,34.72,21.03,53.55,59.92,38.465,218.4,66,Healthy
2025-04-08 10:00:00,Hive_05,34.92,26.21,55.2,57.8,38.471,195.8,60,Healthy
2025-04-08 11:00:00,Hive_05,34.79,27.05,57.51,52.98,38.47,190.5,98,Healthy
2025-04-08 12:00:00,Hive_05,34.29,26.23,57.16,54.64,38.474,205.0,99,Healthy
2025-04-08 13:00:00,Hive_05,34.06,28.49,54.39,52.65,38.485,188.5,98,Healthy
2025-04-08 14:00:00,Hive_05,34.78,27.23,53.43,48.47,38.475,207.6,98,Healthy
2025-04-08 15:00:00,Hive_05,34.71,27.97,54.11,47.28,38.507,194.3,89,Healthy
2025-04-08 16:00:00,Hive_05,33.92,26.3,54.01,50.63,38.521,201.5,76,Healthy
2025-04-08 17:00:00,Hive_05,34.52,27.52,56.67,54.45,38.535,186.2,55,Healthy
2025-04-08 18:00:00,Hive_05,33.99,20.81,55.53,55.63,38.57,185.9,40,Healthy
2025-04-08 19:00:00,Hive_05,34.58,23.49,56.11,60.22,38.565,189.7,34,Healthy
2025-04-08 20:00:00,Hive_05,34.68,17.67,55.12,65.97,38.603,196.1,36,Healthy
2025-04-08 21:00:00,Hive_05,34.85,18.66,55.19,67.28,38.632,180.5,2,Healthy
2025-04-08 22:00:00,Hive_05,34.92,15.31,55.29,70.8,38.613,192.5,2,Healthy
2025-04-08 23:00:00,Hive_05,34.46,13.06,55.7,73.7,38.608,205.9,2,Healthy
2025-04-09 00:00:00,Hive_05,34.5,13.31,54.62,73.18,38.626,190.2,1,Healthy
2025-04-09 01:00:00,Hive_05,34.1,13.07,55.77,82.38,38.66,210.4,3,Healthy
2025-04-09 02:00:00,Hive_05,34.28,11.18,55.08,82.47,38.66,193.1,0,Healthy
2025-04-09 03:00:00,Hive_05,33.96,9.31,55.38,81.84,38.644,187.3,2,Healthy
2025-04-09 04:00:00,Hive_05,34.84,13.31,54.57,77.74,38.679,184.0,0,Healthy
2025-04-09 05:00:00,Hive_05,34.24,14.14,54.59,75.61,38.716,194.1,0,Healthy
2025-04-09 06:00:00,Hive_05,34.94,13.39,54.35,76.67,38.742,203.9,62,Healthy
2025-04-09 07:00:00,Hive_05,34.9,16.32,52.76,66.8,38.754,199.3,68,Healthy
2025-04-09 08:00:00,Hive_05,34.39,20.21,53.51,64.74,38.76,217.5,67,Healthy
2025-04-09 09:00:00,Hive_05,34.64,24.18,54.76,62.58,38.758,225.2,86,Healthy
2025-04-09 10:00:00,Hive_05,34.69,23.79,52.87,60.9,38.759,210.9,99,Healthy
2025-04-09 11:00:00,Hive_05,34.68,29.2,54.08,54.44,38.752,174.7,92,Healthy
2025-04-09 12:00:00,Hive_05,34.53,28.82,56.84,53.56,38.821,187.5,65,Healthy
2025-04-09 13:00:00,Hive_05,34.04,28.24,56.25,52.68,38.824,205.1,79,Healthy
2025-04-09 14:00:00,Hive_05,34.7,26.53,54.06,47.79,38.839,200.4,72,Healthy
2025-04-09 15:00:00,Hive_05,34.82,27.84,57.24,50.99,38.829,205.3,56,Healthy
2025-04-09 16:00:00,Hive_05,33.7,28.21,54.49,54.2,38.821,194.9,64,Healthy
2025-04-09 17:00:00,Hive_05,34.41,25.59,53.52,56.37,38.827,196.2,59,Healthy
2025-04-09 18:00:00,Hive_05,34.89,23.06,53.1,58.23,38.846,214.4,45,Healthy
2025-04-09 19:00:00,Hive_05,34.16,23.95,53.09,61.0,38.872,210.4,55,Healthy
2025-04-09 20:00:00,Hive_05,34.64,21.01,55.11,64.8,38.875,191.8,12,Healthy
2025-04-09 21:00:00,Hive_05,33.69,16.82,54.23,68.84,38.903,220.1,1,Healthy
2025-04-09 22:00:00,Hive_05,34.33,15.15,56.71,71.06,38.946,174.7,1,Healthy
2025-04-09 23:00:00,Hive_05,34.35,11.55,55.54,75.55,38.969,208.3,0,Healthy
2025-04-10 00:00:00,Hive_05,35.02,13.03,54.47,74.6,38.952,191.8,2,Healthy
2025-04-10 01:00:00,Hive_05,34.52,13.37,54.5,82.09,38.976,209.9,2,Healthy
2025-04-10 02:00:00,Hive_05,34.49,13.21,51.95,78.78,39.013,192.6,3,Healthy
2025-04-10 03:00:00,Hive_05,34.52,11.29,54.1,80.09,39.033,219.2,3,Healthy
2025-04-10 04:00:00,Hive_05,34.08,14.19,56.71,75.57,39.023,209.2,2,Healthy
2025-04-10 05:00:00,Hive_05,34.49,16.32,58.09,76.63,39.05,208.3,1,Healthy
2025-04-10 06:00:00,Hive_05,34.05,14.28,54.52,71.98,39.076,214.7,46,Healthy
2025-04-10 07:00:00,Hive_05,34.49,22.33,56.71,71.43,39.074,203.8,56,Healthy
2025-04-10 08:00:00,Hive_05,34.5,18.18,55.1,66.07,39.083,186.5,85,Healthy
2025-04-10 09:00:00,Hive_05,34.11,22.44,57.11,60.58,39.112,200.0,65,Healthy
2025-04-10 10:00:00,Hive_05,34.3,26.49,54.93,56.77,39.129,197.5,50,Healthy
2025-04-10 11:00:00,Hive_05,34.23,26.03,57.34,56.24,39.157,207.0,78,Healthy
2025-04-10 12:00:00,Hive_05,34.48,27.35,56.34,52.72,39.16,195.9,83,Healthy
2025-04-10 13:00:00,Hive_05,34.44,27.05,54.65,50.21,39.188,222.5,75,Healthy
2025-04-10 14:00:00,Hive_05,34.23,30.22,54.51,51.35,39.204,175.2,83,Healthy
2025-04-10 15:00:00,Hive_05,34.06,28.52,55.3,49.02,39.258,189.3,71,Healthy
2025-04-10 16:00:00,Hive_05,34.0,26.63,56.15,55.15,39.258,194.2,59,Healthy
2025-04-10 17:00:00,Hive_05,34.34,25.28,51.3,52.43,39.234,205.1,72,Healthy
2025-04-10 18:00:00,Hive_05,34.35,28.84,52.02,59.35,39.255,178.2,41,Healthy
2025-04-10 19:00:00,Hive_05,34.22,23.4,52.44,61.71,39.269,205.0,54,Healthy
2025-04-10 20:00:00,Hive_05,34.78,16.26,54.37,65.24,39.247,186.1,30,Healthy
2025-04-10 21:00:00,Hive_05,34.88,17.2,54.4,69.49,39.281,198.3,2,Healthy
2025-04-10 22:00:00,Hive_05,34.66,15.82,55.96,73.23,39.291,150.0,2,Healthy
2025-04-10 23:00:00,Hive_05,33.78,11.39,57.55,74.39,39.31,195.1,3,Healthy
2025-04-11 00:00:00,Hive_05,34.62,13.87,54.43,78.24,39.295,214.4,1,Healthy
2025-04-11 01:00:00,Hive_05,34.51,9.63,57.55,80.5,39.31,182.3,0,Healthy
2025-04-11 02:00:00,Hive_05,34.24,13.9,53.92,79.87,39.346,207.1,3,Healthy
2025-04-11 03:00:00,Hive_05,35.04,12.64,54.41,77.82,39.372,216.3,2,Healthy
2025-04-11 04:00:00,Hive_05,34.7,11.4,55.8,76.63,39.408,217.1,1,Healthy
2025-04-11 05:00:00,Hive_05,34.68,16.51,58.63,73.55,39.425,173.3,1,Healthy
2025-04-11 06:00:00,Hive_05,34.9,19.26,53.57,72.09,39.428,196.8,69,Healthy
2025-04-11 07:00:00,Hive_05,35.21,17.47,55.34,65.11,39.451,175.9,62,Healthy
2025-04-11 08:00:00,Hive_05,34.7,20.03,52.44,63.07,39.441,218.2,62,Healthy
2025-04-11 09:00:00,Hive_05,34.39,21.33,56.04,61.3,39.455,177.4,70,Healthy
2025-04-11 10:00:00,Hive_05,32.13,22.74,68.92,56.57,39.476,355.6,32,At Risk
2025-04-11 11:00:00,Hive_05,29.47,23.98,63.27,56.3,39.362,333.7,30,At Risk
2025-04-11 12:00:00,Hive_05,32.04,27.09,69.47,51.65,39.318,338.9,34,At Risk
2025-04-11 13:00:00,Hive_05,33.58,26.5,69.94,48.3,39.237,330.1,35,At Risk
2025-04-11 14:00:00,Hive_05,31.59,27.73,65.05,52.31,39.171,326.2,34,At Risk
2025-04-11 15:00:00,Hive_05,31.74,28.79,67.07,49.35,39.082,330.4,31,At Risk
2025-04-11 16:00:00,Hive_05,32.51,25.19,65.49,53.47,38.975,338.4,24,At Risk
2025-04-11 17:00:00,Hive_05,33.85,25.65,70.8,53.66,38.911,372.9,18,At Risk
2025-04-11 18:00:00,Hive_05,31.72,25.16,67.32,58.59,38.833,351.2,12,At Risk
2025-04-11 19:00:00,Hive_05,31.66,24.8,65.63,63.4,38.75,342.4,19,At Risk
2025-04-11 20:00:00,Hive_05,33.03,20.86,66.4,67.43,38.718,338.9,23,At Risk
2025-04-11 21:00:00,Hive_05,33.07,17.7,66.74,69.61,38.644,330.3,0,At Risk
2025-04-11 22:00:00,Hive_05,34.78,17.87,67.06,70.61,38.578,330.1,0,At Risk
2025-04-11 23:00:00,Hive_05,31.68,12.73,69.58,77.27,38.552,323.5,0,At Risk
2025-04-12 00:00:00,Hive_05,32.37,12.63,67.47,79.09,38.514,337.9,0,At Risk
2025-04-12 01:00:00,Hive_05,34.36,12.57,69.66,79.75,38.406,328.3,0,At Risk
2025-04-12 02:00:00,Hive_05,32.36,11.93,67.02,78.99,38.37,282.5,0,At Risk
2025-04-12 03:00:00,Hive_05,33.77,14.47,67.71,78.72,38.301,331.9,0,At Risk
2025-04-12 04:00:00,Hive_05,33.42,13.69,66.9,75.97,38.223,293.5,0,At Risk
2025-04-12 05:00:00,Hive_05,31.8,13.21,69.37,76.35,38.167,375.7,0,At Risk
2025-04-12 06:00:00,Hive_05,31.53,16.81,71.61,71.63,38.162,344.0,14,At Risk
2025-04-12 07:00:00,Hive_05,32.63,19.59,68.11,68.02,38.154,346.0,20,At Risk
2025-04-12 08:00:00,Hive_05,32.29,21.2,68.12,63.0,38.122,364.5,27,At Risk
2025-04-12 09:00:00,Hive_05,30.25,21.44,75.36,61.72,38.105,343.8,30,At Risk
2025-04-12 10:00:00,Hive_05,31.23,25.77,62.43,57.86,38.108,324.0,39,At Risk
2025-04-12 11:00:00,Hive_05,33.3,23.15,63.95,58.09,38.091,305.4,35,At Risk
2025-04-12 12:00:00,Hive_05,31.39,26.84,68.53,51.82,38.015,326.8,31,At Risk
2025-04-12 13:00:00,Hive_05,32.66,29.22,67.7,50.07,37.933,360.8,40,At Risk
2025-04-12 14:00:00,Hive_05,33.05,27.17,67.81,48.88,37.884,312.6,40,At Risk
2025-04-12 15:00:00,Hive_05,31.23,29.29,65.93,50.27,37.83,339.7,26,At Risk
2025-04-12 16:00:00,Hive_05,33.04,25.06,68.22,52.17,37.787,301.7,24,At Risk
2025-04-12 17:00:00,Hive_05,34.13,26.97,68.26,51.89,37.785,342.6,26,At Risk
2025-04-12 18:00:00,Hive_05,31.26,23.34,69.9,59.38,37.736,322.9,26,At Risk
2025-04-12 19:00:00,Hive_05,32.46,23.55,73.68,58.9,37.645,307.3,24,At Risk
2025-04-12 20:00:00,Hive_05,32.25,21.4,69.43,62.9,37.627,347.7,24,At Risk
2025-04-12 21:00:00,Hive_05,31.66,19.98,68.99,69.21,37.607,318.1,0,At Risk
2025-04-12 22:00:00,Hive_05,31.59,13.06,69.85,73.37,37.553,304.7,0,At Risk
2025-04-12 23:00:00,Hive_05,33.99,14.64,65.47,74.18,37.517,304.7,0,At Risk
2025-04-13 00:00:00,Hive_05,30.51,11.42,67.44,78.05,37.454,319.4,0,At Risk
2025-04-13 01:00:00,Hive_05,32.32,8.97,68.84,82.16,37.411,350.3,0,At Risk
2025-04-13 02:00:00,Hive_05,32.32,13.41,63.87,82.08,37.349,336.7,0,At Risk
2025-04-13 03:00:00,Hive_05,32.65,11.45,67.77,77.89,37.311,371.8,0,At Risk
2025-04-13 04:00:00,Hive_05,33.46,14.08,68.99,78.86,37.282,320.3,0,At Risk
2025-04-13 05:00:00,Hive_05,32.54,15.44,64.59,76.86,37.207,328.4,0,At Risk
2025-04-13 06:00:00,Hive_05,34.36,16.9,68.74,70.84,37.17,346.2,24,At Risk
2025-04-13 07:00:00,Hive_05,33.37,18.88,66.97,66.89,37.12,274.8,21,At Risk
2025-04-13 08:00:00,Hive_05,31.37,19.29,63.14,65.9,37.063,323.7,23,At Risk
2025-04-13 09:00:00,Hive_05,32.74,22.2,67.45,57.56,37.021,353.8,27,At Risk
2025-04-13 10:00:00,Hive_05,35.86,24.39,69.47,57.24,37.005,373.8,38,At Risk
2025-04-13 11:00:00,Hive_05,30.41,25.72,69.29,53.52,36.976,308.0,38,At Risk
2025-04-13 12:00:00,Hive_05,32.97,29.25,68.64,51.06,36.915,309.5,33,At Risk
2025-04-13 13:00:00,Hive_05,32.62,26.08,66.43,48.07,36.892,299.8,26,At Risk
2025-04-13 14:00:00,Hive_05,28.85,25.07,69.41,50.22,36.828,327.5,33,At Risk
2025-04-13 15:00:00,Hive_05,32.26,27.3,71.9,50.96,36.732,367.6,26,At Risk
2025-04-13 16:00:00,Hive_05,31.22,28.06,65.34,53.02,36.694,303.5,20,At Risk
2025-04-13 17:00:00,Hive_05,32.03,26.4,70.78,54.46,36.65,350.8,20,At Risk
2025-04-13 18:00:00,Hive_05,34.55,22.88,71.86,57.53,36.567,295.7,20,At Risk
2025-04-13 19:00:00,Hive_05,29.98,23.3,70.19,65.29,36.485,341.3,9,At Risk
2025-04-13 20:00:00,Hive_05,32.21,20.38,65.95,65.86,36.459,341.4,9,At Risk
2025-04-13 21:00:00,Hive_05,32.19,16.95,71.12,68.6,36.445,297.6,0,At Risk
2025-04-13 22:00:00,Hive_05,32.7,15.43,62.02,68.9,36.374,357.7,0,At Risk
2025-04-13 23:00:00,Hive_05,32.13,14.73,65.61,71.89,36.36,344.5,0,At Risk
2025-04-14 00:00:00,Hive_05,31.66,14.22,68.52,80.56,36.26,382.4,0,At Risk
2025-04-14 01:00:00,Hive_05,32.01,13.89,67.47,78.79,36.189,309.5,0,At Risk
2025-04-14 02:00:00,Hive_05,32.46,12.48,64.93,80.65,36.131,374.2,0,At Risk
2025-04-14 03:00:00,Hive_05,29.79,11.59,68.76,80.01,36.075,332.9,0,At Risk
2025-04-14 04:00:00,Hive_05,33.41,14.17,65.35,77.43,35.981,335.3,0,At Risk
2025-04-14 05:00:00,Hive_05,30.67,14.24,69.05,72.74,35.953,354.9,0,At Risk
2025-04-14 06:00:00,Hive_05,32.91,16.43,67.51,69.65,35.904,356.1,13,At Risk
2025-04-14 07:00:00,Hive_05,29.96,16.24,66.18,69.53,35.825,327.3,17,At Risk
2025-04-14 08:00:00,Hive_05,25.74,20.28,97.78,64.19,35.596,40.0,2,Critical
2025-04-14 09:00:00,Hive_05,28.39,21.6,82.95,63.01,35.379,402.7,4,Critical
2025-04-14 10:00:00,Hive_05,29.27,25.44,72.07,59.87,35.154,439.7,2,Critical
2025-04-14 11:00:00,Hive_05,28.24,24.88,80.47,57.66,34.935,559.2,2,Critical
2025-04-14 12:00:00,Hive_05,28.28,24.37,80.82,53.14,34.704,40.0,1,Critical
2025-04-14 13:00:00,Hive_05,29.19,28.19,84.41,52.74,34.45,40.0,2,Critical
2025-04-14 14:00:00,Hive_05,27.07,28.92,82.7,50.3,34.266,393.6,5,Critical
2025-04-14 15:00:00,Hive_05,26.4,27.09,92.42,48.31,34.086,40.0,2,Critical
2025-04-14 16:00:00,Hive_05,27.95,27.21,76.3,50.13,33.908,40.0,5,Critical
2025-04-14 17:00:00,Hive_05,30.83,24.83,79.26,54.5,33.713,511.1,3,Critical
2025-04-14 18:00:00,Hive_05,30.8,25.19,83.26,57.86,33.418,376.3,3,Critical
2025-04-14 19:00:00,Hive_05,26.59,19.5,76.15,60.18,33.236,481.3,2,Critical
2025-04-14 20:00:00,Hive_05,31.45,18.14,79.34,67.89,33.11,421.7,3,Critical
2025-04-14 21:00:00,Hive_05,21.18,18.01,74.65,69.37,32.952,446.0,0,Critical
2025-04-14 22:00:00,Hive_05,27.96,16.69,80.05,70.36,32.754,389.7,3,Critical
2025-04-14 23:00:00,Hive_05,30.13,13.45,90.65,75.88,32.517,451.8,3,Critical
2025-04-15 00:00:00,Hive_05,30.63,14.05,77.15,77.91,32.269,460.5,3,Critical
2025-04-15 01:00:00,Hive_05,26.45,11.3,79.33,81.54,32.069,40.0,2,Critical
2025-04-15 02:00:00,Hive_05,32.33,12.63,85.13,79.26,31.847,422.8,4,Critical
2025-04-15 03:00:00,Hive_05,29.29,12.35,77.48,80.45,31.632,40.0,0,Critical
2025-04-15 04:00:00,Hive_05,27.46,13.86,77.9,74.95,31.421,392.2,4,Critical
2025-04-15 05:00:00,Hive_05,26.8,13.93,79.97,75.95,31.243,40.0,1,Critical
2025-04-15 06:00:00,Hive_05,26.6,14.4,68.92,73.82,30.961,480.5,4,Critical
2025-04-15 07:00:00,Hive_05,25.42,17.48,84.41,68.75,30.733,392.4,1,Critical
2025-04-15 08:00:00,Hive_05,28.52,20.15,79.04,65.62,30.577,479.4,4,Critical
2025-04-15 09:00:00,Hive_05,26.54,22.13,78.82,62.93,30.342,455.7,3,Critical
2025-04-15 10:00:00,Hive_05,28.39,23.49,82.32,53.69,30.087,40.0,2,Critical
2025-04-15 11:00:00,Hive_05,27.35,24.68,70.79,55.65,29.831,329.7,1,Critical
2025-04-15 12:00:00,Hive_05,31.0,26.16,91.12,50.97,29.626,438.2,3,Critical
2025-04-15 13:00:00,Hive_05,22.81,28.47,90.98,50.45,29.366,40.0,0,Critical
2025-04-15 14:00:00,Hive_05,23.03,26.82,82.25,46.87,29.213,40.0,2,Critical
2025-04-15 15:00:00,Hive_05,25.62,27.85,83.1,49.3,28.99,40.0,4,Critical
2025-04-15 16:00:00,Hive_05,28.95,27.58,68.08,51.75,28.733,371.5,2,Critical
2025-04-15 17:00:00,Hive_05,31.97,21.81,80.06,53.51,28.548,386.4,3,Critical
2025-04-15 18:00:00,Hive_05,32.72,23.97,86.69,57.38,28.257,453.8,1,Critical
2025-04-15 19:00:00,Hive_05,26.22,22.6,80.44,62.58,28.012,40.0,3,Critical
2025-04-15 20:00:00,Hive_05,23.69,20.65,73.97,68.49,27.934,423.9,1,Critical
2025-04-15 21:00:00,Hive_05,30.64,17.73,89.84,68.79,27.724,406.2,1,Critical
2025-04-15 22:00:00,Hive_05,26.63,17.73,81.31,72.17,27.624,406.7,4,Critical
2025-04-15 23:00:00,Hive_05,25.49,12.58,88.27,73.41,27.437,342.3,2,Critical
2025-04-16 00:00:00,Hive_05,25.67,14.99,78.76,79.96,27.181,441.9,1,Critical
2025-04-16 01:00:00,Hive_05,28.66,9.96,81.42,81.26,26.96,412.6,3,Critical
2025-04-16 02:00:00,Hive_05,33.58,10.81,80.2,80.7,26.72,399.0,3,Critical
2025-04-16 03:00:00,Hive_05,31.59,10.27,84.11,79.24,26.567,437.1,3,Critical
2025-04-16 04:00:00,Hive_05,24.56,12.24,83.9,78.21,26.36,431.9,0,Critical
2025-04-16 05:00:00,Hive_05,26.9,16.3,81.37,77.62,26.098,40.0,4,Critical
2025-04-16 06:00:00,Hive_05,28.65,16.15,78.19,70.79,25.807,419.7,0,Critical
2025-04-16 07:00:00,Hive_05,26.02,16.75,72.39,71.11,25.58,445.1,2,Critical
2025-04-16 08:00:00,Hive_05,27.75,22.49,80.85,64.13,25.438,432.3,1,Critical
2025-04-16 09:00:00,Hive_05,30.07,21.96,70.96,59.16,25.245,482.7,4,Critical
2025-04-16 10:00:00,Hive_05,28.03,23.92,78.23,54.55,25.017,465.9,3,Critical
2025-04-16 11:00:00,Hive_05,30.29,26.77,85.6,57.45,24.808,446.8,4,Critical
2025-04-16 12:00:00,Hive_05,23.72,28.67,77.93,54.13,24.549,459.9,5,Critical
2025-04-16 13:00:00,Hive_05,28.9,27.38,82.95,51.0,24.42,432.8,3,Critical
2025-04-16 14:00:00,Hive_05,31.97,27.59,72.07,49.35,24.298,471.3,2,Critical
2025-04-16 15:00:00,Hive_05,26.07,28.86,74.41,54.03,24.021,391.2,1,Critical
2025-04-16 16:00:00,Hive_05,29.58,29.8,83.61,51.15,23.754,40.0,1,Critical
2025-04-16 17:00:00,Hive_05,26.37,27.83,91.3,54.17,23.518,450.3,4,Critical
2025-04-16 18:00:00,Hive_05,26.51,26.57,86.88,57.28,23.303,419.5,6,Critical
2025-04-16 19:00:00,Hive_05,26.08,24.19,78.56,60.99,22.97,515.0,6,Critical
2025-04-16 20:00:00,Hive_05,34.2,21.29,66.88,65.38,22.953,370.0,15,At Risk
2025-04-16 21:00:00,Hive_05,33.97,20.02,66.47,70.65,22.909,325.0,0,At Risk
2025-04-16 22:00:00,Hive_05,32.2,15.72,70.37,69.37,22.879,307.2,0,At Risk
2025-04-16 23:00:00,Hive_05,30.71,14.14,75.01,77.18,22.868,315.7,0,At Risk
2025-04-17 00:00:00,Hive_05,33.06,14.77,65.94,79.93,22.833,308.6,0,At Risk
2025-04-17 01:00:00,Hive_05,30.97,11.79,62.76,80.25,22.748,325.5,0,At Risk
2025-04-17 02:00:00,Hive_05,32.65,13.12,74.98,79.38,22.732,310.6,0,At Risk
2025-04-17 03:00:00,Hive_05,31.98,10.92,70.66,83.7,22.761,339.4,0,At Risk
2025-04-17 04:00:00,Hive_05,32.79,12.53,66.74,80.77,22.664,371.8,0,At Risk
2025-04-17 05:00:00,Hive_05,31.67,16.6,68.7,77.13,22.626,335.5,0,At Risk
2025-04-17 06:00:00,Hive_05,34.57,15.11,68.93,72.16,22.589,302.5,19,At Risk
2025-04-17 07:00:00,Hive_05,31.94,19.05,69.28,69.16,22.527,347.6,27,At Risk
2025-04-17 08:00:00,Hive_05,32.0,19.87,69.68,64.72,22.444,321.6,26,At Risk
2025-04-17 09:00:00,Hive_05,30.51,20.85,64.99,58.13,22.414,341.5,25,At Risk
2025-04-17 10:00:00,Hive_05,31.0,24.03,66.52,59.18,22.403,306.2,39,At Risk
2025-04-17 11:00:00,Hive_05,31.12,26.41,72.53,58.69,22.375,317.5,48,At Risk
2025-04-17 12:00:00,Hive_05,31.96,25.68,64.77,55.18,22.368,332.6,29,At Risk
2025-04-17 13:00:00,Hive_05,32.43,27.28,63.37,46.7,22.32,295.4,40,At Risk
2025-04-17 14:00:00,Hive_05,32.67,24.84,69.08,49.43,22.307,286.5,36,At Risk
2025-04-17 15:00:00,Hive_05,32.98,27.54,66.31,48.37,22.277,308.3,26,At Risk
2025-04-17 16:00:00,Hive_05,34.97,25.73,52.9,52.67,22.28,197.5,74,Healthy
2025-04-17 17:00:00,Hive_05,34.31,27.14,55.87,54.07,22.258,167.8,86,Healthy
2025-04-17 18:00:00,Hive_05,34.66,22.79,55.52,56.67,22.285,214.1,35,Healthy
2025-04-17 19:00:00,Hive_05,34.61,23.97,55.63,62.14,22.251,196.9,29,Healthy
2025-04-17 20:00:00,Hive_05,34.75,18.33,55.43,64.02,22.269,193.3,33,Healthy
2025-04-17 21:00:00,Hive_05,34.71,17.63,55.24,70.78,22.263,204.1,2,Healthy
2025-04-17 22:00:00,Hive_05,34.3,16.18,55.48,71.55,22.256,196.2,2,Healthy
2025-04-17 23:00:00,Hive_05,34.59,15.01,58.05,73.29,22.28,195.9,3,Healthy
2025-04-18 00:00:00,Hive_05,33.98,16.37,55.93,79.72,22.317,169.0,2,Healthy
2025-04-18 01:00:00,Hive_05,34.48,11.97,55.51,82.12,22.334,210.7,2,Healthy
2025-04-18 02:00:00,Hive_05,34.5,10.65,56.85,79.47,22.354,190.1,1,Healthy
2025-04-18 03:00:00,Hive_05,34.73,13.25,54.92,78.54,22.393,188.9,3,Healthy
2025-04-18 04:00:00,Hive_05,34.24,14.55,57.89,77.11,22.385,204.6,2,Healthy
2025-04-18 05:00:00,Hive_05,34.22,14.36,57.9,77.17,22.378,197.8,0,Healthy
2025-04-18 06:00:00,Hive_05,35.1,17.57,56.7,76.28,22.381,200.0,46,Healthy
2025-04-18 07:00:00,Hive_05,34.77,16.11,53.7,68.29,22.345,181.2,68,Healthy
2025-04-18 08:00:00,Hive_05,34.38,17.42,55.39,64.06,22.36,206.0,68,Healthy
2025-04-18 09:00:00,Hive_05,33.97,20.65,56.17,62.92,22.393,235.1,70,Healthy
2025-04-18 10:00:00,Hive_05,34.49,23.16,56.25,57.61,22.413,194.7,83,Healthy
2025-04-18 11:00:00,Hive_05,34.43,27.06,55.83,51.86,22.402,146.9,103,Healthy
2025-04-18 12:00:00,Hive_05,34.78,26.9,54.69,49.49,22.391,205.5,90,Healthy
2025-04-18 13:00:00,Hive_05,34.19,26.81,56.1,48.97,22.376,188.0,89,Healthy
2025-04-18 14:00:00,Hive_05,34.68,30.19,55.15,50.27,22.404,229.1,80,Healthy
2025-04-18 15:00:00,Hive_05,34.66,27.75,55.2,50.86,22.403,199.9,102,Healthy
2025-04-18 16:00:00,Hive_05,34.38,27.4,55.02,48.19,22.411,199.0,72,Healthy
2025-04-18 17:00:00,Hive_05,34.79,26.42,52.76,54.91,22.416,206.5,62,Healthy
2025-04-18 18:00:00,Hive_05,34.25,23.02,56.46,56.44,22.389,180.8,54,Healthy
2025-04-18 19:00:00,Hive_05,34.69,22.89,55.27,57.95,22.409,201.1,43,Healthy
2025-04-18 20:00:00,Hive_05,34.57,20.69,54.87,65.94,22.417,203.5,38,Healthy
2025-04-18 21:00:00,Hive_05,34.61,20.88,56.82,69.94,22.435,184.1,1,Healthy
2025-04-18 22:00:00,Hive_05,34.67,18.74,53.52,71.07,22.471,193.1,2,Healthy
2025-04-18 23:00:00,Hive_05,34.55,14.0,56.36,76.62,22.494,204.2,2,Healthy
2025-04-19 00:00:00,Hive_05,34.36,14.12,57.33,77.2,22.518,206.1,1,Healthy
2025-04-19 01:00:00,Hive_05,34.36,9.59,54.53,78.9,22.545,222.9,3,Healthy
2025-04-19 02:00:00,Hive_05,34.35,11.09,52.24,81.08,22.554,218.9,1,Healthy
2025-04-19 03:00:00,Hive_05,34.71,13.52,54.63,78.16,22.594,195.3,1,Healthy
2025-04-19 04:00:00,Hive_05,34.56,15.28,54.15,76.84,22.623,219.5,1,Healthy
2025-04-19 05:00:00,Hive_05,34.54,15.16,57.29,76.88,22.663,187.2,3,Healthy
2025-04-19 06:00:00,Hive_05,34.43,16.76,52.78,72.99,22.679,204.6,69,Healthy
2025-04-19 07:00:00,Hive_05,34.15,16.92,57.39,65.67,22.68,220.5,60,Healthy
2025-04-19 08:00:00,Hive_05,34.9,18.54,54.73,69.0,22.71,201.8,74,Healthy
2025-04-19 09:00:00,Hive_05,34.39,24.71,55.04,58.08,22.726,181.3,87,Healthy
2025-04-19 10:00:00,Hive_05,34.42,22.27,57.84,55.0,22.787,207.3,82,Healthy
2025-04-19 11:00:00,Hive_05,34.94,25.89,53.17,55.06,22.821,178.6,83,Healthy
2025-04-19 12:00:00,Hive_05,34.5,26.92,55.26,52.83,22.832,177.2,95,Healthy
2025-04-19 13:00:00,Hive_05,35.05,28.94,55.62,53.2,22.87,200.3,74,Healthy
2025-04-19 14:00:00,Hive_05,34.5,29.44,54.91,51.48,22.89,194.9,89,Healthy
2025-04-19 15:00:00,Hive_05,34.1,26.34,58.37,48.89,22.901,218.1,67,Healthy
2025-04-19 16:00:00,Hive_05,34.94,26.66,54.1,53.11,22.903,188.1,68,Healthy
2025-04-19 17:00:00,Hive_05,34.58,24.13,56.01,51.52,22.89,189.9,59,Healthy
2025-04-19 18:00:00,Hive_05,34.63,26.56,56.02,51.83,22.886,194.8,53,Healthy
2025-04-19 19:00:00,Hive_05,34.53,22.03,56.29,64.52,22.905,210.4,31,Healthy
2025-04-19 20:00:00,Hive_05,34.29,20.3,56.39,64.87,22.875,220.2,7,Healthy
2025-04-19 21:00:00,Hive_05,34.14,17.7,55.64,70.76,22.891,204.9,1,Healthy
2025-04-19 22:00:00,Hive_05,34.47,15.3,56.38,69.36,22.892,193.9,3,Healthy
2025-04-19 23:00:00,Hive_05,34.66,14.1,54.75,76.31,22.915,214.8,2,Healthy
2025-04-20 00:00:00,Hive_05,34.15,14.59,54.23,73.82,22.91,189.2,2,Healthy
2025-04-20 01:00:00,Hive_05,34.43,12.43,54.4,79.22,22.915,220.8,0,Healthy
2025-04-20 02:00:00,Hive_05,34.88,13.91,53.52,84.59,22.915,215.5,1,Healthy
2025-04-20 03:00:00,Hive_05,34.16,11.51,54.8,79.29,22.901,210.8,1,Healthy
2025-04-20 04:00:00,Hive_05,34.61,13.15,56.23,77.1,22.917,189.5,1,Healthy
2025-04-20 05:00:00,Hive_05,34.44,17.88,54.14,77.5,22.898,216.9,1,Healthy
2025-04-20 06:00:00,Hive_05,34.91,17.58,56.14,74.15,22.904,200.2,50,Healthy
2025-04-20 07:00:00,Hive_05,33.85,17.53,56.14,65.64,22.91,214.4,56,Healthy
2025-04-20 08:00:00,Hive_05,34.97,20.0,54.53,66.86,22.9,218.2,67,Healthy
2025-04-20 09:00:00,Hive_05,34.28,21.34,56.16,60.32,22.883,201.5,80,Healthy
2025-04-20 10:00:00,Hive_05,34.77,23.1,54.32,60.67,22.891,213.4,85,Healthy
2025-04-20 11:00:00,Hive_05,34.58,27.76,55.37,55.53,22.964,184.7,77,Healthy
2025-04-20 12:00:00,Hive_05,33.76,26.57,52.14,54.82,22.966,231.8,90,Healthy
2025-04-20 13:00:00,Hive_05,35.0,25.98,54.04,52.16,22.985,202.4,94,Healthy
2025-04-20 14:00:00,Hive_05,34.75,27.31,56.07,51.26,22.963,178.5,77,Healthy
2025-04-20 15:00:00,Hive_05,34.18,28.13,55.49,51.63,22.992,210.0,73,Healthy
2025-04-20 16:00:00,Hive_05,35.02,26.38,55.71,49.41,22.969,218.4,76,Healthy
2025-04-20 17:00:00,Hive_05,34.37,27.45,53.78,53.28,23.022,192.5,50,Healthy
2025-04-20 18:00:00,Hive_05,34.97,23.03,55.42,56.85,23.056,204.3,48,Healthy
2025-04-20 19:00:00,Hive_05,34.8,20.51,56.62,64.31,23.085,189.3,42,Healthy
2025-04-20 20:00:00,Hive_05,34.55,21.63,57.96,66.89,23.106,219.8,32,Healthy
2025-04-20 21:00:00,Hive_05,34.72,17.37,55.52,70.82,23.099,215.2,1,Healthy
2025-04-20 22:00:00,Hive_05,34.25,17.17,55.44,70.31,23.12,203.3,1,Healthy
2025-04-20 23:00:00,Hive_05,34.56,16.01,54.76,75.88,23.116,216.9,1,Healthy
2025-04-21 00:00:00,Hive_05,34.6,15.62,55.1,76.34,23.124,210.2,2,Healthy
2025-04-21 01:00:00,Hive_05,34.15,13.08,53.15,77.36,23.129,231.7,1,Healthy
2025-04-21 02:00:00,Hive_05,34.55,15.15,55.89,79.93,23.133,203.4,0,Healthy
2025-04-21 03:00:00,Hive_05,34.72,10.94,52.95,76.13,23.171,205.3,2,Healthy
2025-04-21 04:00:00,Hive_05,34.4,12.1,56.6,75.74,23.223,207.6,0,Healthy
2025-04-21 05:00:00,Hive_05,34.46,12.89,54.58,72.63,23.231,183.9,0,Healthy
2025-04-21 06:00:00,Hive_05,34.14,16.14,55.71,73.47,23.26,165.0,65,Healthy
2025-04-21 07:00:00,Hive_05,34.19,18.98,56.18,70.79,23.288,190.2,68,Healthy
2025-04-21 08:00:00,Hive_05,34.44,19.79,55.25,63.76,23.292,188.1,73,Healthy
2025-04-21 09:00:00,Hive_05,34.01,22.91,54.12,61.41,23.285,226.0,79,Healthy
2025-04-21 10:00:00,Hive_05,34.46,23.58,56.13,56.38,23.258,203.5,79,Healthy
2025-04-21 11:00:00,Hive_05,34.29,26.3,52.95,55.99,23.262,219.3,96,Healthy
2025-04-21 12:00:00,Hive_05,34.33,26.36,53.05,50.74,23.288,214.5,86,Healthy
2025-04-21 13:00:00,Hive_05,34.36,26.98,53.9,49.11,23.295,211.8,95,Healthy
2025-04-21 14:00:00,Hive_05,34.69,26.74,53.59,50.3,23.307,218.2,82,Healthy
2025-04-21 15:00:00,Hive_05,34.59,24.7,55.16,45.48,23.321,207.3,63,Healthy
2025-04-21 16:00:00,Hive_05,34.72,25.72,54.61,52.86,23.303,205.1,70,Healthy
2025-04-21 17:00:00,Hive_05,34.67,24.07,54.07,50.43,23.316,202.2,48,Healthy
2025-04-21 18:00:00,Hive_05,34.05,24.63,52.56,55.78,23.326,223.9,50,Healthy
2025-04-21 19:00:00,Hive_05,34.65,24.75,57.36,64.02,23.365,217.7,20,Healthy
2025-04-21 20:00:00,Hive_05,34.85,19.64,54.54,63.61,23.41,201.5,29,Healthy
2025-04-21 21:00:00,Hive_05,34.58,17.36,54.9,68.51,23.411,193.9,3,Healthy
2025-04-21 22:00:00,Hive_05,34.75,19.0,53.76,71.56,23.415,183.7,3,Healthy
2025-04-21 23:00:00,Hive_05,34.77,15.07,53.7,76.96,23.418,206.7,1,Healthy
2025-04-22 00:00:00,Hive_05,34.9,13.18,56.41,76.39,23.453,209.9,0,Healthy
2025-04-22 01:00:00,Hive_05,34.42,11.55,56.59,78.09,23.433,191.2,1,Healthy
2025-04-22 02:00:00,Hive_05,34.4,10.03,56.67,80.41,23.438,206.9,2,Healthy
2025-04-22 03:00:00,Hive_05,34.62,8.55,55.51,76.62,23.447,220.0,2,Healthy
2025-04-22 04:00:00,Hive_05,35.02,15.43,54.09,73.07,23.457,217.8,0,Healthy
2025-04-22 05:00:00,Hive_05,34.31,13.96,56.37,77.62,23.481,202.5,2,Healthy
2025-04-22 06:00:00,Hive_05,34.78,17.94,53.68,73.71,23.502,207.3,61,Healthy
2025-04-22 07:00:00,Hive_05,34.24,16.19,58.51,71.03,23.494,182.5,57,Healthy
2025-04-22 08:00:00,Hive_05,35.0,21.57,54.55,65.71,23.495,189.0,64,Healthy
2025-04-22 09:00:00,Hive_05,34.14,19.97,56.08,59.82,23.534,203.3,71,Healthy
2025-04-22 10:00:00,Hive_05,34.8,25.12,53.58,57.42,23.527,210.9,84,Healthy
2025-04-22 11:00:00,Hive_05,34.63,27.05,55.82,52.68,23.506,199.9,68,Healthy
2025-04-22 12:00:00,Hive_05,34.44,29.13,54.99,49.37,23.497,227.7,83,Healthy
2025-04-22 13:00:00,Hive_05,34.29,27.32,54.84,49.13,23.521,202.4,81,Healthy
2025-04-22 14:00:00,Hive_05,34.85,27.99,54.24,47.27,23.522,170.8,79,Healthy
2025-04-22 15:00:00,Hive_05,34.83,30.25,55.17,51.73,23.479,201.0,80,Healthy
2025-04-01 00:00:00,Hive_06,34.42,12.97,55.93,75.34,46.772,213.5,2,Healthy
2025-04-01 01:00:00,Hive_06,34.45,10.96,54.21,76.85,46.789,189.2,1,Healthy
2025-04-01 02:00:00,Hive_06,34.29,13.58,55.03,80.3,46.827,204.4,2,Healthy
2025-04-01 03:00:00,Hive_06,35.2,11.14,53.81,81.54,46.813,202.6,2,Healthy
2025-04-01 04:00:00,Hive_06,34.47,12.93,55.9,75.88,46.815,209.1,3,Healthy
2025-04-01 05:00:00,Hive_06,34.75,14.7,53.72,75.55,46.806,196.0,1,Healthy
2025-04-01 06:00:00,Hive_06,35.15,14.79,54.47,76.16,46.818,197.2,61,Healthy
2025-04-01 07:00:00,Hive_06,34.64,19.89,53.04,65.33,46.863,206.6,52,Healthy
2025-04-01 08:00:00,Hive_06,34.66,19.64,56.56,64.42,46.85,227.6,86,Healthy
2025-04-01 09:00:00,Hive_06,35.01,20.76,56.85,61.26,46.853,212.2,108,Healthy
2025-04-01 10:00:00,Hive_06,34.55,24.16,55.37,56.23,46.853,206.6,72,Healthy
2025-04-01 11:00:00,Hive_06,33.97,24.66,56.35,55.91,46.822,174.0,83,Healthy
2025-04-01 12:00:00,Hive_06,34.52,27.36,54.63,54.66,46.844,186.9,91,Healthy
2025-04-01 13:00:00,Hive_06,34.46,25.93,53.79,50.68,46.857,202.4,100,Healthy
2025-04-01 14:00:00,Hive_06,34.27,25.59,56.3,49.85,46.882,207.6,77,Healthy
2025-04-01 15:00:00,Hive_06,33.98,29.06,53.09,47.45,46.892,210.1,48,Healthy
2025-04-01 16:00:00,Hive_06,34.03,28.91,55.15,52.27,46.924,209.0,80,Healthy
2025-04-01 17:00:00,Hive_06,34.22,23.61,57.58,53.57,46.946,242.7,55,Healthy
2025-04-01 18:00:00,Hive_06,34.91,22.91,54.45,57.21,46.959,201.5,50,Healthy
2025-04-01 19:00:00,Hive_06,34.45,21.09,54.99,60.84,46.988,226.4,31,Healthy
2025-04-01 20:00:00,Hive_06,34.56,19.41,54.19,63.35,47.003,216.6,4,Healthy
2025-04-01 21:00:00,Hive_06,34.64,18.67,53.66,67.96,47.037,213.7,2,Healthy
2025-04-01 22:00:00,Hive_06,34.31,17.19,56.13,71.01,47.031,221.7,1,Healthy
2025-04-01 23:00:00,Hive_06,34.29,15.1,55.1,79.81,47.062,214.3,1,Healthy
2025-04-02 00:00:00,Hive_06,34.93,12.3,54.58,77.52,47.074,193.6,2,Healthy
2025-04-02 01:00:00,Hive_06,34.21,12.51,52.0,77.48,47.067,211.9,3,Healthy
2025-04-02 02:00:00,Hive_06,34.46,13.03,56.16,81.11,47.083,227.1,1,Healthy
2025-04-02 03:00:00,Hive_06,34.72,14.29,51.98,81.24,47.111,198.1,1,Healthy
2025-04-02 04:00:00,Hive_06,34.51,10.85,53.05,77.98,47.092,207.3,2,Healthy
2025-04-02 05:00:00,Hive_06,34.47,14.63,54.92,77.91,47.084,176.6,3,Healthy
2025-04-02 06:00:00,Hive_06,34.55,17.7,54.85,69.71,47.088,193.9,53,Healthy
2025-04-02 07:00:00,Hive_06,34.46,19.16,54.76,69.69,47.117,207.0,61,Healthy
2025-04-02 08:00:00,Hive_06,34.36,19.95,56.23,65.69,47.105,193.8,76,Healthy
2025-04-02 09:00:00,Hive_06,34.52,20.37,52.46,57.97,47.089,211.3,76,Healthy
2025-04-02 10:00:00,Hive_06,34.47,25.93,55.6,55.09,47.076,215.5,89,Healthy
2025-04-02 11:00:00,Hive_06,34.62,23.24,54.11,54.32,47.056,204.2,110,Healthy
2025-04-02 12:00:00,Hive_06,34.27,26.35,55.32,55.15,47.082,199.9,87,Healthy
2025-04-02 13:00:00,Hive_06,34.59,28.82,54.23,54.29,47.088,237.8,89,Healthy
2025-04-02 14:00:00,Hive_06,33.95,27.11,55.55,47.71,47.111,194.0,84,Healthy
2025-04-02 15:00:00,Hive_06,34.64,25.97,54.2,50.78,47.155,187.4,81,Healthy
2025-04-02 16:00:00,Hive_06,34.44,28.2,52.86,51.86,47.192,197.5,75,Healthy
2025-04-02 17:00:00,Hive_06,34.44,26.67,57.0,53.14,47.18,231.9,52,Healthy
2025-04-02 18:00:00,Hive_06,35.16,22.23,52.13,57.76,47.187,207.1,50,Healthy
2025-04-02 19:00:00,Hive_06,34.32,22.64,54.78,59.68,47.174,199.3,35,Healthy
2025-04-02 20:00:00,Hive_06,33.95,19.29,54.66,65.64,47.231,183.7,42,Healthy
2025-04-02 21:00:00,Hive_06,34.1,18.01,55.21,67.68,47.27,194.2,1,Healthy
2025-04-02 22:00:00,Hive_06,34.03,17.52,55.15,73.18,47.31,199.4,0,Healthy
2025-04-02 23:00:00,Hive_06,33.95,14.93,52.48,75.21,47.34,189.0,1,Healthy
2025-04-03 00:00:00,Hive_06,34.53,13.02,54.7,76.7,47.326,192.3,2,Healthy
2025-04-03 01:00:00,Hive_06,35.08,12.34,56.1,79.33,47.353,197.5,2,Healthy
2025-04-03 02:00:00,Hive_06,34.47,11.35,55.33,81.56,47.366,199.7,4,Healthy
2025-04-03 03:00:00,Hive_06,34.71,11.27,54.11,78.14,47.37,183.7,2,Healthy
2025-04-03 04:00:00,Hive_06,34.71,13.83,52.21,77.36,47.366,197.5,0,Healthy
2025-04-03 05:00:00,Hive_06,34.71,11.72,56.92,74.99,47.365,211.0,2,Healthy
2025-04-03 06:00:00,Hive_06,33.96,17.83,55.11,71.8,47.355,189.1,46,Healthy
2025-04-03 07:00:00,Hive_06,34.71,17.42,54.45,69.17,47.373,200.2,69,Healthy
2025-04-03 08:00:00,Hive_06,34.39,19.72,54.76,64.84,47.367,186.8,77,Healthy
2025-04-03 09:00:00,Hive_06,34.8,20.45,54.47,60.48,47.393,191.1,67,Healthy
2025-04-03 10:00:00,Hive_06,34.16,21.61,56.12,60.13,47.383,219.8,106,Healthy
2025-04-03 11:00:00,Hive_06,34.73,23.13,55.77,52.22,47.409,191.4,108,Healthy
2025-04-03 12:00:00,Hive_06,34.42,27.11,53.19,49.58,47.451,190.1,94,Healthy
2025-04-03 13:00:00,Hive_06,33.93,27.02,55.9,49.28,47.487,186.3,73,Healthy
2025-04-03 14:00:00,Hive_06,34.87,29.2,53.64,46.71,47.475,203.7,74,Healthy
2025-04-03 15:00:00,Hive_06,33.77,26.67,57.46,51.22,47.486,180.6,68,Healthy
2025-04-03 16:00:00,Hive_06,34.92,28.42,53.98,53.21,47.501,206.4,76,Healthy
2025-04-03 17:00:00,Hive_06,34.47,27.35,54.08,52.96,47.51,210.5,43,Healthy
2025-04-03 18:00:00,Hive_06,34.41,25.66,56.87,55.22,47.527,205.1,38,Healthy
2025-04-03 19:00:00,Hive_06,34.32,20.5,54.26,63.0,47.556,184.3,42,Healthy
2025-04-03 20:00:00,Hive_06,34.34,20.06,54.13,64.99,47.545,207.2,23,Healthy
2025-04-03 21:00:00,Hive_06,34.18,19.38,54.64,68.43,47.546,215.1,1,Healthy
2025-04-03 22:00:00,Hive_06,34.65,15.59,57.49,75.32,47.582,186.7,2,Healthy
2025-04-03 23:00:00,Hive_06,34.8,16.63,56.45,78.67,47.586,187.4,1,Healthy
2025-04-04 00:00:00,Hive_06,34.42,10.57,56.94,80.68,47.571,216.2,1,Healthy
2025-04-04 01:00:00,Hive_06,34.83,10.35,55.32,82.74,47.582,206.6,2,Healthy
2025-04-04 02:00:00,Hive_06,35.09,10.81,59.01,79.18,47.623,207.2,1,Healthy
2025-04-04 03:00:00,Hive_06,34.33,11.08,58.23,78.02,47.669,211.2,1,Healthy
2025-04-04 04:00:00,Hive_06,33.85,14.41,55.43,77.51,47.662,187.9,1,Healthy
2025-04-04 05:00:00,Hive_06,34.48,13.6,52.19,75.54,47.703,185.2,1,Healthy
2025-04-04 06:00:00,Hive_06,34.94,15.51,55.4,72.28,47.724,204.1,52,Healthy
2025-04-04 07:00:00,Hive_06,34.43,18.39,56.74,65.02,47.813,181.9,64,Healthy
2025-04-04 08:00:00,Hive_06,34.09,19.14,55.94,69.1,47.795,195.2,69,Healthy
2025-04-04 09:00:00,Hive_06,34.7,23.68,55.03,58.96,47.81,214.4,65,Healthy
2025-04-04 10:00:00,Hive_06,34.83,25.22,55.5,56.36,47.816,191.1,92,Healthy
2025-04-04 11:00:00,Hive_06,34.16,27.55,56.04,53.33,47.797,180.4,78,Healthy
2025-04-04 12:00:00,Hive_06,33.92,26.31,53.3,49.34,47.82,180.9,86,Healthy
2025-04-04 13:00:00,Hive_06,34.6,30.65,53.58,50.41,47.873,191.9,86,Healthy
2025-04-04 14:00:00,Hive_06,34.51,29.98,54.58,49.64,47.878,205.6,90,Healthy
2025-04-04 15:00:00,Hive_06,34.32,26.76,52.9,48.98,47.856,204.5,87,Healthy
2025-04-04 16:00:00,Hive_06,34.43,28.23,53.35,47.25,47.869,193.7,75,Healthy
2025-04-04 17:00:00,Hive_06,34.21,25.63,55.01,50.6,47.88,178.9,44,Healthy
2025-04-04 18:00:00,Hive_06,34.0,24.08,54.33,54.69,47.881,186.8,42,Healthy
2025-04-04 19:00:00,Hive_06,34.52,22.09,54.43,59.68,47.894,213.2,48,Healthy
2025-04-04 20:00:00,Hive_06,34.57,21.93,54.35,66.68,47.896,186.8,30,Healthy
2025-04-04 21:00:00,Hive_06,34.49,18.98,53.98,67.43,47.91,191.8,1,Healthy
2025-04-04 22:00:00,Hive_06,34.47,14.98,54.36,73.51,47.926,193.8,3,Healthy
2025-04-04 23:00:00,Hive_06,34.08,12.88,54.48,75.23,47.902,211.2,2,Healthy
2025-04-05 00:00:00,Hive_06,34.24,14.25,53.8,78.05,47.943,221.5,2,Healthy
2025-04-05 01:00:00,Hive_06,34.29,11.5,55.34,82.23,47.98,187.5,2,Healthy
2025-04-05 02:00:00,Hive_06,34.2,12.78,53.91,79.92,47.996,178.6,2,Healthy
2025-04-05 03:00:00,Hive_06,34.08,13.08,56.97,81.46,48.039,206.2,0,Healthy
2025-04-05 04:00:00,Hive_06,34.58,12.58,55.03,77.9,48.055,198.6,2,Healthy
2025-04-05 05:00:00,Hive_06,34.33,13.65,57.88,74.93,48.094,208.3,3,Healthy
2025-04-05 06:00:00,Hive_06,34.05,17.2,54.61,72.86,48.098,183.0,35,Healthy
2025-04-05 07:00:00,Hive_06,34.15,18.67,53.88,69.53,48.131,186.8,62,Healthy
2025-04-05 08:00:00,Hive_06,34.24,19.72,55.14,66.01,48.144,203.5,70,Healthy
2025-04-05 09:00:00,Hive_06,35.27,22.59,54.04,65.5,48.108,208.9,80,Healthy
2025-04-05 10:00:00,Hive_06,34.52,25.59,56.69,58.07,48.143,179.2,76,Healthy
2025-04-05 11:00:00,Hive_06,34.43,25.5,55.65,54.59,48.173,225.8,94,Healthy
2025-04-05 12:00:00,Hive_06,34.48,25.65,55.77,51.71,48.191,230.8,85,Healthy
2025-04-05 13:00:00,Hive_06,34.32,28.3,55.22,55.22,48.182,201.2,80,Healthy
2025-04-05 14:00:00,Hive_06,34.22,29.57,56.26,50.29,48.196,214.3,73,Healthy
2025-04-05 15:00:00,Hive_06,34.37,28.28,53.11,52.06,48.205,218.4,89,Healthy
2025-04-05 16:00:00,Hive_06,34.37,26.29,54.3,49.44,48.224,198.4,62,Healthy
2025-04-05 17:00:00,Hive_06,34.63,27.31,52.41,54.67,48.185,178.4,55,Healthy
2025-04-05 18:00:00,Hive_06,34.98,24.86,55.26,52.82,48.222,186.7,55,Healthy
2025-04-05 19:00:00,Hive_06,34.43,22.2,55.71,62.75,48.254,190.2,42,Healthy
2025-04-05 20:00:00,Hive_06,35.09,17.17,53.13,66.41,48.263,213.2,30,Healthy
2025-04-05 21:00:00,Hive_06,34.37,18.18,54.87,68.1,48.273,182.3,1,Healthy
2025-04-05 22:00:00,Hive_06,34.13,18.35,54.77,71.66,48.269,179.9,2,Healthy
2025-04-05 23:00:00,Hive_06,34.55,13.28,52.7,74.36,48.244,210.1,0,Healthy
2025-04-06 00:00:00,Hive_06,34.35,11.61,55.64,74.39,48.257,235.9,3,Healthy
2025-04-06 01:00:00,Hive_06,35.31,10.88,56.59,77.09,48.278,201.1,2,Healthy
2025-04-06 02:00:00,Hive_06,34.52,9.78,53.64,80.31,48.278,222.7,1,Healthy
2025-04-06 03:00:00,Hive_06,34.34,15.38,52.68,76.01,48.263,187.6,2,Healthy
2025-04-06 04:00:00,Hive_06,33.83,13.47,57.22,76.63,48.268,183.3,2,Healthy
2025-04-06 05:00:00,Hive_06,34.54,14.65,53.27,74.96,48.293,185.0,1,Healthy
2025-04-06 06:00:00,Hive_06,34.98,16.97,56.58,74.91,48.296,176.9,64,Healthy
2025-04-06 07:00:00,Hive_06,34.78,19.99,54.5,67.54,48.336,192.3,80,Healthy
2025-04-06 08:00:00,Hive_06,34.36,21.18,55.61,68.6,48.327,212.7,78,Healthy
2025-04-06 09:00:00,Hive_06,34.72,25.67,54.29,62.08,48.348,194.3,79,Healthy
2025-04-06 10:00:00,Hive_06,34.52,24.26,54.44,56.8,48.35,216.1,86,Healthy
2025-04-06 11:00:00,Hive_06,34.63,26.18,55.8,51.48,48.352,231.3,65,Healthy
2025-04-06 12:00:00,Hive_06,34.66,28.1,55.26,53.44,48.373,213.0,82,Healthy
2025-04-06 13:00:00,Hive_06,34.17,28.18,56.08,50.14,48.372,177.5,83,Healthy
2025-04-06 14:00:00,Hive_06,34.55,26.8,57.07,52.06,48.369,213.1,113,Healthy
2025-04-06 15:00:00,Hive_06,34.71,28.26,52.87,52.23,48.39,204.6,75,Healthy
2025-04-06 16:00:00,Hive_06,34.21,25.6,58.2,53.4,48.403,181.7,64,Healthy
2025-04-06 17:00:00,Hive_06,34.23,25.24,54.83,59.22,48.402,207.5,55,Healthy
2025-04-06 18:00:00,Hive_06,34.41,22.29,54.11,57.11,48.401,217.8,46,Healthy
2025-04-06 19:00:00,Hive_06,34.52,20.37,53.0,60.19,48.444,213.0,53,Healthy
2025-04-06 20:00:00,Hive_06,34.96,20.59,53.7,60.81,48.438,202.3,43,Healthy
2025-04-06 21:00:00,Hive_06,34.41,19.51,54.51,70.69,48.455,198.0,2,Healthy
2025-04-06 22:00:00,Hive_06,33.74,17.25,55.19,73.68,48.463,202.5,1,Healthy
2025-04-06 23:00:00,Hive_06,34.39,12.36,55.86,76.53,48.459,221.2,3,Healthy
2025-04-07 00:00:00,Hive_06,34.76,13.52,55.59,77.56,48.474,215.6,3,Healthy
2025-04-07 01:00:00,Hive_06,34.27,10.39,52.75,77.39,48.483,209.0,1,Healthy
2025-04-07 02:00:00,Hive_06,34.54,11.2,55.51,82.25,48.516,198.2,4,Healthy
2025-04-07 03:00:00,Hive_06,34.21,11.6,55.78,83.48,48.513,216.8,1,Healthy
2025-04-07 04:00:00,Hive_06,34.78,13.51,54.02,76.69,48.557,185.1,0,Healthy
2025-04-07 05:00:00,Hive_06,34.5,15.77,54.52,74.42,48.541,198.8,3,Healthy
2025-04-07 06:00:00,Hive_06,34.83,17.5,53.41,72.96,48.544,205.9,48,Healthy
2025-04-07 07:00:00,Hive_06,33.88,17.56,56.23,66.48,48.559,213.5,55,Healthy
2025-04-07 08:00:00,Hive_06,34.76,18.93,54.65,65.01,48.585,184.9,68,Healthy
2025-04-07 09:00:00,Hive_06,34.56,21.97,57.62,63.57,48.568,201.9,80,Healthy
2025-04-07 10:00:00,Hive_06,35.01,24.93,55.02,55.87,48.556,199.8,81,Healthy
2025-04-07 11:00:00,Hive_06,34.51,29.83,54.83,56.49,48.585,215.0,59,Healthy
2025-04-07 12:00:00,Hive_06,34.11,27.89,56.32,52.07,48.64,208.4,101,Healthy
2025-04-07 13:00:00,Hive_06,33.94,30.43,55.99,48.85,48.645,179.4,87,Healthy
2025-04-07 14:00:00,Hive_06,34.26,29.09,54.66,49.7,48.655,171.1,83,Healthy
2025-04-07 15:00:00,Hive_06,34.03,25.71,56.52,51.83,48.657,191.9,81,Healthy
2025-04-07 16:00:00,Hive_06,34.28,25.63,54.16,52.57,48.675,182.9,57,Healthy
2025-04-07 17:00:00,Hive_06,34.55,26.03,55.49,54.34,48.686,209.1,61,Healthy
2025-04-07 18:00:00,Hive_06,35.08,20.99,55.0,54.0,48.715,194.8,49,Healthy
2025-04-07 19:00:00,Hive_06,34.58,21.39,54.2,66.05,48.692,229.6,38,Healthy
2025-04-07 20:00:00,Hive_06,34.36,21.12,56.01,66.71,48.69,185.1,41,Healthy
2025-04-07 21:00:00,Hive_06,34.62,17.69,55.96,69.92,48.669,191.2,1,Healthy
2025-04-07 22:00:00,Hive_06,34.86,14.75,57.02,73.36,48.672,204.4,2,Healthy
2025-04-07 23:00:00,Hive_06,35.05,15.28,56.39,73.85,48.701,218.1,2,Healthy
2025-04-08 00:00:00,Hive_06,34.0,11.53,55.62,77.71,48.708,199.4,3,Healthy
2025-04-08 01:00:00,Hive_06,34.51,11.59,52.24,78.98,48.712,162.7,1,Healthy
2025-04-08 02:00:00,Hive_06,34.32,13.28,55.06,80.89,48.701,200.0,4,Healthy
2025-04-08 03:00:00,Hive_06,34.55,15.04,53.53,79.59,48.695,205.4,1,Healthy
2025-04-08 04:00:00,Hive_06,34.6,14.43,55.15,81.13,48.671,211.2,0,Healthy
2025-04-08 05:00:00,Hive_06,34.81,13.72,54.3,77.53,48.673,189.5,0,Healthy
2025-04-08 06:00:00,Hive_06,34.7,15.05,55.59,69.27,48.694,185.7,38,Healthy
2025-04-08 07:00:00,Hive_06,34.46,18.01,54.57,69.01,48.738,206.4,80,Healthy
2025-04-08 08:00:00,Hive_06,34.18,21.9,55.89,68.41,48.74,175.0,84,Healthy
2025-04-08 09:00:00,Hive_06,34.38,21.63,53.81,59.01,48.736,196.7,95,Healthy
2025-04-08 10:00:00,Hive_06,34.75,23.0,55.59,60.82,48.761,200.2,97,Healthy
2025-04-08 11:00:00,Hive_06,34.59,26.51,56.18,51.06,48.765,201.9,82,Healthy
2025-04-08 12:00:00,Hive_06,34.04,24.86,56.0,48.91,48.725,190.0,82,Healthy
2025-04-08 13:00:00,Hive_06,34.62,27.3,53.09,46.8,48.758,190.7,87,Healthy
2025-04-08 14:00:00,Hive_06,34.51,28.01,54.36,50.49,48.775,207.0,76,Healthy
2025-04-08 15:00:00,Hive_06,34.71,28.37,56.4,52.89,48.788,186.0,70,Healthy
2025-04-08 16:00:00,Hive_06,35.34,27.41,56.47,53.9,48.775,188.5,92,Healthy
2025-04-08 17:00:00,Hive_06,34.21,25.34,57.35,54.49,48.795,188.4,50,Healthy
2025-04-08 18:00:00,Hive_06,34.75,24.46,55.82,57.59,48.799,191.8,48,Healthy
2025-04-08 19:00:00,Hive_06,34.5,21.24,53.65,60.86,48.822,194.4,31,Healthy
2025-04-08 20:00:00,Hive_06,34.52,19.47,55.63,65.48,48.85,219.6,32,Healthy
2025-04-08 21:00:00,Hive_06,34.2,16.33,57.55,68.34,48.9,209.8,2,Healthy
2025-04-08 22:00:00,Hive_06,34.02,16.38,54.89,73.23,48.892,204.2,1,Healthy
2025-04-08 23:00:00,Hive_06,34.59,17.26,54.6,77.44,48.936,199.6,2,Healthy
2025-04-09 00:00:00,Hive_06,34.51,13.14,52.06,77.18,48.915,205.2,3,Healthy
2025-04-09 01:00:00,Hive_06,34.07,12.79,56.18,78.05,48.913,209.6,2,Healthy
2025-04-09 02:00:00,Hive_06,34.62,12.72,54.82,80.07,48.911,185.5,0,Healthy
2025-04-09 03:00:00,Hive_06,34.72,12.0,55.34,82.53,48.906,215.0,1,Healthy
2025-04-09 04:00:00,Hive_06,34.28,15.43,53.73,76.03,48.886,185.9,2,Healthy
2025-04-09 05:00:00,Hive_06,34.82,13.27,52.47,67.89,48.908,200.5,4,Healthy
2025-04-09 06:00:00,Hive_06,34.29,17.5,57.25,71.49,48.889,202.9,48,Healthy
2025-04-09 07:00:00,Hive_06,34.56,17.41,55.69,69.59,48.901,206.3,61,Healthy
2025-04-09 08:00:00,Hive_06,34.29,19.01,53.83,65.01,48.905,198.2,70,Healthy
2025-04-09 09:00:00,Hive_06,34.56,23.45,55.18,60.12,48.903,201.1,88,Healthy
2025-04-09 10:00:00,Hive_06,34.29,24.28,57.95,57.95,48.9,175.0,93,Healthy
2025-04-09 11:00:00,Hive_06,34.34,25.48,57.81,53.79,48.917,208.2,90,Healthy
2025-04-09 12:00:00,Hive_06,34.42,27.33,52.81,54.81,48.944,207.5,91,Healthy
2025-04-09 13:00:00,Hive_06,34.51,28.43,54.8,49.77,48.942,217.8,74,Healthy
2025-04-09 14:00:00,Hive_06,33.97,31.54,54.66,51.75,48.949,205.9,74,Healthy
2025-04-09 15:00:00,Hive_06,34.28,27.78,53.68,50.27,48.977,174.6,83,Healthy
2025-04-09 16:00:00,Hive_06,34.52,28.12,56.75,51.57,48.973,191.0,65,Healthy
2025-04-09 17:00:00,Hive_06,34.08,27.4,56.51,56.98,48.999,223.3,64,Healthy
2025-04-09 18:00:00,Hive_06,34.71,23.93,58.37,59.79,49.029,202.3,38,Healthy
2025-04-09 19:00:00,Hive_06,34.44,21.2,56.39,58.25,49.039,215.3,43,Healthy
2025-04-09 20:00:00,Hive_06,34.64,19.4,55.21,65.18,49.052,188.5,25,Healthy
2025-04-09 21:00:00,Hive_06,34.06,21.32,51.45,71.34,49.063,213.4,1,Healthy
2025-04-09 22:00:00,Hive_06,34.45,17.53,56.13,72.62,49.062,195.7,2,Healthy
2025-04-09 23:00:00,Hive_06,34.71,14.3,55.94,79.42,49.071,213.1,1,Healthy
2025-04-10 00:00:00,Hive_06,34.81,13.5,55.44,76.16,49.121,235.9,2,Healthy
2025-04-10 01:00:00,Hive_06,34.77,12.38,55.32,77.6,49.142,225.9,1,Healthy
2025-04-10 02:00:00,Hive_06,34.75,10.61,55.83,79.53,49.134,211.3,0,Healthy
2025-04-10 03:00:00,Hive_06,34.33,11.02,56.33,79.26,49.15,226.5,1,Healthy
2025-04-10 04:00:00,Hive_06,34.47,12.89,57.24,80.41,49.171,164.7,3,Healthy
2025-04-10 05:00:00,Hive_06,33.93,15.71,54.01,77.51,49.169,187.4,3,Healthy
2025-04-10 06:00:00,Hive_06,34.67,15.98,55.85,72.43,49.112,190.3,35,Healthy
2025-04-10 07:00:00,Hive_06,34.5,18.53,51.88,68.3,49.116,216.7,74,Healthy
2025-04-10 08:00:00,Hive_06,34.88,21.08,56.09,62.33,49.124,169.6,79,Healthy
2025-04-10 09:00:00,Hive_06,34.52,21.18,57.31,61.81,49.131,199.8,94,Healthy
2025-04-10 10:00:00,Hive_06,34.44,23.01,53.5,59.13,49.141,210.4,98,Healthy
2025-04-10 11:00:00,Hive_06,34.2,27.87,54.52,53.8,49.127,196.7,85,Healthy
2025-04-10 12:00:00,Hive_06,34.28,28.02,53.91,47.6,49.161,183.3,92,Healthy
2025-04-10 13:00:00,Hive_06,34.68,27.54,55.18,52.6,49.16,172.2,91,Healthy
2025-04-10 14:00:00,Hive_06,34.13,28.8,55.38,46.85,49.177,185.1,78,Healthy
2025-04-10 15:00:00,Hive_06,34.11,24.97,55.81,53.27,49.186,219.3,70,Healthy
2025-04-10 16:00:00,Hive_06,33.92,27.02,55.89,48.61,49.16,196.6,80,Healthy
2025-04-10 17:00:00,Hive_06,34.02,26.78,55.76,53.06,49.197,190.1,52,Healthy
2025-04-10 18:00:00,Hive_06,34.87,23.21,53.14,58.64,49.177,235.1,48,Healthy
2025-04-10 19:00:00,Hive_06,34.65,22.45,56.44,59.73,49.193,226.1,36,Healthy
2025-04-10 20:00:00,Hive_06,34.64,19.61,55.34,65.46,49.178,204.7,26,Healthy
2025-04-10 21:00:00,Hive_06,34.21,17.06,53.3,68.95,49.135,226.2,2,Healthy
2025-04-10 22:00:00,Hive_06,33.64,15.82,53.91,71.17,49.16,214.1,2,Healthy
2025-04-10 23:00:00,Hive_06,34.4,14.58,56.63,78.21,49.162,186.8,0,Healthy
2025-04-11 00:00:00,Hive_06,34.28,11.48,53.45,79.31,49.186,204.9,2,Healthy
2025-04-11 01:00:00,Hive_06,34.52,13.04,55.19,77.98,49.178,183.4,1,Healthy
2025-04-11 02:00:00,Hive_06,34.87,15.05,54.3,79.17,49.206,213.5,2,Healthy
2025-04-11 03:00:00,Hive_06,34.61,12.85,57.57,82.24,49.183,205.2,2,Healthy
2025-04-11 04:00:00,Hive_06,34.05,11.67,54.02,79.15,49.153,223.4,1,Healthy
2025-04-11 05:00:00,Hive_06,34.63,17.59,54.12,77.21,49.142,207.8,1,Healthy
2025-04-11 06:00:00,Hive_06,34.21,13.99,57.73,69.47,49.197,203.1,51,Healthy
2025-04-11 07:00:00,Hive_06,34.91,17.42,57.81,67.01,49.189,198.8,55,Healthy
2025-04-11 08:00:00,Hive_06,34.11,19.37,55.7,67.37,49.213,197.9,78,Healthy
2025-04-11 09:00:00,Hive_06,34.04,22.29,54.48,63.55,49.222,159.9,67,Healthy
2025-04-11 10:00:00,Hive_06,34.29,22.78,53.77,59.4,49.248,175.7,63,Healthy
2025-04-11 11:00:00,Hive_06,34.08,25.11,55.86,51.5,49.276,211.8,99,Healthy
2025-04-11 12:00:00,Hive_06,34.64,28.79,54.21,47.75,49.271,208.4,72,Healthy
2025-04-11 13:00:00,Hive_06,34.65,25.1,55.21,51.78,49.263,211.2,95,Healthy
2025-04-11 14:00:00,Hive_06,34.37,28.13,56.26,47.65,49.3,195.1,82,Healthy
2025-04-11 15:00:00,Hive_06,34.33,27.48,50.66,51.06,49.334,226.9,72,Healthy
2025-04-11 16:00:00,Hive_06,34.44,25.33,56.49,51.74,49.345,188.1,56,Healthy
2025-04-11 17:00:00,Hive_06,34.82,26.96,53.55,55.59,49.391,173.8,67,Healthy
2025-04-11 18:00:00,Hive_06,34.97,21.14,56.25,55.92,49.39,192.2,51,Healthy
2025-04-11 19:00:00,Hive_06,34.36,22.84,52.58,63.62,49.404,193.1,26,Healthy
2025-04-11 20:00:00,Hive_06,34.59,20.45,53.66,64.57,49.423,180.2,21,Healthy
2025-04-11 21:00:00,Hive_06,34.74,17.57,56.62,72.37,49.462,254.0,2,Healthy
2025-04-11 22:00:00,Hive_06,34.8,18.13,57.66,74.53,49.463,192.5,2,Healthy
2025-04-11 23:00:00,Hive_06,34.97,14.07,54.28,76.24,49.467,202.6,1,Healthy
2025-04-12 00:00:00,Hive_06,34.71,10.2,57.16,76.83,49.454,182.6,2,Healthy
2025-04-12 01:00:00,Hive_06,33.98,9.16,57.05,78.6,49.449,224.8,3,Healthy
2025-04-12 02:00:00,Hive_06,34.44,11.03,54.84,77.86,49.466,188.4,2,Healthy
2025-04-12 03:00:00,Hive_06,34.29,12.67,54.72,78.81,49.459,200.9,2,Healthy
2025-04-12 04:00:00,Hive_06,34.46,13.46,56.51,81.52,49.474,196.4,1,Healthy
2025-04-12 05:00:00,Hive_06,34.21,14.25,52.8,76.17,49.497,213.5,2,Healthy
2025-04-12 06:00:00,Hive_06,34.71,16.23,56.18,74.03,49.49,183.5,46,Healthy
2025-04-12 07:00:00,Hive_06,33.94,17.9,57.58,68.4,49.494,202.6,72,Healthy
2025-04-12 08:00:00,Hive_06,34.38,16.48,54.5,63.98,49.501,221.7,76,Healthy
2025-04-12 09:00:00,Hive_06,34.08,23.51,51.88,61.21,49.48,205.4,78,Healthy
2025-04-12 10:00:00,Hive_06,35.1,23.68,53.77,56.76,49.509,200.0,84,Healthy
2025-04-12 11:00:00,Hive_06,34.43,27.42,56.2,57.32,49.526,200.1,90,Healthy
2025-04-12 12:00:00,Hive_06,34.33,25.9,56.35,51.4,49.534,180.5,82,Healthy
2025-04-12 13:00:00,Hive_06,34.51,22.93,54.8,49.52,49.584,208.6,93,Healthy
2025-04-12 14:00:00,Hive_06,34.35,25.54,53.82,49.27,49.578,172.9,71,Healthy
2025-04-12 15:00:00,Hive_06,34.35,29.04,54.99,50.23,49.611,200.1,83,Healthy
2025-04-12 16:00:00,Hive_06,34.61,25.66,57.84,50.77,49.65,208.7,71,Healthy
2025-04-12 17:00:00,Hive_06,33.81,27.76,53.42,55.98,49.667,173.2,51,Healthy
2025-04-12 18:00:00,Hive_06,34.41,22.95,54.57,56.99,49.693,196.0,46,Healthy
2025-04-12 19:00:00,Hive_06,34.3,20.05,53.37,63.17,49.707,188.5,34,Healthy
2025-04-12 20:00:00,Hive_06,35.19,20.39,54.89,64.35,49.73,170.9,21,Healthy
2025-04-12 21:00:00,Hive_06,34.62,16.3,56.55,66.97,49.747,196.6,1,Healthy
2025-04-12 22:00:00,Hive_06,34.54,17.67,56.41,76.64,49.763,211.3,0,Healthy
2025-04-12 23:00:00,Hive_06,34.86,13.61,53.77,76.4,49.733,192.5,3,Healthy
2025-04-13 00:00:00,Hive_06,34.55,10.7,54.83,75.64,49.755,181.6,1,Healthy
2025-04-13 01:00:00,Hive_06,34.94,14.07,53.4,77.1,49.782,194.4,0,Healthy
2025-04-13 02:00:00,Hive_06,34.5,11.25,56.68,81.09,49.82,182.3,0,Healthy
2025-04-13 03:00:00,Hive_06,34.83,10.32,55.84,77.69,49.819,199.8,3,Healthy
2025-04-13 04:00:00,Hive_06,33.7,15.93,55.45,78.51,49.848,203.4,2,Healthy
2025-04-13 05:00:00,Hive_06,34.23,14.88,54.52,73.14,49.879,188.5,2,Healthy
2025-04-13 06:00:00,Hive_06,34.49,16.46,52.37,75.67,49.902,232.1,57,Healthy
2025-04-13 07:00:00,Hive_06,34.21,16.75,58.0,66.72,49.906,190.1,58,Healthy
2025-04-13 08:00:00,Hive_06,34.2,19.52,56.77,68.14,49.918,218.1,85,Healthy
2025-04-13 09:00:00,Hive_06,34.52,22.2,54.86,60.49,49.895,223.3,80,Healthy
2025-04-13 10:00:00,Hive_06,33.8,22.26,56.16,53.36,49.893,193.2,89,Healthy
2025-04-13 11:00:00,Hive_06,34.53,24.88,54.87,55.49,49.871,187.7,94,Healthy
2025-04-13 12:00:00,Hive_06,35.2,25.91,55.98,54.42,49.911,210.8,84,Healthy
2025-04-13 13:00:00,Hive_06,34.34,28.03,53.44,54.54,49.898,196.7,78,Healthy
2025-04-13 14:00:00,Hive_06,34.79,30.51,54.55,50.43,49.886,180.4,75,Healthy
2025-04-13 15:00:00,Hive_06,34.68,28.25,52.77,51.55,49.896,184.6,82,Healthy
2025-04-13 16:00:00,Hive_06,34.79,27.65,58.51,49.67,49.922,197.6,66,Healthy
2025-04-13 17:00:00,Hive_06,34.58,25.34,53.29,52.87,49.895,203.3,60,Healthy
2025-04-13 18:00:00,Hive_06,34.59,23.14,53.51,54.93,49.902,226.5,56,Healthy
2025-04-13 19:00:00,Hive_06,34.55,20.02,52.94,58.57,49.872,208.0,42,Healthy
2025-04-13 20:00:00,Hive_06,34.48,20.68,54.01,65.53,49.892,222.9,24,Healthy
2025-04-13 21:00:00,Hive_06,34.24,16.4,55.3,66.61,49.859,206.6,2,Healthy
2025-04-13 22:00:00,Hive_06,34.52,13.3,54.78,70.54,49.88,197.9,3,Healthy
2025-04-13 23:00:00,Hive_06,34.18,13.86,56.1,73.64,49.89,209.5,2,Healthy
2025-04-14 00:00:00,Hive_06,34.19,10.04,53.78,75.71,49.892,215.0,3,Healthy
2025-04-14 01:00:00,Hive_06,34.29,11.83,55.13,78.99,49.906,212.1,2,Healthy
2025-04-14 02:00:00,Hive_06,34.92,8.55,54.34,79.69,49.939,195.4,2,Healthy
2025-04-14 03:00:00,Hive_06,34.72,10.57,56.32,77.29,49.949,181.6,2,Healthy
2025-04-14 04:00:00,Hive_06,34.4,14.96,52.51,81.48,49.976,195.9,2,Healthy
2025-04-14 05:00:00,Hive_06,34.52,14.76,56.96,73.84,49.983,184.5,0,Healthy
2025-04-14 06:00:00,Hive_06,34.75,14.84,53.32,71.68,50.024,179.9,73,Healthy
2025-04-14 07:00:00,Hive_06,34.01,20.52,54.92,69.16,50.026,180.9,63,Healthy
2025-04-14 08:00:00,Hive_06,34.44,18.76,54.14,63.57,50.078,192.0,74,Healthy
2025-04-14 09:00:00,Hive_06,34.63,22.29,56.32,61.82,50.093,203.4,78,Healthy
2025-04-14 10:00:00,Hive_06,34.48,23.79,55.36,55.68,50.111,202.7,82,Healthy
2025-04-14 11:00:00,Hive_06,34.59,25.57,54.67,53.29,50.125,215.0,81,Healthy
2025-04-14 12:00:00,Hive_06,35.11,27.82,54.68,52.08,50.149,200.2,76,Healthy
2025-04-14 13:00:00,Hive_06,34.37,26.95,51.67,52.27,50.158,183.6,89,Healthy
2025-04-14 14:00:00,Hive_06,34.96,30.33,54.16,51.54,50.165,184.3,77,Healthy
2025-04-14 15:00:00,Hive_06,34.91,26.34,51.86,47.9,50.203,218.7,83,Healthy
2025-04-14 16:00:00,Hive_06,34.34,25.26,55.94,48.85,50.213,184.3,81,Healthy
2025-04-14 17:00:00,Hive_06,34.53,28.18,52.74,53.94,50.214,207.7,63,Healthy
2025-04-14 18:00:00,Hive_06,34.37,23.24,54.58,56.95,50.233,170.5,49,Healthy
2025-04-14 19:00:00,Hive_06,34.36,22.6,54.32,59.98,50.233,200.1,40,Healthy
2025-04-14 20:00:00,Hive_06,34.41,16.85,57.9,66.31,50.22,187.0,27,Healthy
2025-04-14 21:00:00,Hive_06,34.25,18.55,55.89,64.98,50.211,220.6,1,Healthy
2025-04-14 22:00:00,Hive_06,34.98,14.65,55.62,73.72,50.246,225.1,1,Healthy
2025-04-14 23:00:00,Hive_06,34.63,15.75,54.89,72.56,50.281,217.6,2,Healthy
2025-04-15 00:00:00,Hive_06,34.52,13.52,54.91,79.01,50.32,223.4,1,Healthy
2025-04-15 01:00:00,Hive_06,34.02,12.63,54.5,79.65,50.362,188.8,4,Healthy
2025-04-15 02:00:00,Hive_06,34.67,13.76,53.62,80.8,50.366,221.6,1,Healthy
2025-04-15 03:00:00,Hive_06,34.14,13.86,57.85,76.73,50.376,191.9,3,Healthy
2025-04-15 04:00:00,Hive_06,34.33,14.94,54.57,79.83,50.392,210.4,1,Healthy
2025-04-15 05:00:00,Hive_06,34.89,14.6,56.13,76.14,50.372,196.8,1,Healthy
2025-04-15 06:00:00,Hive_06,34.53,16.85,54.6,74.35,50.383,203.1,43,Healthy
2025-04-15 07:00:00,Hive_06,34.88,16.1,55.74,64.78,50.401,219.0,47,Healthy
2025-04-15 08:00:00,Hive_06,34.59,17.4,52.4,65.77,50.418,194.0,61,Healthy
2025-04-15 09:00:00,Hive_06,34.32,21.57,53.94,56.23,50.439,197.6,84,Healthy
2025-04-15 10:00:00,Hive_06,34.67,20.18,54.54,55.82,50.466,172.9,91,Healthy
2025-04-15 11:00:00,Hive_06,34.8,24.7,56.74,52.92,50.497,230.6,101,Healthy
2025-04-15 12:00:00,Hive_06,34.39,25.74,58.04,52.29,50.529,197.2,98,Healthy
2025-04-15 13:00:00,Hive_06,34.22,25.88,52.47,51.01,50.554,213.6,93,Healthy
2025-04-15 14:00:00,Hive_06,34.15,27.73,53.55,47.47,50.56,216.1,95,Healthy
2025-04-15 15:00:00,Hive_06,34.28,25.25,51.2,49.12,50.581,196.3,77,Healthy
2025-04-15 16:00:00,Hive_06,34.37,28.95,55.86,52.19,50.612,204.4,76,Healthy
2025-04-15 17:00:00,Hive_06,34.53,25.44,53.87,54.23,50.611,220.7,80,Healthy
2025-04-15 18:00:00,Hive_06,34.07,26.39,53.21,54.85,50.624,157.9,44,Healthy
2025-04-15 19:00:00,Hive_06,34.35,24.18,54.35,63.08,50.645,214.0,34,Healthy
2025-04-15 20:00:00,Hive_06,34.1,19.65,54.67,63.87,50.649,181.1,36,Healthy
2025-04-15 21:00:00,Hive_06,34.27,18.65,52.02,70.27,50.668,190.0,1,Healthy
2025-04-15 22:00:00,Hive_06,34.97,14.11,54.24,71.95,50.657,209.8,2,Healthy
2025-04-15 23:00:00,Hive_06,35.14,11.16,51.1,76.93,50.642,157.3,1,Healthy
2025-04-16 00:00:00,Hive_06,34.92,14.56,56.25,78.2,50.686,217.4,1,Healthy
2025-04-16 01:00:00,Hive_06,34.43,12.37,55.09,77.75,50.694,220.1,1,Healthy
2025-04-16 02:00:00,Hive_06,34.7,10.6,52.9,78.26,50.7,219.9,2,Healthy
2025-04-16 03:00:00,Hive_06,34.19,12.16,53.71,79.42,50.706,204.1,2,Healthy
2025-04-16 04:00:00,Hive_06,34.98,13.21,56.19,80.7,50.741,185.1,0,Healthy
2025-04-16 05:00:00,Hive_06,34.41,15.12,56.16,72.92,50.779,196.2,1,Healthy
2025-04-16 06:00:00,Hive_06,34.45,16.48,54.99,70.35,50.788,201.3,41,Healthy
2025-04-16 07:00:00,Hive_06,34.01,16.84,55.51,67.39,50.816,211.9,57,Healthy
2025-04-16 08:00:00,Hive_06,34.69,18.78,55.33,66.49,50.861,199.6,67,Healthy
2025-04-16 09:00:00,Hive_06,34.7,21.47,54.84,58.0,50.881,227.6,74,Healthy
2025-04-16 10:00:00,Hive_06,34.55,20.49,53.9,58.46,50.899,211.8,75,Healthy
2025-04-16 11:00:00,Hive_06,34.28,25.2,55.1,57.35,50.857,177.8,90,Healthy
2025-04-16 12:00:00,Hive_06,34.52,28.77,54.44,49.29,50.886,181.7,94,Healthy
2025-04-16 13:00:00,Hive_06,34.52,26.75,54.62,50.96,50.906,200.7,87,Healthy
2025-04-16 14:00:00,Hive_06,34.57,27.47,53.52,50.16,50.909,184.2,84,Healthy
2025-04-16 15:00:00,Hive_06,34.7,26.84,53.62,52.05,50.918,209.6,76,Healthy
2025-04-16 16:00:00,Hive_06,34.76,25.84,56.35,49.82,50.924,211.5,40,Healthy
2025-04-16 17:00:00,Hive_06,34.54,27.65,54.52,54.08,50.962,184.1,75,Healthy
2025-04-16 18:00:00,Hive_06,34.4,24.59,53.04,58.75,50.991,204.7,63,Healthy
2025-04-16 19:00:00,Hive_06,34.92,21.78,57.87,60.28,51.001,188.7,47,Healthy
2025-04-16 20:00:00,Hive_06,31.69,19.62,72.69,66.2,50.972,342.0,10,At Risk
2025-04-16 21:00:00,Hive_06,32.89,17.51,70.76,68.06,50.905,327.3,0,At Risk
2025-04-16 22:00:00,Hive_06,33.12,16.21,59.93,74.3,50.863,324.4,0,At Risk
2025-04-16 23:00:00,Hive_06,32.86,15.35,64.76,75.47,50.806,352.5,0,At Risk
2025-04-17 00:00:00,Hive_06,33.43,10.86,68.0,83.02,50.78,325.6,0,At Risk
2025-04-17 01:00:00,Hive_06,33.8,12.4,66.57,80.37,50.714,297.7,0,At Risk
2025-04-17 02:00:00,Hive_06,32.83,11.38,65.74,80.75,50.677,366.5,0,At Risk
2025-04-17 03:00:00,Hive_06,29.32,14.02,75.53,79.91,50.627,322.2,0,At Risk
2025-04-17 04:00:00,Hive_06,32.46,12.29,70.85,78.74,50.605,322.2,0,At Risk
2025-04-17 05:00:00,Hive_06,31.79,17.39,65.18,76.06,50.54,355.8,0,At Risk
2025-04-17 06:00:00,Hive_06,32.43,17.31,73.01,71.98,50.458,310.4,7,At Risk
2025-04-17 07:00:00,Hive_06,30.69,18.37,67.97,70.48,50.416,332.6,21,At Risk
2025-04-17 08:00:00,Hive_06,30.95,21.94,70.75,65.3,50.404,362.1,32,At Risk
2025-04-17 09:00:00,Hive_06,31.4,24.16,68.25,60.8,50.356,313.7,27,At Risk
2025-04-17 10:00:00,Hive_06,32.81,23.45,67.84,55.16,50.316,302.2,27,At Risk
2025-04-17 11:00:00,Hive_06,32.73,28.56,68.49,53.14,50.349,374.8,37,At Risk
2025-04-17 12:00:00,Hive_06,30.62,25.78,73.48,51.95,50.326,316.9,31,At Risk
2025-04-17 13:00:00,Hive_06,34.15,27.85,66.8,53.25,50.265,332.0,29,At Risk
2025-04-17 14:00:00,Hive_06,32.23,31.63,72.75,52.73,50.178,332.0,34,At Risk
2025-04-17 15:00:00,Hive_06,34.01,30.0,67.32,48.62,50.083,329.9,32,At Risk
2025-04-17 16:00:00,Hive_06,31.68,26.88,72.14,50.95,50.102,299.0,23,At Risk
2025-04-17 17:00:00,Hive_06,33.51,24.04,69.78,57.41,50.071,363.4,15,At Risk
2025-04-17 18:00:00,Hive_06,31.69,27.21,66.71,56.13,50.053,378.1,23,At Risk
2025-04-17 19:00:00,Hive_06,32.22,23.89,69.56,58.67,49.995,301.0,21,At Risk
2025-04-17 20:00:00,Hive_06,29.77,20.18,69.82,63.09,49.872,304.6,13,At Risk
2025-04-17 21:00:00,Hive_06,31.42,19.6,65.42,66.34,49.792,363.1,0,At Risk
2025-04-17 22:00:00,Hive_06,31.47,16.24,66.11,70.82,49.771,327.4,0,At Risk
2025-04-17 23:00:00,Hive_06,31.99,15.21,68.17,76.59,49.724,297.6,0,At Risk
2025-04-18 00:00:00,Hive_06,30.38,13.31,69.11,76.82,49.692,335.7,0,At Risk
2025-04-18 01:00:00,Hive_06,32.11,13.54,62.57,77.59,49.596,296.0,0,At Risk
2025-04-18 02:00:00,Hive_06,31.72,11.23,64.41,82.68,49.525,347.3,0,At Risk
2025-04-18 03:00:00,Hive_06,31.48,11.32,67.38,78.44,49.532,325.5,0,At Risk
2025-04-18 04:00:00,Hive_06,31.3,15.75,64.45,76.2,49.463,360.1,0,At Risk
2025-04-18 05:00:00,Hive_06,32.6,16.11,72.3,73.11,49.398,342.0,0,At Risk
2025-04-18 06:00:00,Hive_06,33.48,15.29,68.98,72.94,49.385,318.6,26,At Risk
2025-04-18 07:00:00,Hive_06,31.34,18.42,71.57,69.12,49.286,361.6,31,At Risk
2025-04-18 08:00:00,Hive_06,31.81,19.46,68.12,64.0,49.193,359.1,30,At Risk
2025-04-18 09:00:00,Hive_06,32.29,19.92,70.64,57.74,49.145,377.9,25,At Risk
2025-04-18 10:00:00,Hive_06,31.16,22.19,69.58,56.17,49.108,291.3,37,At Risk
2025-04-18 11:00:00,Hive_06,30.05,23.02,68.62,52.25,49.052,377.9,39,At Risk
2025-04-18 12:00:00,Hive_06,30.83,29.09,68.38,52.59,48.984,347.6,32,At Risk
2025-04-18 13:00:00,Hive_06,30.75,28.46,64.65,48.65,48.934,300.6,32,At Risk
2025-04-18 14:00:00,Hive_06,31.39,29.35,68.21,47.94,48.876,317.5,36,At Risk
2025-04-18 15:00:00,Hive_06,31.9,28.61,66.46,52.79,48.847,337.7,28,At Risk
2025-04-18 16:00:00,Hive_06,31.18,26.07,68.6,51.11,48.839,337.6,30,At Risk
2025-04-18 17:00:00,Hive_06,32.02,24.79,63.32,58.24,48.798,331.6,26,At Risk
2025-04-18 18:00:00,Hive_06,30.69,23.61,66.04,55.48,48.764,301.6,16,At Risk
2025-04-18 19:00:00,Hive_06,32.91,23.06,71.92,64.41,48.685,350.8,14,At Risk
2025-04-18 20:00:00,Hive_06,31.74,20.21,68.2,64.16,48.614,340.6,11,At Risk
2025-04-18 21:00:00,Hive_06,32.8,18.01,63.44,69.75,48.596,357.7,0,At Risk
2025-04-18 22:00:00,Hive_06,31.68,15.91,67.21,71.65,48.529,302.3,0,At Risk
2025-04-18 23:00:00,Hive_06,32.48,14.38,68.67,76.1,48.464,315.7,0,At Risk
2025-04-19 00:00:00,Hive_06,31.64,11.66,67.45,82.9,48.393,369.9,0,At Risk
2025-04-19 01:00:00,Hive_06,30.51,11.46,72.78,77.49,48.375,329.3,0,At Risk
2025-04-19 02:00:00,Hive_06,31.65,10.53,65.19,77.1,48.345,380.2,0,At Risk
2025-04-19 03:00:00,Hive_06,32.99,12.91,67.7,81.35,48.308,336.2,0,At Risk
2025-04-19 04:00:00,Hive_06,32.16,13.32,65.88,76.85,48.264,321.6,0,At Risk
2025-04-19 05:00:00,Hive_06,30.87,12.44,73.41,70.9,48.223,349.4,0,At Risk
2025-04-19 06:00:00,Hive_06,30.37,12.81,67.39,70.48,48.1,341.5,28,At Risk
2025-04-19 07:00:00,Hive_06,34.49,17.55,67.67,71.61,48.066,297.1,22,At Risk
2025-04-19 08:00:00,Hive_06,24.26,20.12,80.3,69.06,47.957,40.0,4,Critical
2025-04-19 09:00:00,Hive_06,26.1,20.98,82.26,60.4,47.74,441.8,0,Critical
2025-04-19 10:00:00,Hive_06,27.16,21.22,86.27,56.41,47.545,40.0,2,Critical
2025-04-19 11:00:00,Hive_06,28.29,26.12,94.43,56.01,47.282,469.4,2,Critical
2025-04-19 12:00:00,Hive_06,26.72,27.95,85.78,49.74,47.118,40.0,8,Critical
2025-04-19 13:00:00,Hive_06,27.88,26.4,85.64,51.8,46.886,419.2,4,Critical
2025-04-19 14:00:00,Hive_06,21.85,29.62,77.0,52.43,46.737,446.0,6,Critical
2025-04-19 15:00:00,Hive_06,27.81,24.4,84.07,51.35,46.521,414.7,3,Critical
2025-04-19 16:00:00,Hive_06,30.69,27.27,77.77,49.92,46.27,444.6,2,Critical
2025-04-19 17:00:00,Hive_06,30.15,24.06,83.99,51.89,46.1,445.3,6,Critical
2025-04-19 18:00:00,Hive_06,28.12,26.39,63.94,52.88,45.86,484.7,2,Critical
2025-04-19 19:00:00,Hive_06,27.79,21.74,71.23,59.81,45.644,477.2,2,Critical
2025-04-19 20:00:00,Hive_06,22.84,18.71,86.56,61.93,45.467,453.5,1,Critical
2025-04-19 21:00:00,Hive_06,26.76,20.39,78.49,69.16,45.267,502.6,4,Critical
2025-04-19 22:00:00,Hive_06,28.25,18.17,78.49,72.14,45.132,488.2,7,Critical
2025-04-19 23:00:00,Hive_06,27.35,14.33,78.02,74.79,44.973,434.1,4,Critical
2025-04-20 00:00:00,Hive_06,28.2,10.61,75.05,77.94,44.702,40.0,2,Critical
2025-04-20 01:00:00,Hive_06,25.97,11.49,77.62,79.96,44.497,419.7,1,Critical
2025-04-20 02:00:00,Hive_06,31.15,11.65,74.6,81.2,44.319,411.8,5,Critical
2025-04-20 03:00:00,Hive_06,29.38,12.01,79.16,78.65,44.058,423.5,3,Critical
2025-04-20 04:00:00,Hive_06,28.03,11.92,84.81,80.55,43.911,471.6,3,Critical
2025-04-20 05:00:00,Hive_06,28.91,14.99,79.79,75.87,43.683,40.0,4,Critical
2025-04-20 06:00:00,Hive_06,30.03,16.35,76.76,73.7,43.541,438.5,5,Critical
2025-04-20 07:00:00,Hive_06,22.84,16.38,78.07,68.88,43.323,442.4,1,Critical
2025-04-20 08:00:00,Hive_06,31.11,19.19,79.64,64.18,43.189,450.2,3,Critical
2025-04-20 09:00:00,Hive_06,30.6,23.13,77.02,59.28,43.027,453.5,0,Critical
2025-04-20 10:00:00,Hive_06,28.76,25.54,76.62,59.31,42.819,419.5,3,Critical
2025-04-20 11:00:00,Hive_06,28.94,28.29,75.26,54.7,42.569,428.6,0,Critical
2025-04-20 12:00:00,Hive_06,26.56,26.65,85.31,50.62,42.346,480.3,3,Critical
2025-04-20 13:00:00,Hive_06,26.67,27.61,74.99,50.79,42.043,40.0,5,Critical
2025-04-20 14:00:00,Hive_06,23.63,27.71,75.26,48.18,41.927,543.6,5,Critical
2025-04-20 15:00:00,Hive_06,27.79,27.72,84.07,47.87,41.686,40.0,0,Critical
2025-04-20 16:00:00,Hive_06,27.78,27.69,87.56,56.79,41.468,40.0,2,Critical
2025-04-20 17:00:00,Hive_06,33.97,22.73,86.8,55.29,41.255,413.6,2,Critical
2025-04-20 18:00:00,Hive_06,24.18,24.23,82.02,59.47,41.097,40.0,4,Critical
2025-04-20 19:00:00,Hive_06,30.56,21.41,81.98,62.41,40.862,379.0,6,Critical
2025-04-20 20:00:00,Hive_06,26.69,19.57,76.49,66.14,40.637,40.0,5,Critical
2025-04-20 21:00:00,Hive_06,21.86,17.96,81.04,71.84,40.457,40.0,4,Critical
2025-04-20 22:00:00,Hive_06,24.83,17.62,82.7,70.52,40.242,409.2,5,Critical
2025-04-20 23:00:00,Hive_06,31.59,13.74,83.05,74.29,40.079,485.3,0,Critical
2025-04-21 00:00:00,Hive_06,30.83,13.41,81.79,80.84,39.761,464.4,2,Critical
2025-04-21 01:00:00,Hive_06,26.55,12.95,78.29,78.29,39.499,427.3,4,Critical
2025-04-21 02:00:00,Hive_06,25.03,11.98,80.12,79.86,39.233,446.2,0,Critical
2025-04-21 03:00:00,Hive_06,26.53,10.43,71.55,76.17,39.114,464.3,0,Critical
2025-04-21 04:00:00,Hive_06,22.73,15.67,75.99,80.55,38.89,387.2,4,Critical
2025-04-21 05:00:00,Hive_06,23.69,13.88,88.9,73.15,38.705,540.1,0,Critical
2025-04-21 06:00:00,Hive_06,31.89,17.13,82.44,68.56,38.553,471.2,3,Critical
2025-04-21 07:00:00,Hive_06,30.3,17.17,82.77,63.7,38.418,383.5,1,Critical
2025-04-21 08:00:00,Hive_06,30.0,23.5,78.94,65.72,38.245,40.0,3,Critical
2025-04-21 09:00:00,Hive_06,28.38,24.83,70.17,60.2,38.076,463.0,5,Critical
2025-04-21 10:00:00,Hive_06,32.91,22.35,70.96,58.64,38.068,336.4,41,At Risk
2025-04-21 11:00:00,Hive_06,32.94,25.51,64.92,55.36,37.963,342.5,37,At Risk
2025-04-21 12:00:00,Hive_06,32.61,24.44,72.87,53.6,37.923,305.3,31,At Risk
2025-04-21 13:00:00,Hive_06,33.55,26.97,71.98,48.27,37.878,320.2,25,At Risk
2025-04-21 14:00:00,Hive_06,31.24,29.04,67.65,53.31,37.815,373.1,33,At Risk
2025-04-21 15:00:00,Hive_06,30.29,28.02,63.66,50.87,37.79,355.3,28,At Risk
2025-04-21 16:00:00,Hive_06,31.83,26.13,73.11,50.92,37.744,310.3,27,At Risk
2025-04-21 17:00:00,Hive_06,30.58,28.29,66.5,53.39,37.69,347.2,28,At Risk
2025-04-21 18:00:00,Hive_06,31.61,22.43,70.05,55.6,37.678,314.8,17,At Risk
2025-04-21 19:00:00,Hive_06,33.08,23.48,72.02,62.17,37.637,300.3,10,At Risk
2025-04-21 20:00:00,Hive_06,31.54,17.24,70.36,64.08,37.587,317.7,11,At Risk
2025-04-21 21:00:00,Hive_06,31.06,16.37,64.58,70.93,37.512,344.4,0,At Risk
2025-04-21 22:00:00,Hive_06,31.11,13.41,66.88,74.21,37.457,344.7,0,At Risk
2025-04-21 23:00:00,Hive_06,31.49,15.01,69.24,75.51,37.41,375.1,0,At Risk
2025-04-22 00:00:00,Hive_06,31.43,13.95,68.14,76.14,37.321,365.3,0,At Risk
2025-04-22 01:00:00,Hive_06,30.73,11.68,68.76,77.62,37.202,343.5,0,At Risk
2025-04-22 02:00:00,Hive_06,31.25,9.61,65.53,78.55,37.164,339.2,0,At Risk
2025-04-22 03:00:00,Hive_06,32.63,13.3,62.14,81.67,37.145,326.0,0,At Risk
2025-04-22 04:00:00,Hive_06,32.05,13.29,68.15,79.71,37.088,323.6,0,At Risk
2025-04-22 05:00:00,Hive_06,31.9,14.47,67.91,77.86,37.039,362.4,0,At Risk
2025-04-22 06:00:00,Hive_06,34.15,14.34,54.02,76.05,37.064,215.5,35,Healthy
2025-04-22 07:00:00,Hive_06,35.2,16.29,56.87,69.44,37.069,163.7,61,Healthy
2025-04-22 08:00:00,Hive_06,34.24,20.54,55.24,64.23,37.06,228.1,85,Healthy
2025-04-22 09:00:00,Hive_06,34.3,23.06,54.97,61.3,37.103,213.0,80,Healthy
2025-04-22 10:00:00,Hive_06,34.62,25.39,56.47,58.59,37.123,212.9,86,Healthy
2025-04-22 11:00:00,Hive_06,34.3,25.28,52.59,53.3,37.115,185.9,83,Healthy
2025-04-22 12:00:00,Hive_06,34.57,29.27,55.41,51.69,37.157,191.4,87,Healthy
2025-04-22 13:00:00,Hive_06,34.9,27.57,55.71,52.78,37.192,202.7,86,Healthy
2025-04-22 14:00:00,Hive_06,34.28,29.77,56.5,50.98,37.197,195.0,93,Healthy
2025-04-22 15:00:00,Hive_06,34.7,27.59,53.83,51.29,37.215,220.2,68,Healthy
2025-04-01 00:00:00,Hive_07,34.77,13.77,57.05,76.44,36.977,196.1,2,Healthy
2025-04-01 01:00:00,Hive_07,35.02,12.65,55.73,80.82,36.997,183.6,4,Healthy
2025-04-01 02:00:00,Hive_07,33.82,11.29,55.49,74.68,36.982,200.8,0,Healthy
2025-04-01 03:00:00,Hive_07,34.55,12.73,53.96,80.62,37.01,194.0,1,Healthy
2025-04-01 04:00:00,Hive_07,35.06,12.31,54.99,77.45,36.994,185.6,1,Healthy
2025-04-01 05:00:00,Hive_07,34.07,13.15,54.82,77.51,37.024,190.5,2,Healthy
2025-04-01 06:00:00,Hive_07,34.65,15.94,52.21,72.44,37.058,171.5,61,Healthy
2025-04-01 07:00:00,Hive_07,34.98,18.58,56.78,69.83,37.085,195.6,56,Healthy
2025-04-01 08:00:00,Hive_07,34.59,21.26,54.91,65.91,37.087,179.2,76,Healthy
2025-04-01 09:00:00,Hive_07,33.96,21.8,55.14,60.62,37.069,193.5,86,Healthy
2025-04-01 10:00:00,Hive_07,34.28,24.09,54.18,57.29,37.111,211.7,80,Healthy
2025-04-01 11:00:00,Hive_07,34.63,25.5,54.96,54.89,37.086,199.5,87,Healthy
2025-04-01 12:00:00,Hive_07,34.69,30.01,53.98,57.39,37.109,174.5,84,Healthy
2025-04-01 13:00:00,Hive_07,34.14,25.29,54.57,51.61,37.118,199.6,83,Healthy
2025-04-01 14:00:00,Hive_07,35.02,28.51,53.45,47.49,37.129,209.4,91,Healthy
2025-04-01 15:00:00,Hive_07,34.22,28.89,55.2,47.33,37.149,218.9,73,Healthy
2025-04-01 16:00:00,Hive_07,35.18,25.57,57.25,50.92,37.155,219.3,64,Healthy
2025-04-01 17:00:00,Hive_07,34.61,27.09,56.53,51.64,37.159,209.2,54,Healthy
2025-04-01 18:00:00,Hive_07,34.75,24.46,53.1,56.54,37.148,219.6,25,Healthy
2025-04-01 19:00:00,Hive_07,34.61,21.11,54.28,60.83,37.136,218.4,50,Healthy
2025-04-01 20:00:00,Hive_07,34.59,19.43,55.27,61.42,37.133,170.7,27,Healthy
2025-04-01 21:00:00,Hive_07,34.49,19.08,54.06,70.72,37.157,182.9,0,Healthy
2025-04-01 22:00:00,Hive_07,34.98,15.87,53.02,75.59,37.159,236.5,1,Healthy
2025-04-01 23:00:00,Hive_07,34.86,16.77,54.33,77.56,37.16,186.3,2,Healthy
2025-04-02 00:00:00,Hive_07,34.99,10.62,55.89,77.66,37.19,175.3,1,Healthy
2025-04-02 01:00:00,Hive_07,34.19,14.05,55.94,79.74,37.19,238.1,2,Healthy
2025-04-02 02:00:00,Hive_07,34.98,10.62,54.99,81.76,37.184,200.7,1,Healthy
2025-04-02 03:00:00,Hive_07,34.76,11.89,53.28,76.71,37.206,195.4,2,Healthy
2025-04-02 04:00:00,Hive_07,34.63,12.36,54.47,78.38,37.182,205.1,2,Healthy
2025-04-02 05:00:00,Hive_07,34.4,12.19,51.56,73.64,37.206,192.7,2,Healthy
2025-04-02 06:00:00,Hive_07,34.07,14.41,54.25,76.53,37.24,182.8,50,Healthy
2025-04-02 07:00:00,Hive_07,34.3,18.87,55.29,65.87,37.259,187.7,78,Healthy
2025-04-02 08:00:00,Hive_07,34.72,20.72,52.66,66.55,37.267,199.8,67,Healthy
2025-04-02 09:00:00,Hive_07,34.54,22.38,54.55,56.9,37.234,206.3,66,Healthy
2025-04-02 10:00:00,Hive_07,33.95,23.43,52.4,56.99,37.255,190.9,80,Healthy
2025-04-02 11:00:00,Hive_07,34.38,25.77,54.83,50.88,37.301,186.2,96,Healthy
2025-04-02 12:00:00,Hive_07,34.31,26.93,56.3,49.74,37.326,192.2,93,Healthy
2025-04-02 13:00:00,Hive_07,34.37,26.17,56.4,50.16,37.345,189.9,82,Healthy
2025-04-02 14:00:00,Hive_07,34.42,27.96,54.47,49.68,37.383,193.2,87,Healthy
2025-04-02 15:00:00,Hive_07,34.56,31.36,55.37,48.82,37.393,200.6,69,Healthy
2025-04-02 16:00:00,Hive_07,35.04,27.47,57.57,48.34,37.396,215.8,67,Healthy
2025-04-02 17:00:00,Hive_07,34.75,25.67,54.13,53.03,37.422,199.4,60,Healthy
2025-04-02 18:00:00,Hive_07,34.16,21.76,55.09,57.62,37.471,179.2,48,Healthy
2025-04-02 19:00:00,Hive_07,34.26,21.12,57.21,59.04,37.515,184.3,43,Healthy
2025-04-02 20:00:00,Hive_07,33.89,18.62,58.2,63.64,37.547,190.2,32,Healthy
2025-04-02 21:00:00,Hive_07,34.4,17.33,54.71,70.77,37.544,209.1,4,Healthy
2025-04-02 22:00:00,Hive_07,34.49,15.57,55.39,71.91,37.548,194.1,2,Healthy
2025-04-02 23:00:00,Hive_07,33.9,11.72,54.26,74.51,37.539,209.4,1,Healthy
2025-04-03 00:00:00,Hive_07,34.81,12.52,53.37,73.69,37.54,211.7,2,Healthy
2025-04-03 01:00:00,Hive_07,34.16,10.61,55.35,80.54,37.534,184.8,2,Healthy
2025-04-03 02:00:00,Hive_07,34.31,10.91,53.21,84.04,37.526,199.7,2,Healthy
2025-04-03 03:00:00,Hive_07,34.0,12.74,56.44,81.31,37.518,206.0,3,Healthy
2025-04-03 04:00:00,Hive_07,34.19,11.87,54.49,76.31,37.553,183.3,1,Healthy
2025-04-03 05:00:00,Hive_07,34.35,15.81,54.68,76.85,37.581,223.7,3,Healthy
2025-04-03 06:00:00,Hive_07,35.05,18.07,53.89,71.16,37.558,201.7,64,Healthy
2025-04-03 07:00:00,Hive_07,34.59,18.92,55.8,68.73,37.571,195.6,52,Healthy
2025-04-03 08:00:00,Hive_07,34.5,20.17,56.57,64.75,37.576,196.9,71,Healthy
2025-04-03 09:00:00,Hive_07,34.83,26.01,54.55,58.93,37.585,180.3,97,Healthy
2025-04-03 10:00:00,Hive_07,34.05,24.33,54.04,58.82,37.603,197.6,89,Healthy
2025-04-03 11:00:00,Hive_07,34.37,28.81,54.02,55.4,37.598,193.6,84,Healthy
2025-04-03 12:00:00,Hive_07,34.63,27.11,55.2,53.07,37.612,238.0,82,Healthy
2025-04-03 13:00:00,Hive_07,34.39,27.67,53.65,46.94,37.607,182.2,75,Healthy
2025-04-03 14:00:00,Hive_07,34.27,28.18,51.96,51.42,37.62,207.0,91,Healthy
2025-04-03 15:00:00,Hive_07,34.17,26.2,53.89,49.3,37.614,192.4,75,Healthy
2025-04-03 16:00:00,Hive_07,34.46,27.1,53.64,50.32,37.589,208.1,63,Healthy
2025-04-03 17:00:00,Hive_07,34.42,23.06,55.68,55.51,37.607,183.6,69,Healthy
2025-04-03 18:00:00,Hive_07,34.36,21.25,53.84,56.71,37.642,204.5,35,Healthy
2025-04-03 19:00:00,Hive_07,34.36,20.18,53.81,65.43,37.675,173.3,53,Healthy
2025-04-03 20:00:00,Hive_07,34.36,18.8,52.64,66.03,37.688,214.2,6,Healthy
2025-04-03 21:00:00,Hive_07,34.62,16.2,55.7,71.36,37.717,207.0,2,Healthy
2025-04-03 22:00:00,Hive_07,34.5,17.67,56.24,71.72,37.712,221.4,2,Healthy
2025-04-03 23:00:00,Hive_07,34.08,12.62,55.13,75.22,37.714,187.0,0,Healthy
2025-04-04 00:00:00,Hive_07,34.39,11.88,52.87,77.63,37.724,185.2,2,Healthy
2025-04-04 01:00:00,Hive_07,34.97,13.88,54.79,78.97,37.708,217.8,3,Healthy
2025-04-04 02:00:00,Hive_07,34.13,13.49,54.47,78.47,37.768,182.3,2,Healthy
2025-04-04 03:00:00,Hive_07,34.12,12.13,54.63,81.38,37.76,187.4,2,Healthy
2025-04-04 04:00:00,Hive_07,34.52,11.39,53.57,78.57,37.755,205.0,1,Healthy
2025-04-04 05:00:00,Hive_07,34.41,14.4,54.97,75.14,37.794,207.9,1,Healthy
2025-04-04 06:00:00,Hive_07,34.22,14.38,53.81,71.66,37.767,199.8,70,Healthy
2025-04-04 07:00:00,Hive_07,34.79,18.22,54.57,70.34,37.772,179.0,62,Healthy
2025-04-04 08:00:00,Hive_07,34.84,20.08,53.84,63.29,37.839,206.1,69,Healthy
2025-04-04 09:00:00,Hive_07,34.41,24.98,54.35,56.55,37.846,203.4,76,Healthy
2025-04-04 10:00:00,Hive_07,34.65,26.1,55.69,58.37,37.83,203.0,87,Healthy
2025-04-04 11:00:00,Hive_07,33.89,23.97,58.78,56.17,37.839,187.2,94,Healthy
2025-04-04 12:00:00,Hive_07,35.03,27.87,53.01,56.1,37.844,186.4,97,Healthy
2025-04-04 13:00:00,Hive_07,34.48,29.85,54.05,47.88,37.871,206.1,100,Healthy
2025-04-04 14:00:00,Hive_07,34.62,27.37,54.59,49.77,37.886,219.1,105,Healthy
2025-04-04 15:00:00,Hive_07,34.35,26.99,56.3,54.81,37.887,184.6,90,Healthy
2025-04-04 16:00:00,Hive_07,34.73,26.85,55.62,54.58,37.908,216.3,79,Healthy
2025-04-04 17:00:00,Hive_07,34.95,25.05,55.07,55.24,37.908,190.7,68,Healthy
2025-04-04 18:00:00,Hive_07,34.41,23.64,56.76,58.22,37.921,221.4,63,Healthy
2025-04-04 19:00:00,Hive_07,34.4,21.94,55.4,63.78,37.915,208.9,42,Healthy
2025-04-04 20:00:00,Hive_07,33.9,20.77,53.3,62.28,37.935,210.1,41,Healthy
2025-04-04 21:00:00,Hive_07,34.29,17.32,57.05,69.3,37.931,217.7,1,Healthy
2025-04-04 22:00:00,Hive_07,34.55,18.36,53.87,72.87,37.984,214.9,2,Healthy
2025-04-04 23:00:00,Hive_07,34.7,14.7,54.9,74.29,37.995,213.4,2,Healthy
2025-04-05 00:00:00,Hive_07,34.25,13.1,52.52,80.86,37.99,202.3,2,Healthy
2025-04-05 01:00:00,Hive_07,34.55,11.16,55.23,86.86,37.974,178.4,0,Healthy
2025-04-05 02:00:00,Hive_07,34.5,14.06,53.18,82.42,37.978,221.3,1,Healthy
2025-04-05 03:00:00,Hive_07,34.41,10.92,56.11,78.73,37.944,202.5,1,Healthy
2025-04-05 04:00:00,Hive_07,34.11,12.27,55.27,79.5,37.964,208.7,2,Healthy
2025-04-05 05:00:00,Hive_07,34.24,15.2,57.05,77.05,37.95,205.6,1,Healthy
2025-04-05 06:00:00,Hive_07,34.46,13.42,57.08,71.36,37.996,198.1,36,Healthy
2025-04-05 07:00:00,Hive_07,34.71,15.97,54.09,70.43,37.983,214.9,48,Healthy
2025-04-05 08:00:00,Hive_07,33.9,19.33,56.43,65.95,38.04,201.7,69,Healthy
2025-04-05 09:00:00,Hive_07,34.28,22.14,53.31,61.57,38.043,202.3,68,Healthy
2025-04-05 10:00:00,Hive_07,34.1,21.98,56.01,56.62,37.985,182.5,98,Healthy
2025-04-05 11:00:00,Hive_07,34.46,25.32,54.06,54.76,38.016,191.4,80,Healthy
2025-04-05 12:00:00,Hive_07,34.41,27.91,54.22,48.15,38.02,192.7,93,Healthy
2025-04-05 13:00:00,Hive_07,34.4,29.38,55.95,51.43,38.045,205.4,99,Healthy
2025-04-05 14:00:00,Hive_07,34.59,24.48,52.78,50.05,38.06,213.7,82,Healthy
2025-04-05 15:00:00,Hive_07,34.9,28.71,56.74,52.56,38.097,192.5,74,Healthy
2025-04-05 16:00:00,Hive_07,34.87,23.22,54.09,49.88,38.115,203.6,82,Healthy
2025-04-05 17:00:00,Hive_07,34.6,22.63,53.71,55.1,38.144,179.0,70,Healthy
2025-04-05 18:00:00,Hive_07,34.46,20.77,55.33,55.69,38.117,215.6,57,Healthy
2025-04-05 19:00:00,Hive_07,34.28,24.93,53.39,62.52,38.118,232.7,40,Healthy
2025-04-05 20:00:00,Hive_07,34.15,20.14,55.81,67.76,38.139,214.4,38,Healthy
2025-04-05 21:00:00,Hive_07,34.33,17.84,56.26,66.12,38.186,181.7,0,Healthy
2025-04-05 22:00:00,Hive_07,34.78,13.64,56.97,70.97,38.154,181.9,0,Healthy
2025-04-05 23:00:00,Hive_07,34.38,13.04,55.77,75.16,38.126,192.2,3,Healthy
2025-04-06 00:00:00,Hive_07,34.62,15.18,54.02,81.32,38.139,237.9,1,Healthy
2025-04-06 01:00:00,Hive_07,34.67,15.02,55.97,74.62,38.157,206.6,2,Healthy
2025-04-06 02:00:00,Hive_07,34.42,12.85,52.96,79.34,38.181,219.5,3,Healthy
2025-04-06 03:00:00,Hive_07,34.61,11.04,53.27,76.04,38.203,166.9,3,Healthy
2025-04-06 04:00:00,Hive_07,34.59,13.3,55.14,74.15,38.223,212.0,0,Healthy
2025-04-06 05:00:00,Hive_07,34.41,13.64,54.47,75.43,38.254,174.0,1,Healthy
2025-04-06 06:00:00,Hive_07,34.21,15.68,58.21,72.28,38.284,233.2,56,Healthy
2025-04-06 07:00:00,Hive_07,34.97,19.07,55.85,68.87,38.29,227.7,47,Healthy
2025-04-06 08:00:00,Hive_07,34.7,18.9,51.05,70.62,38.321,184.7,64,Healthy
2025-04-06 09:00:00,Hive_07,35.1,25.9,54.09,64.43,38.325,203.3,86,Healthy
2025-04-06 10:00:00,Hive_07,34.65,23.49,57.24,61.26,38.319,193.7,87,Healthy
2025-04-06 11:00:00,Hive_07,34.82,24.97,54.64,56.49,38.342,230.6,99,Healthy
2025-04-06 12:00:00,Hive_07,35.0,27.91,57.28,54.6,38.351,213.5,87,Healthy
2025-04-06 13:00:00,Hive_07,34.07,27.65,55.55,51.47,38.347,182.2,96,Healthy
2025-04-06 14:00:00,Hive_07,34.43,27.61,54.08,50.44,38.359,179.6,83,Healthy
2025-04-06 15:00:00,Hive_07,34.93,30.7,58.13,48.11,38.354,204.9,65,Healthy
2025-04-06 16:00:00,Hive_07,34.62,24.75,54.15,52.34,38.341,188.2,78,Healthy
2025-04-06 17:00:00,Hive_07,34.38,27.0,53.39,55.68,38.377,224.6,55,Healthy
2025-04-06 18:00:00,Hive_07,34.66,23.76,58.11,54.57,38.406,233.2,46,Healthy
2025-04-06 19:00:00,Hive_07,34.55,20.11,53.66,64.13,38.454,190.9,28,Healthy
2025-04-06 20:00:00,Hive_07,34.81,20.9,53.27,62.4,38.469,204.8,32,Healthy
2025-04-06 21:00:00,Hive_07,34.91,16.0,54.7,68.49,38.456,193.3,0,Healthy
2025-04-06 22:00:00,Hive_07,34.53,12.73,56.05,72.15,38.475,209.2,1,Healthy
2025-04-06 23:00:00,Hive_07,34.4,17.53,57.49,73.92,38.477,198.3,2,Healthy
2025-04-07 00:00:00,Hive_07,34.23,14.82,54.38,78.27,38.498,195.6,1,Healthy
2025-04-07 01:00:00,Hive_07,34.46,10.87,54.83,81.88,38.522,179.6,2,Healthy
2025-04-07 02:00:00,Hive_07,34.57,14.26,55.3,79.87,38.553,203.0,4,Healthy
2025-04-07 03:00:00,Hive_07,34.95,12.62,54.68,78.62,38.551,182.2,2,Healthy
2025-04-07 04:00:00,Hive_07,34.33,12.39,54.46,76.44,38.577,207.3,1,Healthy
2025-04-07 05:00:00,Hive_07,34.56,15.18,54.0,75.39,38.574,202.3,2,Healthy
2025-04-07 06:00:00,Hive_07,34.35,17.52,53.08,73.5,38.602,205.0,59,Healthy
2025-04-07 07:00:00,Hive_07,34.44,18.62,55.06,72.49,38.628,212.9,63,Healthy
2025-04-07 08:00:00,Hive_07,34.38,17.61,55.03,61.46,38.6,199.6,76,Healthy
2025-04-07 09:00:00,Hive_07,34.68,21.98,52.6,61.71,38.623,189.0,75,Healthy
2025-04-07 10:00:00,Hive_07,34.15,23.01,57.07,59.65,38.681,176.7,78,Healthy
2025-04-07 11:00:00,Hive_07,34.42,26.58,55.26,52.41,38.677,201.2,98,Healthy
2025-04-07 12:00:00,Hive_07,34.85,26.81,57.08,49.93,38.694,185.3,81,Healthy
2025-04-07 13:00:00,Hive_07,34.82,24.17,53.97,49.33,38.685,215.3,100,Healthy
2025-04-07 14:00:00,Hive_07,34.24,27.2,54.49,51.02,38.659,205.4,83,Healthy
2025-04-07 15:00:00,Hive_07,34.44,26.72,53.76,50.33,38.677,195.5,76,Healthy
2025-04-07 16:00:00,Hive_07,34.45,24.74,53.76,51.76,38.697,168.4,65,Healthy
2025-04-07 17:00:00,Hive_07,34.09,26.12,55.13,58.59,38.718,201.0,48,Healthy
2025-04-07 18:00:00,Hive_07,34.5,23.27,52.88,52.62,38.738,190.2,42,Healthy
2025-04-07 19:00:00,Hive_07,34.76,22.32,54.61,61.64,38.745,179.2,54,Healthy
2025-04-07 20:00:00,Hive_07,34.72,18.6,55.6,66.45,38.751,194.6,29,Healthy
2025-04-07 21:00:00,Hive_07,34.95,15.07,54.66,68.83,38.76,184.6,2,Healthy
2025-04-07 22:00:00,Hive_07,34.84,14.83,57.04,74.2,38.741,210.8,2,Healthy
2025-04-07 23:00:00,Hive_07,34.62,13.72,57.06,77.99,38.726,189.3,2,Healthy
2025-04-08 00:00:00,Hive_07,34.22,14.83,57.66,78.9,38.73,186.3,1,Healthy
2025-04-08 01:00:00,Hive_07,34.47,10.27,52.67,74.99,38.746,214.8,2,Healthy
2025-04-08 02:00:00,Hive_07,34.75,12.07,57.92,76.92,38.784,180.0,1,Healthy
2025-04-08 03:00:00,Hive_07,34.51,11.85,58.25,78.69,38.797,193.3,2,Healthy
2025-04-08 04:00:00,Hive_07,34.8,11.1,55.28,76.56,38.849,204.0,0,Healthy
2025-04-08 05:00:00,Hive_07,34.19,11.97,53.3,77.61,38.848,214.9,1,Healthy
2025-04-08 06:00:00,Hive_07,34.81,14.74,57.5,74.93,38.885,215.9,42,Healthy
2025-04-08 07:00:00,Hive_07,35.06,18.92,55.26,71.31,38.885,186.7,70,Healthy
2025-04-08 08:00:00,Hive_07,34.24,19.0,54.76,65.21,38.904,204.0,77,Healthy
2025-04-08 09:00:00,Hive_07,34.36,20.01,53.53,60.88,38.899,186.6,81,Healthy
2025-04-08 10:00:00,Hive_07,34.6,24.6,55.24,59.25,38.911,210.1,63,Healthy
2025-04-08 11:00:00,Hive_07,35.04,25.57,53.33,55.03,38.898,165.9,74,Healthy
2025-04-08 12:00:00,Hive_07,34.28,26.7,55.03,50.56,38.92,200.2,90,Healthy
2025-04-08 13:00:00,Hive_07,34.54,28.33,54.89,46.85,38.929,191.2,86,Healthy
2025-04-08 14:00:00,Hive_07,33.99,28.6,55.86,53.22,38.964,180.9,82,Healthy
2025-04-08 15:00:00,Hive_07,35.15,28.14,53.09,54.53,38.968,203.0,83,Healthy
2025-04-08 16:00:00,Hive_07,34.2,27.23,52.69,50.11,38.937,176.5,81,Healthy
2025-04-08 17:00:00,Hive_07,34.43,26.72,54.94,55.5,38.942,176.2,66,Healthy
2025-04-08 18:00:00,Hive_07,34.15,25.28,55.53,55.2,38.959,211.0,64,Healthy
2025-04-08 19:00:00,Hive_07,34.2,20.48,53.61,60.95,38.96,221.6,50,Healthy
2025-04-08 20:00:00,Hive_07,34.62,19.89,55.55,60.69,38.951,212.5,20,Healthy
2025-04-08 21:00:00,Hive_07,34.06,19.17,54.46,69.36,38.964,204.5,3,Healthy
2025-04-08 22:00:00,Hive_07,34.67,17.74,57.41,72.02,38.954,190.9,0,Healthy
2025-04-08 23:00:00,Hive_07,33.87,13.4,55.66,76.02,38.955,199.1,0,Healthy
2025-04-09 00:00:00,Hive_07,34.38,12.92,51.68,81.35,38.989,208.1,2,Healthy
2025-04-09 01:00:00,Hive_07,34.99,13.12,56.13,79.65,38.99,222.4,3,Healthy
2025-04-09 02:00:00,Hive_07,34.24,13.37,56.03,80.81,39.007,199.6,2,Healthy
2025-04-09 03:00:00,Hive_07,34.81,12.4,53.0,80.59,38.997,186.3,3,Healthy
2025-04-09 04:00:00,Hive_07,34.84,14.02,53.43,79.44,38.966,199.1,2,Healthy
2025-04-09 05:00:00,Hive_07,34.23,14.05,53.23,72.87,38.964,182.6,2,Healthy
2025-04-09 06:00:00,Hive_07,34.21,15.18,55.38,73.77,38.973,205.9,55,Healthy
2025-04-09 07:00:00,Hive_07,34.66,18.89,55.45,70.54,38.97,212.8,53,Healthy
2025-04-09 08:00:00,Hive_07,34.24,19.56,54.52,63.28,38.975,187.8,70,Healthy
2025-04-09 09:00:00,Hive_07,35.19,22.31,55.5,60.03,38.988,189.9,79,Healthy
2025-04-09 10:00:00,Hive_07,34.93,24.36,52.45,57.49,38.99,210.7,75,Healthy
2025-04-09 11:00:00,Hive_07,34.81,23.34,53.69,53.36,38.993,206.3,82,Healthy
2025-04-09 12:00:00,Hive_07,34.33,26.27,53.26,50.71,38.998,216.0,105,Healthy
2025-04-09 13:00:00,Hive_07,35.0,29.6,58.45,50.79,39.011,185.1,101,Healthy
2025-04-09 14:00:00,Hive_07,33.88,26.19,56.09,48.23,38.975,214.9,102,Healthy
2025-04-09 15:00:00,Hive_07,33.94,30.32,54.04,47.98,39.003,218.1,84,Healthy
2025-04-09 16:00:00,Hive_07,34.36,27.72,53.83,56.73,38.989,206.5,68,Healthy
2025-04-09 17:00:00,Hive_07,34.69,26.89,54.42,53.49,38.996,199.0,43,Healthy
2025-04-09 18:00:00,Hive_07,34.2,23.79,57.87,58.62,39.006,190.6,43,Healthy
2025-04-09 19:00:00,Hive_07,34.59,24.13,56.32,59.47,39.027,191.6,48,Healthy
2025-04-09 20:00:00,Hive_07,34.87,20.23,54.08,61.56,39.033,204.6,24,Healthy
2025-04-09 21:00:00,Hive_07,34.33,19.06,56.84,66.67,39.044,184.1,2,Healthy
2025-04-09 22:00:00,Hive_07,35.0,16.6,57.68,69.33,39.056,197.0,2,Healthy
2025-04-09 23:00:00,Hive_07,34.57,15.68,57.07,76.51,39.089,185.6,2,Healthy
2025-04-10 00:00:00,Hive_07,34.68,14.8,54.54,78.55,39.075,228.3,0,Healthy
2025-04-10 01:00:00,Hive_07,34.87,14.79,55.03,79.36,39.103,206.7,1,Healthy
2025-04-10 02:00:00,Hive_07,34.69,12.2,55.21,79.71,39.119,184.6,0,Healthy
2025-04-10 03:00:00,Hive_07,34.18,12.38,55.86,79.85,39.141,202.3,2,Healthy
2025-04-10 04:00:00,Hive_07,34.62,11.17,53.76,75.42,39.136,204.2,4,Healthy
2025-04-10 05:00:00,Hive_07,34.48,13.75,55.85,79.71,39.165,215.5,2,Healthy
2025-04-10 06:00:00,Hive_07,34.63,15.66,54.35,74.16,39.204,206.9,42,Healthy
2025-04-10 07:00:00,Hive_07,34.35,16.63,56.13,72.8,39.221,210.8,79,Healthy
2025-04-10 08:00:00,Hive_07,34.44,21.5,54.0,66.67,39.28,199.4,68,Healthy
2025-04-10 09:00:00,Hive_07,34.98,22.5,55.81,61.5,39.263,190.1,78,Healthy
2025-04-10 10:00:00,Hive_07,34.65,25.54,56.1,54.46,39.291,198.8,95,Healthy
2025-04-10 11:00:00,Hive_07,34.48,24.43,55.06,56.28,39.302,209.8,77,Healthy
2025-04-10 12:00:00,Hive_07,34.41,28.26,55.0,53.75,39.294,182.6,91,Healthy
2025-04-10 13:00:00,Hive_07,34.13,28.03,55.69,49.84,39.297,188.8,101,Healthy
2025-04-10 14:00:00,Hive_07,34.05,26.54,52.85,51.12,39.317,195.0,72,Healthy
2025-04-10 15:00:00,Hive_07,33.86,29.15,56.44,51.25,39.306,174.4,70,Healthy
2025-04-10 16:00:00,Hive_07,34.01,26.87,52.88,52.16,39.3,189.5,77,Healthy
2025-04-10 17:00:00,Hive_07,34.83,25.04,55.83,55.88,39.249,195.4,58,Healthy
2025-04-10 18:00:00,Hive_07,34.27,23.92,52.96,53.34,39.24,196.1,42,Healthy
2025-04-10 19:00:00,Hive_07,34.35,20.79,55.3,60.72,39.242,176.5,29,Healthy
2025-04-10 20:00:00,Hive_07,34.08,19.51,56.01,64.1,39.258,191.0,28,Healthy
2025-04-10 21:00:00,Hive_07,35.12,16.32,54.03,70.59,39.293,187.1,1,Healthy
2025-04-10 22:00:00,Hive_07,34.71,18.15,54.6,72.26,39.267,235.1,1,Healthy
2025-04-10 23:00:00,Hive_07,34.73,14.58,56.06,74.14,39.246,202.6,2,Healthy
2025-04-11 00:00:00,Hive_07,34.72,14.87,54.19,79.28,39.231,195.3,0,Healthy
2025-04-11 01:00:00,Hive_07,34.22,11.16,55.8,77.98,39.221,227.5,2,Healthy
2025-04-11 02:00:00,Hive_07,34.56,13.78,53.44,78.62,39.235,173.5,3,Healthy
2025-04-11 03:00:00,Hive_07,34.65,11.31,54.17,80.09,39.229,198.2,2,Healthy
2025-04-11 04:00:00,Hive_07,34.74,12.85,54.71,79.2,39.237,202.1,3,Healthy
2025-04-11 05:00:00,Hive_07,34.58,13.83,53.9,77.88,39.246,183.2,0,Healthy
2025-04-11 06:00:00,Hive_07,34.49,16.91,55.07,74.1,39.244,202.5,69,Healthy
2025-04-11 07:00:00,Hive_07,34.45,19.44,54.44,68.73,39.226,192.8,67,Healthy
2025-04-11 08:00:00,Hive_07,34.16,18.6,56.18,64.44,39.211,208.9,80,Healthy
2025-04-11 09:00:00,Hive_07,34.64,21.59,57.4,59.74,39.248,198.9,69,Healthy
2025-04-11 10:00:00,Hive_07,34.33,23.65,55.68,54.12,39.25,191.0,84,Healthy
2025-04-11 11:00:00,Hive_07,34.1,25.25,55.79,55.9,39.259,206.5,74,Healthy
2025-04-11 12:00:00,Hive_07,35.0,28.25,53.75,53.1,39.258,173.2,81,Healthy
2025-04-11 13:00:00,Hive_07,34.28,29.88,55.2,51.1,39.266,171.4,71,Healthy
2025-04-11 14:00:00,Hive_07,34.05,29.66,54.81,51.47,39.262,216.3,89,Healthy
2025-04-11 15:00:00,Hive_07,34.49,26.07,54.94,50.75,39.262,200.4,69,Healthy
2025-04-11 16:00:00,Hive_07,34.19,25.15,55.63,49.52,39.281,221.9,67,Healthy
2025-04-11 17:00:00,Hive_07,34.59,26.71,56.21,54.49,39.302,201.6,54,Healthy
2025-04-11 18:00:00,Hive_07,34.55,24.41,54.41,60.23,39.329,179.2,46,Healthy
2025-04-11 19:00:00,Hive_07,34.87,20.6,55.96,60.87,39.302,190.7,24,Healthy
2025-04-11 20:00:00,Hive_07,34.52,21.59,55.19,63.84,39.316,156.6,33,Healthy
2025-04-11 21:00:00,Hive_07,34.56,17.11,55.95,70.57,39.311,183.1,2,Healthy
2025-04-11 22:00:00,Hive_07,34.57,16.85,55.63,72.94,39.295,216.1,1,Healthy
2025-04-11 23:00:00,Hive_07,33.76,14.15,55.86,74.77,39.285,201.6,1,Healthy
2025-04-12 00:00:00,Hive_07,34.25,12.56,54.66,77.19,39.286,184.4,3,Healthy
2025-04-12 01:00:00,Hive_07,34.7,11.07,56.39,80.61,39.285,197.0,1,Healthy
2025-04-12 02:00:00,Hive_07,34.64,12.79,54.62,79.52,39.317,199.8,1,Healthy
2025-04-12 03:00:00,Hive_07,34.32,12.78,56.56,82.76,39.311,200.7,1,Healthy
2025-04-12 04:00:00,Hive_07,34.71,12.51,54.25,76.63,39.331,192.1,1,Healthy
2025-04-12 05:00:00,Hive_07,34.28,16.53,54.63,74.12,39.341,209.3,2,Healthy
2025-04-12 06:00:00,Hive_07,34.59,16.37,55.49,70.19,39.364,195.1,49,Healthy
2025-04-12 07:00:00,Hive_07,33.96,18.99,53.34,66.77,39.362,216.1,80,Healthy
2025-04-12 08:00:00,Hive_07,34.34,18.64,55.72,64.83,39.377,186.9,63,Healthy
2025-04-12 09:00:00,Hive_07,34.3,21.86,52.67,63.58,39.413,207.5,66,Healthy
2025-04-12 10:00:00,Hive_07,34.53,24.46,57.04,59.12,39.434,204.6,86,Healthy
2025-04-12 11:00:00,Hive_07,34.46,25.86,56.42,56.15,39.451,201.6,85,Healthy
2025-04-12 12:00:00,Hive_07,34.8,26.48,55.76,52.65,39.446,176.0,97,Healthy
2025-04-12 13:00:00,Hive_07,34.36,31.75,56.23,49.96,39.439,222.4,92,Healthy
2025-04-12 14:00:00,Hive_07,34.76,27.96,54.33,48.45,39.463,206.0,97,Healthy
2025-04-12 15:00:00,Hive_07,34.67,27.97,55.22,56.74,39.466,213.2,74,Healthy
2025-04-12 16:00:00,Hive_07,34.44,25.77,58.37,51.07,39.481,190.1,80,Healthy
2025-04-12 17:00:00,Hive_07,35.07,25.94,52.76,56.98,39.444,229.9,53,Healthy
2025-04-12 18:00:00,Hive_07,34.21,21.45,53.84,56.45,39.471,194.6,33,Healthy
2025-04-12 19:00:00,Hive_07,34.43,22.12,54.71,59.42,39.498,192.4,46,Healthy
2025-04-12 20:00:00,Hive_07,34.89,17.61,54.65,66.8,39.492,183.8,29,Healthy
2025-04-12 21:00:00,Hive_07,34.83,19.75,53.27,68.03,39.495,199.3,2,Healthy
2025-04-12 22:00:00,Hive_07,34.88,15.5,54.74,74.99,39.494,191.0,3,Healthy
2025-04-12 23:00:00,Hive_07,34.11,13.35,56.0,72.68,39.477,194.0,2,Healthy
2025-04-13 00:00:00,Hive_07,34.4,10.55,52.14,78.35,39.491,205.9,2,Healthy
2025-04-13 01:00:00,Hive_07,34.72,13.03,53.58,80.01,39.473,182.6,1,Healthy
2025-04-13 02:00:00,Hive_07,34.34,15.03,54.65,78.39,39.476,227.2,0,Healthy
2025-04-13 03:00:00,Hive_07,34.79,15.55,55.03,79.78,39.502,185.8,0,Healthy
2025-04-13 04:00:00,Hive_07,34.18,16.96,56.07,81.82,39.535,209.9,1,Healthy
2025-04-13 05:00:00,Hive_07,34.22,17.38,54.42,76.98,39.524,198.4,1,Healthy
2025-04-13 06:00:00,Hive_07,34.62,17.13,55.54,73.98,39.555,196.6,26,Healthy
2025-04-13 07:00:00,Hive_07,34.71,21.1,54.49,67.06,39.593,185.6,53,Healthy
2025-04-13 08:00:00,Hive_07,34.57,19.25,55.85,66.11,39.605,214.0,79,Healthy
2025-04-13 09:00:00,Hive_07,34.6,24.34,57.65,61.81,39.639,207.8,64,Healthy
2025-04-13 10:00:00,Hive_07,34.7,21.47,53.92,58.73,39.656,186.3,90,Healthy
2025-04-13 11:00:00,Hive_07,34.6,26.55,54.56,55.58,39.662,217.4,92,Healthy
2025-04-13 12:00:00,Hive_07,34.7,27.66,56.44,52.18,39.659,208.9,87,Healthy
2025-04-13 13:00:00,Hive_07,34.06,28.2,53.37,52.18,39.656,189.0,87,Healthy
2025-04-13 14:00:00,Hive_07,34.33,30.54,56.3,52.36,39.665,205.2,74,Healthy
2025-04-13 15:00:00,Hive_07,34.51,25.75,55.78,51.98,39.707,196.4,75,Healthy
2025-04-13 16:00:00,Hive_07,34.26,29.58,56.1,52.04,39.712,187.7,70,Healthy
2025-04-13 17:00:00,Hive_07,34.15,26.9,54.88,52.08,39.7,180.9,60,Healthy
2025-04-13 18:00:00,Hive_07,34.47,25.66,56.92,59.08,39.745,207.4,46,Healthy
2025-04-13 19:00:00,Hive_07,34.58,24.41,56.83,64.15,39.739,169.0,29,Healthy
2025-04-13 20:00:00,Hive_07,34.79,20.31,52.77,64.85,39.72,211.4,15,Healthy
2025-04-13 21:00:00,Hive_07,34.3,17.52,55.87,68.93,39.689,227.5,1,Healthy
2025-04-13 22:00:00,Hive_07,34.09,15.74,53.43,77.89,39.727,176.7,2,Healthy
2025-04-13 23:00:00,Hive_07,34.66,13.43,55.83,72.37,39.737,231.0,1,Healthy
2025-04-14 00:00:00,Hive_07,34.79,14.37,54.24,78.65,39.719,189.8,1,Healthy
2025-04-14 01:00:00,Hive_07,34.56,13.29,57.59,79.52,39.729,192.0,2,Healthy
2025-04-14 02:00:00,Hive_07,34.46,9.43,53.6,76.56,39.727,214.0,2,Healthy
2025-04-14 03:00:00,Hive_07,34.37,12.16,56.27,79.65,39.753,214.9,2,Healthy
2025-04-14 04:00:00,Hive_07,34.45,13.15,55.17,76.59,39.749,224.4,3,Healthy
2025-04-14 05:00:00,Hive_07,34.67,14.16,54.26,77.67,39.767,188.4,1,Healthy
2025-04-14 06:00:00,Hive_07,35.31,16.72,54.77,73.48,39.767,213.8,49,Healthy
2025-04-14 07:00:00,Hive_07,34.45,16.96,56.58,67.71,39.785,187.5,78,Healthy
2025-04-14 08:00:00,Hive_07,34.85,18.64,57.25,63.53,39.802,180.6,70,Healthy
2025-04-14 09:00:00,Hive_07,34.59,20.02,56.2,66.09,39.805,227.1,73,Healthy
2025-04-14 10:00:00,Hive_07,34.76,22.71,58.19,58.11,39.847,217.9,77,Healthy
2025-04-14 11:00:00,Hive_07,34.45,24.6,52.13,52.64,39.885,184.6,77,Healthy
2025-04-14 12:00:00,Hive_07,34.69,26.32,53.55,49.32,39.905,213.9,84,Healthy
2025-04-14 13:00:00,Hive_07,34.18,26.65,54.37,48.91,39.916,179.3,82,Healthy
2025-04-14 14:00:00,Hive_07,33.7,28.24,55.95,50.07,39.951,191.4,67,Healthy
2025-04-14 15:00:00,Hive_07,34.86,26.58,53.36,48.92,39.954,225.2,79,Healthy
2025-04-14 16:00:00,Hive_07,34.79,27.22,55.61,51.81,40.001,229.4,73,Healthy
2025-04-14 17:00:00,Hive_07,34.33,25.6,55.2,54.72,39.982,189.3,68,Healthy
2025-04-14 18:00:00,Hive_07,34.63,24.81,57.26,57.25,39.984,178.5,56,Healthy
2025-04-14 19:00:00,Hive_07,34.14,22.87,52.75,62.64,39.999,202.9,36,Healthy
2025-04-14 20:00:00,Hive_07,34.87,22.17,56.32,64.98,39.988,186.7,17,Healthy
2025-04-14 21:00:00,Hive_07,34.91,18.58,55.89,69.08,39.972,193.1,0,Healthy
2025-04-14 22:00:00,Hive_07,34.54,16.44,55.3,78.08,39.981,205.3,1,Healthy
2025-04-14 23:00:00,Hive_07,34.28,15.27,53.06,74.06,39.991,183.4,3,Healthy
2025-04-15 00:00:00,Hive_07,34.16,12.43,55.2,74.05,40.014,205.3,1,Healthy
2025-04-15 01:00:00,Hive_07,34.67,11.42,55.17,78.11,40.015,190.1,1,Healthy
2025-04-15 02:00:00,Hive_07,34.56,12.01,54.5,82.68,40.016,225.5,2,Healthy
2025-04-15 03:00:00,Hive_07,34.49,13.74,56.8,80.98,39.997,223.3,2,Healthy
2025-04-15 04:00:00,Hive_07,34.78,13.8,56.72,76.48,39.993,189.9,0,Healthy
2025-04-15 05:00:00,Hive_07,35.14,15.17,52.7,75.41,39.986,200.2,2,Healthy
2025-04-15 06:00:00,Hive_07,34.61,16.93,55.18,72.67,40.017,191.7,45,Healthy
2025-04-15 07:00:00,Hive_07,34.31,18.96,55.36,72.03,40.019,208.3,43,Healthy
2025-04-15 08:00:00,Hive_07,34.4,19.48,51.19,63.85,40.069,162.6,74,Healthy
2025-04-15 09:00:00,Hive_07,34.54,20.13,56.04,58.63,40.058,183.4,65,Healthy
2025-04-15 10:00:00,Hive_07,34.89,24.32,53.27,55.41,40.079,223.2,85,Healthy
2025-04-15 11:00:00,Hive_07,34.43,22.97,54.94,55.19,40.121,200.8,93,Healthy
2025-04-15 12:00:00,Hive_07,34.84,25.94,55.2,51.45,40.136,215.0,106,Healthy
2025-04-15 13:00:00,Hive_07,34.94,25.99,57.99,49.53,40.141,204.1,92,Healthy
2025-04-15 14:00:00,Hive_07,34.91,28.35,52.3,50.5,40.138,209.6,79,Healthy
2025-04-15 15:00:00,Hive_07,34.98,28.16,55.42,52.68,40.178,202.1,75,Healthy
2025-04-15 16:00:00,Hive_07,34.5,24.61,55.04,50.0,40.192,227.5,77,Healthy
2025-04-15 17:00:00,Hive_07,34.39,26.86,54.24,58.05,40.227,207.3,59,Healthy
2025-04-15 18:00:00,Hive_07,34.47,23.91,55.0,57.16,40.231,208.3,57,Healthy
2025-04-15 19:00:00,Hive_07,34.12,21.22,55.76,62.92,40.252,198.7,40,Healthy
2025-04-15 20:00:00,Hive_07,34.5,19.65,54.18,63.98,40.285,168.5,28,Healthy
2025-04-15 21:00:00,Hive_07,34.33,15.08,57.01,66.75,40.318,201.1,2,Healthy
2025-04-15 22:00:00,Hive_07,34.33,17.56,56.01,74.76,40.309,194.2,2,Healthy
2025-04-15 23:00:00,Hive_07,34.0,13.36,55.68,74.9,40.301,187.7,3,Healthy
2025-04-16 00:00:00,Hive_07,34.83,12.04,56.38,79.5,40.306,193.6,1,Healthy
2025-04-16 01:00:00,Hive_07,34.7,9.63,55.72,81.03,40.259,197.3,2,Healthy
2025-04-16 02:00:00,Hive_07,34.56,13.93,53.98,80.6,40.277,196.4,1,Healthy
2025-04-16 03:00:00,Hive_07,34.6,10.54,52.92,77.6,40.281,219.6,0,Healthy
2025-04-16 04:00:00,Hive_07,34.41,13.75,55.93,79.08,40.287,211.9,0,Healthy
2025-04-16 05:00:00,Hive_07,33.83,17.18,56.76,78.48,40.286,221.5,3,Healthy
2025-04-16 06:00:00,Hive_07,34.29,14.37,55.81,73.65,40.297,189.1,36,Healthy
2025-04-16 07:00:00,Hive_07,34.45,18.27,53.84,69.81,40.297,183.6,67,Healthy
2025-04-16 08:00:00,Hive_07,34.48,16.76,55.78,66.9,40.319,201.8,66,Healthy
2025-04-16 09:00:00,Hive_07,34.89,23.73,53.32,57.69,40.323,221.5,100,Healthy
2025-04-16 10:00:00,Hive_07,34.76,24.27,54.94,54.79,40.311,203.3,71,Healthy
2025-04-16 11:00:00,Hive_07,33.91,25.95,52.51,52.55,40.309,207.5,101,Healthy
2025-04-16 12:00:00,Hive_07,34.43,29.07,54.08,48.99,40.317,221.2,91,Healthy
2025-04-16 13:00:00,Hive_07,34.03,29.03,54.29,54.93,40.339,204.0,99,Healthy
2025-04-16 14:00:00,Hive_07,34.27,27.42,56.6,50.41,40.349,221.1,98,Healthy
2025-04-16 15:00:00,Hive_07,34.78,25.8,54.77,53.64,40.376,192.4,91,Healthy
2025-04-16 16:00:00,Hive_07,34.31,27.08,55.42,53.79,40.404,204.6,75,Healthy
2025-04-16 17:00:00,Hive_07,34.27,24.52,54.97,55.0,40.404,196.9,42,Healthy
2025-04-16 18:00:00,Hive_07,34.05,24.04,55.51,57.28,40.431,204.7,57,Healthy
2025-04-16 19:00:00,Hive_07,34.52,21.28,55.22,60.69,40.394,186.2,49,Healthy
2025-04-16 20:00:00,Hive_07,31.94,18.83,63.98,64.51,40.296,329.2,8,At Risk
2025-04-16 21:00:00,Hive_07,32.07,18.9,72.23,68.29,40.263,358.6,0,At Risk
2025-04-16 22:00:00,Hive_07,32.36,15.49,66.97,72.64,40.243,341.3,0,At Risk
2025-04-16 23:00:00,Hive_07,32.72,16.03,66.63,76.86,40.172,339.0,0,At Risk
2025-04-17 00:00:00,Hive_07,32.72,14.37,66.55,78.19,40.102,298.5,0,At Risk
2025-04-17 01:00:00,Hive_07,36.21,11.77,69.96,78.09,40.084,295.8,0,At Risk
2025-04-17 02:00:00,Hive_07,30.98,9.38,65.07,77.72,40.048,350.9,0,At Risk
2025-04-17 03:00:00,Hive_07,30.72,11.97,66.85,80.91,40.026,341.1,0,At Risk
2025-04-17 04:00:00,Hive_07,31.2,12.8,64.88,81.54,39.967,325.6,0,At Risk
2025-04-17 05:00:00,Hive_07,31.83,15.1,66.0,75.48,39.925,291.8,0,At Risk
2025-04-17 06:00:00,Hive_07,33.13,17.8,66.63,75.04,39.894,342.5,15,At Risk
2025-04-17 07:00:00,Hive_07,31.46,19.63,64.81,64.12,39.807,356.8,26,At Risk
2025-04-17 08:00:00,Hive_07,32.76,22.87,63.21,65.02,39.766,332.8,22,At Risk
2025-04-17 09:00:00,Hive_07,32.6,22.45,66.7,57.18,39.74,348.6,37,At Risk
2025-04-17 10:00:00,Hive_07,32.8,25.34,67.23,55.88,39.656,335.5,25,At Risk
2025-04-17 11:00:00,Hive_07,31.07,25.29,67.03,52.74,39.598,352.7,31,At Risk
2025-04-17 12:00:00,Hive_07,30.99,28.75,74.14,48.6,39.582,361.3,34,At Risk
2025-04-17 13:00:00,Hive_07,32.95,27.62,72.0,52.38,39.54,333.6,33,At Risk
2025-04-17 14:00:00,Hive_07,31.8,26.33,62.39,50.34,39.456,333.7,29,At Risk
2025-04-17 15:00:00,Hive_07,32.24,28.23,72.16,49.46,39.394,317.8,25,At Risk
2025-04-17 16:00:00,Hive_07,31.93,25.86,69.68,53.63,39.353,306.7,30,At Risk
2025-04-17 17:00:00,Hive_07,30.53,24.44,65.19,53.58,39.276,356.2,29,At Risk
2025-04-17 18:00:00,Hive_07,32.8,25.64,71.16,56.79,39.252,334.8,19,At Risk
2025-04-17 19:00:00,Hive_07,31.14,19.26,71.15,61.77,39.225,338.2,16,At Risk
2025-04-17 20:00:00,Hive_07,32.43,17.42,71.07,64.36,39.174,352.7,15,At Risk
2025-04-17 21:00:00,Hive_07,31.67,18.79,65.03,70.11,39.077,349.2,0,At Risk
2025-04-17 22:00:00,Hive_07,32.48,15.9,65.44,73.73,39.037,363.2,0,At Risk
2025-04-17 23:00:00,Hive_07,33.51,14.34,67.98,76.36,39.015,332.8,0,At Risk
2025-04-18 00:00:00,Hive_07,32.96,12.23,67.23,75.21,39.055,336.3,0,At Risk
2025-04-18 01:00:00,Hive_07,32.0,12.67,71.2,83.39,38.986,315.3,0,At Risk
2025-04-18 02:00:00,Hive_07,31.17,12.52,66.45,79.67,38.955,329.8,0,At Risk
2025-04-18 03:00:00,Hive_07,31.75,12.27,62.37,78.39,38.935,322.7,0,At Risk
2025-04-18 04:00:00,Hive_07,30.83,15.58,72.84,79.26,38.885,301.6,0,At Risk
2025-04-18 05:00:00,Hive_07,30.64,14.22,64.89,77.58,38.781,337.4,0,At Risk
2025-04-18 06:00:00,Hive_07,32.34,15.29,67.42,72.29,38.691,332.5,23,At Risk
2025-04-18 07:00:00,Hive_07,33.07,18.05,70.74,68.81,38.69,329.5,34,At Risk
2025-04-18 08:00:00,Hive_07,33.5,19.33,64.68,65.91,38.651,290.7,28,At Risk
2025-04-18 09:00:00,Hive_07,33.89,22.65,68.19,62.4,38.635,308.0,26,At Risk
2025-04-18 10:00:00,Hive_07,31.91,24.31,72.12,62.2,38.589,301.0,28,At Risk
2025-04-18 11:00:00,Hive_07,32.49,24.56,66.02,54.15,38.515,356.2,33,At Risk
2025-04-18 12:00:00,Hive_07,29.17,28.31,70.5,48.13,38.478,385.1,34,At Risk
2025-04-18 13:00:00,Hive_07,32.79,26.23,72.65,53.88,38.445,339.1,30,At Risk
2025-04-18 14:00:00,Hive_07,31.45,25.38,65.01,51.48,38.437,334.6,33,At Risk
2025-04-18 15:00:00,Hive_07,32.92,27.0,60.55,49.16,38.368,341.6,24,At Risk
2025-04-18 16:00:00,Hive_07,30.59,24.03,72.72,53.19,38.255,340.7,26,At Risk
2025-04-18 17:00:00,Hive_07,31.66,25.33,66.62,50.98,38.224,339.8,24,At Risk
2025-04-18 18:00:00,Hive_07,32.72,25.18,68.02,56.61,38.156,328.1,28,At Risk
2025-04-18 19:00:00,Hive_07,33.03,18.41,64.2,62.37,38.051,330.6,15,At Risk
2025-04-18 20:00:00,Hive_07,32.16,20.56,68.3,66.78,37.976,354.2,14,At Risk
2025-04-18 21:00:00,Hive_07,33.3,15.61,67.17,66.85,37.944,341.0,0,At Risk
2025-04-18 22:00:00,Hive_07,32.89,16.47,64.2,72.06,37.946,367.6,0,At Risk
2025-04-18 23:00:00,Hive_07,31.61,12.66,67.91,72.66,37.91,324.3,0,At Risk
2025-04-19 00:00:00,Hive_07,30.16,10.94,68.07,79.42,37.853,346.2,0,At Risk
2025-04-19 01:00:00,Hive_07,31.51,12.61,65.89,77.31,37.85,340.9,0,At Risk
2025-04-19 02:00:00,Hive_07,31.87,10.87,64.59,80.3,37.836,321.6,0,At Risk
2025-04-19 03:00:00,Hive_07,33.61,10.3,70.35,81.47,37.776,331.5,0,At Risk
2025-04-19 04:00:00,Hive_07,33.65,11.5,66.98,79.65,37.727,309.8,0,At Risk
2025-04-19 05:00:00,Hive_07,31.65,13.85,69.3,73.09,37.667,336.3,0,At Risk
2025-04-19 06:00:00,Hive_07,32.74,12.34,67.97,72.6,37.583,327.5,21,At Risk
2025-04-19 07:00:00,Hive_07,32.94,16.43,65.86,70.05,37.576,318.7,18,At Risk
2025-04-19 08:00:00,Hive_07,29.3,20.9,72.18,64.02,37.418,437.9,1,Critical
2025-04-19 09:00:00,Hive_07,27.16,23.23,79.5,60.45,37.202,40.0,3,Critical
2025-04-19 10:00:00,Hive_07,24.33,20.61,73.96,55.96,37.039,472.7,0,Critical
2025-04-19 11:00:00,Hive_07,26.11,24.6,82.0,56.17,36.869,40.0,2,Critical
2025-04-19 12:00:00,Hive_07,24.35,28.4,70.23,52.54,36.616,452.2,3,Critical
2025-04-19 13:00:00,Hive_07,28.02,27.67,78.42,51.39,36.476,421.6,2,Critical
2025-04-19 14:00:00,Hive_07,23.6,29.69,83.65,48.26,36.325,472.6,2,Critical
2025-04-19 15:00:00,Hive_07,25.77,28.37,82.37,50.04,36.141,443.0,4,Critical
2025-04-19 16:00:00,Hive_07,24.74,27.95,76.74,52.87,35.927,40.0,2,Critical
2025-04-19 17:00:00,Hive_07,29.93,28.78,74.84,52.59,35.702,444.8,3,Critical
2025-04-19 18:00:00,Hive_07,22.88,24.73,81.46,55.96,35.523,422.8,2,Critical
2025-04-19 19:00:00,Hive_07,26.01,23.68,71.29,55.48,35.383,409.9,7,Critical
2025-04-19 20:00:00,Hive_07,23.22,19.54,83.35,66.34,35.203,40.0,3,Critical
2025-04-19 21:00:00,Hive_07,28.29,17.13,80.42,69.89,35.071,444.0,2,Critical
2025-04-19 22:00:00,Hive_07,29.33,17.59,87.54,74.31,34.871,519.0,3,Critical
2025-04-19 23:00:00,Hive_07,30.76,13.55,86.38,74.06,34.599,438.7,3,Critical
2025-04-20 00:00:00,Hive_07,23.48,13.91,83.61,76.17,34.383,40.0,0,Critical
2025-04-20 01:00:00,Hive_07,24.67,12.33,81.14,81.4,34.213,447.8,3,Critical
2025-04-20 02:00:00,Hive_07,27.62,11.74,83.74,78.34,34.019,403.2,3,Critical
2025-04-20 03:00:00,Hive_07,21.65,9.61,86.64,74.35,33.822,447.0,3,Critical
2025-04-20 04:00:00,Hive_07,25.21,13.56,80.29,76.74,33.649,447.4,2,Critical
2025-04-20 05:00:00,Hive_07,24.48,10.9,83.15,76.17,33.454,518.1,4,Critical
2025-04-20 06:00:00,Hive_07,28.24,15.45,82.98,71.53,33.239,387.6,0,Critical
2025-04-20 07:00:00,Hive_07,29.22,17.14,72.08,68.76,33.067,427.6,5,Critical
2025-04-20 08:00:00,Hive_07,26.73,19.92,78.62,64.05,32.909,431.1,2,Critical
2025-04-20 09:00:00,Hive_07,25.29,21.26,80.45,62.11,32.749,444.1,3,Critical
2025-04-20 10:00:00,Hive_07,28.52,22.71,79.78,58.9,32.532,453.1,5,Critical
2025-04-20 11:00:00,Hive_07,23.51,26.69,77.02,55.7,32.348,481.2,0,Critical
2025-04-20 12:00:00,Hive_07,27.09,29.37,74.86,56.52,32.177,479.0,5,Critical
2025-04-20 13:00:00,Hive_07,28.21,27.7,80.77,49.05,31.969,504.2,2,Critical
2025-04-20 14:00:00,Hive_07,30.32,30.58,79.29,49.69,31.667,40.0,4,Critical
2025-04-20 15:00:00,Hive_07,30.14,26.37,81.52,50.39,31.503,496.4,5,Critical
2025-04-20 16:00:00,Hive_07,30.81,27.73,87.2,52.17,31.356,381.4,5,Critical
2025-04-20 17:00:00,Hive_07,28.7,28.12,83.09,50.36,31.172,40.0,2,Critical
2025-04-20 18:00:00,Hive_07,27.82,25.78,80.29,53.44,30.897,473.1,2,Critical
2025-04-20 19:00:00,Hive_07,25.88,23.8,82.1,60.46,30.701,492.5,2,Critical
2025-04-20 20:00:00,Hive_07,24.69,18.44,88.04,63.19,30.468,482.8,2,Critical
2025-04-20 21:00:00,Hive_07,28.16,19.26,80.2,69.91,30.206,511.5,0,Critical
2025-04-20 22:00:00,Hive_07,30.11,15.35,81.27,69.29,29.906,40.0,2,Critical
2025-04-20 23:00:00,Hive_07,30.81,14.39,73.9,74.23,29.724,419.8,0,Critical
2025-04-21 00:00:00,Hive_07,28.06,12.6,73.49,80.31,29.612,499.2,4,Critical
2025-04-21 01:00:00,Hive_07,28.62,11.78,81.16,81.98,29.401,458.6,0,Critical
2025-04-21 02:00:00,Hive_07,24.84,12.2,81.32,79.92,29.26,418.3,3,Critical
2025-04-21 03:00:00,Hive_07,27.87,10.33,77.53,77.55,29.112,459.6,1,Critical
2025-04-21 04:00:00,Hive_07,24.99,14.1,85.35,72.09,28.937,40.0,0,Critical
2025-04-21 05:00:00,Hive_07,27.26,11.54,78.67,77.86,28.747,382.8,2,Critical
2025-04-21 06:00:00,Hive_07,27.82,14.01,75.64,70.96,28.482,398.2,4,Critical
2025-04-21 07:00:00,Hive_07,29.13,16.66,83.36,67.87,28.316,40.0,4,Critical
2025-04-21 08:00:00,Hive_07,28.94,20.66,79.62,64.94,28.096,40.0,7,Critical
2025-04-21 09:00:00,Hive_07,23.89,22.37,83.75,65.72,28.023,372.8,2,Critical
2025-04-21 10:00:00,Hive_07,31.2,22.88,67.17,59.88,27.965,313.9,37,At Risk
2025-04-21 11:00:00,Hive_07,32.18,25.21,70.42,50.63,27.872,343.8,40,At Risk
2025-04-21 12:00:00,Hive_07,31.06,27.66,61.1,50.09,27.829,346.3,27,At Risk
2025-04-21 13:00:00,Hive_07,30.92,29.67,63.25,50.31,27.729,359.6,32,At Risk
2025-04-21 14:00:00,Hive_07,31.27,29.39,66.04,49.58,27.686,320.0,33,At Risk
2025-04-21 15:00:00,Hive_07,30.56,30.14,69.38,55.07,27.63,343.3,28,At Risk
2025-04-21 16:00:00,Hive_07,36.06,27.74,68.87,49.25,27.558,302.0,24,At Risk
2025-04-21 17:00:00,Hive_07,30.67,23.45,67.43,57.31,27.512,341.8,17,At Risk
2025-04-21 18:00:00,Hive_07,31.21,25.29,67.89,59.99,27.443,336.4,15,At Risk
2025-04-21 19:00:00,Hive_07,33.81,23.12,69.73,64.14,27.37,320.3,11,At Risk
2025-04-21 20:00:00,Hive_07,31.36,19.9,69.3,69.53,27.309,320.6,19,At Risk
2025-04-21 21:00:00,Hive_07,31.04,20.31,69.22,74.22,27.256,312.8,0,At Risk
2025-04-21 22:00:00,Hive_07,31.44,15.0,65.06,72.83,27.203,302.3,0,At Risk
2025-04-21 23:00:00,Hive_07,31.84,13.64,67.23,76.33,27.098,365.1,0,At Risk
2025-04-22 00:00:00,Hive_07,32.97,13.2,75.58,75.96,27.007,297.5,0,At Risk
2025-04-22 01:00:00,Hive_07,30.89,11.98,71.41,78.02,26.924,374.4,0,At Risk
2025-04-22 02:00:00,Hive_07,32.23,13.02,65.28,79.91,26.833,311.5,0,At Risk
2025-04-22 03:00:00,Hive_07,28.31,11.66,70.6,78.88,26.811,347.2,0,At Risk
2025-04-22 04:00:00,Hive_07,30.67,12.4,72.17,77.08,26.713,355.0,0,At Risk
2025-04-22 05:00:00,Hive_07,33.3,14.74,67.62,75.88,26.623,305.9,0,At Risk
2025-04-22 06:00:00,Hive_07,34.17,17.47,53.74,75.07,26.633,206.3,43,Healthy
2025-04-22 07:00:00,Hive_07,34.73,18.07,56.22,64.75,26.673,208.6,56,Healthy
2025-04-22 08:00:00,Hive_07,34.47,18.48,53.73,63.37,26.668,199.4,53,Healthy
2025-04-22 09:00:00,Hive_07,34.58,20.58,56.3,61.55,26.681,200.5,84,Healthy
2025-04-22 10:00:00,Hive_07,34.26,24.29,57.51,55.56,26.755,211.0,74,Healthy
2025-04-22 11:00:00,Hive_07,34.63,28.51,54.97,53.53,26.769,193.4,101,Healthy
2025-04-22 12:00:00,Hive_07,34.68,26.65,54.83,53.24,26.749,187.6,97,Healthy
2025-04-22 13:00:00,Hive_07,34.51,28.19,55.31,48.88,26.77,227.3,65,Healthy
2025-04-22 14:00:00,Hive_07,34.19,29.82,55.25,50.43,26.809,226.2,74,Healthy
2025-04-22 15:00:00,Hive_07,34.57,26.45,55.42,47.93,26.839,206.6,87,Healthy
2025-04-01 00:00:00,Hive_08,34.62,10.99,53.56,75.78,42.668,205.4,2,Healthy
2025-04-01 01:00:00,Hive_08,34.46,13.99,55.32,78.8,42.661,189.2,3,Healthy
2025-04-01 02:00:00,Hive_08,34.68,11.18,52.68,82.36,42.681,207.8,2,Healthy
2025-04-01 03:00:00,Hive_08,34.9,12.06,54.85,77.61,42.673,206.9,1,Healthy
2025-04-01 04:00:00,Hive_08,34.3,11.65,53.63,77.24,42.7,198.3,3,Healthy
2025-04-01 05:00:00,Hive_08,34.54,13.06,57.78,72.15,42.72,248.2,2,Healthy
2025-04-01 06:00:00,Hive_08,34.63,16.35,55.25,68.19,42.722,197.9,49,Healthy
2025-04-01 07:00:00,Hive_08,34.39,17.66,55.25,73.06,42.724,211.8,62,Healthy
2025-04-01 08:00:00,Hive_08,34.57,19.58,54.54,61.15,42.733,182.3,84,Healthy
2025-04-01 09:00:00,Hive_08,34.84,23.36,55.89,63.98,42.72,227.7,69,Healthy
2025-04-01 10:00:00,Hive_08,34.73,23.6,55.86,58.91,42.722,190.9,109,Healthy
2025-04-01 11:00:00,Hive_08,34.29,25.6,55.37,54.07,42.736,199.8,92,Healthy
2025-04-01 12:00:00,Hive_08,34.51,29.57,54.03,50.82,42.752,191.5,84,Healthy
2025-04-01 13:00:00,Hive_08,34.63,25.54,57.79,50.71,42.771,193.3,75,Healthy
2025-04-01 14:00:00,Hive_08,35.06,26.17,55.43,47.41,42.77,185.6,76,Healthy
2025-04-01 15:00:00,Hive_08,34.49,26.81,52.83,53.14,42.826,182.9,72,Healthy
2025-04-01 16:00:00,Hive_08,34.36,28.89,53.15,52.84,42.816,186.4,70,Healthy
2025-04-01 17:00:00,Hive_08,34.49,25.94,53.42,54.1,42.832,219.2,58,Healthy
2025-04-01 18:00:00,Hive_08,34.84,23.73,53.66,57.67,42.871,206.3,50,Healthy
2025-04-01 19:00:00,Hive_08,34.66,23.89,55.65,58.75,42.863,206.9,42,Healthy
2025-04-01 20:00:00,Hive_08,34.33,19.73,55.41,66.73,42.87,190.8,35,Healthy
2025-04-01 21:00:00,Hive_08,33.96,17.62,56.18,65.94,42.856,204.2,2,Healthy
2025-04-01 22:00:00,Hive_08,34.55,15.45,56.13,76.41,42.871,196.5,1,Healthy
2025-04-01 23:00:00,Hive_08,35.09,16.53,55.33,77.78,42.864,193.4,0,Healthy
2025-04-02 00:00:00,Hive_08,33.58,14.22,58.7,76.82,42.862,191.4,3,Healthy
2025-04-02 01:00:00,Hive_08,34.32,10.46,53.01,81.76,42.906,213.8,2,Healthy
2025-04-02 02:00:00,Hive_08,34.13,12.55,55.17,81.2,42.898,179.2,2,Healthy
2025-04-02 03:00:00,Hive_08,34.44,14.01,53.29,78.72,42.908,211.4,2,Healthy
2025-04-02 04:00:00,Hive_08,34.3,13.89,56.19,76.75,42.934,197.4,1,Healthy
2025-04-02 05:00:00,Hive_08,34.72,16.09,54.79,74.89,42.923,224.2,2,Healthy
2025-04-02 06:00:00,Hive_08,34.11,14.93,54.44,69.72,42.972,191.2,64,Healthy
2025-04-02 07:00:00,Hive_08,34.36,17.73,53.08,66.52,42.965,186.7,41,Healthy
2025-04-02 08:00:00,Hive_08,34.29,22.27,55.33,65.42,42.958,159.9,99,Healthy
2025-04-02 09:00:00,Hive_08,33.92,22.35,52.76,59.94,43.001,222.5,85,Healthy
2025-04-02 10:00:00,Hive_08,34.63,22.33,55.98,60.52,43.02,177.4,72,Healthy
2025-04-02 11:00:00,Hive_08,34.09,24.89,54.74,55.68,43.026,211.9,95,Healthy
2025-04-02 12:00:00,Hive_08,34.15,25.41,56.64,54.9,43.025,202.5,92,Healthy
2025-04-02 13:00:00,Hive_08,34.62,28.02,56.18,51.86,43.045,181.0,91,Healthy
2025-04-02 14:00:00,Hive_08,34.41,27.15,55.27,47.78,43.06,215.8,97,Healthy
2025-04-02 15:00:00,Hive_08,34.53,28.23,56.15,51.55,43.079,199.2,99,Healthy
2025-04-02 16:00:00,Hive_08,34.09,26.11,56.22,54.92,43.118,171.4,71,Healthy
2025-04-02 17:00:00,Hive_08,34.61,26.73,55.2,54.9,43.106,235.5,55,Healthy
2025-04-02 18:00:00,Hive_08,33.82,24.65,53.61,56.21,43.087,216.4,43,Healthy
2025-04-02 19:00:00,Hive_08,34.53,21.3,53.93,58.99,43.117,204.5,33,Healthy
2025-04-02 20:00:00,Hive_08,34.51,21.28,52.81,65.02,43.126,204.8,43,Healthy
2025-04-02 21:00:00,Hive_08,34.67,16.8,52.72,73.44,43.119,221.3,3,Healthy
2025-04-02 22:00:00,Hive_08,34.15,16.03,56.98,72.8,43.109,212.7,3,Healthy
2025-04-02 23:00:00,Hive_08,35.05,14.42,55.4,77.54,43.116,199.0,1,Healthy
2025-04-03 00:00:00,Hive_08,34.45,11.92,55.49,78.88,43.096,198.6,3,Healthy
2025-04-03 01:00:00,Hive_08,33.94,10.59,53.04,79.52,43.122,195.4,3,Healthy
2025-04-03 02:00:00,Hive_08,34.18,12.65,54.42,81.06,43.117,184.0,2,Healthy
2025-04-03 03:00:00,Hive_08,34.25,13.57,55.5,80.29,43.089,219.8,0,Healthy
2025-04-03 04:00:00,Hive_08,34.56,11.39,54.89,78.22,43.077,217.0,0,Healthy
2025-04-03 05:00:00,Hive_08,34.12,12.12,56.83,75.39,43.063,223.4,3,Healthy
2025-04-03 06:00:00,Hive_08,34.52,17.85,53.48,76.27,43.071,191.5,42,Healthy
2025-04-03 07:00:00,Hive_08,34.27,18.16,54.63,68.26,43.092,214.3,44,Healthy
2025-04-03 08:00:00,Hive_08,34.15,19.55,54.82,64.72,43.105,207.8,70,Healthy
2025-04-03 09:00:00,Hive_08,34.75,20.75,55.83,65.14,43.135,203.7,91,Healthy
2025-04-03 10:00:00,Hive_08,34.69,24.09,57.36,57.5,43.175,208.9,89,Healthy
2025-04-03 11:00:00,Hive_08,34.89,26.7,54.65,56.36,43.212,205.1,95,Healthy
2025-04-03 12:00:00,Hive_08,34.77,29.0,54.42,53.5,43.252,210.4,91,Healthy
2025-04-03 13:00:00,Hive_08,34.15,29.38,53.79,55.69,43.315,206.4,90,Healthy
2025-04-03 14:00:00,Hive_08,35.28,27.83,54.0,52.42,43.324,194.7,91,Healthy
2025-04-03 15:00:00,Hive_08,34.73,29.56,58.78,53.75,43.322,187.5,92,Healthy
2025-04-03 16:00:00,Hive_08,34.41,27.11,55.38,49.26,43.319,184.8,67,Healthy
2025-04-03 17:00:00,Hive_08,33.92,24.06,55.14,55.66,43.34,198.6,71,Healthy
2025-04-03 18:00:00,Hive_08,34.4,21.94,56.07,56.1,43.354,232.2,41,Healthy
2025-04-03 19:00:00,Hive_08,34.07,19.98,56.02,64.7,43.344,169.0,35,Healthy
2025-04-03 20:00:00,Hive_08,34.67,21.35,56.14,62.56,43.329,196.6,45,Healthy
2025-04-03 21:00:00,Hive_08,34.62,18.91,53.97,68.36,43.361,216.7,2,Healthy
2025-04-03 22:00:00,Hive_08,34.09,16.35,54.44,70.5,43.369,215.9,2,Healthy
2025-04-03 23:00:00,Hive_08,34.22,14.62,56.62,77.99,43.364,218.6,1,Healthy
2025-04-04 00:00:00,Hive_08,34.74,10.07,54.32,79.45,43.366,197.6,0,Healthy
2025-04-04 01:00:00,Hive_08,34.25,8.73,57.78,82.09,43.404,223.5,1,Healthy
2025-04-04 02:00:00,Hive_08,34.37,9.59,51.44,77.83,43.404,197.0,0,Healthy
2025-04-04 03:00:00,Hive_08,34.61,10.71,53.66,79.05,43.42,202.1,2,Healthy
2025-04-04 04:00:00,Hive_08,35.01,12.09,55.95,75.32,43.45,198.7,1,Healthy
2025-04-04 05:00:00,Hive_08,34.17,15.08,53.8,71.94,43.451,186.8,2,Healthy
2025-04-04 06:00:00,Hive_08,35.24,16.12,53.11,75.29,43.464,202.2,49,Healthy
2025-04-04 07:00:00,Hive_08,34.57,16.3,53.58,67.05,43.477,196.3,61,Healthy
2025-04-04 08:00:00,Hive_08,34.24,18.57,55.24,65.31,43.514,203.9,73,Healthy
2025-04-04 09:00:00,Hive_08,35.02,23.3,53.42,58.31,43.541,211.2,69,Healthy
2025-04-04 10:00:00,Hive_08,35.07,25.51,55.29,58.5,43.549,192.3,67,Healthy
2025-04-04 11:00:00,Hive_08,34.58,25.18,52.87,53.84,43.555,208.6,95,Healthy
2025-04-04 12:00:00,Hive_08,34.43,24.14,54.72,53.42,43.517,222.4,91,Healthy
2025-04-04 13:00:00,Hive_08,34.6,25.43,56.83,51.26,43.521,200.2,82,Healthy
2025-04-04 14:00:00,Hive_08,34.23,28.9,54.9,48.43,43.507,224.0,103,Healthy
2025-04-04 15:00:00,Hive_08,34.6,27.05,54.28,47.74,43.54,188.2,83,Healthy
2025-04-04 16:00:00,Hive_08,34.57,27.1,56.32,50.66,43.552,201.5,61,Healthy
2025-04-04 17:00:00,Hive_08,34.38,27.37,54.81,56.48,43.59,183.0,66,Healthy
2025-04-04 18:00:00,Hive_08,34.52,23.16,56.89,61.06,43.585,181.3,47,Healthy
2025-04-04 19:00:00,Hive_08,34.73,22.46,54.69,60.1,43.553,208.3,30,Healthy
2025-04-04 20:00:00,Hive_08,35.03,19.46,54.14,68.11,43.575,191.7,27,Healthy
2025-04-04 21:00:00,Hive_08,34.53,17.02,55.43,65.43,43.571,216.3,1,Healthy
2025-04-04 22:00:00,Hive_08,34.04,15.04,56.36,73.55,43.573,214.8,3,Healthy
2025-04-04 23:00:00,Hive_08,34.12,15.3,52.85,73.98,43.605,198.0,1,Healthy
2025-04-05 00:00:00,Hive_08,34.73,12.87,55.66,80.15,43.628,202.7,2,Healthy
2025-04-05 01:00:00,Hive_08,34.73,12.6,55.54,79.49,43.62,207.9,2,Healthy
2025-04-05 02:00:00,Hive_08,34.74,12.92,54.91,79.79,43.645,193.2,1,Healthy
2025-04-05 03:00:00,Hive_08,35.16,13.18,55.85,78.83,43.655,212.3,1,Healthy
2025-04-05 04:00:00,Hive_08,34.88,14.46,54.34,79.78,43.641,190.8,1,Healthy
2025-04-05 05:00:00,Hive_08,34.6,16.84,55.01,80.0,43.644,212.4,4,Healthy
2025-04-05 06:00:00,Hive_08,34.84,18.68,56.25,74.78,43.653,189.0,49,Healthy
2025-04-05 07:00:00,Hive_08,34.45,18.56,53.76,65.98,43.683,191.8,63,Healthy
2025-04-05 08:00:00,Hive_08,33.99,18.95,55.71,68.2,43.668,192.4,72,Healthy
2025-04-05 09:00:00,Hive_08,34.55,22.45,54.04,61.58,43.674,200.5,80,Healthy
2025-04-05 10:00:00,Hive_08,34.53,23.9,55.3,58.96,43.677,184.2,86,Healthy
2025-04-05 11:00:00,Hive_08,34.25,27.47,56.22,55.28,43.68,210.7,84,Healthy
2025-04-05 12:00:00,Hive_08,34.35,27.46,52.65,50.97,43.7,205.6,94,Healthy
2025-04-05 13:00:00,Hive_08,34.79,28.14,56.49,48.99,43.695,208.0,97,Healthy
2025-04-05 14:00:00,Hive_08,34.66,27.29,52.73,49.41,43.683,185.2,66,Healthy
2025-04-05 15:00:00,Hive_08,34.6,29.35,56.22,46.53,43.687,190.0,80,Healthy
2025-04-05 16:00:00,Hive_08,33.71,26.93,53.62,54.02,43.708,200.8,77,Healthy
2025-04-05 17:00:00,Hive_08,34.41,26.05,58.49,54.12,43.749,207.4,61,Healthy
2025-04-05 18:00:00,Hive_08,34.63,24.81,53.87,59.15,43.795,203.7,70,Healthy
2025-04-05 19:00:00,Hive_08,34.92,22.35,55.45,60.63,43.807,182.0,46,Healthy
2025-04-05 20:00:00,Hive_08,34.35,19.26,55.66,64.1,43.787,196.8,39,Healthy
2025-04-05 21:00:00,Hive_08,34.31,16.06,54.39,69.23,43.83,175.2,2,Healthy
2025-04-05 22:00:00,Hive_08,34.17,15.28,56.13,71.44,43.836,195.2,2,Healthy
2025-04-05 23:00:00,Hive_08,34.35,14.09,56.34,71.61,43.816,183.7,1,Healthy
2025-04-06 00:00:00,Hive_08,34.17,11.98,54.42,77.93,43.825,209.7,3,Healthy
2025-04-06 01:00:00,Hive_08,34.44,11.88,56.24,83.27,43.873,202.1,0,Healthy
2025-04-06 02:00:00,Hive_08,34.42,12.14,57.98,78.78,43.859,204.5,1,Healthy
2025-04-06 03:00:00,Hive_08,34.6,11.81,54.66,80.98,43.856,204.7,3,Healthy
2025-04-06 04:00:00,Hive_08,34.86,11.72,57.05,81.81,43.872,217.6,0,Healthy
2025-04-06 05:00:00,Hive_08,34.59,13.34,54.78,77.14,43.832,193.5,0,Healthy
2025-04-06 06:00:00,Hive_08,34.31,16.74,58.96,72.12,43.863,215.8,72,Healthy
2025-04-06 07:00:00,Hive_08,34.23,19.13,56.45,67.34,43.832,198.8,38,Healthy
2025-04-06 08:00:00,Hive_08,34.58,20.15,56.41,66.71,43.881,197.8,98,Healthy
2025-04-06 09:00:00,Hive_08,34.32,22.39,57.43,63.02,43.912,222.1,78,Healthy
2025-04-06 10:00:00,Hive_08,33.99,22.12,54.5,58.42,43.926,235.7,87,Healthy
2025-04-06 11:00:00,Hive_08,34.1,25.87,55.13,54.27,43.938,185.5,76,Healthy
2025-04-06 12:00:00,Hive_08,34.36,26.21,53.42,52.14,43.953,208.1,91,Healthy
2025-04-06 13:00:00,Hive_08,34.44,26.88,53.22,51.7,43.984,205.3,87,Healthy
2025-04-06 14:00:00,Hive_08,35.11,25.64,52.74,48.51,43.989,199.8,87,Healthy
2025-04-06 15:00:00,Hive_08,33.99,25.48,55.15,50.86,43.986,187.0,86,Healthy
2025-04-06 16:00:00,Hive_08,34.65,26.57,56.9,52.96,43.972,213.8,70,Healthy
2025-04-06 17:00:00,Hive_08,34.68,25.09,53.62,52.09,43.992,228.9,70,Healthy
2025-04-06 18:00:00,Hive_08,34.73,26.09,53.28,56.06,43.998,226.1,43,Healthy
2025-04-06 19:00:00,Hive_08,34.82,23.74,53.1,63.15,44.018,197.7,50,Healthy
2025-04-06 20:00:00,Hive_08,34.57,17.52,52.01,65.74,44.01,172.5,22,Healthy
2025-04-06 21:00:00,Hive_08,34.55,18.75,53.44,69.27,44.043,199.7,2,Healthy
2025-04-06 22:00:00,Hive_08,34.57,17.41,55.64,70.52,44.042,209.8,2,Healthy
2025-04-06 23:00:00,Hive_08,34.66,14.19,56.18,75.34,44.053,216.8,2,Healthy
2025-04-07 00:00:00,Hive_08,34.85,10.39,54.63,75.18,44.066,217.1,1,Healthy
2025-04-07 01:00:00,Hive_08,34.61,12.33,55.88,77.75,44.065,186.2,4,Healthy
2025-04-07 02:00:00,Hive_08,34.71,11.86,54.92,78.63,44.053,207.2,1,Healthy
2025-04-07 03:00:00,Hive_08,34.42,14.64,55.16,80.48,44.081,202.8,4,Healthy
2025-04-07 04:00:00,Hive_08,34.22,14.78,54.78,78.97,44.101,187.7,3,Healthy
2025-04-07 05:00:00,Hive_08,34.33,12.88,56.12,74.33,44.095,173.0,3,Healthy
2025-04-07 06:00:00,Hive_08,34.27,15.33,57.58,70.36,44.092,198.1,45,Healthy
2025-04-07 07:00:00,Hive_08,34.11,16.08,56.43,67.4,44.104,237.2,53,Healthy
2025-04-07 08:00:00,Hive_08,34.82,18.71,55.58,68.07,44.091,226.2,69,Healthy
2025-04-07 09:00:00,Hive_08,34.49,21.42,53.25,63.4,44.102,188.3,48,Healthy
2025-04-07 10:00:00,Hive_08,34.15,22.68,55.86,56.44,44.097,207.2,72,Healthy
2025-04-07 11:00:00,Hive_08,33.8,27.02,56.86,51.84,44.089,226.4,94,Healthy
2025-04-07 12:00:00,Hive_08,34.53,28.11,55.19,54.1,44.125,201.7,82,Healthy
2025-04-07 13:00:00,Hive_08,34.9,28.61,57.01,46.28,44.159,217.4,87,Healthy
2025-04-07 14:00:00,Hive_08,35.02,27.84,54.27,47.54,44.176,203.8,71,Healthy
2025-04-07 15:00:00,Hive_08,34.36,25.11,54.87,50.52,44.207,203.4,85,Healthy
2025-04-07 16:00:00,Hive_08,34.2,27.6,55.4,51.38,44.219,213.7,68,Healthy
2025-04-07 17:00:00,Hive_08,34.22,25.21,57.17,53.93,44.252,181.8,68,Healthy
2025-04-07 18:00:00,Hive_08,34.29,21.23,55.54,59.47,44.223,182.0,54,Healthy
2025-04-07 19:00:00,Hive_08,34.92,21.02,58.32,59.44,44.252,183.6,57,Healthy
2025-04-07 20:00:00,Hive_08,34.52,17.66,57.89,64.39,44.28,193.0,20,Healthy
2025-04-07 21:00:00,Hive_08,34.57,19.43,52.95,67.82,44.301,207.3,0,Healthy
2025-04-07 22:00:00,Hive_08,34.72,17.55,54.43,73.61,44.315,201.0,1,Healthy
2025-04-07 23:00:00,Hive_08,34.82,14.6,53.23,78.12,44.345,217.9,1,Healthy
2025-04-08 00:00:00,Hive_08,34.25,13.83,54.43,78.98,44.37,192.6,2,Healthy
2025-04-08 01:00:00,Hive_08,35.09,14.23,54.86,81.78,44.383,204.8,1,Healthy
2025-04-08 02:00:00,Hive_08,34.56,12.81,52.93,76.58,44.374,211.0,1,Healthy
2025-04-08 03:00:00,Hive_08,34.83,13.32,54.64,79.05,44.345,203.4,0,Healthy
2025-04-08 04:00:00,Hive_08,34.2,10.89,54.18,76.22,44.334,178.9,3,Healthy
2025-04-08 05:00:00,Hive_08,34.39,13.33,53.31,71.15,44.326,210.7,1,Healthy
2025-04-08 06:00:00,Hive_08,34.84,14.27,55.81,73.39,44.287,183.3,50,Healthy
2025-04-08 07:00:00,Hive_08,34.21,17.56,52.89,68.23,44.337,200.4,66,Healthy
2025-04-08 08:00:00,Hive_08,34.48,20.01,53.32,65.09,44.317,205.8,71,Healthy
2025-04-08 09:00:00,Hive_08,34.26,23.48,56.7,62.59,44.342,210.4,100,Healthy
2025-04-08 10:00:00,Hive_08,34.67,27.07,56.62,58.88,44.341,191.5,91,Healthy
2025-04-08 11:00:00,Hive_08,34.55,24.37,53.72,55.58,44.351,219.6,89,Healthy
2025-04-08 12:00:00,Hive_08,34.64,27.06,54.5,52.67,44.368,184.3,82,Healthy
2025-04-08 13:00:00,Hive_08,34.55,26.72,54.8,51.45,44.392,205.7,85,Healthy
2025-04-08 14:00:00,Hive_08,34.06,26.45,55.21,48.36,44.385,192.6,83,Healthy
2025-04-08 15:00:00,Hive_08,34.48,29.29,56.9,52.37,44.355,228.2,85,Healthy
2025-04-08 16:00:00,Hive_08,34.37,27.08,55.91,50.23,44.377,210.0,62,Healthy
2025-04-08 17:00:00,Hive_08,34.73,24.26,55.0,54.78,44.417,200.5,60,Healthy
2025-04-08 18:00:00,Hive_08,34.1,25.01,53.32,59.94,44.421,247.4,47,Healthy
2025-04-08 19:00:00,Hive_08,34.79,21.89,55.25,62.35,44.454,182.1,31,Healthy
2025-04-08 20:00:00,Hive_08,34.12,21.74,53.02,65.02,44.448,200.0,34,Healthy
2025-04-08 21:00:00,Hive_08,34.37,17.44,56.84,69.65,44.509,194.1,2,Healthy
2025-04-08 22:00:00,Hive_08,34.7,16.6,55.72,72.78,44.509,219.7,2,Healthy
2025-04-08 23:00:00,Hive_08,34.47,13.77,55.38,80.49,44.523,198.1,2,Healthy
2025-04-09 00:00:00,Hive_08,33.97,11.8,53.05,79.18,44.569,181.2,0,Healthy
2025-04-09 01:00:00,Hive_08,33.96,10.43,53.57,82.97,44.55,195.9,1,Healthy
2025-04-09 02:00:00,Hive_08,34.14,11.28,54.85,83.71,44.567,185.3,2,Healthy
2025-04-09 03:00:00,Hive_08,34.47,11.67,51.92,80.24,44.603,231.1,1,Healthy
2025-04-09 04:00:00,Hive_08,35.07,11.72,54.75,81.0,44.609,198.8,0,Healthy
2025-04-09 05:00:00,Hive_08,34.45,13.91,53.44,79.04,44.629,190.0,1,Healthy
2025-04-09 06:00:00,Hive_08,34.72,14.1,55.17,70.43,44.623,201.8,43,Healthy
2025-04-09 07:00:00,Hive_08,34.73,16.75,54.97,71.21,44.636,199.9,65,Healthy
2025-04-09 08:00:00,Hive_08,34.61,18.8,54.61,66.73,44.636,212.6,68,Healthy
2025-04-09 09:00:00,Hive_08,34.73,21.02,52.58,60.35,44.639,216.1,76,Healthy
2025-04-09 10:00:00,Hive_08,34.77,24.41,54.34,59.67,44.646,213.6,94,Healthy
2025-04-09 11:00:00,Hive_08,34.58,25.52,57.05,54.29,44.678,210.4,77,Healthy
2025-04-09 12:00:00,Hive_08,34.93,26.52,54.64,51.57,44.713,191.4,85,Healthy
2025-04-09 13:00:00,Hive_08,34.44,28.45,51.16,53.65,44.692,204.5,73,Healthy
2025-04-09 14:00:00,Hive_08,33.77,26.7,54.43,50.02,44.678,177.5,76,Healthy
2025-04-09 15:00:00,Hive_08,34.86,26.12,54.45,51.45,44.676,193.8,67,Healthy
2025-04-09 16:00:00,Hive_08,34.1,25.0,57.45,48.72,44.673,155.9,64,Healthy
2025-04-09 17:00:00,Hive_08,34.49,23.27,55.08,54.51,44.682,194.4,45,Healthy
2025-04-09 18:00:00,Hive_08,35.04,23.89,54.64,59.54,44.689,207.5,64,Healthy
2025-04-09 19:00:00,Hive_08,34.25,21.34,55.49,62.5,44.719,180.6,34,Healthy
2025-04-09 20:00:00,Hive_08,34.81,21.43,56.27,66.23,44.722,233.0,31,Healthy
2025-04-09 21:00:00,Hive_08,34.36,13.35,56.19,68.32,44.723,216.5,2,Healthy
2025-04-09 22:00:00,Hive_08,34.27,14.5,55.28,72.22,44.717,201.1,1,Healthy
2025-04-09 23:00:00,Hive_08,34.39,14.11,52.1,79.71,44.747,215.1,0,Healthy
2025-04-10 00:00:00,Hive_08,34.66,12.02,54.99,78.86,44.758,185.9,0,Healthy
2025-04-10 01:00:00,Hive_08,34.55,15.35,54.76,77.55,44.786,201.7,2,Healthy
2025-04-10 02:00:00,Hive_08,34.72,8.05,55.98,78.33,44.777,176.3,2,Healthy
2025-04-10 03:00:00,Hive_08,35.03,7.91,57.17,77.19,44.796,204.6,0,Healthy
2025-04-10 04:00:00,Hive_08,34.28,11.96,54.47,77.4,44.832,191.9,1,Healthy
2025-04-10 05:00:00,Hive_08,34.25,15.45,53.89,72.77,44.844,194.8,1,Healthy
2025-04-10 06:00:00,Hive_08,34.68,15.0,54.49,70.36,44.866,183.3,43,Healthy
2025-04-10 07:00:00,Hive_08,34.73,17.6,54.35,68.63,44.891,205.6,59,Healthy
2025-04-10 08:00:00,Hive_08,34.22,18.57,54.97,66.51,44.9,196.9,66,Healthy
2025-04-10 09:00:00,Hive_08,34.92,20.84,54.26,57.88,44.907,198.0,89,Healthy
2025-04-10 10:00:00,Hive_08,34.45,26.9,53.31,57.82,44.888,173.4,76,Healthy
2025-04-10 11:00:00,Hive_08,34.63,22.52,54.62,56.55,44.921,183.9,80,Healthy
2025-04-10 12:00:00,Hive_08,34.26,24.03,55.02,53.56,44.951,220.6,89,Healthy
2025-04-10 13:00:00,Hive_08,35.01,28.3,54.75,48.7,44.962,193.9,100,Healthy
2025-04-10 14:00:00,Hive_08,34.61,28.3,54.67,51.52,44.991,205.2,75,Healthy
2025-04-10 15:00:00,Hive_08,34.77,26.24,57.46,50.81,44.965,200.4,83,Healthy
2025-04-10 16:00:00,Hive_08,34.7,27.37,53.52,54.03,44.955,204.7,79,Healthy
2025-04-10 17:00:00,Hive_08,34.19,25.87,56.04,51.24,44.958,201.8,71,Healthy
2025-04-10 18:00:00,Hive_08,34.34,22.2,55.53,56.67,44.983,177.8,49,Healthy
2025-04-10 19:00:00,Hive_08,34.48,23.37,53.18,57.41,44.981,162.4,53,Healthy
2025-04-10 20:00:00,Hive_08,34.6,19.47,53.44,63.39,44.968,222.7,48,Healthy
2025-04-10 21:00:00,Hive_08,34.61,17.04,52.88,71.02,44.959,223.3,0,Healthy
2025-04-10 22:00:00,Hive_08,34.97,19.42,54.54,71.36,44.985,220.9,3,Healthy
2025-04-10 23:00:00,Hive_08,34.48,13.47,53.05,73.89,45.0,187.7,3,Healthy
2025-04-11 00:00:00,Hive_08,34.92,12.22,55.28,74.51,45.011,216.4,2,Healthy
2025-04-11 01:00:00,Hive_08,34.17,11.13,52.8,78.59,45.032,205.9,2,Healthy
2025-04-11 02:00:00,Hive_08,34.76,13.92,51.88,81.55,45.036,214.5,0,Healthy
2025-04-11 03:00:00,Hive_08,34.63,12.41,55.55,80.53,45.058,202.7,0,Healthy
2025-04-11 04:00:00,Hive_08,34.07,13.83,57.07,78.56,45.079,179.3,1,Healthy
2025-04-11 05:00:00,Hive_08,34.59,13.5,53.54,74.48,45.111,215.7,2,Healthy
2025-04-11 06:00:00,Hive_08,34.42,16.07,53.91,74.37,45.145,204.8,43,Healthy
2025-04-11 07:00:00,Hive_08,35.11,17.3,55.01,67.41,45.158,210.8,48,Healthy
2025-04-11 08:00:00,Hive_08,35.05,21.64,54.53,63.78,45.189,162.5,58,Healthy
2025-04-11 09:00:00,Hive_08,34.68,21.63,55.47,57.06,45.179,199.8,86,Healthy
2025-04-11 10:00:00,Hive_08,34.4,20.85,55.04,54.95,45.188,213.3,89,Healthy
2025-04-11 11:00:00,Hive_08,34.54,26.7,54.54,51.61,45.227,202.6,81,Healthy
2025-04-11 12:00:00,Hive_08,34.25,28.21,54.48,53.14,45.231,218.4,92,Healthy
2025-04-11 13:00:00,Hive_08,34.6,28.82,56.96,49.52,45.233,201.7,75,Healthy
2025-04-11 14:00:00,Hive_08,34.18,26.85,56.98,49.33,45.227,211.8,86,Healthy
2025-04-11 15:00:00,Hive_08,33.82,27.77,54.71,53.48,45.215,170.6,66,Healthy
2025-04-11 16:00:00,Hive_08,34.77,26.95,54.68,50.56,45.219,195.2,69,Healthy
2025-04-11 17:00:00,Hive_08,34.8,25.03,54.06,52.69,45.221,206.4,63,Healthy
2025-04-11 18:00:00,Hive_08,34.66,22.66,55.27,59.01,45.222,193.9,47,Healthy
2025-04-11 19:00:00,Hive_08,34.77,20.22,56.31,61.04,45.225,216.0,58,Healthy
2025-04-11 20:00:00,Hive_08,33.82,19.53,53.11,66.38,45.236,184.9,50,Healthy
2025-04-11 21:00:00,Hive_08,34.49,18.83,53.5,70.81,45.236,203.8,1,Healthy
2025-04-11 22:00:00,Hive_08,34.5,17.01,52.26,73.92,45.28,196.8,4,Healthy
2025-04-11 23:00:00,Hive_08,34.63,15.32,51.97,75.19,45.311,238.5,0,Healthy
2025-04-12 00:00:00,Hive_08,34.76,12.64,58.16,77.78,45.329,232.1,2,Healthy
2025-04-12 01:00:00,Hive_08,34.87,12.95,54.37,80.15,45.355,181.5,1,Healthy
2025-04-12 02:00:00,Hive_08,34.41,11.04,56.7,80.18,45.347,174.0,0,Healthy
2025-04-12 03:00:00,Hive_08,34.62,13.76,54.56,77.55,45.374,196.5,4,Healthy
2025-04-12 04:00:00,Hive_08,34.36,15.92,59.7,77.36,45.362,199.2,2,Healthy
2025-04-12 05:00:00,Hive_08,34.65,14.34,53.54,72.13,45.401,178.2,2,Healthy
2025-04-12 06:00:00,Hive_08,34.25,12.68,53.95,68.19,45.44,199.4,62,Healthy
2025-04-12 07:00:00,Hive_08,34.28,17.36,53.81,70.09,45.414,205.0,62,Healthy
2025-04-12 08:00:00,Hive_08,35.11,21.17,55.26,65.43,45.444,195.1,60,Healthy
2025-04-12 09:00:00,Hive_08,34.75,23.15,55.53,60.94,45.438,216.1,69,Healthy
2025-04-12 10:00:00,Hive_08,34.38,24.94,56.73,60.06,45.456,212.8,76,Healthy
2025-04-12 11:00:00,Hive_08,35.01,25.98,51.98,51.58,45.459,186.0,95,Healthy
2025-04-12 12:00:00,Hive_08,35.39,29.81,52.93,53.32,45.443,186.6,91,Healthy
2025-04-12 13:00:00,Hive_08,34.69,26.19,53.14,49.01,45.43,194.0,85,Healthy
2025-04-12 14:00:00,Hive_08,34.28,29.52,55.87,48.2,45.456,221.4,89,Healthy
2025-04-12 15:00:00,Hive_08,34.42,27.92,54.59,51.66,45.431,213.4,80,Healthy
2025-04-12 16:00:00,Hive_08,34.49,28.09,53.72,46.38,45.471,209.2,72,Healthy
2025-04-12 17:00:00,Hive_08,34.22,25.01,54.85,55.19,45.469,234.0,75,Healthy
2025-04-12 18:00:00,Hive_08,34.76,25.59,55.28,54.52,45.504,204.8,49,Healthy
2025-04-12 19:00:00,Hive_08,34.27,22.42,55.56,57.51,45.536,191.7,39,Healthy
2025-04-12 20:00:00,Hive_08,34.83,17.6,55.98,67.92,45.554,223.3,21,Healthy
2025-04-12 21:00:00,Hive_08,34.8,16.56,53.21,71.01,45.554,225.3,2,Healthy
2025-04-12 22:00:00,Hive_08,34.7,17.18,52.87,70.18,45.524,210.9,3,Healthy
2025-04-12 23:00:00,Hive_08,35.01,13.96,54.71,74.51,45.533,225.4,1,Healthy
2025-04-13 00:00:00,Hive_08,34.29,12.09,54.78,79.62,45.517,202.8,2,Healthy
2025-04-13 01:00:00,Hive_08,34.67,13.72,55.59,81.2,45.525,209.1,0,Healthy
2025-04-13 02:00:00,Hive_08,34.7,8.48,54.81,82.32,45.557,189.0,1,Healthy
2025-04-13 03:00:00,Hive_08,34.03,11.01,53.85,80.62,45.572,181.9,1,Healthy
2025-04-13 04:00:00,Hive_08,34.29,9.75,53.35,79.2,45.556,193.7,0,Healthy
2025-04-13 05:00:00,Hive_08,34.36,17.26,55.16,70.84,45.551,203.2,1,Healthy
2025-04-13 06:00:00,Hive_08,33.79,18.3,53.05,70.26,45.569,198.2,57,Healthy
2025-04-13 07:00:00,Hive_08,34.35,18.68,54.42,67.61,45.616,210.4,79,Healthy
2025-04-13 08:00:00,Hive_08,34.19,21.26,55.3,64.87,45.625,198.6,67,Healthy
2025-04-13 09:00:00,Hive_08,34.48,18.99,52.88,63.64,45.645,187.2,83,Healthy
2025-04-13 10:00:00,Hive_08,34.45,25.32,54.38,59.54,45.642,189.2,84,Healthy
2025-04-13 11:00:00,Hive_08,34.16,25.34,54.84,52.74,45.644,182.9,96,Healthy
2025-04-13 12:00:00,Hive_08,34.28,29.59,54.92,53.93,45.684,182.4,97,Healthy
2025-04-13 13:00:00,Hive_08,34.37,25.56,58.34,53.88,45.729,198.4,81,Healthy
2025-04-13 14:00:00,Hive_08,34.38,28.29,52.51,49.64,45.729,183.3,90,Healthy
2025-04-13 15:00:00,Hive_08,34.6,29.21,53.72,51.99,45.743,211.9,72,Healthy
2025-04-13 16:00:00,Hive_08,35.0,27.11,56.28,51.72,45.765,174.2,71,Healthy
2025-04-13 17:00:00,Hive_08,34.03,25.42,53.37,54.07,45.774,216.7,54,Healthy
2025-04-13 18:00:00,Hive_08,34.41,23.4,54.81,61.06,45.781,179.8,55,Healthy
2025-04-13 19:00:00,Hive_08,34.63,21.09,57.91,61.06,45.765,213.0,48,Healthy
2025-04-13 20:00:00,Hive_08,34.99,19.04,53.85,66.2,45.78,206.1,35,Healthy
2025-04-13 21:00:00,Hive_08,34.65,19.08,53.63,69.21,45.793,192.9,0,Healthy
2025-04-13 22:00:00,Hive_08,34.63,15.24,53.1,73.04,45.784,210.9,2,Healthy
2025-04-13 23:00:00,Hive_08,34.66,15.67,54.38,78.34,45.797,224.9,4,Healthy
2025-04-14 00:00:00,Hive_08,34.72,13.77,55.04,79.06,45.83,215.1,2,Healthy
2025-04-14 01:00:00,Hive_08,34.72,11.8,55.32,76.45,45.825,183.1,2,Healthy
2025-04-14 02:00:00,Hive_08,34.75,9.6,55.82,80.6,45.827,181.3,2,Healthy
2025-04-14 03:00:00,Hive_08,34.65,14.07,57.37,78.34,45.844,194.0,3,Healthy
2025-04-14 04:00:00,Hive_08,34.74,11.97,54.39,75.39,45.848,190.6,1,Healthy
2025-04-14 05:00:00,Hive_08,35.04,16.45,56.64,78.93,45.867,178.5,1,Healthy
2025-04-14 06:00:00,Hive_08,34.95,19.24,55.08,71.63,45.823,209.6,62,Healthy
2025-04-14 07:00:00,Hive_08,34.0,17.86,52.92,71.35,45.838,207.2,73,Healthy
2025-04-14 08:00:00,Hive_08,34.56,20.96,55.9,62.61,45.81,199.3,66,Healthy
2025-04-14 09:00:00,Hive_08,34.16,21.09,55.63,62.12,45.831,216.3,67,Healthy
2025-04-14 10:00:00,Hive_08,34.41,21.74,59.35,58.06,45.85,200.9,82,Healthy
2025-04-14 11:00:00,Hive_08,34.48,23.83,54.88,55.52,45.862,203.3,71,Healthy
2025-04-14 12:00:00,Hive_08,34.46,28.18,56.93,50.32,45.908,174.5,90,Healthy
2025-04-14 13:00:00,Hive_08,34.74,28.14,55.17,47.5,45.922,186.2,92,Healthy
2025-04-14 14:00:00,Hive_08,34.35,29.26,54.35,50.25,45.936,200.7,93,Healthy
2025-04-14 15:00:00,Hive_08,34.61,27.01,54.28,48.07,45.962,200.1,84,Healthy
2025-04-14 16:00:00,Hive_08,34.29,25.41,53.17,52.3,45.955,191.8,82,Healthy
2025-04-14 17:00:00,Hive_08,34.54,24.8,55.04,51.85,45.955,197.6,70,Healthy
2025-04-14 18:00:00,Hive_08,34.14,25.01,59.33,58.67,45.986,207.8,38,Healthy
2025-04-14 19:00:00,Hive_08,34.44,23.49,52.48,60.12,45.971,206.6,49,Healthy
2025-04-14 20:00:00,Hive_08,34.48,21.03,54.39,66.3,45.987,212.3,30,Healthy
2025-04-14 21:00:00,Hive_08,34.21,19.74,54.98,68.45,45.999,198.8,3,Healthy
2025-04-14 22:00:00,Hive_08,34.96,17.21,50.89,69.64,46.052,195.7,1,Healthy
2025-04-14 23:00:00,Hive_08,34.5,14.25,54.8,76.38,46.088,208.5,1,Healthy
2025-04-15 00:00:00,Hive_08,34.34,14.18,56.19,79.04,46.095,196.7,1,Healthy
2025-04-15 01:00:00,Hive_08,34.71,8.63,54.97,78.44,46.079,214.5,1,Healthy
2025-04-15 02:00:00,Hive_08,34.18,10.17,56.32,84.41,46.074,202.0,1,Healthy
2025-04-15 03:00:00,Hive_08,34.62,10.41,56.72,80.53,46.083,233.3,2,Healthy
2025-04-15 04:00:00,Hive_08,34.32,13.92,55.78,75.27,46.092,202.8,1,Healthy
2025-04-15 05:00:00,Hive_08,34.15,14.53,55.96,75.84,46.068,202.8,3,Healthy
2025-04-15 06:00:00,Hive_08,34.23,17.02,57.65,73.85,46.105,187.3,45,Healthy
2025-04-15 07:00:00,Hive_08,34.12,19.81,53.49,72.47,46.112,167.4,60,Healthy
2025-04-15 08:00:00,Hive_08,34.54,21.78,54.13,62.12,46.155,191.5,85,Healthy
2025-04-15 09:00:00,Hive_08,34.58,21.17,54.79,62.66,46.149,204.8,73,Healthy
2025-04-15 10:00:00,Hive_08,34.66,22.97,55.97,60.45,46.151,197.2,82,Healthy
2025-04-15 11:00:00,Hive_08,34.49,26.16,53.81,55.68,46.177,200.5,74,Healthy
2025-04-15 12:00:00,Hive_08,34.25,23.73,55.65,52.61,46.171,202.0,86,Healthy
2025-04-15 13:00:00,Hive_08,34.9,30.36,55.04,52.41,46.197,201.4,103,Healthy
2025-04-15 14:00:00,Hive_08,33.9,27.89,57.5,47.21,46.217,208.2,99,Healthy
2025-04-15 15:00:00,Hive_08,34.43,25.25,56.11,49.79,46.213,182.0,66,Healthy
2025-04-15 16:00:00,Hive_08,34.33,28.65,55.95,50.52,46.209,174.4,54,Healthy
2025-04-15 17:00:00,Hive_08,34.44,25.57,55.65,55.39,46.187,176.8,82,Healthy
2025-04-15 18:00:00,Hive_08,34.3,25.85,54.64,59.04,46.197,219.7,54,Healthy
2025-04-15 19:00:00,Hive_08,34.74,22.86,55.45,60.78,46.208,188.9,38,Healthy
2025-04-15 20:00:00,Hive_08,34.53,18.38,51.39,64.92,46.213,182.4,34,Healthy
2025-04-15 21:00:00,Hive_08,34.66,18.89,55.89,68.03,46.219,223.0,1,Healthy
2025-04-15 22:00:00,Hive_08,34.25,18.21,54.47,72.05,46.207,211.8,0,Healthy
2025-04-15 23:00:00,Hive_08,34.75,16.43,55.04,73.73,46.222,191.1,2,Healthy
2025-04-16 00:00:00,Hive_08,34.21,13.27,54.19,75.07,46.217,218.8,2,Healthy
2025-04-16 01:00:00,Hive_08,34.35,11.1,54.57,78.51,46.205,187.8,2,Healthy
2025-04-16 02:00:00,Hive_08,34.5,12.28,54.93,79.7,46.211,207.8,2,Healthy
2025-04-16 03:00:00,Hive_08,34.05,9.91,55.95,79.23,46.237,190.8,1,Healthy
2025-04-16 04:00:00,Hive_08,34.71,9.9,56.73,79.94,46.276,181.6,2,Healthy
2025-04-16 05:00:00,Hive_08,34.45,16.56,54.45,72.62,46.303,164.1,3,Healthy
2025-04-16 06:00:00,Hive_08,34.48,15.83,55.74,74.33,46.267,194.2,58,Healthy
2025-04-16 07:00:00,Hive_08,34.52,18.36,53.77,65.61,46.259,177.2,66,Healthy
2025-04-16 08:00:00,Hive_08,34.06,21.67,56.15,69.24,46.286,191.3,60,Healthy
2025-04-16 09:00:00,Hive_08,34.56,20.44,57.04,60.06,46.318,175.8,70,Healthy
2025-04-16 10:00:00,Hive_08,34.48,25.95,52.44,56.04,46.351,171.3,68,Healthy
2025-04-16 11:00:00,Hive_08,34.41,27.23,54.93,58.23,46.379,204.3,84,Healthy
2025-04-16 12:00:00,Hive_08,34.57,26.2,54.86,48.88,46.38,185.0,80,Healthy
2025-04-16 13:00:00,Hive_08,34.4,28.65,54.35,52.27,46.373,214.1,88,Healthy
2025-04-16 14:00:00,Hive_08,34.41,28.55,53.25,50.72,46.363,216.9,77,Healthy
2025-04-16 15:00:00,Hive_08,34.14,27.11,53.85,48.24,46.407,209.9,73,Healthy
2025-04-16 16:00:00,Hive_08,34.91,28.55,58.32,51.71,46.437,201.4,76,Healthy
2025-04-16 17:00:00,Hive_08,34.3,25.68,53.57,50.72,46.434,226.9,71,Healthy
2025-04-16 18:00:00,Hive_08,33.93,24.66,56.09,59.12,46.463,166.4,57,Healthy
2025-04-16 19:00:00,Hive_08,34.9,19.93,53.49,57.18,46.458,214.8,36,Healthy
2025-04-16 20:00:00,Hive_08,32.42,19.73,67.32,64.6,46.405,317.4,14,At Risk
2025-04-16 21:00:00,Hive_08,31.54,18.4,67.45,72.68,46.348,354.1,0,At Risk
2025-04-16 22:00:00,Hive_08,28.99,14.36,67.19,72.71,46.266,311.8,0,At Risk
2025-04-16 23:00:00,Hive_08,30.97,14.61,70.91,74.55,46.247,337.3,0,At Risk
2025-04-17 00:00:00,Hive_08,32.19,13.53,65.2,76.29,46.181,297.1,0,At Risk
2025-04-17 01:00:00,Hive_08,33.34,11.76,68.42,78.98,46.103,343.9,0,At Risk
2025-04-17 02:00:00,Hive_08,33.23,12.82,66.93,79.34,46.105,324.6,0,At Risk
2025-04-17 03:00:00,Hive_08,30.94,12.95,64.31,76.28,46.031,371.8,0,At Risk
2025-04-17 04:00:00,Hive_08,32.61,12.76,72.66,79.05,46.001,324.5,0,At Risk
2025-04-17 05:00:00,Hive_08,35.01,13.83,68.09,75.76,45.976,301.1,0,At Risk
2025-04-17 06:00:00,Hive_08,32.8,17.88,65.96,70.78,45.964,345.1,16,At Risk
2025-04-17 07:00:00,Hive_08,32.66,18.57,67.2,69.88,45.894,306.9,11,At Risk
2025-04-17 08:00:00,Hive_08,31.27,21.06,63.59,65.33,45.905,331.3,35,At Risk
2025-04-17 09:00:00,Hive_08,31.97,21.86,74.54,60.4,45.832,306.7,30,At Risk
2025-04-17 10:00:00,Hive_08,32.91,24.5,65.55,55.39,45.827,331.9,32,At Risk
2025-04-17 11:00:00,Hive_08,31.25,25.66,71.39,52.86,45.764,306.1,24,At Risk
2025-04-17 12:00:00,Hive_08,31.24,25.56,65.87,52.32,45.732,328.2,38,At Risk
2025-04-17 13:00:00,Hive_08,31.73,27.73,66.5,50.63,45.655,348.6,44,At Risk
2025-04-17 14:00:00,Hive_08,30.91,28.92,70.86,49.0,45.63,350.2,29,At Risk
2025-04-17 15:00:00,Hive_08,32.94,28.25,64.3,48.39,45.571,325.1,31,At Risk
2025-04-17 16:00:00,Hive_08,32.19,26.33,64.99,51.17,45.552,321.0,25,At Risk
2025-04-17 17:00:00,Hive_08,31.6,24.15,67.32,56.24,45.541,381.8,36,At Risk
2025-04-17 18:00:00,Hive_08,31.89,22.83,72.81,59.95,45.481,332.5,7,At Risk
2025-04-17 19:00:00,Hive_08,32.24,20.75,64.36,61.16,45.453,343.8,9,At Risk
2025-04-17 20:00:00,Hive_08,32.46,20.2,69.01,67.48,45.464,309.5,22,At Risk
2025-04-17 21:00:00,Hive_08,31.27,17.03,67.17,71.41,45.398,332.5,0,At Risk
2025-04-17 22:00:00,Hive_08,30.64,16.57,65.34,70.86,45.364,324.3,0,At Risk
2025-04-17 23:00:00,Hive_08,32.58,15.9,68.42,75.78,45.348,330.4,0,At Risk
2025-04-18 00:00:00,Hive_08,30.72,13.27,61.88,79.51,45.292,338.8,0,At Risk
2025-04-18 01:00:00,Hive_08,33.05,12.0,66.62,79.54,45.251,332.0,0,At Risk
2025-04-18 02:00:00,Hive_08,31.92,10.17,72.91,79.7,45.21,335.0,0,At Risk
2025-04-18 03:00:00,Hive_08,33.65,13.65,73.29,77.81,45.161,316.5,0,At Risk
2025-04-18 04:00:00,Hive_08,32.1,15.51,72.28,79.58,45.071,321.6,0,At Risk
2025-04-18 05:00:00,Hive_08,32.03,14.72,63.83,76.76,45.049,296.0,0,At Risk
2025-04-18 06:00:00,Hive_08,32.23,16.74,73.5,70.13,44.956,284.1,13,At Risk
2025-04-18 07:00:00,Hive_08,30.02,16.76,67.97,66.54,44.885,353.9,21,At Risk
2025-04-18 08:00:00,Hive_08,31.87,19.59,70.43,65.71,44.822,320.6,18,At Risk
2025-04-18 09:00:00,Hive_08,32.43,24.32,62.25,59.75,44.773,332.5,31,At Risk
2025-04-18 10:00:00,Hive_08,32.98,28.52,69.57,56.24,44.743,350.1,32,At Risk
2025-04-18 11:00:00,Hive_08,32.18,26.97,67.16,58.32,44.661,364.9,30,At Risk
2025-04-18 12:00:00,Hive_08,31.84,26.25,65.14,53.36,44.595,346.8,33,At Risk
2025-04-18 13:00:00,Hive_08,30.69,27.82,66.51,49.36,44.543,293.1,32,At Risk
2025-04-18 14:00:00,Hive_08,31.62,28.13,64.26,52.39,44.499,315.8,35,At Risk
2025-04-18 15:00:00,Hive_08,36.43,27.22,68.43,45.09,44.447,291.5,23,At Risk
2025-04-18 16:00:00,Hive_08,32.84,26.79,68.71,52.68,44.432,267.4,26,At Risk
2025-04-18 17:00:00,Hive_08,32.99,24.86,63.27,51.87,44.364,294.7,24,At Risk
2025-04-18 18:00:00,Hive_08,34.03,25.4,73.75,56.82,44.307,343.5,25,At Risk
2025-04-18 19:00:00,Hive_08,31.37,22.89,62.94,61.99,44.298,389.6,17,At Risk
2025-04-18 20:00:00,Hive_08,31.1,19.63,69.75,67.53,44.246,341.5,10,At Risk
2025-04-18 21:00:00,Hive_08,31.06,16.48,67.99,67.24,44.243,298.8,0,At Risk
2025-04-18 22:00:00,Hive_08,32.23,16.2,67.86,72.24,44.117,333.2,0,At Risk
2025-04-18 23:00:00,Hive_08,33.22,13.77,67.85,75.81,44.047,339.9,0,At Risk
2025-04-19 00:00:00,Hive_08,33.92,12.64,68.73,78.21,44.026,322.0,0,At Risk
2025-04-19 01:00:00,Hive_08,33.57,9.1,63.98,79.76,43.972,354.6,0,At Risk
2025-04-19 02:00:00,Hive_08,29.76,13.64,69.51,82.56,43.967,305.0,0,At Risk
2025-04-19 03:00:00,Hive_08,32.87,13.5,65.21,79.8,43.873,347.2,0,At Risk
2025-04-19 04:00:00,Hive_08,33.41,14.41,67.05,75.83,43.841,345.6,0,At Risk
2025-04-19 05:00:00,Hive_08,34.47,15.22,73.44,73.91,43.773,340.8,0,At Risk
2025-04-19 06:00:00,Hive_08,32.14,16.49,68.3,69.4,43.74,322.3,8,At Risk
2025-04-19 07:00:00,Hive_08,34.08,16.28,65.17,70.73,43.685,357.5,21,At Risk
2025-04-19 08:00:00,Hive_08,30.48,21.01,73.59,64.93,43.54,40.0,3,Critical
2025-04-19 09:00:00,Hive_08,25.75,21.69,76.53,59.23,43.323,406.7,4,Critical
2025-04-19 10:00:00,Hive_08,25.37,24.33,74.01,56.63,43.158,40.0,5,Critical
2025-04-19 11:00:00,Hive_08,28.54,25.58,75.6,55.23,42.971,341.6,2,Critical
2025-04-19 12:00:00,Hive_08,29.41,23.4,73.24,52.49,42.832,40.0,0,Critical
2025-04-19 13:00:00,Hive_08,29.24,26.26,75.42,50.97,42.677,420.2,1,Critical
2025-04-19 14:00:00,Hive_08,29.28,26.69,79.37,52.81,42.391,415.7,4,Critical
2025-04-19 15:00:00,Hive_08,31.56,28.38,76.5,48.66,42.233,393.6,6,Critical
2025-04-19 16:00:00,Hive_08,26.28,24.59,84.8,51.85,42.015,396.0,2,Critical
2025-04-19 17:00:00,Hive_08,30.55,24.01,78.45,55.49,41.801,40.0,0,Critical
2025-04-19 18:00:00,Hive_08,23.0,21.11,80.25,57.56,41.601,456.1,2,Critical
2025-04-19 19:00:00,Hive_08,23.48,24.93,77.85,61.25,41.304,40.0,2,Critical
2025-04-19 20:00:00,Hive_08,28.96,18.24,73.33,66.74,41.109,40.0,0,Critical
2025-04-19 21:00:00,Hive_08,26.59,16.28,81.79,67.12,40.911,401.6,2,Critical
2025-04-19 22:00:00,Hive_08,30.0,17.12,78.86,73.21,40.631,453.9,2,Critical
2025-04-19 23:00:00,Hive_08,26.81,13.94,82.27,76.22,40.354,433.1,0,Critical
2025-04-20 00:00:00,Hive_08,28.08,14.89,77.68,79.2,40.134,40.0,6,Critical
2025-04-20 01:00:00,Hive_08,20.94,12.6,71.9,85.85,39.945,40.0,2,Critical
2025-04-20 02:00:00,Hive_08,29.44,10.85,82.87,78.65,39.806,397.1,0,Critical
2025-04-20 03:00:00,Hive_08,30.73,13.59,82.1,77.61,39.615,356.8,7,Critical
2025-04-20 04:00:00,Hive_08,25.09,15.06,79.66,79.28,39.376,395.1,6,Critical
2025-04-20 05:00:00,Hive_08,23.94,11.32,86.16,74.69,39.24,419.8,4,Critical
2025-04-20 06:00:00,Hive_08,25.78,14.95,77.35,72.75,38.978,394.0,0,Critical
2025-04-20 07:00:00,Hive_08,27.12,16.22,73.64,70.08,38.801,40.0,2,Critical
2025-04-20 08:00:00,Hive_08,24.03,20.72,78.59,66.29,38.54,444.3,0,Critical
2025-04-20 09:00:00,Hive_08,26.63,22.08,81.28,64.3,38.303,40.0,4,Critical
2025-04-20 10:00:00,Hive_08,28.44,24.64,73.32,58.7,38.144,474.0,0,Critical
2025-04-20 11:00:00,Hive_08,27.09,24.58,75.36,52.2,37.9,40.0,4,Critical
2025-04-20 12:00:00,Hive_08,25.29,23.47,80.95,52.32,37.683,474.3,1,Critical
2025-04-20 13:00:00,Hive_08,24.66,24.81,71.36,49.79,37.451,439.6,0,Critical
2025-04-20 14:00:00,Hive_08,26.45,27.2,75.5,46.86,37.232,455.5,3,Critical
2025-04-20 15:00:00,Hive_08,30.67,25.74,75.88,49.85,36.974,40.0,4,Critical
2025-04-20 16:00:00,Hive_08,25.06,27.99,85.71,52.27,36.745,521.0,3,Critical
2025-04-20 17:00:00,Hive_08,25.28,26.73,81.08,52.62,36.497,402.5,2,Critical
2025-04-20 18:00:00,Hive_08,29.26,22.58,84.95,56.56,36.286,410.0,3,Critical
2025-04-20 19:00:00,Hive_08,26.65,24.96,85.51,62.51,36.098,420.7,3,Critical
2025-04-20 20:00:00,Hive_08,27.94,21.42,72.32,64.87,35.901,359.5,4,Critical
2025-04-20 21:00:00,Hive_08,28.74,19.04,75.8,65.6,35.711,451.6,0,Critical
2025-04-20 22:00:00,Hive_08,32.19,14.77,75.0,74.35,35.548,422.4,0,Critical
2025-04-20 23:00:00,Hive_08,24.84,13.91,75.25,76.08,35.299,418.8,0,Critical
2025-04-21 00:00:00,Hive_08,26.0,14.27,78.18,80.44,35.115,378.1,3,Critical
2025-04-21 01:00:00,Hive_08,25.3,9.86,77.47,79.34,34.943,471.6,4,Critical
2025-04-21 02:00:00,Hive_08,27.61,10.55,70.93,79.57,34.813,491.5,5,Critical
2025-04-21 03:00:00,Hive_08,25.26,10.03,79.29,77.86,34.65,463.8,4,Critical
2025-04-21 04:00:00,Hive_08,25.94,18.1,84.08,75.84,34.46,421.5,2,Critical
2025-04-21 05:00:00,Hive_08,25.19,15.61,76.74,77.87,34.29,425.6,1,Critical
2025-04-21 06:00:00,Hive_08,25.58,17.09,73.57,71.78,34.071,40.0,1,Critical
2025-04-21 07:00:00,Hive_08,24.56,17.77,78.02,67.42,33.884,40.0,4,Critical
2025-04-21 08:00:00,Hive_08,28.94,21.78,82.45,67.07,33.639,40.0,0,Critical
2025-04-21 09:00:00,Hive_08,26.65,25.71,73.43,61.58,33.435,479.9,1,Critical
2025-04-21 10:00:00,Hive_08,32.15,22.37,70.03,59.54,33.464,336.1,30,At Risk
2025-04-21 11:00:00,Hive_08,33.31,23.57,74.8,54.27,33.407,312.3,30,At Risk
2025-04-21 12:00:00,Hive_08,32.75,28.37,68.88,50.02,33.352,290.8,33,At Risk
2025-04-21 13:00:00,Hive_08,33.1,25.54,71.69,49.33,33.295,315.7,42,At Risk
2025-04-21 14:00:00,Hive_08,32.84,27.12,69.37,47.73,33.261,332.5,35,At Risk
2025-04-21 15:00:00,Hive_08,31.39,28.03,69.58,51.43,33.211,318.2,29,At Risk
2025-04-21 16:00:00,Hive_08,31.24,26.78,68.19,49.12,33.201,314.5,39,At Risk
2025-04-21 17:00:00,Hive_08,31.0,23.96,67.65,53.63,33.176,323.9,20,At Risk
2025-04-21 18:00:00,Hive_08,30.8,25.58,70.52,57.66,33.155,290.9,19,At Risk
2025-04-21 19:00:00,Hive_08,30.4,24.93,70.26,57.46,33.124,345.3,11,At Risk
2025-04-21 20:00:00,Hive_08,30.57,20.21,71.07,68.49,33.053,292.8,15,At Risk
2025-04-21 21:00:00,Hive_08,32.4,18.04,66.95,69.06,33.001,336.0,0,At Risk
2025-04-21 22:00:00,Hive_08,33.55,17.12,64.53,69.45,32.929,332.0,0,At Risk
2025-04-21 23:00:00,Hive_08,30.87,12.42,71.21,76.66,32.9,292.6,0,At Risk
2025-04-22 00:00:00,Hive_08,33.04,15.37,65.45,78.35,32.907,371.9,0,At Risk
2025-04-22 01:00:00,Hive_08,32.79,12.26,66.99,80.47,32.85,369.8,0,At Risk
2025-04-22 02:00:00,Hive_08,29.61,11.95,71.37,81.88,32.845,355.2,0,At Risk
2025-04-22 03:00:00,Hive_08,31.88,12.86,67.24,79.3,32.82,324.9,0,At Risk
2025-04-22 04:00:00,Hive_08,30.95,16.38,68.8,80.59,32.767,326.4,0,At Risk
2025-04-22 05:00:00,Hive_08,33.02,12.84,65.5,76.5,32.659,368.1,0,At Risk
2025-04-22 06:00:00,Hive_08,34.62,16.82,55.42,70.04,32.679,223.9,48,Healthy
2025-04-22 07:00:00,Hive_08,34.41,21.0,58.6,69.7,32.705,193.2,61,Healthy
2025-04-22 08:00:00,Hive_08,34.54,20.95,53.77,64.7,32.682,201.6,71,Healthy
2025-04-22 09:00:00,Hive_08,34.1,22.86,53.55,59.97,32.713,190.0,73,Healthy
2025-04-22 10:00:00,Hive_08,34.29,23.53,53.69,56.26,32.751,210.2,97,Healthy
2025-04-22 11:00:00,Hive_08,34.6,27.83,54.12,49.69,32.783,188.9,78,Healthy
2025-04-22 12:00:00,Hive_08,34.77,24.78,55.38,51.4,32.769,232.3,96,Healthy
2025-04-22 13:00:00,Hive_08,34.01,28.89,53.63,53.08,32.796,187.8,85,Healthy
2025-04-22 14:00:00,Hive_08,34.39,27.88,56.37,47.45,32.82,216.7,94,Healthy
2025-04-22 15:00:00,Hive_08,34.58,28.34,54.06,51.16,32.81,189.7,75,Healthy
2025-04-01 00:00:00,Hive_09,34.7,13.43,55.79,78.32,44.513,203.4,2,Healthy
2025-04-01 01:00:00,Hive_09,35.05,12.27,56.12,81.59,44.533,196.7,2,Healthy
2025-04-01 02:00:00,Hive_09,34.44,11.41,57.68,78.77,44.541,224.4,1,Healthy
2025-04-01 03:00:00,Hive_09,34.73,12.48,53.38,80.93,44.527,209.3,1,Healthy
2025-04-01 04:00:00,Hive_09,34.3,14.02,54.22,80.86,44.496,212.0,4,Healthy
2025-04-01 05:00:00,Hive_09,34.9,12.47,56.18,78.09,44.494,196.3,2,Healthy
2025-04-01 06:00:00,Hive_09,34.64,16.78,54.46,72.0,44.502,197.0,60,Healthy
2025-04-01 07:00:00,Hive_09,34.61,15.79,51.6,70.18,44.529,214.9,56,Healthy
2025-04-01 08:00:00,Hive_09,35.17,20.73,55.75,65.54,44.542,216.4,86,Healthy
2025-04-01 09:00:00,Hive_09,34.63,25.18,54.07,59.92,44.598,200.7,87,Healthy
2025-04-01 10:00:00,Hive_09,33.96,23.75,56.56,58.5,44.634,191.1,66,Healthy
2025-04-01 11:00:00,Hive_09,34.74,27.88,54.72,57.11,44.638,220.0,85,Healthy
2025-04-01 12:00:00,Hive_09,34.6,27.16,54.84,52.0,44.649,226.9,95,Healthy
2025-04-01 13:00:00,Hive_09,34.16,28.3,56.53,52.15,44.665,190.7,87,Healthy
2025-04-01 14:00:00,Hive_09,34.83,28.8,53.87,50.17,44.652,188.6,80,Healthy
2025-04-01 15:00:00,Hive_09,34.14,27.93,52.97,49.85,44.637,195.7,70,Healthy
2025-04-01 16:00:00,Hive_09,34.15,26.35,55.45,54.66,44.623,180.0,73,Healthy
2025-04-01 17:00:00,Hive_09,34.83,26.67,54.73,55.97,44.638,194.2,73,Healthy
2025-04-01 18:00:00,Hive_09,34.18,22.63,55.16,58.5,44.616,203.4,69,Healthy
2025-04-01 19:00:00,Hive_09,34.76,21.23,55.07,60.63,44.651,205.9,48,Healthy
2025-04-01 20:00:00,Hive_09,34.17,17.03,54.41,65.18,44.669,196.6,22,Healthy
2025-04-01 21:00:00,Hive_09,34.09,19.81,56.14,70.9,44.683,203.5,3,Healthy
2025-04-01 22:00:00,Hive_09,34.56,16.23,55.33,73.93,44.674,236.8,0,Healthy
2025-04-01 23:00:00,Hive_09,34.77,13.25,52.88,74.63,44.681,211.8,0,Healthy
2025-04-02 00:00:00,Hive_09,34.32,12.87,55.06,77.65,44.682,214.5,2,Healthy
2025-04-02 01:00:00,Hive_09,34.38,12.0,57.01,79.62,44.701,197.9,2,Healthy
2025-04-02 02:00:00,Hive_09,34.77,14.83,55.62,78.63,44.707,189.1,2,Healthy
2025-04-02 03:00:00,Hive_09,34.85,12.71,55.45,82.38,44.703,230.8,1,Healthy
2025-04-02 04:00:00,Hive_09,34.97,14.32,51.95,74.45,44.706,184.1,3,Healthy
2025-04-02 05:00:00,Hive_09,34.58,13.23,52.83,76.66,44.737,199.8,3,Healthy
2025-04-02 06:00:00,Hive_09,34.44,16.92,54.66,70.98,44.762,211.2,43,Healthy
2025-04-02 07:00:00,Hive_09,34.7,19.35,55.78,69.7,44.789,186.0,62,Healthy
2025-04-02 08:00:00,Hive_09,34.83,21.51,53.67,67.23,44.841,226.5,61,Healthy
2025-04-02 09:00:00,Hive_09,34.28,21.62,55.87,62.49,44.855,219.3,82,Healthy
2025-04-02 10:00:00,Hive_09,34.87,20.95,54.91,59.23,44.868,202.3,78,Healthy
2025-04-02 11:00:00,Hive_09,34.78,29.36,56.39,52.83,44.869,186.0,87,Healthy
2025-04-02 12:00:00,Hive_09,35.04,27.97,54.12,52.62,44.867,213.2,73,Healthy
2025-04-02 13:00:00,Hive_09,34.5,26.88,54.24,50.25,44.841,221.2,102,Healthy
2025-04-02 14:00:00,Hive_09,34.46,25.5,55.84,51.35,44.856,178.1,92,Healthy
2025-04-02 15:00:00,Hive_09,34.56,26.9,52.66,45.32,44.889,195.6,79,Healthy
2025-04-02 16:00:00,Hive_09,34.32,27.71,56.69,52.22,44.897,183.1,73,Healthy
2025-04-02 17:00:00,Hive_09,34.54,25.54,55.08,54.35,44.936,188.0,39,Healthy
2025-04-02 18:00:00,Hive_09,34.03,24.0,55.55,59.16,44.918,212.7,50,Healthy
2025-04-02 19:00:00,Hive_09,35.15,20.75,58.46,57.91,44.907,183.5,40,Healthy
2025-04-02 20:00:00,Hive_09,34.59,19.42,57.88,64.35,44.944,195.2,37,Healthy
2025-04-02 21:00:00,Hive_09,34.43,15.16,56.45,69.15,44.966,204.6,2,Healthy
2025-04-02 22:00:00,Hive_09,34.64,15.35,54.76,74.44,44.978,212.7,2,Healthy
2025-04-02 23:00:00,Hive_09,34.36,13.83,54.39,73.82,44.991,218.0,1,Healthy
2025-04-03 00:00:00,Hive_09,34.51,13.65,55.45,77.62,45.025,203.7,0,Healthy
2025-04-03 01:00:00,Hive_09,34.84,11.97,56.19,82.63,45.058,212.4,3,Healthy
2025-04-03 02:00:00,Hive_09,34.54,10.32,55.08,79.88,45.057,202.2,0,Healthy
2025-04-03 03:00:00,Hive_09,33.85,12.95,55.02,78.14,45.098,171.5,1,Healthy
2025-04-03 04:00:00,Hive_09,34.76,10.64,53.79,78.5,45.099,197.8,3,Healthy
2025-04-03 05:00:00,Hive_09,34.97,12.25,53.91,74.7,45.101,202.7,4,Healthy
2025-04-03 06:00:00,Hive_09,34.14,14.32,53.49,74.01,45.101,207.0,44,Healthy
2025-04-03 07:00:00,Hive_09,34.52,18.13,53.05,67.45,45.086,192.3,66,Healthy
2025-04-03 08:00:00,Hive_09,34.16,20.29,56.55,63.45,45.123,207.6,73,Healthy
2025-04-03 09:00:00,Hive_09,34.98,18.86,56.61,62.3,45.153,175.2,71,Healthy
2025-04-03 10:00:00,Hive_09,34.15,23.78,55.63,56.08,45.183,179.1,95,Healthy
2025-04-03 11:00:00,Hive_09,34.74,25.99,55.19,57.64,45.196,200.0,106,Healthy
2025-04-03 12:00:00,Hive_09,34.67,27.85,55.7,51.27,45.198,187.7,101,Healthy
2025-04-03 13:00:00,Hive_09,34.67,27.33,54.22,49.87,45.212,194.3,62,Healthy
2025-04-03 14:00:00,Hive_09,34.61,28.58,51.89,50.52,45.195,217.4,85,Healthy
2025-04-03 15:00:00,Hive_09,34.03,24.89,54.14,50.68,45.21,203.8,88,Healthy
2025-04-03 16:00:00,Hive_09,34.39,27.63,53.72,53.07,45.221,215.3,78,Healthy
2025-04-03 17:00:00,Hive_09,34.23,25.36,56.73,54.27,45.263,206.6,43,Healthy
2025-04-03 18:00:00,Hive_09,34.16,25.01,56.27,60.81,45.27,218.7,38,Healthy
2025-04-03 19:00:00,Hive_09,34.6,21.42,55.83,57.98,45.287,192.3,35,Healthy
2025-04-03 20:00:00,Hive_09,34.06,19.51,54.49,66.77,45.267,193.9,29,Healthy
2025-04-03 21:00:00,Hive_09,34.81,21.08,52.43,67.55,45.278,200.6,2,Healthy
2025-04-03 22:00:00,Hive_09,33.88,15.18,55.5,70.93,45.275,215.4,2,Healthy
2025-04-03 23:00:00,Hive_09,34.56,16.12,55.28,73.86,45.275,218.5,2,Healthy
2025-04-04 00:00:00,Hive_09,35.06,16.12,57.77,79.38,45.275,178.0,3,Healthy
2025-04-04 01:00:00,Hive_09,34.37,13.31,55.6,80.53,45.306,209.9,1,Healthy
2025-04-04 02:00:00,Hive_09,34.7,14.31,56.26,80.25,45.358,206.2,1,Healthy
2025-04-04 03:00:00,Hive_09,34.59,15.14,55.36,81.7,45.329,198.7,0,Healthy
2025-04-04 04:00:00,Hive_09,34.09,9.07,54.47,76.8,45.345,207.6,1,Healthy
2025-04-04 05:00:00,Hive_09,34.18,12.41,57.11,75.36,45.352,182.9,0,Healthy
2025-04-04 06:00:00,Hive_09,34.44,16.01,56.49,72.62,45.343,215.1,49,Healthy
2025-04-04 07:00:00,Hive_09,34.73,19.22,53.79,67.63,45.386,198.8,56,Healthy
2025-04-04 08:00:00,Hive_09,34.46,18.24,52.99,65.34,45.381,170.7,58,Healthy
2025-04-04 09:00:00,Hive_09,34.4,21.89,55.71,61.82,45.372,206.7,77,Healthy
2025-04-04 10:00:00,Hive_09,34.32,23.69,52.7,57.49,45.361,178.8,82,Healthy
2025-04-04 11:00:00,Hive_09,34.36,26.68,54.76,57.36,45.409,194.0,82,Healthy
2025-04-04 12:00:00,Hive_09,34.3,26.73,52.89,51.16,45.451,208.3,106,Healthy
2025-04-04 13:00:00,Hive_09,34.0,29.16,53.64,50.54,45.454,185.5,70,Healthy
2025-04-04 14:00:00,Hive_09,34.98,26.66,53.99,49.61,45.477,185.3,82,Healthy
2025-04-04 15:00:00,Hive_09,33.7,27.68,53.78,53.71,45.492,206.3,66,Healthy
2025-04-04 16:00:00,Hive_09,34.94,26.87,55.31,52.04,45.499,189.4,76,Healthy
2025-04-04 17:00:00,Hive_09,34.21,25.27,54.55,53.26,45.523,192.3,60,Healthy
2025-04-04 18:00:00,Hive_09,34.52,23.16,53.82,57.84,45.55,178.2,61,Healthy
2025-04-04 19:00:00,Hive_09,34.0,22.56,54.92,62.29,45.59,197.8,40,Healthy
2025-04-04 20:00:00,Hive_09,34.57,18.28,53.98,62.12,45.589,200.9,36,Healthy
2025-04-04 21:00:00,Hive_09,34.77,18.72,56.57,69.08,45.596,225.0,0,Healthy
2025-04-04 22:00:00,Hive_09,34.29,13.7,50.99,75.27,45.6,218.4,1,Healthy
2025-04-04 23:00:00,Hive_09,34.44,11.68,54.5,75.03,45.596,189.9,2,Healthy
2025-04-05 00:00:00,Hive_09,34.55,12.2,54.08,78.31,45.591,201.0,0,Healthy
2025-04-05 01:00:00,Hive_09,34.38,15.26,56.1,78.34,45.597,193.7,0,Healthy
2025-04-05 02:00:00,Hive_09,35.12,12.15,54.69,78.91,45.562,214.3,0,Healthy
2025-04-05 03:00:00,Hive_09,34.41,12.43,54.69,82.3,45.591,221.4,1,Healthy
2025-04-05 04:00:00,Hive_09,34.23,16.11,54.28,74.51,45.622,203.5,1,Healthy
2025-04-05 05:00:00,Hive_09,34.65,12.65,54.42,72.62,45.652,178.5,2,Healthy
2025-04-05 06:00:00,Hive_09,34.34,15.94,55.15,71.27,45.661,186.6,55,Healthy
2025-04-05 07:00:00,Hive_09,34.67,19.74,54.76,68.39,45.72,200.2,67,Healthy
2025-04-05 08:00:00,Hive_09,34.71,21.75,56.29,63.72,45.738,211.4,63,Healthy
2025-04-05 09:00:00,Hive_09,34.25,25.29,52.99,56.32,45.783,198.0,68,Healthy
2025-04-05 10:00:00,Hive_09,34.69,23.09,56.09,54.45,45.799,189.3,99,Healthy
2025-04-05 11:00:00,Hive_09,34.44,26.83,53.26,50.9,45.838,193.3,74,Healthy
2025-04-05 12:00:00,Hive_09,34.76,26.71,54.22,55.19,45.845,214.9,103,Healthy
2025-04-05 13:00:00,Hive_09,34.39,25.4,54.27,50.82,45.881,179.7,96,Healthy
2025-04-05 14:00:00,Hive_09,34.51,24.58,53.03,48.55,45.936,189.2,76,Healthy
2025-04-05 15:00:00,Hive_09,34.77,26.69,54.34,51.68,45.952,205.9,63,Healthy
2025-04-05 16:00:00,Hive_09,34.03,26.75,55.32,50.75,45.982,200.7,44,Healthy
2025-04-05 17:00:00,Hive_09,35.03,24.97,54.49,52.61,45.96,199.3,66,Healthy
2025-04-05 18:00:00,Hive_09,34.36,24.15,56.15,55.89,45.972,230.4,50,Healthy
2025-04-05 19:00:00,Hive_09,34.33,19.78,52.67,60.72,45.984,193.7,41,Healthy
2025-04-05 20:00:00,Hive_09,34.81,22.75,54.71,64.74,46.003,201.8,32,Healthy
2025-04-05 21:00:00,Hive_09,34.69,17.73,55.17,71.78,46.031,201.9,3,Healthy
2025-04-05 22:00:00,Hive_09,34.55,14.23,53.29,76.76,46.056,219.4,0,Healthy
2025-04-05 23:00:00,Hive_09,34.67,13.64,54.34,77.64,46.061,181.2,1,Healthy
2025-04-06 00:00:00,Hive_09,34.7,10.56,54.6,77.29,46.093,190.3,0,Healthy
2025-04-06 01:00:00,Hive_09,34.87,14.0,54.5,80.22,46.135,183.8,1,Healthy
2025-04-06 02:00:00,Hive_09,34.57,12.61,56.87,79.06,46.153,197.3,3,Healthy
2025-04-06 03:00:00,Hive_09,34.48,13.04,54.45,79.47,46.18,213.2,3,Healthy
2025-04-06 04:00:00,Hive_09,34.6,13.72,54.16,76.9,46.193,221.1,3,Healthy
2025-04-06 05:00:00,Hive_09,34.77,15.7,54.04,75.56,46.174,204.1,1,Healthy
2025-04-06 06:00:00,Hive_09,34.29,18.68,56.04,75.76,46.144,205.1,53,Healthy
2025-04-06 07:00:00,Hive_09,34.22,16.44,56.28,69.21,46.158,222.4,45,Healthy
2025-04-06 08:00:00,Hive_09,34.65,18.7,55.41,64.03,46.176,190.3,50,Healthy
2025-04-06 09:00:00,Hive_09,34.31,20.93,55.27,63.93,46.187,202.8,64,Healthy
2025-04-06 10:00:00,Hive_09,35.19,25.23,54.44,57.3,46.217,194.2,103,Healthy
2025-04-06 11:00:00,Hive_09,34.92,26.75,56.16,51.82,46.218,175.8,100,Healthy
2025-04-06 12:00:00,Hive_09,34.76,29.52,55.84,54.25,46.249,196.1,71,Healthy
2025-04-06 13:00:00,Hive_09,34.08,28.87,51.71,51.3,46.26,197.7,86,Healthy
2025-04-06 14:00:00,Hive_09,34.71,28.87,56.04,48.51,46.217,199.0,86,Healthy
2025-04-06 15:00:00,Hive_09,33.97,28.85,55.14,51.61,46.222,216.1,66,Healthy
2025-04-06 16:00:00,Hive_09,34.73,26.92,54.77,53.75,46.256,189.0,77,Healthy
2025-04-06 17:00:00,Hive_09,34.89,27.0,52.53,51.66,46.273,193.0,70,Healthy
2025-04-06 18:00:00,Hive_09,34.84,24.49,55.2,61.08,46.307,198.5,39,Healthy
2025-04-06 19:00:00,Hive_09,33.57,21.38,57.08,60.89,46.315,214.5,41,Healthy
2025-04-06 20:00:00,Hive_09,34.46,17.69,53.97,65.16,46.317,200.4,5,Healthy
2025-04-06 21:00:00,Hive_09,34.65,18.47,54.58,70.09,46.367,207.7,1,Healthy
2025-04-06 22:00:00,Hive_09,34.62,14.14,56.08,69.77,46.379,199.2,1,Healthy
2025-04-06 23:00:00,Hive_09,34.49,15.08,55.14,74.05,46.401,187.7,0,Healthy
2025-04-07 00:00:00,Hive_09,34.5,13.15,50.93,78.4,46.417,238.5,2,Healthy
2025-04-07 01:00:00,Hive_09,34.44,9.34,54.52,78.68,46.403,186.6,2,Healthy
2025-04-07 02:00:00,Hive_09,34.78,13.12,54.01,79.78,46.406,194.5,0,Healthy
2025-04-07 03:00:00,Hive_09,34.96,11.89,55.18,82.76,46.411,226.5,1,Healthy
2025-04-07 04:00:00,Hive_09,33.99,12.29,54.83,79.9,46.42,207.7,1,Healthy
2025-04-07 05:00:00,Hive_09,34.42,14.09,54.72,75.79,46.447,208.7,2,Healthy
2025-04-07 06:00:00,Hive_09,34.25,13.53,57.99,73.36,46.457,197.1,65,Healthy
2025-04-07 07:00:00,Hive_09,34.15,19.74,52.35,68.41,46.446,204.8,58,Healthy
2025-04-07 08:00:00,Hive_09,35.02,18.59,56.68,64.22,46.491,189.7,78,Healthy
2025-04-07 09:00:00,Hive_09,34.5,23.13,53.83,64.05,46.483,199.8,79,Healthy
2025-04-07 10:00:00,Hive_09,34.89,24.41,52.97,54.71,46.518,195.2,103,Healthy
2025-04-07 11:00:00,Hive_09,34.19,23.04,53.35,56.74,46.562,211.3,73,Healthy
2025-04-07 12:00:00,Hive_09,34.67,27.23,55.05,54.82,46.595,205.5,73,Healthy
2025-04-07 13:00:00,Hive_09,34.57,27.87,54.39,51.48,46.614,202.8,68,Healthy
2025-04-07 14:00:00,Hive_09,34.72,26.01,53.83,50.62,46.639,207.5,82,Healthy
2025-04-07 15:00:00,Hive_09,34.76,28.37,56.39,51.32,46.628,189.0,93,Healthy
2025-04-07 16:00:00,Hive_09,34.74,28.25,56.71,53.29,46.64,194.3,75,Healthy
2025-04-07 17:00:00,Hive_09,34.96,25.62,56.34,57.49,46.625,183.6,47,Healthy
2025-04-07 18:00:00,Hive_09,34.41,24.28,54.03,59.35,46.637,188.2,52,Healthy
2025-04-07 19:00:00,Hive_09,34.53,21.71,56.33,59.8,46.617,202.5,18,Healthy
2025-04-07 20:00:00,Hive_09,34.81,19.62,54.21,66.39,46.616,196.6,18,Healthy
2025-04-07 21:00:00,Hive_09,34.67,18.17,53.92,66.88,46.619,207.5,2,Healthy
2025-04-07 22:00:00,Hive_09,34.17,16.88,54.95,73.03,46.626,193.7,2,Healthy
2025-04-07 23:00:00,Hive_09,34.41,13.05,54.31,75.54,46.614,182.9,3,Healthy
2025-04-08 00:00:00,Hive_09,35.06,13.24,56.84,81.61,46.598,221.2,1,Healthy
2025-04-08 01:00:00,Hive_09,34.39,11.86,55.6,78.65,46.654,175.4,3,Healthy
2025-04-08 02:00:00,Hive_09,34.35,14.26,52.98,79.64,46.646,190.9,1,Healthy
2025-04-08 03:00:00,Hive_09,34.7,12.23,55.36,81.01,46.655,217.1,2,Healthy
2025-04-08 04:00:00,Hive_09,34.83,13.74,56.25,77.18,46.66,171.2,2,Healthy
2025-04-08 05:00:00,Hive_09,34.56,13.3,52.49,77.04,46.676,225.7,1,Healthy
2025-04-08 06:00:00,Hive_09,34.52,15.99,57.31,71.81,46.707,191.4,49,Healthy
2025-04-08 07:00:00,Hive_09,34.63,17.92,54.86,69.71,46.692,198.3,56,Healthy
2025-04-08 08:00:00,Hive_09,34.51,18.65,53.45,66.58,46.742,206.2,77,Healthy
2025-04-08 09:00:00,Hive_09,34.66,23.64,52.11,60.25,46.771,199.0,83,Healthy
2025-04-08 10:00:00,Hive_09,34.87,23.89,51.08,61.14,46.792,195.8,90,Healthy
2025-04-08 11:00:00,Hive_09,34.47,26.52,53.47,52.91,46.832,204.9,92,Healthy
2025-04-08 12:00:00,Hive_09,34.69,27.38,57.68,49.89,46.811,201.2,97,Healthy
2025-04-08 13:00:00,Hive_09,34.51,26.6,53.93,51.98,46.77,198.5,87,Healthy
2025-04-08 14:00:00,Hive_09,34.34,29.97,52.64,50.68,46.798,201.8,80,Healthy
2025-04-08 15:00:00,Hive_09,34.92,26.92,54.06,53.0,46.762,196.8,80,Healthy
2025-04-08 16:00:00,Hive_09,34.96,27.04,52.21,48.86,46.757,184.7,59,Healthy
2025-04-08 17:00:00,Hive_09,34.92,22.38,54.75,54.51,46.747,221.1,68,Healthy
2025-04-08 18:00:00,Hive_09,34.82,22.73,53.64,58.14,46.759,194.2,38,Healthy
2025-04-08 19:00:00,Hive_09,34.51,22.32,53.78,61.98,46.811,192.7,45,Healthy
2025-04-08 20:00:00,Hive_09,34.75,21.21,55.01,60.02,46.816,198.2,35,Healthy
2025-04-08 21:00:00,Hive_09,34.63,14.51,58.24,68.95,46.799,206.7,1,Healthy
2025-04-08 22:00:00,Hive_09,34.28,16.73,57.93,74.23,46.835,211.8,1,Healthy
2025-04-08 23:00:00,Hive_09,34.38,13.51,54.21,76.49,46.884,208.2,2,Healthy
2025-04-09 00:00:00,Hive_09,34.31,15.89,53.39,78.16,46.921,194.4,0,Healthy
2025-04-09 01:00:00,Hive_09,34.39,8.28,54.66,76.54,46.941,182.9,2,Healthy
2025-04-09 02:00:00,Hive_09,34.36,13.33,53.7,79.71,46.974,179.5,3,Healthy
2025-04-09 03:00:00,Hive_09,34.75,12.24,55.76,77.41,46.993,210.6,2,Healthy
2025-04-09 04:00:00,Hive_09,34.56,13.76,56.23,80.71,46.959,204.9,4,Healthy
2025-04-09 05:00:00,Hive_09,34.72,11.66,52.45,79.61,46.969,206.0,2,Healthy
2025-04-09 06:00:00,Hive_09,34.92,15.35,56.33,73.89,47.003,193.3,56,Healthy
2025-04-09 07:00:00,Hive_09,34.63,21.38,53.33,66.72,47.038,170.3,54,Healthy
2025-04-09 08:00:00,Hive_09,34.48,23.46,56.87,64.01,47.046,169.5,59,Healthy
2025-04-09 09:00:00,Hive_09,33.9,24.05,53.58,64.06,47.042,194.3,68,Healthy
2025-04-09 10:00:00,Hive_09,34.37,24.16,53.3,56.35,47.068,179.2,88,Healthy
2025-04-09 11:00:00,Hive_09,34.65,27.16,55.34,58.38,47.044,222.1,90,Healthy
2025-04-09 12:00:00,Hive_09,34.53,27.39,55.01,52.8,47.047,210.9,74,Healthy
2025-04-09 13:00:00,Hive_09,34.87,25.44,55.67,48.82,47.044,188.0,87,Healthy
2025-04-09 14:00:00,Hive_09,35.12,28.6,54.81,52.72,47.098,201.2,87,Healthy
2025-04-09 15:00:00,Hive_09,34.97,29.2,53.07,52.76,47.111,218.8,67,Healthy
2025-04-09 16:00:00,Hive_09,34.46,24.12,58.03,49.04,47.09,182.5,64,Healthy
2025-04-09 17:00:00,Hive_09,33.89,24.17,54.21,52.04,47.14,208.3,72,Healthy
2025-04-09 18:00:00,Hive_09,34.66,23.09,55.13,55.81,47.148,225.2,41,Healthy
2025-04-09 19:00:00,Hive_09,34.72,20.66,53.43,62.82,47.16,173.1,42,Healthy
2025-04-09 20:00:00,Hive_09,34.16,19.3,56.79,64.51,47.175,214.9,28,Healthy
2025-04-09 21:00:00,Hive_09,34.5,19.71,56.79,65.15,47.146,201.9,2,Healthy
2025-04-09 22:00:00,Hive_09,34.8,15.42,54.07,74.49,47.148,182.6,2,Healthy
2025-04-09 23:00:00,Hive_09,34.53,14.65,53.71,75.61,47.129,206.7,1,Healthy
2025-04-10 00:00:00,Hive_09,34.78,11.53,56.29,76.54,47.153,199.4,1,Healthy
2025-04-10 01:00:00,Hive_09,34.58,14.26,53.72,78.84,47.158,160.0,1,Healthy
2025-04-10 02:00:00,Hive_09,34.32,9.71,54.55,80.43,47.21,184.7,2,Healthy
2025-04-10 03:00:00,Hive_09,34.83,12.6,57.47,77.59,47.244,185.7,1,Healthy
2025-04-10 04:00:00,Hive_09,34.47,10.03,56.17,77.63,47.29,181.1,2,Healthy
2025-04-10 05:00:00,Hive_09,34.97,14.0,55.14,75.3,47.311,207.1,2,Healthy
2025-04-10 06:00:00,Hive_09,34.49,14.85,55.8,76.24,47.326,168.3,39,Healthy
2025-04-10 07:00:00,Hive_09,34.62,18.1,53.63,67.18,47.336,174.4,68,Healthy
2025-04-10 08:00:00,Hive_09,34.47,20.68,53.95,66.0,47.378,225.0,69,Healthy
2025-04-10 09:00:00,Hive_09,34.57,21.21,54.0,57.66,47.378,214.5,68,Healthy
2025-04-10 10:00:00,Hive_09,33.89,26.88,54.01,55.47,47.395,202.0,86,Healthy
2025-04-10 11:00:00,Hive_09,34.13,25.24,55.19,53.39,47.426,200.2,81,Healthy
2025-04-10 12:00:00,Hive_09,34.44,27.15,53.15,54.94,47.441,208.8,98,Healthy
2025-04-10 13:00:00,Hive_09,34.25,28.77,53.53,50.84,47.444,209.2,82,Healthy
2025-04-10 14:00:00,Hive_09,34.97,27.26,54.67,48.23,47.467,223.7,75,Healthy
2025-04-10 15:00:00,Hive_09,34.92,28.87,53.81,50.32,47.482,209.5,71,Healthy
2025-04-10 16:00:00,Hive_09,34.83,26.62,58.33,51.73,47.523,221.6,28,Healthy
2025-04-10 17:00:00,Hive_09,34.74,25.86,52.84,54.52,47.548,168.7,70,Healthy
2025-04-10 18:00:00,Hive_09,34.85,21.53,54.5,59.95,47.566,200.0,35,Healthy
2025-04-10 19:00:00,Hive_09,34.4,22.91,55.96,63.49,47.559,213.8,39,Healthy
2025-04-10 20:00:00,Hive_09,34.96,19.98,55.79,65.94,47.547,189.2,29,Healthy
2025-04-10 21:00:00,Hive_09,34.6,18.67,56.33,66.56,47.547,229.6,1,Healthy
2025-04-10 22:00:00,Hive_09,34.4,16.3,54.78,68.32,47.549,188.9,1,Healthy
2025-04-10 23:00:00,Hive_09,33.94,15.29,54.26,71.77,47.556,188.3,2,Healthy
2025-04-11 00:00:00,Hive_09,34.9,14.0,53.01,79.95,47.551,186.8,3,Healthy
2025-04-11 01:00:00,Hive_09,34.08,11.32,54.03,80.1,47.543,210.3,0,Healthy
2025-04-11 02:00:00,Hive_09,34.28,14.68,55.51,80.43,47.537,184.1,2,Healthy
2025-04-11 03:00:00,Hive_09,34.13,14.33,53.78,80.25,47.577,211.9,0,Healthy
2025-04-11 04:00:00,Hive_09,34.46,12.0,58.13,78.37,47.573,209.0,2,Healthy
2025-04-11 05:00:00,Hive_09,34.38,11.85,55.63,70.82,47.614,188.3,2,Healthy
2025-04-11 06:00:00,Hive_09,34.49,15.56,54.34,75.95,47.628,202.9,63,Healthy
2025-04-11 07:00:00,Hive_09,34.0,17.94,53.27,69.74,47.63,201.6,52,Healthy
2025-04-11 08:00:00,Hive_09,35.01,20.43,54.69,63.95,47.649,196.7,69,Healthy
2025-04-11 09:00:00,Hive_09,34.34,22.89,55.5,61.39,47.656,208.7,89,Healthy
2025-04-11 10:00:00,Hive_09,33.59,25.49,58.39,55.38,47.676,205.7,77,Healthy
2025-04-11 11:00:00,Hive_09,34.4,22.58,55.23,50.39,47.72,203.6,95,Healthy
2025-04-11 12:00:00,Hive_09,34.06,26.13,53.16,51.09,47.705,194.5,73,Healthy
2025-04-11 13:00:00,Hive_09,33.78,26.51,57.22,50.43,47.751,215.5,92,Healthy
2025-04-11 14:00:00,Hive_09,34.53,28.49,55.27,51.06,47.728,201.7,89,Healthy
2025-04-11 15:00:00,Hive_09,34.94,28.23,54.21,52.81,47.715,218.8,84,Healthy
2025-04-11 16:00:00,Hive_09,34.41,26.07,55.41,51.56,47.754,186.6,72,Healthy
2025-04-11 17:00:00,Hive_09,35.25,26.04,55.31,50.42,47.787,175.7,79,Healthy
2025-04-11 18:00:00,Hive_09,34.07,23.47,53.16,52.89,47.781,180.7,58,Healthy
2025-04-11 19:00:00,Hive_09,34.63,22.34,54.63,62.14,47.76,177.3,24,Healthy
2025-04-11 20:00:00,Hive_09,34.05,18.36,57.22,68.39,47.749,179.7,34,Healthy
2025-04-11 21:00:00,Hive_09,34.47,19.83,56.78,65.63,47.777,176.8,1,Healthy
2025-04-11 22:00:00,Hive_09,34.55,13.59,55.85,73.25,47.768,189.5,2,Healthy
2025-04-11 23:00:00,Hive_09,34.93,15.89,52.53,78.95,47.803,199.5,2,Healthy
2025-04-12 00:00:00,Hive_09,34.41,12.56,55.1,76.16,47.818,214.6,0,Healthy
2025-04-12 01:00:00,Hive_09,34.43,10.59,53.69,76.23,47.822,200.4,0,Healthy
2025-04-12 02:00:00,Hive_09,34.52,11.17,54.44,80.73,47.831,195.9,1,Healthy
2025-04-12 03:00:00,Hive_09,34.69,10.52,56.62,84.86,47.853,220.9,2,Healthy
2025-04-12 04:00:00,Hive_09,34.57,9.91,55.31,76.31,47.866,183.3,1,Healthy
2025-04-12 05:00:00,Hive_09,34.73,14.71,53.39,75.68,47.886,191.4,1,Healthy
2025-04-12 06:00:00,Hive_09,34.54,15.92,56.89,69.04,47.871,227.9,43,Healthy
2025-04-12 07:00:00,Hive_09,35.15,18.81,53.41,66.24,47.885,192.0,59,Healthy
2025-04-12 08:00:00,Hive_09,34.3,20.17,54.93,64.35,47.894,204.9,74,Healthy
2025-04-12 09:00:00,Hive_09,34.54,23.29,54.62,62.24,47.873,202.3,89,Healthy
2025-04-12 10:00:00,Hive_09,34.89,22.85,57.45,56.16,47.867,238.3,88,Healthy
2025-04-12 11:00:00,Hive_09,34.58,27.04,55.64,53.69,47.859,224.8,88,Healthy
2025-04-12 12:00:00,Hive_09,34.67,26.18,55.38,49.69,47.849,202.1,94,Healthy
2025-04-12 13:00:00,Hive_09,34.5,27.13,54.67,51.26,47.84,203.0,67,Healthy
2025-04-12 14:00:00,Hive_09,34.19,30.16,52.84,52.37,47.873,197.5,85,Healthy
2025-04-12 15:00:00,Hive_09,34.74,27.76,55.67,47.88,47.884,166.0,83,Healthy
2025-04-12 16:00:00,Hive_09,34.79,27.5,56.69,51.82,47.9,177.3,57,Healthy
2025-04-12 17:00:00,Hive_09,34.75,24.61,55.49,53.9,47.907,209.4,52,Healthy
2025-04-12 18:00:00,Hive_09,34.66,24.94,56.27,57.96,47.916,170.1,43,Healthy
2025-04-12 19:00:00,Hive_09,34.3,23.24,55.09,59.99,47.948,206.9,57,Healthy
2025-04-12 20:00:00,Hive_09,34.43,20.6,52.67,65.73,47.961,200.6,36,Healthy
2025-04-12 21:00:00,Hive_09,34.84,18.39,54.61,69.42,47.988,219.3,1,Healthy
2025-04-12 22:00:00,Hive_09,34.09,15.39,57.77,70.96,48.061,203.2,1,Healthy
2025-04-12 23:00:00,Hive_09,34.27,16.95,53.68,76.81,48.088,205.7,3,Healthy
2025-04-13 00:00:00,Hive_09,34.27,14.13,53.68,75.55,48.102,198.2,1,Healthy
2025-04-13 01:00:00,Hive_09,34.45,11.81,53.98,80.84,48.086,186.5,3,Healthy
2025-04-13 02:00:00,Hive_09,34.69,11.0,53.78,83.63,48.084,168.4,1,Healthy
2025-04-13 03:00:00,Hive_09,34.98,15.2,55.91,82.76,48.09,201.5,2,Healthy
2025-04-13 04:00:00,Hive_09,34.48,13.05,52.97,76.42,48.112,186.4,2,Healthy
2025-04-13 05:00:00,Hive_09,34.58,12.72,54.75,75.27,48.135,206.7,1,Healthy
2025-04-13 06:00:00,Hive_09,34.26,15.12,58.15,71.18,48.132,216.4,51,Healthy
2025-04-13 07:00:00,Hive_09,34.58,17.4,52.36,69.27,48.141,200.1,57,Healthy
2025-04-13 08:00:00,Hive_09,34.98,16.82,55.83,64.34,48.13,213.4,58,Healthy
2025-04-13 09:00:00,Hive_09,34.39,22.47,56.56,61.67,48.155,188.4,75,Healthy
2025-04-13 10:00:00,Hive_09,34.7,22.71,54.98,56.35,48.185,176.3,87,Healthy
2025-04-13 11:00:00,Hive_09,34.09,26.9,53.43,54.6,48.213,192.0,80,Healthy
2025-04-13 12:00:00,Hive_09,34.86,26.42,52.38,51.5,48.235,221.9,99,Healthy
2025-04-13 13:00:00,Hive_09,34.77,31.21,54.87,49.6,48.235,166.7,83,Healthy
2025-04-13 14:00:00,Hive_09,35.13,29.6,55.61,46.57,48.223,203.4,91,Healthy
2025-04-13 15:00:00,Hive_09,35.09,26.99,54.49,49.26,48.23,219.9,77,Healthy
2025-04-13 16:00:00,Hive_09,34.29,28.07,55.57,51.07,48.22,206.1,60,Healthy
2025-04-13 17:00:00,Hive_09,33.9,26.25,54.38,56.86,48.191,195.6,63,Healthy
2025-04-13 18:00:00,Hive_09,34.77,23.49,52.81,53.22,48.218,188.8,41,Healthy
2025-04-13 19:00:00,Hive_09,35.09,22.09,54.38,63.25,48.202,205.2,26,Healthy
2025-04-13 20:00:00,Hive_09,34.91,21.12,56.58,65.89,48.214,200.5,21,Healthy
2025-04-13 21:00:00,Hive_09,34.18,16.57,54.6,68.8,48.215,208.9,1,Healthy
2025-04-13 22:00:00,Hive_09,34.15,17.49,55.82,71.9,48.222,195.9,1,Healthy
2025-04-13 23:00:00,Hive_09,34.66,14.33,56.11,75.07,48.225,230.0,1,Healthy
2025-04-14 00:00:00,Hive_09,34.47,13.1,54.69,74.75,48.234,214.7,3,Healthy
2025-04-14 01:00:00,Hive_09,34.56,13.93,57.28,79.28,48.224,211.8,1,Healthy
2025-04-14 02:00:00,Hive_09,34.24,13.71,54.01,79.73,48.224,214.3,3,Healthy
2025-04-14 03:00:00,Hive_09,35.11,11.67,56.23,77.74,48.218,205.4,1,Healthy
2025-04-14 04:00:00,Hive_09,34.09,11.14,54.28,77.37,48.221,191.9,2,Healthy
2025-04-14 05:00:00,Hive_09,34.6,14.95,56.96,74.33,48.214,180.3,0,Healthy
2025-04-14 06:00:00,Hive_09,34.75,16.56,56.93,75.48,48.18,187.5,38,Healthy
2025-04-14 07:00:00,Hive_09,33.6,18.77,56.14,68.48,48.214,230.1,62,Healthy
2025-04-14 08:00:00,Hive_09,34.01,20.93,56.87,62.72,48.234,218.7,67,Healthy
2025-04-14 09:00:00,Hive_09,34.27,25.63,54.52,61.74,48.212,185.9,74,Healthy
2025-04-14 10:00:00,Hive_09,34.83,26.32,54.85,57.37,48.202,208.2,76,Healthy
2025-04-14 11:00:00,Hive_09,34.68,25.06,53.77,58.46,48.227,185.9,71,Healthy
2025-04-14 12:00:00,Hive_09,34.44,28.57,52.5,52.6,48.23,202.9,78,Healthy
2025-04-14 13:00:00,Hive_09,34.57,27.79,55.88,53.61,48.231,184.2,83,Healthy
2025-04-14 14:00:00,Hive_09,34.44,29.58,54.24,49.81,48.216,220.5,82,Healthy
2025-04-14 15:00:00,Hive_09,34.34,26.93,55.47,50.67,48.212,201.9,77,Healthy
2025-04-14 16:00:00,Hive_09,34.74,29.71,54.87,55.83,48.238,211.6,65,Healthy
2025-04-14 17:00:00,Hive_09,34.46,23.18,54.24,50.59,48.237,187.9,51,Healthy
2025-04-14 18:00:00,Hive_09,34.68,24.98,54.59,51.44,48.276,204.0,32,Healthy
2025-04-14 19:00:00,Hive_09,34.58,19.26,52.43,58.83,48.288,210.5,34,Healthy
2025-04-14 20:00:00,Hive_09,34.95,18.67,57.74,60.7,48.323,195.9,29,Healthy
2025-04-14 21:00:00,Hive_09,33.57,18.96,56.38,69.18,48.357,216.1,2,Healthy
2025-04-14 22:00:00,Hive_09,34.47,17.44,54.0,69.67,48.396,202.8,1,Healthy
2025-04-14 23:00:00,Hive_09,34.16,12.82,56.12,73.49,48.418,203.8,2,Healthy
2025-04-15 00:00:00,Hive_09,34.7,11.86,54.92,74.3,48.445,206.4,1,Healthy
2025-04-15 01:00:00,Hive_09,34.41,12.58,56.11,82.31,48.461,174.9,0,Healthy
2025-04-15 02:00:00,Hive_09,34.21,11.94,56.61,79.0,48.441,197.0,1,Healthy
2025-04-15 03:00:00,Hive_09,34.41,14.5,56.27,84.52,48.477,213.5,2,Healthy
2025-04-15 04:00:00,Hive_09,34.61,10.41,54.66,80.34,48.485,203.9,1,Healthy
2025-04-15 05:00:00,Hive_09,34.65,13.81,54.76,73.65,48.479,201.5,2,Healthy
2025-04-15 06:00:00,Hive_09,34.69,16.76,54.59,72.44,48.485,204.2,53,Healthy
2025-04-15 07:00:00,Hive_09,34.49,19.75,52.88,70.98,48.509,207.9,62,Healthy
2025-04-15 08:00:00,Hive_09,34.02,21.16,53.69,64.26,48.461,206.7,69,Healthy
2025-04-15 09:00:00,Hive_09,34.35,23.36,53.76,62.62,48.455,228.7,76,Healthy
2025-04-15 10:00:00,Hive_09,34.02,23.59,54.4,58.08,48.448,184.0,82,Healthy
2025-04-15 11:00:00,Hive_09,34.39,25.73,55.12,51.88,48.467,195.9,91,Healthy
2025-04-15 12:00:00,Hive_09,34.66,26.4,53.99,54.57,48.467,205.9,84,Healthy
2025-04-15 13:00:00,Hive_09,34.39,24.83,56.02,51.1,48.478,209.7,113,Healthy
2025-04-15 14:00:00,Hive_09,34.63,29.92,55.18,49.3,48.493,176.5,95,Healthy
2025-04-15 15:00:00,Hive_09,33.97,24.27,53.94,50.48,48.507,213.0,88,Healthy
2025-04-15 16:00:00,Hive_09,34.48,26.64,53.93,53.99,48.525,186.2,68,Healthy
2025-04-15 17:00:00,Hive_09,34.6,24.94,55.22,51.29,48.558,172.0,53,Healthy
2025-04-15 18:00:00,Hive_09,34.72,25.69,57.18,58.56,48.553,187.0,58,Healthy
2025-04-15 19:00:00,Hive_09,34.45,23.02,53.54,60.87,48.594,230.4,50,Healthy
2025-04-15 20:00:00,Hive_09,34.6,20.98,52.36,66.18,48.595,212.3,21,Healthy
2025-04-15 21:00:00,Hive_09,34.85,18.16,56.41,71.2,48.61,212.0,1,Healthy
2025-04-15 22:00:00,Hive_09,34.52,18.55,54.29,69.32,48.634,194.9,4,Healthy
2025-04-15 23:00:00,Hive_09,33.7,15.72,53.29,73.61,48.655,196.1,1,Healthy
2025-04-16 00:00:00,Hive_09,34.4,11.99,54.35,79.65,48.685,223.4,0,Healthy
2025-04-16 01:00:00,Hive_09,34.78,14.04,55.98,79.27,48.696,200.9,2,Healthy
2025-04-16 02:00:00,Hive_09,35.12,10.36,56.75,77.71,48.725,197.7,0,Healthy
2025-04-16 03:00:00,Hive_09,34.85,11.48,55.64,80.31,48.745,197.4,2,Healthy
2025-04-16 04:00:00,Hive_09,34.43,11.71,57.17,78.24,48.697,197.7,2,Healthy
2025-04-16 05:00:00,Hive_09,34.46,11.56,53.57,77.09,48.728,188.8,2,Healthy
2025-04-16 06:00:00,Hive_09,34.2,16.28,53.93,71.68,48.755,217.3,56,Healthy
2025-04-16 07:00:00,Hive_09,34.59,17.89,54.1,70.27,48.747,195.3,54,Healthy
2025-04-16 08:00:00,Hive_09,34.58,20.19,57.2,68.21,48.757,197.5,54,Healthy
2025-04-16 09:00:00,Hive_09,34.24,23.03,53.48,59.81,48.774,191.3,94,Healthy
2025-04-16 10:00:00,Hive_09,33.79,25.68,55.18,56.43,48.778,213.3,84,Healthy
2025-04-16 11:00:00,Hive_09,34.12,27.38,53.88,55.38,48.779,197.5,85,Healthy
2025-04-16 12:00:00,Hive_09,34.37,28.01,55.99,53.02,48.765,210.5,98,Healthy
2025-04-16 13:00:00,Hive_09,34.7,28.14,56.57,51.56,48.79,218.1,72,Healthy
2025-04-16 14:00:00,Hive_09,34.55,28.2,56.35,49.91,48.803,201.3,89,Healthy
2025-04-16 15:00:00,Hive_09,34.47,25.47,57.22,53.62,48.796,186.3,76,Healthy
2025-04-16 16:00:00,Hive_09,34.26,26.98,55.56,50.99,48.835,224.9,67,Healthy
2025-04-16 17:00:00,Hive_09,35.01,24.04,56.54,53.87,48.852,193.0,69,Healthy
2025-04-16 18:00:00,Hive_09,33.91,27.39,53.46,57.21,48.864,197.7,63,Healthy
2025-04-16 19:00:00,Hive_09,34.31,21.18,56.17,60.77,48.857,196.5,24,Healthy
2025-04-16 20:00:00,Hive_09,35.03,19.21,56.01,68.33,48.875,190.6,31,Healthy
2025-04-16 21:00:00,Hive_09,34.74,18.18,53.58,68.92,48.937,224.4,1,Healthy
2025-04-16 22:00:00,Hive_09,34.69,16.16,54.87,71.3,48.909,186.2,3,Healthy
2025-04-16 23:00:00,Hive_09,34.7,14.01,56.41,75.15,48.917,167.5,1,Healthy
2025-04-17 00:00:00,Hive_09,34.52,9.86,55.07,75.19,48.953,199.5,1,Healthy
2025-04-17 01:00:00,Hive_09,34.77,14.08,54.9,82.99,48.957,182.1,1,Healthy
2025-04-17 02:00:00,Hive_09,34.4,11.33,54.58,77.35,48.992,175.7,2,Healthy
2025-04-17 03:00:00,Hive_09,34.35,10.23,55.03,75.58,49.027,196.0,1,Healthy
2025-04-17 04:00:00,Hive_09,33.44,12.02,53.77,76.96,49.054,163.2,1,Healthy
2025-04-17 05:00:00,Hive_09,34.54,13.91,55.63,77.04,49.049,173.6,1,Healthy
2025-04-17 06:00:00,Hive_09,34.07,15.79,58.13,74.82,49.062,188.6,41,Healthy
2025-04-17 07:00:00,Hive_09,34.5,17.69,55.96,68.75,49.059,201.6,57,Healthy
2025-04-17 08:00:00,Hive_09,35.14,22.47,53.67,61.38,49.047,195.6,72,Healthy
2025-04-17 09:00:00,Hive_09,34.37,21.53,54.03,62.31,49.039,218.9,82,Healthy
2025-04-17 10:00:00,Hive_09,34.1,22.26,59.09,56.6,49.052,170.2,71,Healthy
2025-04-17 11:00:00,Hive_09,33.99,23.78,52.95,54.98,49.057,198.8,83,Healthy
2025-04-17 12:00:00,Hive_09,34.63,26.31,52.0,49.14,49.064,226.7,86,Healthy
2025-04-17 13:00:00,Hive_09,34.41,25.63,55.28,50.28,49.077,214.4,83,Healthy
2025-04-17 14:00:00,Hive_09,34.3,26.75,55.43,48.38,49.06,185.8,85,Healthy
2025-04-17 15:00:00,Hive_09,34.6,29.53,54.69,48.74,49.08,200.9,78,Healthy
2025-04-17 16:00:00,Hive_09,34.42,30.76,53.62,57.87,49.095,209.1,83,Healthy
2025-04-17 17:00:00,Hive_09,34.35,22.29,53.79,53.57,49.075,196.6,67,Healthy
2025-04-17 18:00:00,Hive_09,34.63,22.13,57.47,57.68,49.097,198.7,53,Healthy
2025-04-17 19:00:00,Hive_09,34.74,23.21,54.5,61.36,49.131,192.4,32,Healthy
2025-04-17 20:00:00,Hive_09,34.73,19.3,52.64,63.06,49.133,204.9,30,Healthy
2025-04-17 21:00:00,Hive_09,34.55,17.87,53.5,68.6,49.133,196.1,2,Healthy
2025-04-17 22:00:00,Hive_09,34.72,17.41,55.13,72.24,49.142,211.8,0,Healthy
2025-04-17 23:00:00,Hive_09,34.81,15.01,54.01,74.24,49.145,176.5,2,Healthy
2025-04-18 00:00:00,Hive_09,34.51,12.45,52.5,76.92,49.142,197.2,3,Healthy
2025-04-18 01:00:00,Hive_09,34.52,12.55,60.11,80.28,49.17,169.5,2,Healthy
2025-04-18 02:00:00,Hive_09,34.53,13.64,54.19,77.1,49.162,220.0,1,Healthy
2025-04-18 03:00:00,Hive_09,34.17,11.29,54.18,77.69,49.161,182.2,1,Healthy
2025-04-18 04:00:00,Hive_09,34.79,9.28,54.2,78.19,49.178,196.2,4,Healthy
2025-04-18 05:00:00,Hive_09,34.89,15.8,58.62,73.87,49.183,207.3,3,Healthy
2025-04-18 06:00:00,Hive_09,34.55,14.32,53.77,68.83,49.189,215.4,55,Healthy
2025-04-18 07:00:00,Hive_09,34.31,18.77,53.94,68.63,49.234,233.8,71,Healthy
2025-04-18 08:00:00,Hive_09,35.32,19.58,55.68,62.77,49.252,191.0,76,Healthy
2025-04-18 09:00:00,Hive_09,34.4,21.76,55.6,59.01,49.293,176.4,65,Healthy
2025-04-18 10:00:00,Hive_09,34.5,23.36,54.26,55.63,49.306,202.5,71,Healthy
2025-04-18 11:00:00,Hive_09,34.84,25.34,53.98,52.8,49.306,186.4,88,Healthy
2025-04-18 12:00:00,Hive_09,31.96,26.7,72.04,54.97,49.21,321.2,34,At Risk
2025-04-18 13:00:00,Hive_09,34.83,26.87,66.29,48.06,49.187,303.5,31,At Risk
2025-04-18 14:00:00,Hive_09,34.18,27.54,61.76,52.49,49.089,371.9,29,At Risk
2025-04-18 15:00:00,Hive_09,31.23,26.36,72.49,51.55,49.024,311.1,32,At Risk
2025-04-18 16:00:00,Hive_09,30.82,27.03,66.03,48.17,48.963,344.2,33,At Risk
2025-04-18 17:00:00,Hive_09,30.98,24.6,65.88,51.43,48.937,329.5,27,At Risk
2025-04-18 18:00:00,Hive_09,33.16,23.38,67.97,58.5,48.921,323.0,25,At Risk
2025-04-18 19:00:00,Hive_09,33.41,23.02,67.01,58.98,48.903,329.2,8,At Risk
2025-04-18 20:00:00,Hive_09,30.8,20.98,67.49,67.29,48.827,296.7,6,At Risk
2025-04-18 21:00:00,Hive_09,32.06,17.57,67.68,68.32,48.817,289.6,0,At Risk
2025-04-18 22:00:00,Hive_09,33.14,14.02,67.73,73.51,48.746,314.8,0,At Risk
2025-04-18 23:00:00,Hive_09,32.56,13.79,68.53,77.45,48.7,301.0,0,At Risk
2025-04-19 00:00:00,Hive_09,34.65,13.2,67.76,78.61,48.661,337.0,0,At Risk
2025-04-19 01:00:00,Hive_09,31.79,14.45,65.64,80.19,48.636,349.5,0,At Risk
2025-04-19 02:00:00,Hive_09,32.1,11.57,69.46,84.01,48.603,309.4,0,At Risk
2025-04-19 03:00:00,Hive_09,30.81,13.42,65.8,81.88,48.573,346.9,0,At Risk
2025-04-19 04:00:00,Hive_09,31.06,13.61,72.82,77.79,48.493,280.1,0,At Risk
2025-04-19 05:00:00,Hive_09,31.28,15.63,70.3,75.03,48.433,332.2,0,At Risk
2025-04-19 06:00:00,Hive_09,30.52,14.65,70.32,74.53,48.38,329.1,17,At Risk
2025-04-19 07:00:00,Hive_09,33.48,18.18,66.79,66.13,48.351,325.1,22,At Risk
2025-04-19 08:00:00,Hive_09,31.91,21.87,72.75,61.53,48.299,334.7,27,At Risk
2025-04-19 09:00:00,Hive_09,31.77,21.1,68.42,62.2,48.232,341.0,31,At Risk
2025-04-19 10:00:00,Hive_09,32.94,25.35,71.17,59.52,48.141,299.8,46,At Risk
2025-04-19 11:00:00,Hive_09,32.2,25.89,63.57,53.91,48.084,310.2,34,At Risk
2025-04-19 12:00:00,Hive_09,29.84,27.15,68.82,50.82,48.034,334.8,32,At Risk
2025-04-19 13:00:00,Hive_09,32.17,26.74,70.02,50.08,48.009,349.8,37,At Risk
2025-04-19 14:00:00,Hive_09,29.89,28.78,73.85,53.66,47.978,336.0,33,At Risk
2025-04-19 15:00:00,Hive_09,33.04,25.72,69.27,51.57,47.973,299.0,27,At Risk
2025-04-19 16:00:00,Hive_09,29.6,28.84,74.19,52.2,47.878,302.8,25,At Risk
2025-04-19 17:00:00,Hive_09,32.24,25.23,65.96,55.44,47.788,373.6,23,At Risk
2025-04-19 18:00:00,Hive_09,29.37,23.14,65.32,60.69,47.709,364.8,18,At Risk
2025-04-19 19:00:00,Hive_09,33.31,25.49,68.26,56.23,47.674,351.9,14,At Risk
2025-04-19 20:00:00,Hive_09,31.93,18.37,65.66,65.23,47.641,319.7,4,At Risk
2025-04-19 21:00:00,Hive_09,30.29,15.39,67.95,70.75,47.647,367.7,0,At Risk
2025-04-19 22:00:00,Hive_09,34.54,15.6,64.13,74.74,47.617,351.8,0,At Risk
2025-04-19 23:00:00,Hive_09,32.12,13.39,60.97,76.19,47.539,326.6,0,At Risk
2025-04-20 00:00:00,Hive_09,31.16,11.28,65.73,81.08,47.543,344.9,0,At Risk
2025-04-20 01:00:00,Hive_09,32.29,12.34,70.48,76.01,47.479,363.1,0,At Risk
2025-04-20 02:00:00,Hive_09,32.0,11.09,70.4,83.54,47.391,396.2,0,At Risk
2025-04-20 03:00:00,Hive_09,32.23,10.65,66.89,78.01,47.365,291.9,0,At Risk
2025-04-20 04:00:00,Hive_09,32.42,13.26,63.11,79.58,47.363,331.5,0,At Risk
2025-04-20 05:00:00,Hive_09,31.67,13.98,66.51,74.97,47.309,357.5,0,At Risk
2025-04-20 06:00:00,Hive_09,32.1,14.6,62.65,73.41,47.278,330.3,30,At Risk
2025-04-20 07:00:00,Hive_09,32.5,16.84,67.66,67.66,47.266,286.6,14,At Risk
2025-04-20 08:00:00,Hive_09,34.84,21.28,66.42,62.94,47.193,301.0,28,At Risk
2025-04-20 09:00:00,Hive_09,30.7,24.19,66.88,60.42,47.149,305.4,38,At Risk
2025-04-20 10:00:00,Hive_09,33.29,24.03,73.1,60.06,47.137,346.1,30,At Risk
2025-04-20 11:00:00,Hive_09,34.79,25.44,65.79,52.23,47.068,297.9,33,At Risk
2025-04-20 12:00:00,Hive_09,30.87,28.52,65.85,52.7,47.013,329.6,28,At Risk
2025-04-20 13:00:00,Hive_09,32.68,27.16,71.04,50.22,46.943,338.5,36,At Risk
2025-04-20 14:00:00,Hive_09,31.73,28.72,75.14,51.91,46.765,40.0,5,Critical
2025-04-20 15:00:00,Hive_09,28.35,28.71,73.34,46.5,46.608,383.6,3,Critical
2025-04-20 16:00:00,Hive_09,28.06,27.15,73.32,54.11,46.313,476.3,4,Critical
2025-04-20 17:00:00,Hive_09,28.11,25.11,81.63,50.44,46.135,40.0,3,Critical
2025-04-20 18:00:00,Hive_09,29.21,24.34,80.28,55.44,45.99,40.0,5,Critical
2025-04-20 19:00:00,Hive_09,29.55,21.87,89.65,63.47,45.864,387.1,3,Critical
2025-04-20 20:00:00,Hive_09,30.39,20.13,90.27,64.98,45.664,40.0,1,Critical
2025-04-20 21:00:00,Hive_09,31.07,18.21,84.04,72.68,45.468,451.7,2,Critical
2025-04-20 22:00:00,Hive_09,25.42,16.27,88.05,72.12,45.315,408.8,3,Critical
2025-04-20 23:00:00,Hive_09,28.9,14.96,83.14,76.55,45.146,400.1,1,Critical
2025-04-21 00:00:00,Hive_09,27.37,11.92,80.57,78.61,44.952,40.0,2,Critical
2025-04-21 01:00:00,Hive_09,30.0,9.5,76.42,77.19,44.839,419.5,0,Critical
2025-04-21 02:00:00,Hive_09,24.26,12.75,79.86,79.57,44.668,415.8,3,Critical
2025-04-21 03:00:00,Hive_09,27.61,12.58,76.24,78.15,44.512,40.0,4,Critical
2025-04-21 04:00:00,Hive_09,25.19,13.51,83.15,77.45,44.262,481.1,5,Critical
2025-04-21 05:00:00,Hive_09,27.19,13.9,81.57,77.47,44.045,372.7,5,Critical
2025-04-21 06:00:00,Hive_09,25.71,16.19,77.78,71.31,43.81,40.0,3,Critical
2025-04-21 07:00:00,Hive_09,35.66,18.48,86.56,66.07,43.579,40.0,3,Critical
2025-04-21 08:00:00,Hive_09,25.64,18.84,78.86,66.51,43.31,40.0,2,Critical
2025-04-21 09:00:00,Hive_09,28.12,20.87,78.12,58.28,43.084,458.3,0,Critical
2025-04-21 10:00:00,Hive_09,32.46,24.08,78.72,56.08,42.846,458.1,4,Critical
2025-04-21 11:00:00,Hive_09,28.21,24.09,85.98,56.33,42.592,433.7,2,Critical
2025-04-21 12:00:00,Hive_09,27.75,30.07,91.61,51.01,42.472,421.5,4,Critical
2025-04-21 13:00:00,Hive_09,26.14,27.37,81.28,52.38,42.24,40.0,1,Critical
2025-04-21 14:00:00,Hive_09,25.45,28.06,80.64,51.87,42.092,423.9,6,Critical
2025-04-21 15:00:00,Hive_09,30.11,28.37,76.39,50.34,41.949,454.4,0,Critical
2025-04-21 16:00:00,Hive_09,32.82,25.3,79.57,56.57,41.788,402.3,2,Critical
2025-04-21 17:00:00,Hive_09,31.32,25.7,80.77,56.55,41.601,451.2,0,Critical
2025-04-21 18:00:00,Hive_09,25.33,25.13,85.3,57.84,41.417,40.0,3,Critical
2025-04-21 19:00:00,Hive_09,28.8,23.59,75.0,63.04,41.265,404.5,5,Critical
2025-04-21 20:00:00,Hive_09,27.47,20.14,83.06,61.19,41.033,40.0,3,Critical
2025-04-21 21:00:00,Hive_09,27.69,17.56,78.48,67.7,40.794,494.8,5,Critical
2025-04-21 22:00:00,Hive_09,32.77,14.59,84.4,71.73,40.596,485.7,5,Critical
2025-04-21 23:00:00,Hive_09,29.86,12.17,88.02,78.4,40.341,40.0,0,Critical
2025-04-22 00:00:00,Hive_09,25.52,12.65,71.84,81.76,40.188,447.3,3,Critical
2025-04-22 01:00:00,Hive_09,31.36,10.79,85.8,78.42,40.062,40.0,2,Critical
2025-04-22 02:00:00,Hive_09,28.68,11.54,81.91,76.61,39.796,424.3,4,Critical
2025-04-22 03:00:00,Hive_09,29.16,13.68,87.47,78.96,39.598,476.7,0,Critical
2025-04-22 04:00:00,Hive_09,27.79,10.83,74.92,78.42,39.415,40.0,1,Critical
2025-04-22 05:00:00,Hive_09,22.97,15.39,87.85,76.39,39.269,401.6,1,Critical
2025-04-22 06:00:00,Hive_09,23.25,14.69,88.03,72.58,39.132,459.5,2,Critical
2025-04-22 07:00:00,Hive_09,28.62,16.13,77.48,68.69,38.929,515.9,7,Critical
2025-04-22 08:00:00,Hive_09,30.05,19.06,82.43,65.3,38.782,40.0,6,Critical
2025-04-22 09:00:00,Hive_09,24.43,21.81,72.4,63.28,38.481,399.4,5,Critical
2025-04-22 10:00:00,Hive_09,28.93,24.94,85.93,59.1,38.357,391.4,3,Critical
2025-04-22 11:00:00,Hive_09,23.97,25.31,98.01,57.23,38.166,385.7,4,Critical
2025-04-22 12:00:00,Hive_09,26.51,25.26,77.94,50.06,37.938,453.1,3,Critical
2025-04-22 13:00:00,Hive_09,28.59,26.15,84.95,50.46,37.776,40.0,1,Critical
2025-04-22 14:00:00,Hive_09,28.62,26.73,74.77,50.79,37.546,466.8,3,Critical
2025-04-22 15:00:00,Hive_09,27.01,27.82,74.03,47.94,37.322,40.0,2,Critical
2025-04-01 00:00:00,Hive_10,34.53,14.61,53.9,77.47,40.399,192.0,1,Healthy
2025-04-01 01:00:00,Hive_10,34.28,12.71,52.74,78.78,40.41,188.1,3,Healthy
2025-04-01 02:00:00,Hive_10,34.43,12.23,55.3,81.12,40.403,182.3,2,Healthy
2025-04-01 03:00:00,Hive_10,34.35,13.13,57.76,75.6,40.422,223.1,1,Healthy
2025-04-01 04:00:00,Hive_10,34.69,12.38,54.86,79.92,40.407,217.4,4,Healthy
2025-04-01 05:00:00,Hive_10,34.36,11.99,54.5,78.41,40.422,181.9,1,Healthy
2025-04-01 06:00:00,Hive_10,35.17,13.58,54.04,73.45,40.429,198.2,59,Healthy
2025-04-01 07:00:00,Hive_10,34.35,18.54,55.65,70.72,40.372,210.0,48,Healthy
2025-04-01 08:00:00,Hive_10,34.04,19.51,56.63,66.49,40.379,221.8,60,Healthy
2025-04-01 09:00:00,Hive_10,34.68,19.35,56.01,61.06,40.366,175.6,75,Healthy
2025-04-01 10:00:00,Hive_10,34.97,24.77,54.44,58.43,40.339,217.9,86,Healthy
2025-04-01 11:00:00,Hive_10,34.88,26.08,54.97,55.93,40.373,208.3,82,Healthy
2025-04-01 12:00:00,Hive_10,34.29,26.58,56.33,53.24,40.386,205.7,104,Healthy
2025-04-01 13:00:00,Hive_10,34.48,28.26,54.8,50.65,40.402,220.4,82,Healthy
2025-04-01 14:00:00,Hive_10,34.33,26.97,55.32,52.57,40.401,174.8,86,Healthy
2025-04-01 15:00:00,Hive_10,34.06,29.4,55.16,50.39,40.395,160.7,77,Healthy
2025-04-01 16:00:00,Hive_10,35.03,27.7,55.98,54.37,40.424,180.7,86,Healthy
2025-04-01 17:00:00,Hive_10,34.7,27.56,55.87,53.66,40.463,197.7,52,Healthy
2025-04-01 18:00:00,Hive_10,33.92,23.27,50.5,59.29,40.491,204.1,50,Healthy
2025-04-01 19:00:00,Hive_10,34.31,20.11,55.54,57.7,40.49,213.5,30,Healthy
2025-04-01 20:00:00,Hive_10,34.39,19.22,54.51,66.41,40.487,187.6,33,Healthy
2025-04-01 21:00:00,Hive_10,34.32,18.66,54.7,69.34,40.529,178.7,3,Healthy
2025-04-01 22:00:00,Hive_10,34.79,16.15,51.9,72.14,40.566,227.9,3,Healthy
2025-04-01 23:00:00,Hive_10,34.99,11.19,57.31,77.13,40.548,215.2,3,Healthy
2025-04-02 00:00:00,Hive_10,34.75,13.12,56.58,75.08,40.555,182.1,2,Healthy
2025-04-02 01:00:00,Hive_10,34.97,11.12,52.51,80.28,40.584,196.9,1,Healthy
2025-04-02 02:00:00,Hive_10,34.15,12.77,52.32,78.46,40.618,194.4,2,Healthy
2025-04-02 03:00:00,Hive_10,34.7,11.55,55.49,77.17,40.623,204.5,1,Healthy
2025-04-02 04:00:00,Hive_10,34.73,14.66,54.44,80.58,40.635,223.5,3,Healthy
2025-04-02 05:00:00,Hive_10,34.24,17.33,55.2,74.05,40.653,197.9,1,Healthy
2025-04-02 06:00:00,Hive_10,34.14,17.9,53.35,72.32,40.668,245.0,40,Healthy
2025-04-02 07:00:00,Hive_10,34.35,17.46,55.68,73.69,40.715,185.7,57,Healthy
2025-04-02 08:00:00,Hive_10,34.97,19.27,54.12,61.96,40.708,193.3,79,Healthy
2025-04-02 09:00:00,Hive_10,34.62,22.24,56.22,59.53,40.717,196.5,88,Healthy
2025-04-02 10:00:00,Hive_10,34.27,23.73,53.83,60.72,40.709,196.4,84,Healthy
2025-04-02 11:00:00,Hive_10,34.67,23.67,52.8,54.59,40.709,208.5,77,Healthy
2025-04-02 12:00:00,Hive_10,35.04,26.45,55.66,54.19,40.715,192.5,99,Healthy
2025-04-02 13:00:00,Hive_10,34.77,29.43,54.09,48.2,40.708,197.7,98,Healthy
2025-04-02 14:00:00,Hive_10,34.61,28.46,55.7,50.56,40.716,209.5,78,Healthy
2025-04-02 15:00:00,Hive_10,34.71,28.7,56.13,52.23,40.735,217.6,55,Healthy
2025-04-02 16:00:00,Hive_10,34.31,28.21,53.9,55.96,40.771,186.1,63,Healthy
2025-04-02 17:00:00,Hive_10,34.76,25.91,53.81,52.8,40.788,204.3,76,Healthy
2025-04-02 18:00:00,Hive_10,34.12,25.75,56.26,56.44,40.785,195.0,39,Healthy
2025-04-02 19:00:00,Hive_10,34.49,23.09,54.97,59.82,40.799,209.9,37,Healthy
2025-04-02 20:00:00,Hive_10,34.53,18.89,54.76,61.28,40.794,200.9,38,Healthy
2025-04-02 21:00:00,Hive_10,34.39,19.6,56.44,65.81,40.836,187.7,3,Healthy
2025-04-02 22:00:00,Hive_10,34.42,13.97,57.34,74.8,40.837,195.4,1,Healthy
2025-04-02 23:00:00,Hive_10,34.65,12.04,56.48,72.08,40.859,181.2,2,Healthy
2025-04-03 00:00:00,Hive_10,34.84,11.59,55.55,78.81,40.899,197.8,1,Healthy
2025-04-03 01:00:00,Hive_10,34.38,12.37,54.53,76.8,40.903,204.0,0,Healthy
2025-04-03 02:00:00,Hive_10,33.9,10.28,55.92,82.26,40.905,202.4,3,Healthy
2025-04-03 03:00:00,Hive_10,34.52,12.08,54.84,80.74,40.911,210.5,1,Healthy
2025-04-03 04:00:00,Hive_10,34.56,11.37,52.26,78.14,40.921,181.6,2,Healthy
2025-04-03 05:00:00,Hive_10,34.4,11.64,53.7,79.46,40.925,208.3,2,Healthy
2025-04-03 06:00:00,Hive_10,34.14,15.59,55.43,69.62,40.955,216.8,51,Healthy
2025-04-03 07:00:00,Hive_10,34.86,19.38,56.38,72.71,40.949,214.4,64,Healthy
2025-04-03 08:00:00,Hive_10,34.61,20.98,54.85,67.52,40.937,195.6,72,Healthy
2025-04-03 09:00:00,Hive_10,34.79,22.49,56.3,61.61,40.946,187.3,82,Healthy
2025-04-03 10:00:00,Hive_10,34.41,27.37,55.8,58.14,40.968,208.8,98,Healthy
2025-04-03 11:00:00,Hive_10,34.57,26.24,57.27,57.04,41.002,213.8,96,Healthy
2025-04-03 12:00:00,Hive_10,34.25,30.38,55.37,54.16,41.007,231.0,102,Healthy
2025-04-03 13:00:00,Hive_10,34.83,30.78,52.95,48.99,40.985,194.0,103,Healthy
2025-04-03 14:00:00,Hive_10,34.86,26.51,56.27,49.97,41.039,200.1,80,Healthy
2025-04-03 15:00:00,Hive_10,34.17,26.09,52.31,49.78,41.088,200.7,104,Healthy
2025-04-03 16:00:00,Hive_10,34.27,25.67,54.04,51.15,41.116,208.5,78,Healthy
2025-04-03 17:00:00,Hive_10,34.2,27.67,54.21,56.61,41.128,255.9,68,Healthy
2025-04-03 18:00:00,Hive_10,34.32,24.16,55.39,58.85,41.157,199.6,42,Healthy
2025-04-03 19:00:00,Hive_10,34.09,21.95,54.14,60.48,41.14,181.4,28,Healthy
2025-04-03 20:00:00,Hive_10,34.04,21.43,57.37,67.98,41.127,211.2,32,Healthy
2025-04-03 21:00:00,Hive_10,33.96,18.88,53.8,66.55,41.146,229.4,0,Healthy
2025-04-03 22:00:00,Hive_10,34.49,15.85,52.1,71.0,41.186,200.4,2,Healthy
2025-04-03 23:00:00,Hive_10,34.84,13.99,55.2,75.99,41.199,188.1,1,Healthy
2025-04-04 00:00:00,Hive_10,34.88,11.55,57.71,76.51,41.184,205.9,1,Healthy
2025-04-04 01:00:00,Hive_10,34.5,14.37,53.88,79.76,41.163,211.4,2,Healthy
2025-04-04 02:00:00,Hive_10,34.46,12.57,56.19,78.8,41.193,182.3,1,Healthy
2025-04-04 03:00:00,Hive_10,34.77,10.19,54.58,79.89,41.19,195.0,4,Healthy
2025-04-04 04:00:00,Hive_10,34.6,14.86,54.98,79.45,41.182,184.1,1,Healthy
2025-04-04 05:00:00,Hive_10,34.47,12.91,54.96,74.39,41.179,207.4,1,Healthy
2025-04-04 06:00:00,Hive_10,34.71,16.32,54.2,71.01,41.221,196.6,49,Healthy
2025-04-04 07:00:00,Hive_10,34.78,18.82,57.66,70.51,41.245,199.0,55,Healthy
2025-04-04 08:00:00,Hive_10,34.08,19.8,53.77,67.97,41.25,187.5,65,Healthy
2025-04-04 09:00:00,Hive_10,34.62,24.78,52.51,60.52,41.238,214.0,94,Healthy
2025-04-04 10:00:00,Hive_10,34.65,24.33,51.1,56.89,41.253,184.3,92,Healthy
2025-04-04 11:00:00,Hive_10,34.49,22.37,53.86,53.14,41.255,213.6,88,Healthy
2025-04-04 12:00:00,Hive_10,34.58,25.53,55.44,53.89,41.247,161.8,80,Healthy
2025-04-04 13:00:00,Hive_10,34.25,26.22,55.17,49.28,41.275,216.1,97,Healthy
2025-04-04 14:00:00,Hive_10,34.97,26.65,52.62,50.12,41.312,185.1,87,Healthy
2025-04-04 15:00:00,Hive_10,35.17,28.35,54.55,50.89,41.289,205.3,76,Healthy
2025-04-04 16:00:00,Hive_10,34.49,27.76,55.65,53.77,41.302,226.9,66,Healthy
2025-04-04 17:00:00,Hive_10,34.22,24.63,55.59,56.15,41.309,198.5,84,Healthy
2025-04-04 18:00:00,Hive_10,34.66,25.85,53.96,59.54,41.324,208.7,51,Healthy
2025-04-04 19:00:00,Hive_10,34.58,22.21,54.21,60.32,41.348,169.8,53,Healthy
2025-04-04 20:00:00,Hive_10,34.62,18.03,55.81,62.87,41.399,204.4,29,Healthy
2025-04-04 21:00:00,Hive_10,35.23,18.22,54.72,72.06,41.42,198.9,1,Healthy
2025-04-04 22:00:00,Hive_10,33.8,18.82,55.48,70.65,41.454,203.3,2,Healthy
2025-04-04 23:00:00,Hive_10,34.67,15.47,55.81,75.83,41.425,201.7,0,Healthy
2025-04-05 00:00:00,Hive_10,34.81,13.01,55.37,77.0,41.445,197.1,3,Healthy
2025-04-05 01:00:00,Hive_10,34.89,9.88,54.35,77.7,41.412,221.8,3,Healthy
2025-04-05 02:00:00,Hive_10,35.0,13.07,56.89,80.19,41.453,210.4,2,Healthy
2025-04-05 03:00:00,Hive_10,34.65,11.67,55.88,76.95,41.456,209.2,1,Healthy
2025-04-05 04:00:00,Hive_10,34.18,14.37,54.64,76.23,41.482,182.6,3,Healthy
2025-04-05 05:00:00,Hive_10,34.08,11.88,51.09,75.11,41.5,197.3,0,Healthy
2025-04-05 06:00:00,Hive_10,34.39,15.23,54.7,73.38,41.502,191.3,44,Healthy
2025-04-05 07:00:00,Hive_10,34.19,16.99,54.43,67.38,41.499,183.9,68,Healthy
2025-04-05 08:00:00,Hive_10,34.52,21.85,53.96,65.0,41.53,226.1,68,Healthy
2025-04-05 09:00:00,Hive_10,34.54,21.29,54.25,61.8,41.55,214.1,70,Healthy
2025-04-05 10:00:00,Hive_10,34.24,27.81,55.35,54.43,41.605,191.6,73,Healthy
2025-04-05 11:00:00,Hive_10,34.7,26.48,54.89,53.9,41.597,235.2,59,Healthy
2025-04-05 12:00:00,Hive_10,34.28,29.66,57.81,53.88,41.58,215.1,69,Healthy
2025-04-05 13:00:00,Hive_10,34.27,26.01,55.02,48.21,41.573,169.5,93,Healthy
2025-04-05 14:00:00,Hive_10,34.55,28.07,56.43,50.82,41.582,215.2,76,Healthy
2025-04-05 15:00:00,Hive_10,34.91,26.65,55.86,53.26,41.574,185.5,91,Healthy
2025-04-05 16:00:00,Hive_10,35.2,28.84,55.69,51.88,41.562,195.9,70,Healthy
2025-04-05 17:00:00,Hive_10,34.21,25.79,53.0,56.89,41.584,192.4,84,Healthy
2025-04-05 18:00:00,Hive_10,34.86,25.41,56.1,56.45,41.607,198.2,54,Healthy
2025-04-05 19:00:00,Hive_10,33.47,18.92,54.34,63.75,41.585,192.5,38,Healthy
2025-04-05 20:00:00,Hive_10,34.56,18.2,58.13,59.45,41.588,214.4,45,Healthy
2025-04-05 21:00:00,Hive_10,34.12,15.08,53.79,67.97,41.632,203.4,2,Healthy
2025-04-05 22:00:00,Hive_10,34.7,15.93,56.88,70.08,41.648,207.3,0,Healthy
2025-04-05 23:00:00,Hive_10,34.62,15.4,52.3,78.3,41.691,185.8,2,Healthy
2025-04-06 00:00:00,Hive_10,33.96,14.5,55.18,80.15,41.702,221.6,2,Healthy
2025-04-06 01:00:00,Hive_10,34.48,14.44,55.29,80.57,41.742,180.5,2,Healthy
2025-04-06 02:00:00,Hive_10,34.81,11.06,53.68,78.32,41.76,192.7,0,Healthy
2025-04-06 03:00:00,Hive_10,33.93,12.99,53.95,79.74,41.734,211.0,3,Healthy
2025-04-06 04:00:00,Hive_10,34.34,14.35,55.82,79.97,41.744,202.8,2,Healthy
2025-04-06 05:00:00,Hive_10,34.08,16.11,54.72,74.83,41.749,204.3,2,Healthy
2025-04-06 06:00:00,Hive_10,34.21,13.13,56.88,71.16,41.755,192.3,55,Healthy
2025-04-06 07:00:00,Hive_10,35.04,17.04,57.68,68.85,41.757,197.3,54,Healthy
2025-04-06 08:00:00,Hive_10,35.23,17.11,54.33,67.07,41.751,195.9,70,Healthy
2025-04-06 09:00:00,Hive_10,34.8,20.37,55.19,60.2,41.786,205.5,67,Healthy
2025-04-06 10:00:00,Hive_10,34.16,23.14,53.12,58.0,41.772,207.7,80,Healthy
2025-04-06 11:00:00,Hive_10,33.76,27.43,54.8,52.6,41.815,200.5,74,Healthy
2025-04-06 12:00:00,Hive_10,34.26,24.49,57.31,54.41,41.838,188.5,101,Healthy
2025-04-06 13:00:00,Hive_10,34.24,26.34,56.15,47.62,41.871,194.1,69,Healthy
2025-04-06 14:00:00,Hive_10,34.11,25.66,55.4,47.86,41.92,211.9,73,Healthy
2025-04-06 15:00:00,Hive_10,34.62,26.69,57.36,49.51,41.92,223.1,99,Healthy
2025-04-06 16:00:00,Hive_10,34.39,26.4,55.09,51.26,41.923,213.3,54,Healthy
2025-04-06 17:00:00,Hive_10,34.76,24.85,58.29,55.05,41.907,190.2,37,Healthy
2025-04-06 18:00:00,Hive_10,34.34,22.34,54.66,53.96,41.927,195.5,54,Healthy
2025-04-06 19:00:00,Hive_10,33.99,22.24,55.88,59.05,41.97,238.0,49,Healthy
2025-04-06 20:00:00,Hive_10,34.59,22.19,55.17,65.92,41.978,209.1,24,Healthy
2025-04-06 21:00:00,Hive_10,34.64,17.71,53.56,66.53,41.988,207.5,2,Healthy
2025-04-06 22:00:00,Hive_10,34.65,17.16,54.27,72.07,41.959,208.0,2,Healthy
2025-04-06 23:00:00,Hive_10,34.02,15.86,54.86,75.56,41.987,207.1,1,Healthy
2025-04-07 00:00:00,Hive_10,34.64,10.58,52.5,75.94,41.99,200.6,3,Healthy
2025-04-07 01:00:00,Hive_10,34.59,13.19,53.73,81.41,41.988,186.0,2,Healthy
2025-04-07 02:00:00,Hive_10,34.51,10.96,57.46,79.21,42.011,188.4,2,Healthy
2025-04-07 03:00:00,Hive_10,34.02,14.75,53.63,80.72,42.001,221.6,3,Healthy
2025-04-07 04:00:00,Hive_10,34.51,12.13,55.11,76.7,41.992,196.3,0,Healthy
2025-04-07 05:00:00,Hive_10,33.97,16.25,55.65,72.09,41.977,192.5,2,Healthy
2025-04-07 06:00:00,Hive_10,35.03,17.01,55.0,72.06,42.011,204.2,71,Healthy
2025-04-07 07:00:00,Hive_10,34.69,19.52,54.61,68.97,42.016,180.4,52,Healthy
2025-04-07 08:00:00,Hive_10,34.3,23.09,54.86,62.59,42.024,205.8,65,Healthy
2025-04-07 09:00:00,Hive_10,34.88,22.74,54.6,63.4,42.047,182.8,71,Healthy
2025-04-07 10:00:00,Hive_10,34.24,22.24,52.72,57.41,42.049,174.1,97,Healthy
2025-04-07 11:00:00,Hive_10,34.35,24.82,53.21,56.36,42.082,201.3,107,Healthy
2025-04-07 12:00:00,Hive_10,34.8,26.23,56.52,51.12,42.096,250.0,87,Healthy
2025-04-07 13:00:00,Hive_10,34.42,25.82,57.28,48.51,42.102,223.5,92,Healthy
2025-04-07 14:00:00,Hive_10,34.61,29.63,56.13,50.77,42.1,191.7,88,Healthy
2025-04-07 15:00:00,Hive_10,33.89,30.64,54.6,47.43,42.131,200.8,66,Healthy
2025-04-07 16:00:00,Hive_10,34.69,27.05,54.54,48.54,42.139,206.4,72,Healthy
2025-04-07 17:00:00,Hive_10,34.74,24.84,52.34,56.46,42.145,183.8,47,Healthy
2025-04-07 18:00:00,Hive_10,34.46,24.8,54.0,56.66,42.162,210.2,71,Healthy
2025-04-07 19:00:00,Hive_10,34.35,21.8,56.27,58.22,42.157,177.8,32,Healthy
2025-04-07 20:00:00,Hive_10,34.57,19.2,54.88,62.83,42.183,193.3,35,Healthy
2025-04-07 21:00:00,Hive_10,34.34,17.19,52.57,66.62,42.228,202.1,1,Healthy
2025-04-07 22:00:00,Hive_10,34.93,15.43,57.0,67.6,42.241,204.8,0,Healthy
2025-04-07 23:00:00,Hive_10,34.45,12.55,56.59,72.21,42.243,205.2,2,Healthy
2025-04-08 00:00:00,Hive_10,34.85,10.64,55.77,81.68,42.271,214.6,2,Healthy
2025-04-08 01:00:00,Hive_10,34.64,14.42,56.98,78.58,42.228,206.6,2,Healthy
2025-04-08 02:00:00,Hive_10,34.26,9.44,55.6,80.56,42.236,185.8,3,Healthy
2025-04-08 03:00:00,Hive_10,34.89,11.65,53.62,80.03,42.246,192.6,1,Healthy
2025-04-08 04:00:00,Hive_10,34.59,16.31,55.79,78.9,42.264,172.6,4,Healthy
2025-04-08 05:00:00,Hive_10,34.69,12.15,55.27,79.07,42.268,239.1,2,Healthy
2025-04-08 06:00:00,Hive_10,34.3,16.03,55.08,71.43,42.26,210.2,43,Healthy
2025-04-08 07:00:00,Hive_10,34.48,19.44,55.87,70.85,42.282,178.1,77,Healthy
2025-04-08 08:00:00,Hive_10,34.72,19.62,51.27,66.39,42.279,212.6,70,Healthy
2025-04-08 09:00:00,Hive_10,34.87,23.1,55.17,61.3,42.318,185.3,77,Healthy
2025-04-08 10:00:00,Hive_10,34.42,23.11,54.66,58.28,42.314,193.1,84,Healthy
2025-04-08 11:00:00,Hive_10,34.52,22.62,50.85,49.79,42.32,194.3,94,Healthy
2025-04-08 12:00:00,Hive_10,34.75,25.92,52.73,55.15,42.324,222.9,83,Healthy
2025-04-08 13:00:00,Hive_10,34.34,27.65,56.68,53.32,42.316,156.7,100,Healthy
2025-04-08 14:00:00,Hive_10,34.17,28.66,53.48,51.01,42.349,203.6,83,Healthy
2025-04-08 15:00:00,Hive_10,34.72,28.06,54.29,53.53,42.331,208.8,69,Healthy
2025-04-08 16:00:00,Hive_10,34.76,25.15,55.58,54.64,42.316,226.8,80,Healthy
2025-04-08 17:00:00,Hive_10,34.52,25.2,54.28,53.36,42.37,194.2,49,Healthy
2025-04-08 18:00:00,Hive_10,34.74,26.38,56.01,56.36,42.379,185.4,49,Healthy
2025-04-08 19:00:00,Hive_10,34.73,20.32,57.58,61.07,42.367,196.2,34,Healthy
2025-04-08 20:00:00,Hive_10,34.22,20.41,52.46,61.96,42.348,190.1,46,Healthy
2025-04-08 21:00:00,Hive_10,34.9,18.45,55.58,69.01,42.368,192.9,1,Healthy
2025-04-08 22:00:00,Hive_10,34.42,14.03,55.52,71.3,42.377,194.5,1,Healthy
2025-04-08 23:00:00,Hive_10,34.61,14.94,52.13,74.61,42.394,211.2,2,Healthy
2025-04-09 00:00:00,Hive_10,34.12,12.78,54.87,79.82,42.4,215.5,0,Healthy
2025-04-09 01:00:00,Hive_10,33.77,10.69,56.22,82.98,42.396,203.8,3,Healthy
2025-04-09 02:00:00,Hive_10,34.35,12.44,54.46,82.87,42.422,193.4,2,Healthy
2025-04-09 03:00:00,Hive_10,34.03,14.05,54.49,81.23,42.438,196.3,2,Healthy
2025-04-09 04:00:00,Hive_10,34.44,13.51,53.23,76.94,42.438,177.1,2,Healthy
2025-04-09 05:00:00,Hive_10,35.04,14.05,54.63,73.78,42.454,190.4,1,Healthy
2025-04-09 06:00:00,Hive_10,34.5,16.49,56.21,71.84,42.453,180.0,34,Healthy
2025-04-09 07:00:00,Hive_10,34.7,20.09,54.35,70.74,42.437,195.8,59,Healthy
2025-04-09 08:00:00,Hive_10,33.98,18.3,55.99,62.06,42.423,204.6,66,Healthy
2025-04-09 09:00:00,Hive_10,34.43,22.96,55.2,61.79,42.43,190.8,88,Healthy
2025-04-09 10:00:00,Hive_10,34.08,23.37,55.41,57.33,42.428,192.8,76,Healthy
2025-04-09 11:00:00,Hive_10,34.7,25.47,54.94,50.38,42.429,176.8,92,Healthy
2025-04-09 12:00:00,Hive_10,34.65,25.98,57.3,54.62,42.442,216.2,94,Healthy
2025-04-09 13:00:00,Hive_10,34.25,27.05,58.1,50.89,42.45,200.4,92,Healthy
2025-04-09 14:00:00,Hive_10,34.19,26.37,53.12,52.64,42.456,180.8,100,Healthy
2025-04-09 15:00:00,Hive_10,34.56,27.38,55.83,44.07,42.458,179.7,77,Healthy
2025-04-09 16:00:00,Hive_10,34.18,26.21,55.23,50.06,42.486,206.9,52,Healthy
2025-04-09 17:00:00,Hive_10,34.92,26.58,53.58,55.94,42.495,208.5,55,Healthy
2025-04-09 18:00:00,Hive_10,34.25,24.83,53.86,57.45,42.53,185.1,38,Healthy
2025-04-09 19:00:00,Hive_10,34.11,22.59,54.22,61.06,42.523,190.4,64,Healthy
2025-04-09 20:00:00,Hive_10,35.11,19.55,56.33,63.24,42.548,187.5,41,Healthy
2025-04-09 21:00:00,Hive_10,33.99,19.15,54.97,69.18,42.592,203.3,1,Healthy
2025-04-09 22:00:00,Hive_10,34.26,15.66,54.94,72.18,42.631,219.9,1,Healthy
2025-04-09 23:00:00,Hive_10,34.69,16.26,55.65,77.13,42.623,193.9,2,Healthy
2025-04-10 00:00:00,Hive_10,34.59,11.26,53.82,75.91,42.649,188.7,2,Healthy
2025-04-10 01:00:00,Hive_10,34.43,12.76,53.98,78.52,42.659,185.6,1,Healthy
2025-04-10 02:00:00,Hive_10,34.35,13.12,55.78,77.73,42.627,227.8,3,Healthy
2025-04-10 03:00:00,Hive_10,34.51,9.97,53.32,75.28,42.656,205.9,2,Healthy
2025-04-10 04:00:00,Hive_10,34.73,12.22,55.9,81.19,42.69,184.7,3,Healthy
2025-04-10 05:00:00,Hive_10,34.45,13.95,52.18,76.28,42.72,172.6,1,Healthy
2025-04-10 06:00:00,Hive_10,34.17,15.32,55.37,68.59,42.723,196.0,40,Healthy
2025-04-10 07:00:00,Hive_10,34.01,18.0,54.7,68.23,42.708,213.5,56,Healthy
2025-04-10 08:00:00,Hive_10,34.46,23.78,55.87,66.93,42.676,214.4,61,Healthy
2025-04-10 09:00:00,Hive_10,34.31,22.21,54.73,59.66,42.688,199.6,78,Healthy
2025-04-10 10:00:00,Hive_10,34.57,21.56,55.66,62.16,42.691,186.9,86,Healthy
2025-04-10 11:00:00,Hive_10,35.12,26.09,57.22,57.0,42.665,193.1,91,Healthy
2025-04-10 12:00:00,Hive_10,33.86,26.33,56.37,51.92,42.638,176.4,79,Healthy
2025-04-10 13:00:00,Hive_10,34.18,27.58,56.72,47.27,42.646,206.5,76,Healthy
2025-04-10 14:00:00,Hive_10,34.26,27.92,54.92,49.73,42.618,206.6,80,Healthy
2025-04-10 15:00:00,Hive_10,34.63,27.34,54.52,52.21,42.606,219.9,64,Healthy
2025-04-10 16:00:00,Hive_10,34.78,27.87,56.52,48.81,42.577,206.7,73,Healthy
2025-04-10 17:00:00,Hive_10,34.21,26.71,54.67,55.12,42.621,183.4,63,Healthy
2025-04-10 18:00:00,Hive_10,34.07,25.73,53.1,55.52,42.638,180.9,48,Healthy
2025-04-10 19:00:00,Hive_10,34.27,24.13,55.19,61.02,42.647,206.8,55,Healthy
2025-04-10 20:00:00,Hive_10,34.64,20.6,53.85,69.07,42.703,198.1,19,Healthy
2025-04-10 21:00:00,Hive_10,34.27,21.42,54.17,67.42,42.716,214.0,0,Healthy
2025-04-10 22:00:00,Hive_10,34.38,17.39,57.57,71.39,42.73,206.7,1,Healthy
2025-04-10 23:00:00,Hive_10,33.76,15.49,56.63,78.84,42.771,207.5,1,Healthy
2025-04-11 00:00:00,Hive_10,34.23,11.34,57.28,82.71,42.789,230.7,1,Healthy
2025-04-11 01:00:00,Hive_10,34.05,9.86,59.02,79.49,42.812,211.7,2,Healthy
2025-04-11 02:00:00,Hive_10,34.53,10.96,57.92,79.74,42.799,189.1,1,Healthy
2025-04-11 03:00:00,Hive_10,33.69,11.26,52.26,76.57,42.831,199.9,2,Healthy
2025-04-11 04:00:00,Hive_10,34.98,12.2,57.33,77.79,42.859,203.0,2,Healthy
2025-04-11 05:00:00,Hive_10,34.38,14.9,56.68,75.27,42.844,222.3,1,Healthy
2025-04-11 06:00:00,Hive_10,34.24,14.03,54.14,71.41,42.842,190.5,46,Healthy
2025-04-11 07:00:00,Hive_10,34.43,17.83,55.49,70.41,42.852,208.1,60,Healthy
2025-04-11 08:00:00,Hive_10,34.56,19.03,56.91,63.16,42.857,189.5,67,Healthy
2025-04-11 09:00:00,Hive_10,34.07,21.23,54.63,59.78,42.872,183.8,69,Healthy
2025-04-11 10:00:00,Hive_10,34.21,22.58,54.7,54.73,42.855,197.9,77,Healthy
2025-04-11 11:00:00,Hive_10,34.31,24.26,54.29,55.15,42.891,186.2,104,Healthy
2025-04-11 12:00:00,Hive_10,34.33,26.41,55.1,49.74,42.926,212.0,90,Healthy
2025-04-11 13:00:00,Hive_10,34.57,29.62,55.46,46.75,42.943,175.8,78,Healthy
2025-04-11 14:00:00,Hive_10,35.07,27.75,54.0,52.23,42.926,212.2,110,Healthy
2025-04-11 15:00:00,Hive_10,35.36,29.39,56.03,49.01,42.921,229.0,69,Healthy
2025-04-11 16:00:00,Hive_10,34.49,26.0,55.06,53.46,42.931,216.7,46,Healthy
2025-04-11 17:00:00,Hive_10,34.27,26.08,53.87,53.81,42.889,188.0,73,Healthy
2025-04-11 18:00:00,Hive_10,34.08,25.25,56.23,57.12,42.925,215.5,40,Healthy
2025-04-11 19:00:00,Hive_10,34.14,20.77,55.72,64.43,42.899,195.5,45,Healthy
2025-04-11 20:00:00,Hive_10,34.13,19.96,53.77,66.05,42.919,210.5,32,Healthy
2025-04-11 21:00:00,Hive_10,34.36,19.35,57.73,65.57,42.955,209.5,1,Healthy
2025-04-11 22:00:00,Hive_10,34.04,17.55,56.49,73.36,42.947,211.4,0,Healthy
2025-04-11 23:00:00,Hive_10,34.17,16.74,53.97,75.06,42.95,199.9,3,Healthy
2025-04-12 00:00:00,Hive_10,34.13,13.18,59.14,73.65,42.963,214.3,1,Healthy
2025-04-12 01:00:00,Hive_10,34.54,10.77,54.31,78.53,43.012,190.8,0,Healthy
2025-04-12 02:00:00,Hive_10,34.51,13.21,54.1,81.86,42.984,218.3,2,Healthy
2025-04-12 03:00:00,Hive_10,34.43,11.61,57.44,79.61,42.973,190.7,1,Healthy
2025-04-12 04:00:00,Hive_10,34.56,13.54,53.68,78.1,43.012,193.2,3,Healthy
2025-04-12 05:00:00,Hive_10,34.6,19.05,54.8,73.86,43.063,195.8,2,Healthy
2025-04-12 06:00:00,Hive_10,34.73,16.34,55.14,72.3,43.083,203.2,43,Healthy
2025-04-12 07:00:00,Hive_10,34.67,17.53,56.87,69.99,43.13,192.2,61,Healthy
2025-04-12 08:00:00,Hive_10,34.67,19.71,56.17,62.79,43.118,194.4,65,Healthy
2025-04-12 09:00:00,Hive_10,34.16,19.81,55.24,61.04,43.134,205.9,82,Healthy
2025-04-12 10:00:00,Hive_10,34.27,26.3,55.98,55.88,43.141,216.9,90,Healthy
2025-04-12 11:00:00,Hive_10,34.06,28.53,55.51,54.21,43.15,208.0,95,Healthy
2025-04-12 12:00:00,Hive_10,34.46,26.13,51.43,49.99,43.161,193.9,98,Healthy
2025-04-12 13:00:00,Hive_10,34.97,24.75,56.01,50.52,43.191,205.1,72,Healthy
2025-04-12 14:00:00,Hive_10,34.18,28.25,54.81,50.82,43.143,195.0,80,Healthy
2025-04-12 15:00:00,Hive_10,34.42,29.83,54.88,49.3,43.141,210.8,58,Healthy
2025-04-12 16:00:00,Hive_10,34.89,28.63,50.88,51.99,43.102,195.6,75,Healthy
2025-04-12 17:00:00,Hive_10,34.79,24.82,56.0,55.56,43.114,201.4,54,Healthy
2025-04-12 18:00:00,Hive_10,34.26,23.92,55.77,55.45,43.115,188.9,54,Healthy
2025-04-12 19:00:00,Hive_10,34.46,22.64,55.62,60.69,43.145,203.0,27,Healthy
2025-04-12 20:00:00,Hive_10,34.18,19.67,55.75,64.19,43.166,210.9,20,Healthy
2025-04-12 21:00:00,Hive_10,34.59,18.17,55.19,68.87,43.176,198.0,3,Healthy
2025-04-12 22:00:00,Hive_10,34.82,14.71,53.78,72.15,43.171,211.0,0,Healthy
2025-04-12 23:00:00,Hive_10,34.62,15.33,53.17,74.63,43.204,181.7,2,Healthy
2025-04-13 00:00:00,Hive_10,34.48,11.31,57.93,81.61,43.198,193.4,3,Healthy
2025-04-13 01:00:00,Hive_10,34.65,10.13,53.47,78.09,43.218,202.6,0,Healthy
2025-04-13 02:00:00,Hive_10,34.73,13.45,55.19,77.48,43.219,183.4,2,Healthy
2025-04-13 03:00:00,Hive_10,34.87,10.96,57.46,81.9,43.235,193.9,1,Healthy
2025-04-13 04:00:00,Hive_10,34.63,12.52,56.85,78.49,43.245,179.0,1,Healthy
2025-04-13 05:00:00,Hive_10,34.72,16.68,54.41,72.49,43.238,205.9,3,Healthy
2025-04-13 06:00:00,Hive_10,34.11,16.51,54.85,71.97,43.221,195.4,49,Healthy
2025-04-13 07:00:00,Hive_10,34.13,14.39,54.72,71.66,43.242,219.6,52,Healthy
2025-04-13 08:00:00,Hive_10,34.13,16.24,55.54,67.16,43.26,151.2,53,Healthy
2025-04-13 09:00:00,Hive_10,34.1,21.38,55.18,55.95,43.268,204.5,82,Healthy
2025-04-13 10:00:00,Hive_10,34.73,21.48,57.29,54.93,43.259,203.9,92,Healthy
2025-04-13 11:00:00,Hive_10,34.31,26.01,57.98,53.9,43.271,205.8,91,Healthy
2025-04-13 12:00:00,Hive_10,34.4,25.71,54.49,52.11,43.287,186.3,77,Healthy
2025-04-13 13:00:00,Hive_10,34.4,28.48,52.11,49.45,43.316,207.9,95,Healthy
2025-04-13 14:00:00,Hive_10,34.57,28.58,54.09,46.97,43.307,207.5,101,Healthy
2025-04-13 15:00:00,Hive_10,34.49,29.97,54.68,51.76,43.299,196.0,87,Healthy
2025-04-13 16:00:00,Hive_10,33.9,29.66,54.2,50.38,43.327,231.1,83,Healthy
2025-04-13 17:00:00,Hive_10,34.25,27.58,53.01,52.69,43.324,213.7,76,Healthy
2025-04-13 18:00:00,Hive_10,34.18,24.52,54.83,56.99,43.338,178.1,59,Healthy
2025-04-13 19:00:00,Hive_10,34.5,21.43,55.45,62.84,43.334,194.8,46,Healthy
2025-04-13 20:00:00,Hive_10,34.53,19.8,55.58,62.79,43.371,217.3,29,Healthy
2025-04-13 21:00:00,Hive_10,34.34,17.11,55.76,68.43,43.402,218.6,1,Healthy
2025-04-13 22:00:00,Hive_10,33.92,15.23,53.2,71.66,43.412,205.7,2,Healthy
2025-04-13 23:00:00,Hive_10,34.42,13.17,54.43,74.62,43.435,180.4,0,Healthy
2025-04-14 00:00:00,Hive_10,33.93,12.62,52.76,75.26,43.44,209.5,2,Healthy
2025-04-14 01:00:00,Hive_10,34.57,14.65,54.62,79.69,43.446,231.2,2,Healthy
2025-04-14 02:00:00,Hive_10,34.62,12.52,55.99,77.71,43.479,209.5,1,Healthy
2025-04-14 03:00:00,Hive_10,34.53,12.02,56.9,79.34,43.51,211.3,4,Healthy
2025-04-14 04:00:00,Hive_10,34.5,9.09,53.99,77.07,43.501,174.2,1,Healthy
2025-04-14 05:00:00,Hive_10,34.27,15.68,55.33,77.15,43.539,177.2,1,Healthy
2025-04-14 06:00:00,Hive_10,34.76,16.43,52.75,72.52,43.528,210.2,32,Healthy
2025-04-14 07:00:00,Hive_10,34.72,19.15,54.3,69.78,43.549,182.4,56,Healthy
2025-04-14 08:00:00,Hive_10,34.57,20.05,53.28,63.2,43.564,226.1,57,Healthy
2025-04-14 09:00:00,Hive_10,34.25,22.04,56.05,57.88,43.565,211.1,81,Healthy
2025-04-14 10:00:00,Hive_10,34.71,23.9,55.46,55.44,43.545,185.5,56,Healthy
2025-04-14 11:00:00,Hive_10,34.18,23.61,53.75,53.77,43.583,215.4,81,Healthy
2025-04-14 12:00:00,Hive_10,34.69,28.12,55.45,54.44,43.615,211.5,77,Healthy
2025-04-14 13:00:00,Hive_10,34.85,27.44,54.13,49.41,43.61,215.4,91,Healthy
2025-04-14 14:00:00,Hive_10,34.34,31.17,56.68,48.28,43.594,219.8,72,Healthy
2025-04-14 15:00:00,Hive_10,34.51,28.64,52.95,46.83,43.643,183.9,69,Healthy
2025-04-14 16:00:00,Hive_10,34.71,27.73,53.93,50.81,43.637,199.6,57,Healthy
2025-04-14 17:00:00,Hive_10,34.67,26.25,55.96,56.15,43.608,193.1,58,Healthy
2025-04-14 18:00:00,Hive_10,33.81,26.18,53.49,56.34,43.605,167.7,59,Healthy
2025-04-14 19:00:00,Hive_10,34.17,19.72,57.26,62.01,43.61,192.8,44,Healthy
2025-04-14 20:00:00,Hive_10,34.36,18.49,54.11,66.15,43.618,183.7,28,Healthy
2025-04-14 21:00:00,Hive_10,34.83,18.44,56.22,64.26,43.591,169.8,2,Healthy
2025-04-14 22:00:00,Hive_10,34.07,17.15,57.74,73.75,43.586,203.6,2,Healthy
2025-04-14 23:00:00,Hive_10,34.62,16.73,54.88,75.86,43.572,165.2,2,Healthy
2025-04-15 00:00:00,Hive_10,34.54,10.95,55.19,78.69,43.561,215.5,2,Healthy
2025-04-15 01:00:00,Hive_10,34.44,10.5,53.0,83.63,43.555,177.4,3,Healthy
2025-04-15 02:00:00,Hive_10,34.67,13.62,56.87,81.48,43.561,206.3,1,Healthy
2025-04-15 03:00:00,Hive_10,33.58,12.04,54.07,80.39,43.574,198.8,1,Healthy
2025-04-15 04:00:00,Hive_10,34.13,13.96,56.78,76.57,43.605,191.0,1,Healthy
2025-04-15 05:00:00,Hive_10,34.66,15.61,55.71,75.69,43.608,207.7,1,Healthy
2025-04-15 06:00:00,Hive_10,34.39,16.59,53.13,72.35,43.621,200.6,41,Healthy
2025-04-15 07:00:00,Hive_10,34.42,15.53,55.46,65.59,43.668,199.3,44,Healthy
2025-04-15 08:00:00,Hive_10,34.3,19.69,56.68,67.5,43.682,209.7,88,Healthy
2025-04-15 09:00:00,Hive_10,34.47,19.31,53.58,62.91,43.69,225.4,91,Healthy
2025-04-15 10:00:00,Hive_10,34.78,21.0,54.97,55.96,43.699,176.5,77,Healthy
2025-04-15 11:00:00,Hive_10,34.12,23.62,53.61,51.09,43.694,187.4,98,Healthy
2025-04-15 12:00:00,Hive_10,34.35,25.57,55.66,54.86,43.713,186.5,86,Healthy
2025-04-15 13:00:00,Hive_10,34.46,26.97,53.88,51.26,43.726,205.1,107,Healthy
2025-04-15 14:00:00,Hive_10,34.63,28.1,53.58,50.02,43.701,195.3,95,Healthy
2025-04-15 15:00:00,Hive_10,34.7,29.58,51.72,46.75,43.72,206.0,61,Healthy
2025-04-15 16:00:00,Hive_10,34.48,28.43,55.21,55.5,43.76,183.1,58,Healthy
2025-04-15 17:00:00,Hive_10,34.51,24.4,54.17,54.47,43.764,191.9,55,Healthy
2025-04-15 18:00:00,Hive_10,33.9,22.85,54.66,55.98,43.735,211.3,44,Healthy
2025-04-15 19:00:00,Hive_10,34.43,21.89,56.9,60.37,43.718,175.7,40,Healthy
2025-04-15 20:00:00,Hive_10,34.71,19.26,53.34,65.72,43.74,184.7,30,Healthy
2025-04-15 21:00:00,Hive_10,34.49,16.07,53.35,69.15,43.723,211.3,1,Healthy
2025-04-15 22:00:00,Hive_10,34.89,17.52,53.58,71.41,43.762,202.6,2,Healthy
2025-04-15 23:00:00,Hive_10,34.73,12.84,54.51,77.07,43.73,183.3,0,Healthy
2025-04-16 00:00:00,Hive_10,34.37,13.75,54.15,77.06,43.769,200.7,2,Healthy
2025-04-16 01:00:00,Hive_10,34.21,11.34,55.52,79.43,43.756,211.2,1,Healthy
2025-04-16 02:00:00,Hive_10,34.5,13.42,56.97,83.81,43.781,178.5,2,Healthy
2025-04-16 03:00:00,Hive_10,34.55,13.02,55.25,80.68,43.791,202.0,0,Healthy
2025-04-16 04:00:00,Hive_10,34.35,12.72,54.11,75.08,43.788,184.2,2,Healthy
2025-04-16 05:00:00,Hive_10,34.08,13.87,54.55,74.77,43.821,217.4,2,Healthy
2025-04-16 06:00:00,Hive_10,34.3,15.56,54.55,73.62,43.816,213.6,57,Healthy
2025-04-16 07:00:00,Hive_10,34.62,17.88,55.53,72.34,43.831,181.1,51,Healthy
2025-04-16 08:00:00,Hive_10,34.68,19.92,54.0,64.91,43.842,201.3,71,Healthy
2025-04-16 09:00:00,Hive_10,33.82,22.1,53.59,58.31,43.842,182.3,77,Healthy
2025-04-16 10:00:00,Hive_10,34.64,25.64,56.48,58.95,43.833,193.1,90,Healthy
2025-04-16 11:00:00,Hive_10,35.06,24.95,55.14,53.55,43.879,172.7,82,Healthy
2025-04-16 12:00:00,Hive_10,33.88,27.54,54.66,52.2,43.938,203.7,96,Healthy
2025-04-16 13:00:00,Hive_10,34.5,26.76,56.68,51.0,43.97,206.1,89,Healthy
2025-04-16 14:00:00,Hive_10,34.52,25.48,56.31,46.57,44.006,186.7,69,Healthy
2025-04-16 15:00:00,Hive_10,34.03,29.13,54.26,48.88,44.006,219.8,86,Healthy
2025-04-16 16:00:00,Hive_10,34.54,25.82,56.59,54.81,44.043,196.1,75,Healthy
2025-04-16 17:00:00,Hive_10,34.53,25.05,56.44,56.25,44.083,208.2,59,Healthy
2025-04-16 18:00:00,Hive_10,34.29,23.88,56.4,51.59,44.113,189.0,51,Healthy
2025-04-16 19:00:00,Hive_10,35.16,21.79,56.06,62.5,44.109,198.8,53,Healthy
2025-04-16 20:00:00,Hive_10,34.71,17.89,56.94,63.77,44.131,190.9,35,Healthy
2025-04-16 21:00:00,Hive_10,34.47,18.55,55.08,69.58,44.123,237.2,2,Healthy
2025-04-16 22:00:00,Hive_10,34.75,16.82,53.05,72.06,44.098,199.5,4,Healthy
2025-04-16 23:00:00,Hive_10,34.65,16.16,54.05,73.99,44.117,207.6,2,Healthy
2025-04-17 00:00:00,Hive_10,34.48,10.72,53.45,75.46,44.105,204.1,1,Healthy
2025-04-17 01:00:00,Hive_10,34.42,15.66,55.45,78.42,44.085,207.6,2,Healthy
2025-04-17 02:00:00,Hive_10,34.63,11.48,57.15,80.55,44.145,184.1,0,Healthy
2025-04-17 03:00:00,Hive_10,34.69,12.43,55.17,75.33,44.162,195.4,2,Healthy
2025-04-17 04:00:00,Hive_10,34.1,13.78,55.26,78.39,44.209,203.6,2,Healthy
2025-04-17 05:00:00,Hive_10,34.77,16.68,54.2,74.12,44.241,212.0,1,Healthy
2025-04-17 06:00:00,Hive_10,33.94,15.6,54.34,74.46,44.263,195.4,51,Healthy
2025-04-17 07:00:00,Hive_10,34.7,14.87,53.87,67.17,44.247,215.9,65,Healthy
2025-04-17 08:00:00,Hive_10,34.18,18.37,54.77,65.28,44.261,187.9,77,Healthy
2025-04-17 09:00:00,Hive_10,34.62,23.42,52.82,61.64,44.298,198.6,68,Healthy
2025-04-17 10:00:00,Hive_10,34.65,24.22,53.37,58.99,44.323,199.1,89,Healthy
2025-04-17 11:00:00,Hive_10,34.55,24.45,56.78,56.49,44.302,179.0,86,Healthy
2025-04-17 12:00:00,Hive_10,34.23,29.13,55.08,55.94,44.315,210.8,98,Healthy
2025-04-17 13:00:00,Hive_10,33.9,26.06,56.22,50.64,44.319,181.9,91,Healthy
2025-04-17 14:00:00,Hive_10,34.23,27.45,58.33,52.52,44.346,219.3,74,Healthy
2025-04-17 15:00:00,Hive_10,34.44,30.41,56.96,48.09,44.366,181.4,89,Healthy
2025-04-17 16:00:00,Hive_10,34.04,27.44,55.65,51.18,44.373,202.3,54,Healthy
2025-04-17 17:00:00,Hive_10,35.06,25.03,54.69,55.35,44.411,211.8,62,Healthy
2025-04-17 18:00:00,Hive_10,34.69,22.48,54.21,55.56,44.409,197.3,48,Healthy
2025-04-17 19:00:00,Hive_10,34.74,23.42,55.66,60.11,44.386,204.4,12,Healthy
2025-04-17 20:00:00,Hive_10,34.5,18.66,52.35,65.93,44.373,160.9,16,Healthy
2025-04-17 21:00:00,Hive_10,34.55,18.8,55.02,67.77,44.384,215.3,1,Healthy
2025-04-17 22:00:00,Hive_10,34.83,17.37,53.06,67.55,44.372,189.4,3,Healthy
2025-04-17 23:00:00,Hive_10,34.21,13.01,55.38,74.29,44.397,225.6,4,Healthy
2025-04-18 00:00:00,Hive_10,34.13,14.05,57.86,78.72,44.412,195.7,2,Healthy
2025-04-18 01:00:00,Hive_10,34.67,11.32,57.01,74.81,44.433,199.9,2,Healthy
2025-04-18 02:00:00,Hive_10,34.48,12.26,55.04,80.28,44.474,207.1,2,Healthy
2025-04-18 03:00:00,Hive_10,34.78,13.26,53.86,80.81,44.474,187.8,2,Healthy
2025-04-18 04:00:00,Hive_10,34.62,14.15,57.06,75.44,44.48,204.7,2,Healthy
2025-04-18 05:00:00,Hive_10,34.88,12.36,54.11,75.91,44.506,200.4,1,Healthy
2025-04-18 06:00:00,Hive_10,34.23,15.86,54.62,71.45,44.518,197.5,47,Healthy
2025-04-18 07:00:00,Hive_10,34.16,18.27,54.62,69.95,44.488,197.6,61,Healthy
2025-04-18 08:00:00,Hive_10,34.66,20.85,55.1,65.31,44.485,183.3,67,Healthy
2025-04-18 09:00:00,Hive_10,34.35,20.92,55.63,60.88,44.496,206.7,82,Healthy
2025-04-18 10:00:00,Hive_10,34.65,23.73,58.67,57.26,44.486,200.6,72,Healthy
2025-04-18 11:00:00,Hive_10,34.46,25.63,55.23,53.05,44.486,173.2,102,Healthy
2025-04-18 12:00:00,Hive_10,30.93,28.19,68.26,51.75,44.425,349.3,39,At Risk
2025-04-18 13:00:00,Hive_10,31.63,29.3,70.98,47.03,44.403,360.5,43,At Risk
2025-04-18 14:00:00,Hive_10,31.46,29.79,68.84,51.32,44.393,310.5,29,At Risk
2025-04-18 15:00:00,Hive_10,32.31,27.82,70.63,49.73,44.365,333.7,28,At Risk
2025-04-18 16:00:00,Hive_10,33.11,27.21,70.01,53.38,44.302,294.5,22,At Risk
2025-04-18 17:00:00,Hive_10,30.45,24.42,69.01,55.11,44.244,281.6,18,At Risk
2025-04-18 18:00:00,Hive_10,30.98,25.57,64.9,58.89,44.268,366.8,20,At Risk
2025-04-18 19:00:00,Hive_10,32.34,24.9,70.67,60.73,44.169,342.5,16,At Risk
2025-04-18 20:00:00,Hive_10,31.54,20.04,68.15,62.91,44.077,319.2,17,At Risk
2025-04-18 21:00:00,Hive_10,32.81,17.81,69.83,71.37,43.998,350.8,0,At Risk
2025-04-18 22:00:00,Hive_10,33.94,17.6,69.4,76.76,43.961,339.2,0,At Risk
2025-04-18 23:00:00,Hive_10,30.73,11.45,71.37,77.26,43.852,293.7,0,At Risk
2025-04-19 00:00:00,Hive_10,29.93,13.0,67.68,75.86,43.783,348.9,0,At Risk
2025-04-19 01:00:00,Hive_10,32.15,12.5,63.52,76.16,43.775,305.1,0,At Risk
2025-04-19 02:00:00,Hive_10,32.39,13.57,65.41,81.09,43.737,295.7,0,At Risk
2025-04-19 03:00:00,Hive_10,32.67,14.32,70.2,83.88,43.692,289.5,0,At Risk
2025-04-19 04:00:00,Hive_10,31.54,11.81,66.15,77.06,43.64,308.7,0,At Risk
2025-04-19 05:00:00,Hive_10,33.06,17.59,67.21,72.88,43.576,342.7,0,At Risk
2025-04-19 06:00:00,Hive_10,31.6,16.24,68.51,70.23,43.523,304.4,26,At Risk
2025-04-19 07:00:00,Hive_10,30.89,14.19,68.55,68.38,43.443,294.8,35,At Risk
2025-04-19 08:00:00,Hive_10,30.27,20.3,67.86,65.76,43.364,335.2,28,At Risk
2025-04-19 09:00:00,Hive_10,30.34,21.99,71.51,58.36,43.287,355.8,26,At Risk
2025-04-19 10:00:00,Hive_10,30.53,23.76,71.39,59.96,43.255,308.6,32,At Risk
2025-04-19 11:00:00,Hive_10,32.09,23.98,69.6,50.6,43.168,345.2,44,At Risk
2025-04-19 12:00:00,Hive_10,32.56,28.97,71.69,53.49,43.185,318.0,25,At Risk
2025-04-19 13:00:00,Hive_10,35.62,28.72,66.45,49.03,43.131,319.9,32,At Risk
2025-04-19 14:00:00,Hive_10,29.38,26.13,69.64,47.44,43.094,378.3,26,At Risk
2025-04-19 15:00:00,Hive_10,33.53,29.94,68.7,53.66,43.054,361.9,26,At Risk
2025-04-19 16:00:00,Hive_10,30.93,27.33,68.83,51.92,42.982,306.7,29,At Risk
2025-04-19 17:00:00,Hive_10,31.45,22.31,69.07,52.3,42.906,332.1,26,At Risk
2025-04-19 18:00:00,Hive_10,32.42,23.76,66.47,58.31,42.867,345.0,29,At Risk
2025-04-19 19:00:00,Hive_10,30.65,23.88,66.39,58.86,42.814,331.2,22,At Risk
2025-04-19 20:00:00,Hive_10,31.73,21.94,69.55,65.01,42.732,343.8,10,At Risk
2025-04-19 21:00:00,Hive_10,32.23,17.01,69.87,66.66,42.66,358.8,0,At Risk
2025-04-19 22:00:00,Hive_10,32.49,18.22,69.32,69.75,42.612,309.3,0,At Risk
2025-04-19 23:00:00,Hive_10,29.37,16.51,68.06,74.43,42.569,376.4,0,At Risk
2025-04-20 00:00:00,Hive_10,31.76,13.81,67.37,77.38,42.453,346.9,0,At Risk
2025-04-20 01:00:00,Hive_10,31.97,10.16,64.68,79.0,42.456,344.9,0,At Risk
2025-04-20 02:00:00,Hive_10,32.01,10.79,66.58,82.5,42.479,360.6,0,At Risk
2025-04-20 03:00:00,Hive_10,30.93,12.71,72.8,78.59,42.461,320.8,0,At Risk
2025-04-20 04:00:00,Hive_10,31.74,13.93,65.8,80.89,42.414,352.6,0,At Risk
2025-04-20 05:00:00,Hive_10,32.14,16.04,63.7,72.86,42.337,340.6,0,At Risk
2025-04-20 06:00:00,Hive_10,32.4,14.62,68.68,75.57,42.293,329.8,18,At Risk
2025-04-20 07:00:00,Hive_10,31.41,16.82,66.42,71.34,42.246,365.6,29,At Risk
2025-04-20 08:00:00,Hive_10,32.13,19.41,65.47,67.45,42.211,364.3,37,At Risk
2025-04-20 09:00:00,Hive_10,31.85,22.55,65.71,59.98,42.179,312.1,30,At Risk
2025-04-20 10:00:00,Hive_10,31.73,24.18,70.28,57.2,42.136,325.9,32,At Risk
2025-04-20 11:00:00,Hive_10,32.72,27.97,65.75,53.41,42.076,343.7,39,At Risk
2025-04-20 12:00:00,Hive_10,31.06,26.35,70.89,49.78,41.963,350.9,28,At Risk
2025-04-20 13:00:00,Hive_10,31.58,28.93,68.56,48.62,41.903,331.6,31,At Risk
2025-04-20 14:00:00,Hive_10,30.64,29.59,73.2,48.94,41.692,40.0,0,Critical
2025-04-20 15:00:00,Hive_10,27.98,28.31,90.35,48.31,41.457,558.2,5,Critical
2025-04-20 16:00:00,Hive_10,26.35,28.15,77.25,52.49,41.274,407.8,6,Critical
2025-04-20 17:00:00,Hive_10,26.88,23.64,74.41,53.78,41.062,418.7,1,Critical
2025-04-20 18:00:00,Hive_10,26.66,26.34,74.45,57.25,40.853,40.0,3,Critical
2025-04-20 19:00:00,Hive_10,28.11,20.83,85.5,59.62,40.575,437.5,3,Critical
2025-04-20 20:00:00,Hive_10,24.51,17.28,80.14,64.8,40.411,413.8,3,Critical
2025-04-20 21:00:00,Hive_10,24.65,16.65,81.99,66.55,40.277,358.6,5,Critical
2025-04-20 22:00:00,Hive_10,29.17,18.47,74.49,75.61,40.08,40.0,0,Critical
2025-04-20 23:00:00,Hive_10,27.21,15.76,79.35,72.5,39.849,413.2,7,Critical
2025-04-21 00:00:00,Hive_10,25.4,12.4,83.84,78.66,39.673,359.3,0,Critical
2025-04-21 01:00:00,Hive_10,27.95,9.38,85.06,78.8,39.619,386.5,1,Critical
2025-04-21 02:00:00,Hive_10,26.21,12.67,79.81,76.53,39.408,40.0,0,Critical
2025-04-21 03:00:00,Hive_10,28.76,10.99,75.43,76.73,39.273,457.5,3,Critical
2025-04-21 04:00:00,Hive_10,23.14,10.32,81.76,77.86,39.11,40.0,5,Critical
2025-04-21 05:00:00,Hive_10,25.25,13.62,78.87,76.09,38.923,465.1,4,Critical
2025-04-21 06:00:00,Hive_10,24.16,16.7,86.21,71.77,38.698,443.8,1,Critical
2025-04-21 07:00:00,Hive_10,26.24,17.85,81.93,66.95,38.501,447.8,1,Critical
2025-04-21 08:00:00,Hive_10,32.12,18.6,82.64,61.64,38.327,40.0,1,Critical
2025-04-21 09:00:00,Hive_10,27.29,23.22,86.85,56.33,38.111,460.4,0,Critical
2025-04-21 10:00:00,Hive_10,23.42,23.38,79.26,59.99,37.879,458.6,6,Critical
2025-04-21 11:00:00,Hive_10,24.87,26.74,86.39,58.66,37.72,40.0,3,Critical
2025-04-21 12:00:00,Hive_10,28.89,27.85,75.94,53.6,37.534,436.3,4,Critical
2025-04-21 13:00:00,Hive_10,24.19,28.17,81.02,50.08,37.368,40.0,0,Critical
2025-04-21 14:00:00,Hive_10,25.12,28.0,74.36,52.83,37.198,453.5,2,Critical
2025-04-21 15:00:00,Hive_10,26.62,29.29,82.93,52.22,36.993,512.6,0,Critical
2025-04-21 16:00:00,Hive_10,25.25,27.14,75.08,49.95,36.81,404.7,0,Critical
2025-04-21 17:00:00,Hive_10,31.15,26.9,73.16,54.6,36.568,479.1,3,Critical
2025-04-21 18:00:00,Hive_10,26.91,23.43,78.38,55.34,36.324,430.7,5,Critical
2025-04-21 19:00:00,Hive_10,27.16,20.85,87.37,61.04,36.035,414.8,0,Critical
2025-04-21 20:00:00,Hive_10,25.83,21.58,73.42,62.26,35.834,498.6,5,Critical
2025-04-21 21:00:00,Hive_10,28.54,20.06,76.49,68.84,35.716,40.0,2,Critical
2025-04-21 22:00:00,Hive_10,31.92,15.53,87.08,76.72,35.426,414.8,2,Critical
2025-04-21 23:00:00,Hive_10,26.72,13.74,82.28,75.48,35.276,445.1,2,Critical
2025-04-22 00:00:00,Hive_10,23.4,13.36,74.06,77.28,35.053,399.3,3,Critical
2025-04-22 01:00:00,Hive_10,27.19,10.97,86.68,80.52,34.918,40.0,3,Critical
2025-04-22 02:00:00,Hive_10,26.43,9.97,68.1,81.45,34.683,414.6,4,Critical
2025-04-22 03:00:00,Hive_10,24.25,12.08,69.49,79.31,34.466,511.6,1,Critical
2025-04-22 04:00:00,Hive_10,29.01,13.43,79.94,77.04,34.254,40.0,5,Critical
2025-04-22 05:00:00,Hive_10,27.91,15.65,83.17,76.79,33.935,451.5,0,Critical
2025-04-22 06:00:00,Hive_10,28.28,17.09,80.57,74.24,33.594,421.8,3,Critical
2025-04-22 07:00:00,Hive_10,28.7,16.96,79.74,72.02,33.338,40.0,0,Critical
2025-04-22 08:00:00,Hive_10,25.97,20.12,70.0,66.93,33.153,40.0,3,Critical
2025-04-22 09:00:00,Hive_10,29.54,20.22,84.59,62.45,32.953,393.8,2,Critical
2025-04-22 10:00:00,Hive_10,25.71,21.95,80.14,56.77,32.829,40.0,0,Critical
2025-04-22 11:00:00,Hive_10,30.12,24.52,83.35,56.1,32.558,477.2,3,Critical
2025-04-22 12:00:00,Hive_10,30.58,27.48,82.56,47.3,32.362,40.0,4,Critical
2025-04-22 13:00:00,Hive_10,23.59,25.6,81.96,52.08,32.105,469.2,5,Critical
2025-04-22 14:00:00,Hive_10,24.08,28.05,76.53,49.26,31.844,40.0,3,Critical
2025-04-22 15:00:00,Hive_10,29.45,28.45,83.85,52.68,31.74,40.0,3,Critical
